{
  "aor": 0.0023549,
  "aqi": 0.00630094815,
  "bids_meta": {
    "EchoTime": 0.014,
    "RepetitionTime": 3,
    "SliceEncodingDirection": "k",
    "SliceTiming": [
      0,
      1.5425,
      0.07,
      1.6125,
      0.14,
      1.6825,
      0.21,
      1.7525,
      0.28,
      1.8225,
      0.35,
      1.8925,
      0.42,
      1.9625,
      0.49,
      2.0325,
      0.56,
      2.1025,
      0.63,
      2.1725,
      0.7,
      2.2425,
      0.77,
      2.3125,
      0.84,
      2.3825,
      0.91,
      2.4525,
      0.98,
      2.5225,
      1.05,
      2.5925,
      1.12,
      2.6625,
      1.19,
      2.7325,
      1.26,
      2.8025,
      1.33,
      2.8725,
      1.4,
      2.9425,
      1.47
    ],
    "TaskName": "rest",
    "dataset": "ds003592",
    "modality": "bold",
    "session_id": "1",
    "subject_id": "282",
    "task_id": "rest"
  },
  "dummy_trs": 0,
  "dvars_nstd": 20.324459670150762,
  "dvars_std": 1.1477915140703514,
  "dvars_vstd": 0.9384714843216085,
  "efc": 0.5345942741632063,
  "fber": 1331.1798095703125,
  "fd_mean": 0.06525506682505441,
  "fd_num": 5,
  "fd_perc": 2.5,
  "fwhm_avg": 2.601696419753086,
  "fwhm_x": 2.2454103703703705,
  "fwhm_y": 2.6441955555555556,
  "fwhm_z": 2.915483333333333,
  "gcor": 0.00342899,
  "gsr_x": 0.015144091099500656,
  "gsr_y": 0.05218174681067467,
  "provenance": {
    "md5sum": "faa165815fca3033d6e6a94bf8156c60",
    "settings": {
      "fd_thres": 0.2,
      "testing": false
    },
    "software": "mriqc",
    "version": "23.1.0"
  },
  "size_t": 200,
  "size_x": 64,
  "size_y": 64,
  "size_z": 43,
  "snr": 2.8392483680340668,
  "spacing_tr": 3.0,
  "spacing_x": 3.375,
  "spacing_y": 3.375,
  "spacing_z": 3.0,
  "summary_bg_k": 18.884346318833394,
  "summary_bg_mad": 18.947655956604088,
  "summary_bg_mean": 76.96004518731782,
  "summary_bg_median": 22.334999084472656,
  "summary_bg_n": 134873.0,
  "summary_bg_p05": 8.34999942779541,
  "summary_bg_p95": 353.7699890136719,
  "summary_bg_stdv": 140.138517196753,
  "summary_fg_k": 1.4483390369899993,
  "summary_fg_mad": 245.4300291655665,
  "summary_fg_mean": 865.9345515563812,
  "summary_fg_median": 814.8999633789062,
  "summary_fg_n": 41255.0,
  "summary_fg_p05": 480.5950012207031,
  "summary_fg_p95": 1410.8900146484375,
  "summary_fg_stdv": 287.0090887839867,
  "tsnr": 59.27953100204468
}