{
  "aor": 0.004840742574257427,
  "aqi": 0.0017393012722772278,
  "bids_meta": {
    "EchoTime": 0.0137,
    "RepetitionTime": 3.0,
    "SliceEncodingDirection": "k",
    "SliceTiming": [
      0.0,
      1.5,
      0.065,
      1.565,
      0.13,
      1.63,
      0.196,
      1.696,
      0.261,
      1.761,
      0.326,
      1.826,
      0.391,
      1.891,
      0.457,
      1.957,
      0.522,
      2.022,
      0.587,
      2.087,
      0.652,
      2.152,
      0.717,
      2.217,
      0.783,
      2.283,
      0.848,
      2.348,
      0.913,
      2.413,
      0.978,
      2.478,
      1.043,
      2.543,
      1.109,
      2.609,
      1.174,
      2.674,
      1.239,
      2.739,
      1.304,
      2.804,
      1.37,
      2.87,
      1.435,
      2.935
    ],
    "TaskName": "rest",
    "dataset": "ds003592",
    "modality": "bold",
    "session_id": "1",
    "subject_id": "219",
    "task_id": "rest"
  },
  "dummy_trs": 2,
  "dvars_nstd": 12.246723824925374,
  "dvars_std": 1.1579641271144272,
  "dvars_vstd": 0.9794176371641791,
  "efc": 0.49314197211450883,
  "fber": 25051.166015625,
  "fd_mean": 0.03698316292150286,
  "fd_num": 0,
  "fd_perc": 0.0,
  "fwhm_avg": 3.384727592104467,
  "fwhm_x": 3.1452500000000003,
  "fwhm_y": 3.3970330633614014,
  "fwhm_z": 3.6118997129520007,
  "gcor": 0.0148193,
  "gsr_x": -0.020405657589435577,
  "gsr_y": 0.046720217913389206,
  "provenance": {
    "md5sum": "b899ea0fbb33197c24b617b958f817c5",
    "settings": {
      "fd_thres": 0.2,
      "testing": false
    },
    "software": "mriqc",
    "version": "23.1.0"
  },
  "size_t": 202,
  "size_x": 72,
  "size_y": 72,
  "size_z": 46,
  "snr": 3.0099825999679077,
  "spacing_tr": 3.0,
  "spacing_x": 3.0,
  "spacing_y": 3.000000238418579,
  "spacing_z": 3.000000238418579,
  "summary_bg_k": 13.73802750311739,
  "summary_bg_mad": 45.226707498101526,
  "summary_bg_mean": 337.4221538754265,
  "summary_bg_median": 31.846534729003906,
  "summary_bg_n": 185322.0,
  "summary_bg_p05": 0.608910858631134,
  "summary_bg_p95": 1913.3663330078125,
  "summary_bg_stdv": 721.7028139494037,
  "summary_fg_k": 1.3793328596499252,
  "summary_fg_mad": 1378.973897668917,
  "summary_fg_mean": 5318.788615538536,
  "summary_fg_median": 5040.529541015625,
  "summary_fg_n": 53142.0,
  "summary_fg_p05": 3013.509765625,
  "summary_fg_p95": 8570.8955078125,
  "summary_fg_stdv": 1674.5884563399993,
  "tsnr": 94.97999987285584
}