{
  "aor": 0.0062178,
  "aqi": 0.00667766675,
  "bids_meta": {
    "EchoTime": 0.014,
    "RepetitionTime": 3,
    "SliceEncodingDirection": "k",
    "SliceTiming": [
      0,
      1.5425,
      0.07,
      1.6125,
      0.14,
      1.6825,
      0.21,
      1.7525,
      0.28,
      1.8225,
      0.35,
      1.8925,
      0.42,
      1.9625,
      0.49,
      2.0325,
      0.56,
      2.1025,
      0.63,
      2.1725,
      0.7,
      2.2425,
      0.77,
      2.3125,
      0.84,
      2.3825,
      0.91,
      2.4525,
      0.98,
      2.5225,
      1.05,
      2.5925,
      1.12,
      2.6625,
      1.19,
      2.7325,
      1.26,
      2.8025,
      1.33,
      2.8725,
      1.4,
      2.9425,
      1.47
    ],
    "TaskName": "rest",
    "dataset": "ds003592",
    "modality": "bold",
    "session_id": "1",
    "subject_id": "267",
    "task_id": "rest"
  },
  "dummy_trs": 0,
  "dvars_nstd": 24.39852792190954,
  "dvars_std": 1.1135261423115574,
  "dvars_vstd": 0.9511144615075375,
  "efc": 0.5365201388271138,
  "fber": 941.6814575195312,
  "fd_mean": 0.2344934161319397,
  "fd_num": 81,
  "fd_perc": 40.5,
  "fwhm_avg": 2.9161404202294334,
  "fwhm_x": 2.505816296296296,
  "fwhm_y": 2.9713777777777777,
  "fwhm_z": 3.271227186614225,
  "gcor": 0.0402413,
  "gsr_x": -0.004644947592169046,
  "gsr_y": 0.08236578851938248,
  "provenance": {
    "md5sum": "adc7f10b62eab5c866523ebd82256c14",
    "settings": {
      "fd_thres": 0.2,
      "testing": false
    },
    "software": "mriqc",
    "version": "23.1.0"
  },
  "size_t": 200,
  "size_x": 64,
  "size_y": 64,
  "size_z": 43,
  "snr": 2.5810443307402187,
  "spacing_tr": 3.0,
  "spacing_x": 3.375,
  "spacing_y": 3.375,
  "spacing_z": 2.999999523162842,
  "summary_bg_k": 15.190238477726165,
  "summary_bg_mad": 25.026324204125263,
  "summary_bg_mean": 94.8336942377461,
  "summary_bg_median": 27.029998779296875,
  "summary_bg_n": 137553.0,
  "summary_bg_p05": 8.694999694824219,
  "summary_bg_p95": 450.2649841308594,
  "summary_bg_stdv": 172.1934894744841,
  "summary_fg_k": 2.950666972457477,
  "summary_fg_mad": 259.75183628949503,
  "summary_fg_mean": 889.0921427514996,
  "summary_fg_median": 829.4649658203125,
  "summary_fg_n": 38575.0,
  "summary_fg_p05": 479.1399841308594,
  "summary_fg_p95": 1493.8800048828125,
  "summary_fg_stdv": 321.3638001268333,
  "tsnr": 53.15664014243521
}