{
  "bids_meta": {
    "EchoTime": 0.0034,
    "FlipAngle": 7,
    "RepetitionTime": 2.53,
    "dataset": "ds003592",
    "modality": "T1w",
    "session_id": "1",
    "subject_id": "131"
  },
  "cjv": 0.5324403479948925,
  "cnr": 1.9372912673815617,
  "efc": 0.5633697497040677,
  "fber": -1.0,
  "fwhm_avg": 4.444016666666667,
  "fwhm_x": 4.52104,
  "fwhm_y": 4.46112,
  "fwhm_z": 4.34989,
  "icvs_csf": 0.25681721870294505,
  "icvs_gm": 0.3908758829786271,
  "icvs_wm": 0.35230689831842793,
  "inu_med": 0.7362468242645264,
  "inu_range": 0.6935896575450897,
  "provenance": {
    "md5sum": "c71d26c8d4c2a3928c77b939e42ab8e1",
    "settings": {
      "testing": false
    },
    "software": "mriqc",
    "version": "23.1.0",
    "warnings": {
      "large_rot_frame": true,
      "small_air_mask": false
    }
  },
  "qi_1": 0.0,
  "qi_2": 0.0009952188852277325,
  "rpve_csf": 7.804034540451221,
  "rpve_gm": 7.732116667289942,
  "rpve_wm": 7.823016767720547,
  "size_x": 176,
  "size_y": 256,
  "size_z": 256,
  "snr_csf": 1.8579429847190012,
  "snr_gm": 6.002448528442234,
  "snr_total": 6.458743737961861,
  "snr_wm": 11.515839700724348,
  "snrd_csf": 45.49117216645124,
  "snrd_gm": 79.43026336001815,
  "snrd_total": 78.70397594416659,
  "snrd_wm": 111.19049230603035,
  "spacing_x": 1.0,
  "spacing_y": 1.0,
  "spacing_z": 1.0,
  "summary_bg_k": 14.321778824377304,
  "summary_bg_mad": 0.0,
  "summary_bg_mean": 2.3674059418039137,
  "summary_bg_median": 0.0,
  "summary_bg_n": 2648121.0,
  "summary_bg_p05": 0.0,
  "summary_bg_p95": 14.665920436382294,
  "summary_bg_stdv": 5.731437953164468,
  "summary_csf_k": -0.7622427826655209,
  "summary_csf_mad": 163.22606434127079,
  "summary_csf_mean": 406.4573039094585,
  "summary_csf_median": 397.97793358564377,
  "summary_csf_n": 374735.101605369,
  "summary_csf_p05": 80.68254321813583,
  "summary_csf_p95": 749.4405227899551,
  "summary_csf_stdv": 214.2032375838114,
  "summary_gm_k": -0.6338885667856098,
  "summary_gm_mad": 87.44888238392583,
  "summary_gm_mean": 698.4383043628161,
  "summary_gm_median": 694.892889559269,
  "summary_gm_n": 570346.9357033592,
  "summary_gm_p05": 511.42901837825775,
  "summary_gm_p95": 909.1671821475029,
  "summary_gm_stdv": 115.76813646662973,
  "summary_wm_k": -0.13979833445414203,
  "summary_wm_mad": 60.491401703244094,
  "summary_wm_mean": 955.1296620849828,
  "summary_wm_median": 972.7461451292038,
  "summary_wm_n": 514068.9631497615,
  "summary_wm_p05": 785.3660336136818,
  "summary_wm_p95": 1065.7768338918686,
  "summary_wm_stdv": 84.47019273317821,
  "tpm_overlap_csf": 0.21671621270354047,
  "tpm_overlap_gm": 0.5423503143944162,
  "tpm_overlap_wm": 0.5562296283494819,
  "wm2max": 0.5800133434998094
}