{
  "aor": 0.0009481773399014778,
  "aqi": 0.006699449704433497,
  "bids_meta": {
    "EchoTime": 0.047,
    "RepetitionTime": 3.0,
    "SliceEncodingDirection": "k",
    "SliceTiming": [
      0.0,
      1.5,
      0.065,
      1.565,
      0.13,
      1.63,
      0.196,
      1.696,
      0.261,
      1.761,
      0.326,
      1.826,
      0.391,
      1.891,
      0.457,
      1.957,
      0.522,
      2.022,
      0.587,
      2.087,
      0.652,
      2.152,
      0.717,
      2.217,
      0.783,
      2.283,
      0.848,
      2.348,
      0.913,
      2.413,
      0.978,
      2.478,
      1.043,
      2.543,
      1.109,
      2.609,
      1.174,
      2.674,
      1.239,
      2.739,
      1.304,
      2.804,
      1.37,
      2.87,
      1.435,
      2.935
    ],
    "TaskName": "rest",
    "dataset": "ds003592",
    "modality": "bold",
    "session_id": "2",
    "subject_id": "43",
    "task_id": "rest"
  },
  "dummy_trs": 1,
  "dvars_nstd": 27.007798553267346,
  "dvars_std": 1.0442990354455446,
  "dvars_vstd": 0.9896682171287133,
  "efc": 0.38962899781805044,
  "fber": 8518.7548828125,
  "fd_mean": 0.06530447962146621,
  "fd_num": 0,
  "fd_perc": 0.0,
  "fwhm_avg": 2.39785542841824,
  "fwhm_x": 2.394293333333333,
  "fwhm_y": 2.514506466831647,
  "fwhm_z": 2.2847664850897402,
  "gcor": 0.03964,
  "gsr_x": -0.014477411285042763,
  "gsr_y": 0.02251593954861164,
  "provenance": {
    "md5sum": "f8f75064f8f1e97b42a330c227cfb6ba",
    "settings": {
      "fd_thres": 0.2,
      "testing": false
    },
    "software": "mriqc",
    "version": "23.1.0"
  },
  "size_t": 203,
  "size_x": 72,
  "size_y": 72,
  "size_z": 46,
  "snr": 3.281446080548302,
  "spacing_tr": 3.0,
  "spacing_x": 3.0,
  "spacing_y": 3.000000238418579,
  "spacing_z": 3.000000238418579,
  "summary_bg_k": 67.11395967656047,
  "summary_bg_mad": 34.91783801163135,
  "summary_bg_mean": 69.41263693158584,
  "summary_bg_median": 24.4729061126709,
  "summary_bg_n": 201797.0,
  "summary_bg_p05": 0.05911330133676529,
  "summary_bg_p95": 313.3300476074219,
  "summary_bg_stdv": 168.4749237393021,
  "summary_fg_k": 1.1303067254709838,
  "summary_fg_mad": 587.6070923572686,
  "summary_fg_mean": 2333.208542718949,
  "summary_fg_median": 2258.7783203125,
  "summary_fg_n": 36667.0,
  "summary_fg_p05": 1304.9852294921875,
  "summary_fg_p95": 3615.270751953125,
  "summary_fg_stdv": 688.3390625399319,
  "tsnr": 48.24709162581712
}