{
  "aor": 0.002710841584158416,
  "aqi": 0.003134006336633663,
  "bids_meta": {
    "EchoTime": 0.0137,
    "RepetitionTime": 3.0,
    "SliceEncodingDirection": "k",
    "SliceTiming": [
      0.0,
      1.5,
      0.065,
      1.565,
      0.13,
      1.63,
      0.196,
      1.696,
      0.261,
      1.761,
      0.326,
      1.826,
      0.391,
      1.891,
      0.457,
      1.957,
      0.522,
      2.022,
      0.587,
      2.087,
      0.652,
      2.152,
      0.717,
      2.217,
      0.783,
      2.283,
      0.848,
      2.348,
      0.913,
      2.413,
      0.978,
      2.478,
      1.043,
      2.543,
      1.109,
      2.609,
      1.174,
      2.674,
      1.239,
      2.739,
      1.304,
      2.804,
      1.37,
      2.87,
      1.435,
      2.935
    ],
    "TaskName": "rest",
    "dataset": "ds003592",
    "modality": "bold",
    "session_id": "2",
    "subject_id": "60",
    "task_id": "rest"
  },
  "dummy_trs": 2,
  "dvars_nstd": 15.077718075273634,
  "dvars_std": 1.152682085522388,
  "dvars_vstd": 0.9578190875621889,
  "efc": 0.48835740715623743,
  "fber": 16550.373046875,
  "fd_mean": 0.1111340239156948,
  "fd_num": 14,
  "fd_perc": 6.930693069306931,
  "fwhm_avg": 3.9326333333333334,
  "fwhm_x": 3.6207333333333334,
  "fwhm_y": 3.6909666666666667,
  "fwhm_z": 4.4862,
  "gcor": 0.012787,
  "gsr_x": -0.01348177157342434,
  "gsr_y": 0.05018150806427002,
  "provenance": {
    "md5sum": "8e3a929247dee1e815c6f650806aebba",
    "settings": {
      "fd_thres": 0.2,
      "testing": false
    },
    "software": "mriqc",
    "version": "23.1.0"
  },
  "size_t": 202,
  "size_x": 72,
  "size_y": 72,
  "size_z": 46,
  "snr": 2.5040178716138657,
  "spacing_tr": 3.0,
  "spacing_x": 3.0,
  "spacing_y": 3.0,
  "spacing_z": 3.0,
  "summary_bg_k": 15.655909248156515,
  "summary_bg_mad": 50.63967320890319,
  "summary_bg_mean": 289.93059361299936,
  "summary_bg_median": 35.403465270996094,
  "summary_bg_n": 183626.0,
  "summary_bg_p05": 0.6336633563041687,
  "summary_bg_p95": 1553.6534423828125,
  "summary_bg_stdv": 586.1343069337364,
  "summary_fg_k": 2.299945843414447,
  "summary_fg_mad": 1375.6713433130467,
  "summary_fg_mean": 4965.354282827823,
  "summary_fg_median": 4554.593994140625,
  "summary_fg_n": 54838.0,
  "summary_fg_p05": 2706.980224609375,
  "summary_fg_p95": 8580.46484375,
  "summary_fg_stdv": 1818.8977474421513,
  "tsnr": 77.39766280422918
}