{
  "aor": 0.002220738916256158,
  "aqi": 0.007038286600985223,
  "bids_meta": {
    "EchoTime": 0.047,
    "RepetitionTime": 3.0,
    "SliceEncodingDirection": "k",
    "SliceTiming": [
      0.0,
      1.5,
      0.065,
      1.565,
      0.13,
      1.63,
      0.196,
      1.696,
      0.261,
      1.761,
      0.326,
      1.826,
      0.391,
      1.891,
      0.457,
      1.957,
      0.522,
      2.022,
      0.587,
      2.087,
      0.652,
      2.152,
      0.717,
      2.217,
      0.783,
      2.283,
      0.848,
      2.348,
      0.913,
      2.413,
      0.978,
      2.478,
      1.043,
      2.543,
      1.109,
      2.609,
      1.174,
      2.674,
      1.239,
      2.739,
      1.304,
      2.804,
      1.37,
      2.87,
      1.435,
      2.935
    ],
    "TaskName": "rest",
    "dataset": "ds003592",
    "modality": "bold",
    "session_id": "1",
    "subject_id": "56",
    "task_id": "rest"
  },
  "dummy_trs": 1,
  "dvars_nstd": 25.625116102623753,
  "dvars_std": 1.0373975831683164,
  "dvars_vstd": 0.9521687892079207,
  "efc": 0.3881254631388111,
  "fber": 13941.41015625,
  "fd_mean": 0.13215295687728315,
  "fd_num": 30,
  "fd_perc": 14.77832512315271,
  "fwhm_avg": 2.8221290380196336,
  "fwhm_x": 2.83689,
  "fwhm_y": 2.853500226775823,
  "fwhm_z": 2.775996887283078,
  "gcor": 0.0178687,
  "gsr_x": -0.011511707678437233,
  "gsr_y": 0.02089780382812023,
  "provenance": {
    "md5sum": "d5a25580a18667e680a1151bc00cdfd2",
    "settings": {
      "fd_thres": 0.2,
      "testing": false
    },
    "software": "mriqc",
    "version": "23.1.0"
  },
  "size_t": 203,
  "size_x": 72,
  "size_y": 72,
  "size_z": 46,
  "snr": 2.432282100366746,
  "spacing_tr": 3.0,
  "spacing_x": 3.0,
  "spacing_y": 2.999999761581421,
  "spacing_z": 2.999999761581421,
  "summary_bg_k": 38.443270585912344,
  "summary_bg_mad": 24.54692555386172,
  "summary_bg_mean": 77.08490183402874,
  "summary_bg_median": 19.305418014526367,
  "summary_bg_n": 200375.0,
  "summary_bg_p05": 0.6945812702178955,
  "summary_bg_p95": 370.25616455078125,
  "summary_bg_stdv": 186.97406310318323,
  "summary_fg_k": 1.9497811827181097,
  "summary_fg_mad": 699.218516692279,
  "summary_fg_mean": 2500.895049392631,
  "summary_fg_median": 2279.463134765625,
  "summary_fg_n": 38089.0,
  "summary_fg_p05": 1351.9014892578125,
  "summary_fg_p95": 4415.15283203125,
  "summary_fg_stdv": 937.1582397337922,
  "tsnr": 39.8806571199093
}