{
  "aor": 0.0020810396039603963,
  "aqi": 0.003516407128712871,
  "bids_meta": {
    "EchoTime": 0.0137,
    "RepetitionTime": 3.0,
    "SliceEncodingDirection": "k",
    "SliceTiming": [
      0.0,
      1.5,
      0.065,
      1.565,
      0.13,
      1.63,
      0.196,
      1.696,
      0.261,
      1.761,
      0.326,
      1.826,
      0.391,
      1.891,
      0.457,
      1.957,
      0.522,
      2.022,
      0.587,
      2.087,
      0.652,
      2.152,
      0.717,
      2.217,
      0.783,
      2.283,
      0.848,
      2.348,
      0.913,
      2.413,
      0.978,
      2.478,
      1.043,
      2.543,
      1.109,
      2.609,
      1.174,
      2.674,
      1.239,
      2.739,
      1.304,
      2.804,
      1.37,
      2.87,
      1.435,
      2.935
    ],
    "TaskName": "rest",
    "dataset": "ds003592",
    "modality": "bold",
    "session_id": "1",
    "subject_id": "56",
    "task_id": "rest"
  },
  "dummy_trs": 2,
  "dvars_nstd": 19.899426583880587,
  "dvars_std": 1.346216860099503,
  "dvars_vstd": 0.9475076019900496,
  "efc": 0.46134070151352186,
  "fber": 27911.7734375,
  "fd_mean": 0.13460579514397292,
  "fd_num": 32,
  "fd_perc": 15.841584158415841,
  "fwhm_avg": 3.8458668774967015,
  "fwhm_x": 3.5790333333333333,
  "fwhm_y": 3.6473336231973668,
  "fwhm_z": 4.311233675959403,
  "gcor": 0.0123634,
  "gsr_x": -0.012608333490788937,
  "gsr_y": 0.04678547754883766,
  "provenance": {
    "md5sum": "59f8b776b6956e2aa7a24b455ca62f97",
    "settings": {
      "fd_thres": 0.2,
      "testing": false
    },
    "software": "mriqc",
    "version": "23.1.0"
  },
  "size_t": 202,
  "size_x": 72,
  "size_y": 72,
  "size_z": 46,
  "snr": 2.4400036498895226,
  "spacing_tr": 3.0,
  "spacing_x": 3.0,
  "spacing_y": 2.999999761581421,
  "spacing_z": 2.999999761581421,
  "summary_bg_k": 13.07423208482464,
  "summary_bg_mad": 36.62467675315724,
  "summary_bg_mean": 274.2425207894671,
  "summary_bg_median": 26.292078018188477,
  "summary_bg_n": 190317.0,
  "summary_bg_p05": 0.8366336226463318,
  "summary_bg_p95": 1619.0494384765625,
  "summary_bg_stdv": 598.9632175905363,
  "summary_fg_k": 2.8746873310598993,
  "summary_fg_mad": 1200.9295147954726,
  "summary_fg_mean": 4837.972136985932,
  "summary_fg_median": 4392.5693359375,
  "summary_fg_n": 48147.0,
  "summary_fg_p05": 2658.311767578125,
  "summary_fg_p95": 8501.5693359375,
  "summary_fg_stdv": 1800.2119462684595,
  "tsnr": 73.15895474981517
}