{
  "bids_meta": {
    "EchoTime": 0.0034,
    "FlipAngle": 7,
    "RepetitionTime": 2.53,
    "dataset": "ds003592",
    "modality": "T1w",
    "session_id": "1",
    "subject_id": "99"
  },
  "cjv": 0.5508087703044744,
  "cnr": 1.7948164125224515,
  "efc": 0.5763300429418062,
  "fber": -1.0,
  "fwhm_avg": 4.197026666666667,
  "fwhm_x": 4.20338,
  "fwhm_y": 4.31524,
  "fwhm_z": 4.07246,
  "icvs_csf": 0.263535454860204,
  "icvs_gm": 0.38770583683174603,
  "icvs_wm": 0.34875870830804995,
  "inu_med": 0.7331866323947906,
  "inu_range": 0.5488612800836563,
  "provenance": {
    "md5sum": "c5ecf65be19782ac86a547564bc87032",
    "settings": {
      "testing": false
    },
    "software": "mriqc",
    "version": "23.1.0",
    "warnings": {
      "large_rot_frame": true,
      "small_air_mask": false
    }
  },
  "qi_1": 0.0,
  "qi_2": 0.0017614934931723804,
  "rpve_csf": 7.101156978985587,
  "rpve_gm": 7.016131680306549,
  "rpve_wm": 7.113210187562538,
  "size_x": 176,
  "size_y": 256,
  "size_z": 256,
  "snr_csf": 1.9735177739700174,
  "snr_gm": 5.648422438661801,
  "snr_total": 6.210249847674454,
  "snr_wm": 11.008809330391543,
  "snrd_csf": 44.449169106114375,
  "snrd_gm": 72.727502073,
  "snrd_total": 72.77261361152544,
  "snrd_wm": 101.14116965546195,
  "spacing_x": 1.0,
  "spacing_y": 1.0,
  "spacing_z": 1.0,
  "summary_bg_k": 1062.0747784375485,
  "summary_bg_mad": 0.0,
  "summary_bg_mean": 2.3750812694819423,
  "summary_bg_median": 0.0,
  "summary_bg_n": 2895284.0,
  "summary_bg_p05": 0.0,
  "summary_bg_p95": 13.256739601492882,
  "summary_bg_stdv": 6.2646112813514465,
  "summary_csf_k": -0.6657352851188798,
  "summary_csf_mad": 161.6346302634346,
  "summary_csf_mean": 427.7549786973511,
  "summary_csf_median": 425.03632255643606,
  "summary_csf_n": 421533.3935114803,
  "summary_csf_p05": 91.85026723891497,
  "summary_csf_p95": 764.2826016917825,
  "summary_csf_stdv": 215.36964298331694,
  "summary_gm_k": -0.5763589569261294,
  "summary_gm_mad": 89.00667827476914,
  "summary_gm_mean": 703.8818621589139,
  "summary_gm_median": 695.442246761173,
  "summary_gm_n": 620147.8930817426,
  "summary_gm_p05": 514.4877512007952,
  "summary_gm_p95": 943.9429869577289,
  "summary_gm_stdv": 123.12140134811442,
  "summary_wm_k": -0.006754156092230179,
  "summary_wm_mad": 60.648083619401056,
  "summary_wm_mean": 947.3998070353347,
  "summary_wm_median": 967.1422812603414,
  "summary_wm_n": 557850.7146514995,
  "summary_wm_p05": 769.5537338666618,
  "summary_wm_p95": 1059.5606944821775,
  "summary_wm_stdv": 87.85159097479752,
  "tpm_overlap_csf": 0.19823673440219747,
  "tpm_overlap_gm": 0.5218073910494443,
  "tpm_overlap_wm": 0.522061970853765,
  "wm2max": 0.6260313588773465
}