{
  "aor": 0.002269458128078818,
  "aqi": 0.0050291743349753695,
  "bids_meta": {
    "EchoTime": 0.0137,
    "RepetitionTime": 3.0,
    "SliceEncodingDirection": "k",
    "SliceTiming": [
      0.0,
      1.5,
      0.065,
      1.565,
      0.13,
      1.63,
      0.196,
      1.696,
      0.261,
      1.761,
      0.326,
      1.826,
      0.391,
      1.891,
      0.457,
      1.957,
      0.522,
      2.022,
      0.587,
      2.087,
      0.652,
      2.152,
      0.717,
      2.217,
      0.783,
      2.283,
      0.848,
      2.348,
      0.913,
      2.413,
      0.978,
      2.478,
      1.043,
      2.543,
      1.109,
      2.609,
      1.174,
      2.674,
      1.239,
      2.739,
      1.304,
      2.804,
      1.37,
      2.87,
      1.435,
      2.935
    ],
    "TaskName": "rest",
    "dataset": "ds003592",
    "modality": "bold",
    "session_id": "1",
    "subject_id": "200",
    "task_id": "rest"
  },
  "dummy_trs": 1,
  "dvars_nstd": 23.07724499420792,
  "dvars_std": 1.2540963361386144,
  "dvars_vstd": 0.9510695429207926,
  "efc": 0.5311226866658719,
  "fber": 10393.787109375,
  "fd_mean": 0.12149840235302324,
  "fd_num": 23,
  "fd_perc": 11.330049261083744,
  "fwhm_avg": 3.2182999999999997,
  "fwhm_x": 2.8575866666666667,
  "fwhm_y": 3.26918,
  "fwhm_z": 3.5281333333333333,
  "gcor": 0.0262837,
  "gsr_x": -0.01198229007422924,
  "gsr_y": 0.0737813413143158,
  "provenance": {
    "md5sum": "24206155398e27a15613df36254622f9",
    "settings": {
      "fd_thres": 0.2,
      "testing": false
    },
    "software": "mriqc",
    "version": "23.1.0"
  },
  "size_t": 203,
  "size_x": 72,
  "size_y": 72,
  "size_z": 46,
  "snr": 2.9019947383828266,
  "spacing_tr": 3.0,
  "spacing_x": 3.0,
  "spacing_y": 3.0,
  "spacing_z": 3.0,
  "summary_bg_k": 9.93129685135423,
  "summary_bg_mad": 64.23392075524765,
  "summary_bg_mean": 449.10434050300165,
  "summary_bg_median": 44.55664825439453,
  "summary_bg_n": 181577.0,
  "summary_bg_p05": 0.7487684488296509,
  "summary_bg_p95": 2468.28564453125,
  "summary_bg_stdv": 917.4852751917546,
  "summary_fg_k": 1.2074947787065167,
  "summary_fg_mad": 1309.4809002742218,
  "summary_fg_mean": 4788.777454104084,
  "summary_fg_median": 4542.546875,
  "summary_fg_n": 56887.0,
  "summary_fg_p05": 2649.3349609375,
  "summary_fg_p95": 7797.49267578125,
  "summary_fg_stdv": 1565.305025777491,
  "tsnr": 64.44509269297123
}