{
  "aor": 0.0004758415841584158,
  "aqi": 0.006590736782178217,
  "bids_meta": {
    "EchoTime": 0.047,
    "RepetitionTime": 3.0,
    "SliceEncodingDirection": "k",
    "SliceTiming": [
      0.0,
      1.5,
      0.065,
      1.565,
      0.13,
      1.63,
      0.196,
      1.696,
      0.261,
      1.761,
      0.326,
      1.826,
      0.391,
      1.891,
      0.457,
      1.957,
      0.522,
      2.022,
      0.587,
      2.087,
      0.652,
      2.152,
      0.717,
      2.217,
      0.783,
      2.283,
      0.848,
      2.348,
      0.913,
      2.413,
      0.978,
      2.478,
      1.043,
      2.543,
      1.109,
      2.609,
      1.174,
      2.674,
      1.239,
      2.739,
      1.304,
      2.804,
      1.37,
      2.87,
      1.435,
      2.935
    ],
    "TaskName": "rest",
    "dataset": "ds003592",
    "modality": "bold",
    "session_id": "2",
    "subject_id": "189",
    "task_id": "rest"
  },
  "dummy_trs": 2,
  "dvars_nstd": 39.352724160696525,
  "dvars_std": 1.2767836476119396,
  "dvars_vstd": 0.9708319821393037,
  "efc": 0.40334371972783084,
  "fber": 13265.244140625,
  "fd_mean": 0.17731107186139894,
  "fd_num": 66,
  "fd_perc": 32.67326732673267,
  "fwhm_avg": 2.66384,
  "fwhm_x": 2.5350466666666667,
  "fwhm_y": 2.7331733333333332,
  "fwhm_z": 2.7233,
  "gcor": 0.0158544,
  "gsr_x": -0.013550563715398312,
  "gsr_y": 0.01750795543193817,
  "provenance": {
    "md5sum": "082d7b9c5c1f40032c04065105e60f82",
    "settings": {
      "fd_thres": 0.2,
      "testing": false
    },
    "software": "mriqc",
    "version": "23.1.0"
  },
  "size_t": 202,
  "size_x": 72,
  "size_y": 72,
  "size_z": 46,
  "snr": 2.910060725344174,
  "spacing_tr": 3.0,
  "spacing_x": 3.0,
  "spacing_y": 3.0,
  "spacing_z": 3.0,
  "summary_bg_k": 49.21264603029242,
  "summary_bg_mad": 28.9327604642818,
  "summary_bg_mean": 79.26954155550938,
  "summary_bg_median": 22.311880111694336,
  "summary_bg_n": 197165.0,
  "summary_bg_p05": 0.7425742745399475,
  "summary_bg_p95": 361.6980285644531,
  "summary_bg_stdv": 196.7757605100371,
  "summary_fg_k": 1.14257695024825,
  "summary_fg_mad": 735.3413813407661,
  "summary_fg_mean": 2722.967376516213,
  "summary_fg_median": 2569.767333984375,
  "summary_fg_n": 41299.0,
  "summary_fg_p05": 1490.53955078125,
  "summary_fg_p95": 4410.47509765625,
  "summary_fg_stdv": 883.0524393109125,
  "tsnr": 48.547844069078565
}