{
  "aor": 0.0019792610837438425,
  "aqi": 0.006041094285714285,
  "bids_meta": {
    "EchoTime": 0.03,
    "RepetitionTime": 3.0,
    "SliceEncodingDirection": "k",
    "SliceTiming": [
      0.0,
      1.5,
      0.065,
      1.565,
      0.13,
      1.63,
      0.196,
      1.696,
      0.261,
      1.761,
      0.326,
      1.826,
      0.391,
      1.891,
      0.457,
      1.957,
      0.522,
      2.022,
      0.587,
      2.087,
      0.652,
      2.152,
      0.717,
      2.217,
      0.783,
      2.283,
      0.848,
      2.348,
      0.913,
      2.413,
      0.978,
      2.478,
      1.043,
      2.543,
      1.109,
      2.609,
      1.174,
      2.674,
      1.239,
      2.739,
      1.304,
      2.804,
      1.37,
      2.87,
      1.435,
      2.935
    ],
    "TaskName": "rest",
    "dataset": "ds003592",
    "modality": "bold",
    "session_id": "2",
    "subject_id": "54",
    "task_id": "rest"
  },
  "dummy_trs": 1,
  "dvars_nstd": 33.955332755990106,
  "dvars_std": 1.1376873535643568,
  "dvars_vstd": 0.9690263027722773,
  "efc": 0.41144779466407116,
  "fber": 14607.7109375,
  "fd_mean": 0.38649358219010477,
  "fd_num": 154,
  "fd_perc": 75.86206896551724,
  "fwhm_avg": 3.32170017896583,
  "fwhm_x": 3.2093666666666665,
  "fwhm_y": 3.356600266758622,
  "fwhm_z": 3.3991336034722015,
  "gcor": 0.0330691,
  "gsr_x": -0.005214424338191748,
  "gsr_y": 0.013599036261439323,
  "provenance": {
    "md5sum": "578efedb16bdd2d63c5ca405942e6ef5",
    "settings": {
      "fd_thres": 0.2,
      "testing": false
    },
    "software": "mriqc",
    "version": "23.1.0"
  },
  "size_t": 203,
  "size_x": 72,
  "size_y": 72,
  "size_z": 46,
  "snr": 2.941895730812535,
  "spacing_tr": 3.0,
  "spacing_x": 3.0,
  "spacing_y": 2.999999761581421,
  "spacing_z": 2.999999761581421,
  "summary_bg_k": 24.437664626073758,
  "summary_bg_mad": 36.42600159992033,
  "summary_bg_mean": 123.96266255886832,
  "summary_bg_median": 26.682265281677246,
  "summary_bg_n": 198774.0,
  "summary_bg_p05": 0.778325080871582,
  "summary_bg_p95": 613.7388916015625,
  "summary_bg_stdv": 273.5293692973534,
  "summary_fg_k": 1.1259906282076892,
  "summary_fg_mad": 841.6652438574342,
  "summary_fg_mean": 3415.5624355301748,
  "summary_fg_median": 3224.8817138671875,
  "summary_fg_n": 39690.0,
  "summary_fg_p05": 1882.06396484375,
  "summary_fg_p95": 5613.103515625,
  "summary_fg_stdv": 1096.1779011959325,
  "tsnr": 47.45217704761308
}