{
  "aor": 0.00824712871287129,
  "aqi": 0.007999381287128713,
  "bids_meta": {
    "EchoTime": 0.0137,
    "RepetitionTime": 3.0,
    "SliceEncodingDirection": "k",
    "SliceTiming": [
      0.0,
      1.5,
      0.065,
      1.565,
      0.13,
      1.63,
      0.196,
      1.696,
      0.261,
      1.761,
      0.326,
      1.826,
      0.391,
      1.891,
      0.457,
      1.957,
      0.522,
      2.022,
      0.587,
      2.087,
      0.652,
      2.152,
      0.717,
      2.217,
      0.783,
      2.283,
      0.848,
      2.348,
      0.913,
      2.413,
      0.978,
      2.478,
      1.043,
      2.543,
      1.109,
      2.609,
      1.174,
      2.674,
      1.239,
      2.739,
      1.304,
      2.804,
      1.37,
      2.87,
      1.435,
      2.935
    ],
    "TaskName": "rest",
    "dataset": "ds003592",
    "modality": "bold",
    "session_id": "1",
    "subject_id": "180",
    "task_id": "rest"
  },
  "dummy_trs": 2,
  "dvars_nstd": 14.44737666885571,
  "dvars_std": 0.9514145663184079,
  "dvars_vstd": 0.8792936648756222,
  "efc": 0.5103675123061021,
  "fber": 27229.162109375,
  "fd_mean": 0.11880670646458308,
  "fd_num": 18,
  "fd_perc": 8.910891089108912,
  "fwhm_avg": 3.019618888888889,
  "fwhm_x": 2.766626666666667,
  "fwhm_y": 3.0199866666666666,
  "fwhm_z": 3.2722433333333334,
  "gcor": 0.0181801,
  "gsr_x": -0.007213837932795286,
  "gsr_y": 0.07491818815469742,
  "provenance": {
    "md5sum": "d3559ae30477f1f42217f365d13d6eea",
    "settings": {
      "fd_thres": 0.2,
      "testing": false
    },
    "software": "mriqc",
    "version": "23.1.0"
  },
  "size_t": 202,
  "size_x": 72,
  "size_y": 72,
  "size_z": 46,
  "snr": 3.269150729448548,
  "spacing_tr": 3.0,
  "spacing_x": 3.0,
  "spacing_y": 3.0,
  "spacing_z": 3.0,
  "summary_bg_k": 12.218882059920404,
  "summary_bg_mad": 41.43212642202891,
  "summary_bg_mean": 346.3789369339704,
  "summary_bg_median": 29.826732635498047,
  "summary_bg_n": 181125.0,
  "summary_bg_p05": 1.133663296699524,
  "summary_bg_p95": 2079.742431640625,
  "summary_bg_stdv": 776.3436747158754,
  "summary_fg_k": 0.8479430541289279,
  "summary_fg_mad": 1321.798515873769,
  "summary_fg_mean": 5152.274750537506,
  "summary_fg_median": 4921.787109375,
  "summary_fg_n": 57339.0,
  "summary_fg_p05": 3015.47509765625,
  "summary_fg_p95": 8002.0888671875,
  "summary_fg_stdv": 1505.5115527505875,
  "tsnr": 55.22091585933231
}