{
  "aor": 0.0017370149253731347,
  "aqi": 0.004043289601990049,
  "bids_meta": {
    "EchoTime": 0.03,
    "RepetitionTime": 3.0,
    "SliceEncodingDirection": "k",
    "SliceTiming": [
      0.0,
      1.5,
      0.065,
      1.565,
      0.13,
      1.63,
      0.196,
      1.696,
      0.261,
      1.761,
      0.326,
      1.826,
      0.391,
      1.891,
      0.457,
      1.957,
      0.522,
      2.022,
      0.587,
      2.087,
      0.652,
      2.152,
      0.717,
      2.217,
      0.783,
      2.283,
      0.848,
      2.348,
      0.913,
      2.413,
      0.978,
      2.478,
      1.043,
      2.543,
      1.109,
      2.609,
      1.174,
      2.674,
      1.239,
      2.739,
      1.304,
      2.804,
      1.37,
      2.87,
      1.435,
      2.935
    ],
    "TaskName": "rest",
    "dataset": "ds003592",
    "modality": "bold",
    "session_id": "2",
    "subject_id": "69",
    "task_id": "rest"
  },
  "dummy_trs": 3,
  "dvars_nstd": 21.168556718700003,
  "dvars_std": 1.1741055206999993,
  "dvars_vstd": 0.9564886228000004,
  "efc": 0.47704994775529436,
  "fber": 7053.630859375,
  "fd_mean": 0.07087892637741469,
  "fd_num": 12,
  "fd_perc": 5.970149253731344,
  "fwhm_avg": 3.2070931565257492,
  "fwhm_x": 2.9470166666666664,
  "fwhm_y": 3.255263074628268,
  "fwhm_z": 3.4189997282823144,
  "gcor": 0.0081758,
  "gsr_x": -0.0016653648344799876,
  "gsr_y": 0.027302026748657227,
  "provenance": {
    "md5sum": "019e19d42e1d998103c407f1d7c86c1e",
    "settings": {
      "fd_thres": 0.2,
      "testing": false
    },
    "software": "mriqc",
    "version": "23.1.0"
  },
  "size_t": 201,
  "size_x": 72,
  "size_y": 72,
  "size_z": 46,
  "snr": 2.5822895750954777,
  "spacing_tr": 3.0,
  "spacing_x": 3.0,
  "spacing_y": 3.000000238418579,
  "spacing_z": 3.000000238418579,
  "summary_bg_k": 40.603701744383436,
  "summary_bg_mad": 51.75830635012266,
  "summary_bg_mean": 173.13530214906655,
  "summary_bg_median": 37.054725646972656,
  "summary_bg_n": 185189.0,
  "summary_bg_p05": 0.7711442708969116,
  "summary_bg_p95": 871.0596923828125,
  "summary_bg_stdv": 360.2445664611399,
  "summary_fg_k": 1.4405785870864154,
  "summary_fg_mad": 959.331954450594,
  "summary_fg_mean": 3326.9713839817427,
  "summary_fg_median": 3112.074462890625,
  "summary_fg_n": 53275.0,
  "summary_fg_p05": 1712.0347900390625,
  "summary_fg_p95": 5694.01953125,
  "summary_fg_stdv": 1205.1496025555336,
  "tsnr": 57.92402499495074
}