{
  "aor": 0.0021048275862068965,
  "aqi": 0.009006864384236453,
  "bids_meta": {
    "EchoTime": 0.047,
    "RepetitionTime": 3.0,
    "SliceEncodingDirection": "k",
    "SliceTiming": [
      0.0,
      1.5,
      0.065,
      1.565,
      0.13,
      1.63,
      0.196,
      1.696,
      0.261,
      1.761,
      0.326,
      1.826,
      0.391,
      1.891,
      0.457,
      1.957,
      0.522,
      2.022,
      0.587,
      2.087,
      0.652,
      2.152,
      0.717,
      2.217,
      0.783,
      2.283,
      0.848,
      2.348,
      0.913,
      2.413,
      0.978,
      2.478,
      1.043,
      2.543,
      1.109,
      2.609,
      1.174,
      2.674,
      1.239,
      2.739,
      1.304,
      2.804,
      1.37,
      2.87,
      1.435,
      2.935
    ],
    "TaskName": "rest",
    "dataset": "ds003592",
    "modality": "bold",
    "session_id": "2",
    "subject_id": "201",
    "task_id": "rest"
  },
  "dummy_trs": 1,
  "dvars_nstd": 31.027583849158415,
  "dvars_std": 1.099094568465347,
  "dvars_vstd": 0.9621803825742575,
  "efc": 0.44783767851405254,
  "fber": 10157.40625,
  "fd_mean": 0.1738754671747009,
  "fd_num": 53,
  "fd_perc": 26.108374384236452,
  "fwhm_avg": 2.530081111111111,
  "fwhm_x": 2.49256,
  "fwhm_y": 2.6233566666666666,
  "fwhm_z": 2.474326666666667,
  "gcor": 0.0199985,
  "gsr_x": -0.014038932509720325,
  "gsr_y": 0.030804824084043503,
  "provenance": {
    "md5sum": "cd152162950c582e0de067f71bc5ee37",
    "settings": {
      "fd_thres": 0.2,
      "testing": false
    },
    "software": "mriqc",
    "version": "23.1.0"
  },
  "size_t": 203,
  "size_x": 72,
  "size_y": 72,
  "size_z": 46,
  "snr": 2.9404338206494747,
  "spacing_tr": 3.0,
  "spacing_x": 3.0,
  "spacing_y": 3.0,
  "spacing_z": 3.0,
  "summary_bg_k": 107.48124934780644,
  "summary_bg_mad": 32.84365693399708,
  "summary_bg_mean": 93.93526547372011,
  "summary_bg_median": 24.51231575012207,
  "summary_bg_n": 188671.0,
  "summary_bg_p05": 0.7635467648506165,
  "summary_bg_p95": 442.6157531738281,
  "summary_bg_stdv": 217.78070920120655,
  "summary_fg_k": 1.5447946516310287,
  "summary_fg_mad": 735.2027493462135,
  "summary_fg_mean": 2577.6374978312238,
  "summary_fg_median": 2470.4482421875,
  "summary_fg_n": 49793.0,
  "summary_fg_p05": 1402.3841552734375,
  "summary_fg_p95": 4144.41845703125,
  "summary_fg_stdv": 840.156108098744,
  "tsnr": 38.916803111322224
}