{
  "aor": 0.004038669950738916,
  "aqi": 0.0029974006403940883,
  "bids_meta": {
    "EchoTime": 0.03,
    "RepetitionTime": 3.0,
    "SliceEncodingDirection": "k",
    "SliceTiming": [
      0.0,
      1.5,
      0.065,
      1.565,
      0.13,
      1.63,
      0.196,
      1.696,
      0.261,
      1.761,
      0.326,
      1.826,
      0.391,
      1.891,
      0.457,
      1.957,
      0.522,
      2.022,
      0.587,
      2.087,
      0.652,
      2.152,
      0.717,
      2.217,
      0.783,
      2.283,
      0.848,
      2.348,
      0.913,
      2.413,
      0.978,
      2.478,
      1.043,
      2.543,
      1.109,
      2.609,
      1.174,
      2.674,
      1.239,
      2.739,
      1.304,
      2.804,
      1.37,
      2.87,
      1.435,
      2.935
    ],
    "TaskName": "rest",
    "dataset": "ds003592",
    "modality": "bold",
    "session_id": "2",
    "subject_id": "176",
    "task_id": "rest"
  },
  "dummy_trs": 1,
  "dvars_nstd": 17.694397917079208,
  "dvars_std": 1.1068032721287127,
  "dvars_vstd": 1.0207424842079205,
  "efc": 0.48105676249223994,
  "fber": 11040.9853515625,
  "fd_mean": 0.06384069924066557,
  "fd_num": 0,
  "fd_perc": 0.0,
  "fwhm_avg": 3.071268888888889,
  "fwhm_x": 2.974653333333333,
  "fwhm_y": 3.159266666666667,
  "fwhm_z": 3.079886666666667,
  "gcor": 0.0237572,
  "gsr_x": 0.0007273151422850788,
  "gsr_y": 0.03184390813112259,
  "provenance": {
    "md5sum": "ec62120257c72a57658829caec95bf97",
    "settings": {
      "fd_thres": 0.2,
      "testing": false
    },
    "software": "mriqc",
    "version": "23.1.0"
  },
  "size_t": 203,
  "size_x": 72,
  "size_y": 72,
  "size_z": 46,
  "snr": 2.738133518464959,
  "spacing_tr": 3.0,
  "spacing_x": 3.0,
  "spacing_y": 3.0,
  "spacing_z": 3.0,
  "summary_bg_k": 28.159908763745786,
  "summary_bg_mad": 48.30507888315865,
  "summary_bg_mean": 178.3875498234557,
  "summary_bg_median": 34.11330032348633,
  "summary_bg_n": 182503.0,
  "summary_bg_p05": 0.5221675038337708,
  "summary_bg_p95": 914.2315063476562,
  "summary_bg_stdv": 380.2724723023165,
  "summary_fg_k": 0.3734392945003675,
  "summary_fg_mad": 1221.043098798871,
  "summary_fg_mean": 3811.79315564167,
  "summary_fg_median": 3584.492431640625,
  "summary_fg_n": 55961.0,
  "summary_fg_p05": 2031.0048828125,
  "summary_fg_p95": 6305.3251953125,
  "summary_fg_stdv": 1309.0889763498576,
  "tsnr": 69.51692462759092
}