{
  "aor": 0.000656980198019802,
  "aqi": 0.004460424405940593,
  "bids_meta": {
    "EchoTime": 0.03,
    "RepetitionTime": 3.0,
    "SliceEncodingDirection": "k",
    "SliceTiming": [
      0.0,
      1.5,
      0.065,
      1.565,
      0.13,
      1.63,
      0.196,
      1.696,
      0.261,
      1.761,
      0.326,
      1.826,
      0.391,
      1.891,
      0.457,
      1.957,
      0.522,
      2.022,
      0.587,
      2.087,
      0.652,
      2.152,
      0.717,
      2.217,
      0.783,
      2.283,
      0.848,
      2.348,
      0.913,
      2.413,
      0.978,
      2.478,
      1.043,
      2.543,
      1.109,
      2.609,
      1.174,
      2.674,
      1.239,
      2.739,
      1.304,
      2.804,
      1.37,
      2.87,
      1.435,
      2.935
    ],
    "TaskName": "rest",
    "dataset": "ds003592",
    "modality": "bold",
    "session_id": "2",
    "subject_id": "51",
    "task_id": "rest"
  },
  "dummy_trs": 2,
  "dvars_nstd": 24.712357535174135,
  "dvars_std": 1.1739949457711436,
  "dvars_vstd": 0.9634604881592034,
  "efc": 0.42935296790131683,
  "fber": 16338.1142578125,
  "fd_mean": 0.17903165675430754,
  "fd_num": 74,
  "fd_perc": 36.633663366336634,
  "fwhm_avg": 3.06777,
  "fwhm_x": 3.012836666666667,
  "fwhm_y": 3.0883299999999996,
  "fwhm_z": 3.1021433333333337,
  "gcor": 0.00900358,
  "gsr_x": -0.009282885119318962,
  "gsr_y": 0.03097601793706417,
  "provenance": {
    "md5sum": "efc3cf9d0c65cb72f6b9051e2d76b2af",
    "settings": {
      "fd_thres": 0.2,
      "testing": false
    },
    "software": "mriqc",
    "version": "23.1.0"
  },
  "size_t": 202,
  "size_x": 72,
  "size_y": 72,
  "size_z": 46,
  "snr": 3.0133017867493086,
  "spacing_tr": 3.0,
  "spacing_x": 3.0,
  "spacing_y": 3.0,
  "spacing_z": 3.0,
  "summary_bg_k": 74.08297244335401,
  "summary_bg_mad": 36.60999894156546,
  "summary_bg_mean": 121.16915285149281,
  "summary_bg_median": 24.95049476623535,
  "summary_bg_n": 193549.0,
  "summary_bg_p05": 0.024752475321292877,
  "summary_bg_p95": 580.019775390625,
  "summary_bg_stdv": 292.52621441666406,
  "summary_fg_k": 1.25826077327069,
  "summary_fg_mad": 864.7313635777149,
  "summary_fg_mean": 3374.5773586812934,
  "summary_fg_median": 3189.18798828125,
  "summary_fg_n": 44915.0,
  "summary_fg_p05": 1911.6138916015625,
  "summary_fg_p95": 5461.96044921875,
  "summary_fg_stdv": 1058.3581437562211,
  "tsnr": 67.31537131452933
}