{
  "aor": 0.005023990147783252,
  "aqi": 0.012376014187192115,
  "bids_meta": {
    "EchoTime": 0.047,
    "RepetitionTime": 3.0,
    "SliceEncodingDirection": "k",
    "SliceTiming": [
      0.0,
      1.5,
      0.065,
      1.565,
      0.13,
      1.63,
      0.196,
      1.696,
      0.261,
      1.761,
      0.326,
      1.826,
      0.391,
      1.891,
      0.457,
      1.957,
      0.522,
      2.022,
      0.587,
      2.087,
      0.652,
      2.152,
      0.717,
      2.217,
      0.783,
      2.283,
      0.848,
      2.348,
      0.913,
      2.413,
      0.978,
      2.478,
      1.043,
      2.543,
      1.109,
      2.609,
      1.174,
      2.674,
      1.239,
      2.739,
      1.304,
      2.804,
      1.37,
      2.87,
      1.435,
      2.935
    ],
    "TaskName": "rest",
    "dataset": "ds003592",
    "modality": "bold",
    "session_id": "2",
    "subject_id": "134",
    "task_id": "rest"
  },
  "dummy_trs": 1,
  "dvars_nstd": 27.258784577574293,
  "dvars_std": 0.9410516226237621,
  "dvars_vstd": 0.8947550491089107,
  "efc": 0.39521352058884945,
  "fber": 15131.48046875,
  "fd_mean": 0.23477634440490164,
  "fd_num": 63,
  "fd_perc": 31.03448275862069,
  "fwhm_avg": 3.0172287299893648,
  "fwhm_x": 3.05343,
  "fwhm_y": 2.952489765357195,
  "fwhm_z": 3.045766424610899,
  "gcor": 0.0571917,
  "gsr_x": -0.004469177220016718,
  "gsr_y": 0.011402423493564129,
  "provenance": {
    "md5sum": "ff6235fded7ca46e678fcbc93e8f2532",
    "settings": {
      "fd_thres": 0.2,
      "testing": false
    },
    "software": "mriqc",
    "version": "23.1.0"
  },
  "size_t": 203,
  "size_x": 72,
  "size_y": 72,
  "size_z": 46,
  "snr": 2.7950555794307705,
  "spacing_tr": 3.0,
  "spacing_x": 3.0,
  "spacing_y": 3.000000238418579,
  "spacing_z": 3.000000238418579,
  "summary_bg_k": 94.66610897957395,
  "summary_bg_mad": 27.146957667958482,
  "summary_bg_mean": 83.29232301107872,
  "summary_bg_median": 21.01477813720703,
  "summary_bg_n": 199226.0,
  "summary_bg_p05": 0.9113300442695618,
  "summary_bg_p95": 404.5320129394531,
  "summary_bg_stdv": 215.41774240729768,
  "summary_fg_k": 0.9614349966803379,
  "summary_fg_mad": 752.8662028766956,
  "summary_fg_mean": 2778.941141846117,
  "summary_fg_median": 2585.029541015625,
  "summary_fg_n": 39238.0,
  "summary_fg_p05": 1556.9605712890625,
  "summary_fg_p95": 4651.28564453125,
  "summary_fg_stdv": 924.8462246853161,
  "tsnr": 34.37582406401634
}