{
  "aor": 0.016722118226600986,
  "aqi": 0.011342724334975367,
  "bids_meta": {
    "EchoTime": 0.047,
    "RepetitionTime": 3.0,
    "SliceEncodingDirection": "k",
    "SliceTiming": [
      0.0,
      1.5,
      0.065,
      1.565,
      0.13,
      1.63,
      0.196,
      1.696,
      0.261,
      1.761,
      0.326,
      1.826,
      0.391,
      1.891,
      0.457,
      1.957,
      0.522,
      2.022,
      0.587,
      2.087,
      0.652,
      2.152,
      0.717,
      2.217,
      0.783,
      2.283,
      0.848,
      2.348,
      0.913,
      2.413,
      0.978,
      2.478,
      1.043,
      2.543,
      1.109,
      2.609,
      1.174,
      2.674,
      1.239,
      2.739,
      1.304,
      2.804,
      1.37,
      2.87,
      1.435,
      2.935
    ],
    "TaskName": "rest",
    "dataset": "ds003592",
    "modality": "bold",
    "session_id": "2",
    "subject_id": "198",
    "task_id": "rest"
  },
  "dummy_trs": 1,
  "dvars_nstd": 25.290287773465355,
  "dvars_std": 1.086479828712871,
  "dvars_vstd": 1.0968042396534654,
  "efc": 0.45004143873260416,
  "fber": 8307.314453125,
  "fd_mean": 0.1140715376671827,
  "fd_num": 27,
  "fd_perc": 13.300492610837438,
  "fwhm_avg": 2.381141111111111,
  "fwhm_x": 2.3558133333333333,
  "fwhm_y": 2.4669466666666664,
  "fwhm_z": 2.3206633333333335,
  "gcor": 0.0219824,
  "gsr_x": -0.010566189885139465,
  "gsr_y": 0.03209879621863365,
  "provenance": {
    "md5sum": "f568ad4ebaaa795fc4fbf1a097391356",
    "settings": {
      "fd_thres": 0.2,
      "testing": false
    },
    "software": "mriqc",
    "version": "23.1.0"
  },
  "size_t": 203,
  "size_x": 72,
  "size_y": 72,
  "size_z": 46,
  "snr": 3.066788535095286,
  "spacing_tr": 3.0,
  "spacing_x": 3.0,
  "spacing_y": 3.0,
  "spacing_z": 3.0,
  "summary_bg_k": 90.01303441812621,
  "summary_bg_mad": 33.252650161888404,
  "summary_bg_mean": 90.33845325047362,
  "summary_bg_median": 25.33497428894043,
  "summary_bg_n": 188945.0,
  "summary_bg_p05": 0.9901477694511414,
  "summary_bg_p95": 432.42364501953125,
  "summary_bg_stdv": 209.9511122778115,
  "summary_fg_k": 1.0199620969605618,
  "summary_fg_mad": 660.722076836797,
  "summary_fg_mean": 2401.194071116823,
  "summary_fg_median": 2309.142822265625,
  "summary_fg_n": 49519.0,
  "summary_fg_p05": 1292.2659912109375,
  "summary_fg_p95": 3785.921142578125,
  "summary_fg_stdv": 752.9438303285772,
  "tsnr": 35.65006975084543
}