{
  "aor": 0.0014241500000000001,
  "aqi": 0.0070549600500000005,
  "bids_meta": {
    "EchoTime": 0.04592,
    "RepetitionTime": 3,
    "SliceEncodingDirection": "k",
    "SliceTiming": [
      0,
      1.54,
      0.07,
      1.61,
      0.14,
      1.68,
      0.21,
      1.75,
      0.28,
      1.82,
      0.35,
      1.89,
      0.42,
      1.96,
      0.49,
      2.03,
      0.56,
      2.1,
      0.63,
      2.17,
      0.7,
      2.24,
      0.77,
      2.31,
      0.84,
      2.38,
      0.91,
      2.45,
      0.98,
      2.52,
      1.05,
      2.5925,
      1.12,
      2.6625,
      1.19,
      2.7325,
      1.26,
      2.8025,
      1.33,
      2.8725,
      1.4,
      2.9425,
      1.47
    ],
    "TaskName": "rest",
    "dataset": "ds003592",
    "modality": "bold",
    "session_id": "1",
    "subject_id": "259",
    "task_id": "rest"
  },
  "dummy_trs": 0,
  "dvars_nstd": 31.743420500201008,
  "dvars_std": 0.986484413969849,
  "dvars_vstd": 0.9539351738190951,
  "efc": 0.4701159996467841,
  "fber": 673.5111083984375,
  "fd_mean": 0.07103009922040002,
  "fd_num": 2,
  "fd_perc": 1.0,
  "fwhm_avg": 2.144142898709581,
  "fwhm_x": 1.9774637037037037,
  "fwhm_y": 2.1353866666666668,
  "fwhm_z": 2.319578325758372,
  "gcor": 0.0160709,
  "gsr_x": -0.00038458083872683346,
  "gsr_y": 0.034993067383766174,
  "provenance": {
    "md5sum": "03131c3be1e9929372a537626a5ac63a",
    "settings": {
      "fd_thres": 0.2,
      "testing": false
    },
    "software": "mriqc",
    "version": "23.1.0"
  },
  "size_t": 200,
  "size_x": 64,
  "size_y": 64,
  "size_z": 43,
  "snr": 2.0506025108613644,
  "spacing_tr": 3.0,
  "spacing_x": 3.375,
  "spacing_y": 3.375,
  "spacing_z": 2.999997854232788,
  "summary_bg_k": 232.777928900283,
  "summary_bg_mad": 6.72360083469576,
  "summary_bg_mean": 25.72851653993688,
  "summary_bg_median": 13.984999656677246,
  "summary_bg_n": 142391.0,
  "summary_bg_p05": 7.71999979019165,
  "summary_bg_p95": 90.0199966430664,
  "summary_bg_stdv": 41.91566513052878,
  "summary_fg_k": 5.4168231013570285,
  "summary_fg_mad": 136.8293261691731,
  "summary_fg_mean": 400.2035325679569,
  "summary_fg_median": 362.94000244140625,
  "summary_fg_n": 33737.0,
  "summary_fg_p05": 193.125,
  "summary_fg_p95": 726.594970703125,
  "summary_fg_stdv": 176.98926121390187,
  "tsnr": 35.82731842901558
}