{
  "aor": 0.00048225000000000004,
  "aqi": 0.00549669195,
  "bids_meta": {
    "EchoTime": 0.04592,
    "RepetitionTime": 3,
    "SliceEncodingDirection": "k",
    "SliceTiming": [
      0,
      1.54,
      0.07,
      1.61,
      0.14,
      1.68,
      0.21,
      1.75,
      0.28,
      1.82,
      0.35,
      1.89,
      0.42,
      1.96,
      0.49,
      2.03,
      0.56,
      2.1,
      0.63,
      2.17,
      0.7,
      2.24,
      0.77,
      2.31,
      0.84,
      2.38,
      0.91,
      2.45,
      0.98,
      2.52,
      1.05,
      2.5925,
      1.12,
      2.6625,
      1.19,
      2.7325,
      1.26,
      2.8025,
      1.33,
      2.8725,
      1.4,
      2.9425,
      1.47
    ],
    "TaskName": "rest",
    "dataset": "ds003592",
    "modality": "bold",
    "session_id": "2",
    "subject_id": "262",
    "task_id": "rest"
  },
  "dummy_trs": 0,
  "dvars_nstd": 36.355078835929646,
  "dvars_std": 1.0634503728643216,
  "dvars_vstd": 0.9843941340201007,
  "efc": 0.46132626817194744,
  "fber": 970.5953979492188,
  "fd_mean": 0.1559764781519226,
  "fd_num": 50,
  "fd_perc": 25.0,
  "fwhm_avg": 2.136381150891614,
  "fwhm_x": 1.9976325925925924,
  "fwhm_y": 2.1933334882759863,
  "fwhm_z": 2.218177371806263,
  "gcor": 0.0417506,
  "gsr_x": -0.0005976696847938001,
  "gsr_y": 0.022121546790003777,
  "provenance": {
    "md5sum": "4fdbe4ab82e0ab99fbea24d030773491",
    "settings": {
      "fd_thres": 0.2,
      "testing": false
    },
    "software": "mriqc",
    "version": "23.1.0"
  },
  "size_t": 200,
  "size_x": 64,
  "size_y": 64,
  "size_z": 43,
  "snr": 2.6733776108856975,
  "spacing_tr": 3.0,
  "spacing_x": 3.375,
  "spacing_y": 3.374999761581421,
  "spacing_z": 2.9999990463256836,
  "summary_bg_k": 47.04449089996766,
  "summary_bg_mad": 5.559758319396007,
  "summary_bg_mean": 20.31030084051523,
  "summary_bg_median": 11.869999885559082,
  "summary_bg_n": 143398.0,
  "summary_bg_p05": 6.889999866485596,
  "summary_bg_p95": 67.07499694824219,
  "summary_bg_stdv": 29.22734829488396,
  "summary_fg_k": 1.594934600916778,
  "summary_fg_mad": 118.15228453752633,
  "summary_fg_mean": 394.70534626459295,
  "summary_fg_median": 369.802490234375,
  "summary_fg_n": 32730.0,
  "summary_fg_p05": 209.72499084472656,
  "summary_fg_p95": 655.375,
  "summary_fg_stdv": 138.3257043060279,
  "tsnr": 41.19179890304804
}