{
  "aor": 0.0010971641791044776,
  "aqi": 0.0022724851243781092,
  "bids_meta": {
    "EchoTime": 0.0137,
    "RepetitionTime": 3.0,
    "SliceEncodingDirection": "k",
    "SliceTiming": [
      0.0,
      1.5,
      0.065,
      1.565,
      0.13,
      1.63,
      0.196,
      1.696,
      0.261,
      1.761,
      0.326,
      1.826,
      0.391,
      1.891,
      0.457,
      1.957,
      0.522,
      2.022,
      0.587,
      2.087,
      0.652,
      2.152,
      0.717,
      2.217,
      0.783,
      2.283,
      0.848,
      2.348,
      0.913,
      2.413,
      0.978,
      2.478,
      1.043,
      2.543,
      1.109,
      2.609,
      1.174,
      2.674,
      1.239,
      2.739,
      1.304,
      2.804,
      1.37,
      2.87,
      1.435,
      2.935
    ],
    "TaskName": "rest",
    "dataset": "ds003592",
    "modality": "bold",
    "session_id": "2",
    "subject_id": "88",
    "task_id": "rest"
  },
  "dummy_trs": 3,
  "dvars_nstd": 11.739232611650003,
  "dvars_std": 1.061728241,
  "dvars_vstd": 0.9407064492000002,
  "efc": 0.52670260884538,
  "fber": 10100.0849609375,
  "fd_mean": 0.03138472371770076,
  "fd_num": 0,
  "fd_perc": 0.0,
  "fwhm_avg": 3.387128888888889,
  "fwhm_x": 2.93007,
  "fwhm_y": 3.27575,
  "fwhm_z": 3.9555666666666665,
  "gcor": 0.00969151,
  "gsr_x": -0.01003606803715229,
  "gsr_y": 0.06671465933322906,
  "provenance": {
    "md5sum": "9f3e7d77a03c8d825973e9b0dd04411e",
    "settings": {
      "fd_thres": 0.2,
      "testing": false
    },
    "software": "mriqc",
    "version": "23.1.0"
  },
  "size_t": 201,
  "size_x": 72,
  "size_y": 72,
  "size_z": 46,
  "snr": 2.6225519838958187,
  "spacing_tr": 3.0,
  "spacing_x": 3.0,
  "spacing_y": 3.0,
  "spacing_z": 3.0,
  "summary_bg_k": 10.667384305575627,
  "summary_bg_mad": 69.91096035215217,
  "summary_bg_mean": 442.7323229937076,
  "summary_bg_median": 48.46765899658203,
  "summary_bg_n": 178615.0,
  "summary_bg_p05": 0.49751242995262146,
  "summary_bg_p95": 2503.989990234375,
  "summary_bg_stdv": 937.7597516904716,
  "summary_fg_k": 1.1353064261204064,
  "summary_fg_mad": 1548.1393175492115,
  "summary_fg_mean": 5216.5019544960915,
  "summary_fg_median": 4870.9599609375,
  "summary_fg_n": 59849.0,
  "summary_fg_p05": 2727.4775390625,
  "summary_fg_p95": 8836.4970703125,
  "summary_fg_stdv": 1857.3203875204522,
  "tsnr": 92.00609232392162
}