{
  "aor": 0.0007891044776119403,
  "aqi": 0.0038818971641791044,
  "bids_meta": {
    "EchoTime": 0.03,
    "RepetitionTime": 3.0,
    "SliceEncodingDirection": "k",
    "SliceTiming": [
      0.0,
      1.5,
      0.065,
      1.565,
      0.13,
      1.63,
      0.196,
      1.696,
      0.261,
      1.761,
      0.326,
      1.826,
      0.391,
      1.891,
      0.457,
      1.957,
      0.522,
      2.022,
      0.587,
      2.087,
      0.652,
      2.152,
      0.717,
      2.217,
      0.783,
      2.283,
      0.848,
      2.348,
      0.913,
      2.413,
      0.978,
      2.478,
      1.043,
      2.543,
      1.109,
      2.609,
      1.174,
      2.674,
      1.239,
      2.739,
      1.304,
      2.804,
      1.37,
      2.87,
      1.435,
      2.935
    ],
    "TaskName": "rest",
    "dataset": "ds003592",
    "modality": "bold",
    "session_id": "2",
    "subject_id": "163",
    "task_id": "rest"
  },
  "dummy_trs": 3,
  "dvars_nstd": 20.601429195350008,
  "dvars_std": 1.1294436645000006,
  "dvars_vstd": 0.9704878143000001,
  "efc": 0.45413143099296016,
  "fber": 10705.42578125,
  "fd_mean": 0.0823167331994033,
  "fd_num": 9,
  "fd_perc": 4.477611940298507,
  "fwhm_avg": 3.0251844444444447,
  "fwhm_x": 2.8836666666666666,
  "fwhm_y": 3.0352333333333337,
  "fwhm_z": 3.1566533333333333,
  "gcor": 0.0298933,
  "gsr_x": 0.009141117334365845,
  "gsr_y": 0.009300066158175468,
  "provenance": {
    "md5sum": "57eb1bf31ac35602a6d71f66cd2bec9e",
    "settings": {
      "fd_thres": 0.2,
      "testing": false
    },
    "software": "mriqc",
    "version": "23.1.0"
  },
  "size_t": 201,
  "size_x": 72,
  "size_y": 72,
  "size_z": 46,
  "snr": 3.1553910279264836,
  "spacing_tr": 3.0,
  "spacing_x": 3.0,
  "spacing_y": 3.0,
  "spacing_z": 3.0,
  "summary_bg_k": 22.98623220948532,
  "summary_bg_mad": 45.86477709599985,
  "summary_bg_mean": 174.13393832367947,
  "summary_bg_median": 33.03482437133789,
  "summary_bg_n": 192333.0,
  "summary_bg_p05": 0.9303482174873352,
  "summary_bg_p95": 908.592041015625,
  "summary_bg_stdv": 394.2318467753592,
  "summary_fg_k": 0.634609725399343,
  "summary_fg_mad": 980.2878273608435,
  "summary_fg_mean": 3571.072627456511,
  "summary_fg_median": 3418.014892578125,
  "summary_fg_n": 46131.0,
  "summary_fg_p05": 2027.07958984375,
  "summary_fg_p95": 5648.24365234375,
  "summary_fg_stdv": 1083.2184712747226,
  "tsnr": 65.67165747564286
}