{
  "aor": 0.0006372139303482587,
  "aqi": 0.005634618208955224,
  "bids_meta": {
    "EchoTime": 0.047,
    "RepetitionTime": 3.0,
    "SliceEncodingDirection": "k",
    "SliceTiming": [
      0.0,
      1.5,
      0.065,
      1.565,
      0.13,
      1.63,
      0.196,
      1.696,
      0.261,
      1.761,
      0.326,
      1.826,
      0.391,
      1.891,
      0.457,
      1.957,
      0.522,
      2.022,
      0.587,
      2.087,
      0.652,
      2.152,
      0.717,
      2.217,
      0.783,
      2.283,
      0.848,
      2.348,
      0.913,
      2.413,
      0.978,
      2.478,
      1.043,
      2.543,
      1.109,
      2.609,
      1.174,
      2.674,
      1.239,
      2.739,
      1.304,
      2.804,
      1.37,
      2.87,
      1.435,
      2.935
    ],
    "TaskName": "rest",
    "dataset": "ds003592",
    "modality": "bold",
    "session_id": "2",
    "subject_id": "163",
    "task_id": "rest"
  },
  "dummy_trs": 3,
  "dvars_nstd": 26.64932292965001,
  "dvars_std": 1.0962987015999994,
  "dvars_vstd": 0.9737974824999996,
  "efc": 0.425736562617699,
  "fber": 7682.38330078125,
  "fd_mean": 0.08142280647623014,
  "fd_num": 8,
  "fd_perc": 3.9800995024875623,
  "fwhm_avg": 2.514881111111111,
  "fwhm_x": 2.46284,
  "fwhm_y": 2.6019366666666666,
  "fwhm_z": 2.4798666666666667,
  "gcor": 0.0290237,
  "gsr_x": 0.002856113016605377,
  "gsr_y": 0.01178399845957756,
  "provenance": {
    "md5sum": "df6de3dbe83380cae6958ffb4fe001f6",
    "settings": {
      "fd_thres": 0.2,
      "testing": false
    },
    "software": "mriqc",
    "version": "23.1.0"
  },
  "size_t": 201,
  "size_x": 72,
  "size_y": 72,
  "size_z": 46,
  "snr": 3.2015670564061214,
  "spacing_tr": 3.0,
  "spacing_x": 3.0,
  "spacing_y": 3.0,
  "spacing_z": 3.0,
  "summary_bg_k": 26.727227822092207,
  "summary_bg_mad": 35.420177331593585,
  "summary_bg_mean": 96.70474196227894,
  "summary_bg_median": 27.34328269958496,
  "summary_bg_n": 196638.0,
  "summary_bg_p05": 0.8756218552589417,
  "summary_bg_p95": 496.303466796875,
  "summary_bg_stdv": 217.65218069060668,
  "summary_fg_k": 0.4870288396704132,
  "summary_fg_mad": 710.1553322886416,
  "summary_fg_mean": 2492.3225090722926,
  "summary_fg_median": 2396.616943359375,
  "summary_fg_n": 41826.0,
  "summary_fg_p05": 1398.5870361328125,
  "summary_fg_p95": 3869.98486328125,
  "summary_fg_stdv": 748.5672644420825,
  "tsnr": 49.623982212971896
}