{
  "aor": 0.0005743842364532019,
  "aqi": 0.004966835665024631,
  "bids_meta": {
    "EchoTime": 0.047,
    "RepetitionTime": 3.0,
    "SliceEncodingDirection": "k",
    "SliceTiming": [
      0.0,
      1.5,
      0.065,
      1.565,
      0.13,
      1.63,
      0.196,
      1.696,
      0.261,
      1.761,
      0.326,
      1.826,
      0.391,
      1.891,
      0.457,
      1.957,
      0.522,
      2.022,
      0.587,
      2.087,
      0.652,
      2.152,
      0.717,
      2.217,
      0.783,
      2.283,
      0.848,
      2.348,
      0.913,
      2.413,
      0.978,
      2.478,
      1.043,
      2.543,
      1.109,
      2.609,
      1.174,
      2.674,
      1.239,
      2.739,
      1.304,
      2.804,
      1.37,
      2.87,
      1.435,
      2.935
    ],
    "TaskName": "rest",
    "dataset": "ds003592",
    "modality": "bold",
    "session_id": "1",
    "subject_id": "26",
    "task_id": "rest"
  },
  "dummy_trs": 1,
  "dvars_nstd": 24.62487891173266,
  "dvars_std": 1.078866645841584,
  "dvars_vstd": 0.9596810041584157,
  "efc": 0.43703921710345484,
  "fber": 8806.1591796875,
  "fd_mean": 0.07478353236217818,
  "fd_num": 2,
  "fd_perc": 0.9852216748768473,
  "fwhm_avg": 2.5186233333333337,
  "fwhm_x": 2.5298266666666667,
  "fwhm_y": 2.661096666666667,
  "fwhm_z": 2.3649466666666665,
  "gcor": 0.0234179,
  "gsr_x": 0.0025747506879270077,
  "gsr_y": 0.02206709235906601,
  "provenance": {
    "md5sum": "59d9140647bb801f2e21744863c81f6f",
    "settings": {
      "fd_thres": 0.2,
      "testing": false
    },
    "software": "mriqc",
    "version": "23.1.0"
  },
  "size_t": 203,
  "size_x": 72,
  "size_y": 72,
  "size_z": 46,
  "snr": 3.0950819685494952,
  "spacing_tr": 3.0,
  "spacing_x": 3.0,
  "spacing_y": 3.0,
  "spacing_z": 3.0,
  "summary_bg_k": 22.747157247458187,
  "summary_bg_mad": 37.2622479001914,
  "summary_bg_mean": 104.9765201900977,
  "summary_bg_median": 25.55172348022461,
  "summary_bg_n": 194502.0,
  "summary_bg_p05": 0.029556650668382645,
  "summary_bg_p95": 563.142822265625,
  "summary_bg_stdv": 229.05769271255852,
  "summary_fg_k": 0.3792795840444172,
  "summary_fg_mad": 722.6589970923666,
  "summary_fg_mean": 2490.3968510656164,
  "summary_fg_median": 2397.8028564453125,
  "summary_fg_n": 43962.0,
  "summary_fg_p05": 1342.694580078125,
  "summary_fg_p95": 3914.5517578125,
  "summary_fg_stdv": 774.7050350662312,
  "tsnr": 47.3291281289421
}