{
  "aor": 0.0036331188118811884,
  "aqi": 0.003834132475247525,
  "bids_meta": {
    "EchoTime": 0.0137,
    "RepetitionTime": 3.0,
    "SliceEncodingDirection": "k",
    "SliceTiming": [
      0.0,
      1.5,
      0.065,
      1.565,
      0.13,
      1.63,
      0.196,
      1.696,
      0.261,
      1.761,
      0.326,
      1.826,
      0.391,
      1.891,
      0.457,
      1.957,
      0.522,
      2.022,
      0.587,
      2.087,
      0.652,
      2.152,
      0.717,
      2.217,
      0.783,
      2.283,
      0.848,
      2.348,
      0.913,
      2.413,
      0.978,
      2.478,
      1.043,
      2.543,
      1.109,
      2.609,
      1.174,
      2.674,
      1.239,
      2.739,
      1.304,
      2.804,
      1.37,
      2.87,
      1.435,
      2.935
    ],
    "TaskName": "rest",
    "dataset": "ds003592",
    "modality": "bold",
    "session_id": "1",
    "subject_id": "213",
    "task_id": "rest"
  },
  "dummy_trs": 2,
  "dvars_nstd": 13.294487308208947,
  "dvars_std": 1.1652677871641786,
  "dvars_vstd": 0.9872529706965172,
  "efc": 0.4805181678394383,
  "fber": 20468.630859375,
  "fd_mean": 0.03632731970293311,
  "fd_num": 0,
  "fd_perc": 0.0,
  "fwhm_avg": 3.410713144732861,
  "fwhm_x": 3.11271,
  "fwhm_y": 3.2170630776641307,
  "fwhm_z": 3.902366356534453,
  "gcor": 0.0314088,
  "gsr_x": 0.013594445772469044,
  "gsr_y": 0.0433017872273922,
  "provenance": {
    "md5sum": "b087045adf53d9ea6385163d49f2b81d",
    "settings": {
      "fd_thres": 0.2,
      "testing": false
    },
    "software": "mriqc",
    "version": "23.1.0"
  },
  "size_t": 202,
  "size_x": 72,
  "size_y": 72,
  "size_z": 46,
  "snr": 2.78816788865992,
  "spacing_tr": 3.0,
  "spacing_x": 3.0,
  "spacing_y": 3.000000238418579,
  "spacing_z": 3.000000238418579,
  "summary_bg_k": 16.090890152520817,
  "summary_bg_mad": 46.39370411467666,
  "summary_bg_mean": 351.98569526525927,
  "summary_bg_median": 32.93564224243164,
  "summary_bg_n": 189336.0,
  "summary_bg_p05": 1.0643564462661743,
  "summary_bg_p95": 1981.8514404296875,
  "summary_bg_stdv": 812.9826299001148,
  "summary_fg_k": 1.1284849833797317,
  "summary_fg_mad": 1324.749060791774,
  "summary_fg_mean": 5089.608019874454,
  "summary_fg_median": 4712.056884765625,
  "summary_fg_n": 49128.0,
  "summary_fg_p05": 2939.435546875,
  "summary_fg_p95": 8531.6484375,
  "summary_fg_stdv": 1690.0018634991438,
  "tsnr": 82.86682800296694
}