{
  "aor": 0.003692413793103448,
  "aqi": 0.007635307290640394,
  "bids_meta": {
    "EchoTime": 0.047,
    "RepetitionTime": 3.0,
    "SliceEncodingDirection": "k",
    "SliceTiming": [
      0.0,
      1.5,
      0.065,
      1.565,
      0.13,
      1.63,
      0.196,
      1.696,
      0.261,
      1.761,
      0.326,
      1.826,
      0.391,
      1.891,
      0.457,
      1.957,
      0.522,
      2.022,
      0.587,
      2.087,
      0.652,
      2.152,
      0.717,
      2.217,
      0.783,
      2.283,
      0.848,
      2.348,
      0.913,
      2.413,
      0.978,
      2.478,
      1.043,
      2.543,
      1.109,
      2.609,
      1.174,
      2.674,
      1.239,
      2.739,
      1.304,
      2.804,
      1.37,
      2.87,
      1.435,
      2.935
    ],
    "TaskName": "rest",
    "dataset": "ds003592",
    "modality": "bold",
    "session_id": "1",
    "subject_id": "213",
    "task_id": "rest"
  },
  "dummy_trs": 1,
  "dvars_nstd": 23.43375234316831,
  "dvars_std": 1.0959984453960403,
  "dvars_vstd": 0.9943617394554449,
  "efc": 0.4025730355582511,
  "fber": 11136.21875,
  "fd_mean": 0.043059506112750064,
  "fd_num": 0,
  "fd_perc": 0.0,
  "fwhm_avg": 2.555488754419673,
  "fwhm_x": 2.5904233333333333,
  "fwhm_y": 2.605513126265754,
  "fwhm_z": 2.4705298036599315,
  "gcor": 0.0307509,
  "gsr_x": 0.003370927181094885,
  "gsr_y": 0.011578788980841637,
  "provenance": {
    "md5sum": "1590384a3b2bad703d04b6497454f257",
    "settings": {
      "fd_thres": 0.2,
      "testing": false
    },
    "software": "mriqc",
    "version": "23.1.0"
  },
  "size_t": 203,
  "size_x": 72,
  "size_y": 72,
  "size_z": 46,
  "snr": 2.8674242423838288,
  "spacing_tr": 3.0,
  "spacing_x": 3.0,
  "spacing_y": 3.000000238418579,
  "spacing_z": 3.000000238418579,
  "summary_bg_k": 29.898686339206513,
  "summary_bg_mad": 29.4402434472171,
  "summary_bg_mean": 91.09608866612186,
  "summary_bg_median": 22.733989715576172,
  "summary_bg_n": 200607.0,
  "summary_bg_p05": 1.0837438106536865,
  "summary_bg_p95": 457.1231384277344,
  "summary_bg_stdv": 207.04128839587761,
  "summary_fg_k": 1.0762103990183745,
  "summary_fg_mad": 711.0355368650212,
  "summary_fg_mean": 2527.9462377507557,
  "summary_fg_median": 2399.078857421875,
  "summary_fg_n": 37857.0,
  "summary_fg_p05": 1367.3004150390625,
  "summary_fg_p95": 4150.40869140625,
  "summary_fg_stdv": 836.6558166333406,
  "tsnr": 42.852466645650566
}