{
  "aor": 0.0037839901477832506,
  "aqi": 0.006274392167487685,
  "bids_meta": {
    "EchoTime": 0.03,
    "RepetitionTime": 3.0,
    "SliceEncodingDirection": "k",
    "SliceTiming": [
      0.0,
      1.5,
      0.065,
      1.565,
      0.13,
      1.63,
      0.196,
      1.696,
      0.261,
      1.761,
      0.326,
      1.826,
      0.391,
      1.891,
      0.457,
      1.957,
      0.522,
      2.022,
      0.587,
      2.087,
      0.652,
      2.152,
      0.717,
      2.217,
      0.783,
      2.283,
      0.848,
      2.348,
      0.913,
      2.413,
      0.978,
      2.478,
      1.043,
      2.543,
      1.109,
      2.609,
      1.174,
      2.674,
      1.239,
      2.739,
      1.304,
      2.804,
      1.37,
      2.87,
      1.435,
      2.935
    ],
    "TaskName": "rest",
    "dataset": "ds003592",
    "modality": "bold",
    "session_id": "1",
    "subject_id": "213",
    "task_id": "rest"
  },
  "dummy_trs": 1,
  "dvars_nstd": 18.11891658232674,
  "dvars_std": 1.1104940739108915,
  "dvars_vstd": 0.98094861549505,
  "efc": 0.4334442926171449,
  "fber": 17056.509765625,
  "fd_mean": 0.044876514628156755,
  "fd_num": 0,
  "fd_perc": 0.0,
  "fwhm_avg": 2.964325397559726,
  "fwhm_x": 2.9288333333333334,
  "fwhm_y": 2.9210431011896847,
  "fwhm_z": 3.0430997581561603,
  "gcor": 0.0330478,
  "gsr_x": 0.012645789422094822,
  "gsr_y": 0.01796003244817257,
  "provenance": {
    "md5sum": "498849abd68cafe8e46f61965d64f3e7",
    "settings": {
      "fd_thres": 0.2,
      "testing": false
    },
    "software": "mriqc",
    "version": "23.1.0"
  },
  "size_t": 203,
  "size_x": 72,
  "size_y": 72,
  "size_z": 46,
  "snr": 2.862252821144872,
  "spacing_tr": 3.0,
  "spacing_x": 3.0,
  "spacing_y": 3.000000238418579,
  "spacing_z": 3.000000238418579,
  "summary_bg_k": 22.029358135050174,
  "summary_bg_mad": 35.31222403554377,
  "summary_bg_mean": 158.81883402269398,
  "summary_bg_median": 25.812807083129883,
  "summary_bg_n": 195639.0,
  "summary_bg_p05": 1.1182265281677246,
  "summary_bg_p95": 835.2019653320312,
  "summary_bg_stdv": 355.2664786470618,
  "summary_fg_k": 0.8316115093681384,
  "summary_fg_mad": 968.124770146868,
  "summary_fg_mean": 3606.234885361956,
  "summary_fg_median": 3371.16748046875,
  "summary_fg_n": 42825.0,
  "summary_fg_p05": 2019.916259765625,
  "summary_fg_p95": 5959.39404296875,
  "summary_fg_stdv": 1177.7883824684052,
  "tsnr": 53.09642183803953
}