{
  "aor": 0.003896650246305419,
  "aqi": 0.0023555845024630538,
  "bids_meta": {
    "EchoTime": 0.0137,
    "RepetitionTime": 3.0,
    "SliceEncodingDirection": "k",
    "SliceTiming": [
      0.0,
      1.5,
      0.065,
      1.565,
      0.13,
      1.63,
      0.196,
      1.696,
      0.261,
      1.761,
      0.326,
      1.826,
      0.391,
      1.891,
      0.457,
      1.957,
      0.522,
      2.022,
      0.587,
      2.087,
      0.652,
      2.152,
      0.717,
      2.217,
      0.783,
      2.283,
      0.848,
      2.348,
      0.913,
      2.413,
      0.978,
      2.478,
      1.043,
      2.543,
      1.109,
      2.609,
      1.174,
      2.674,
      1.239,
      2.739,
      1.304,
      2.804,
      1.37,
      2.87,
      1.435,
      2.935
    ],
    "TaskName": "rest",
    "dataset": "ds003592",
    "modality": "bold",
    "session_id": "1",
    "subject_id": "138",
    "task_id": "rest"
  },
  "dummy_trs": 1,
  "dvars_nstd": 13.874251332772273,
  "dvars_std": 1.1934146661881195,
  "dvars_vstd": 0.9844343694059403,
  "efc": 0.500296006299136,
  "fber": 11367.8515625,
  "fd_mean": 0.05723807055225356,
  "fd_num": 2,
  "fd_perc": 0.9852216748768473,
  "fwhm_avg": 3.360407777777778,
  "fwhm_x": 2.95377,
  "fwhm_y": 3.2242533333333334,
  "fwhm_z": 3.9032,
  "gcor": 0.0390372,
  "gsr_x": 0.0007455809391103685,
  "gsr_y": 0.052557870745658875,
  "provenance": {
    "md5sum": "7edfa32606781bb93f3bf218c6a69703",
    "settings": {
      "fd_thres": 0.2,
      "testing": false
    },
    "software": "mriqc",
    "version": "23.1.0"
  },
  "size_t": 203,
  "size_x": 72,
  "size_y": 72,
  "size_z": 46,
  "snr": 2.8720366602550027,
  "spacing_tr": 3.0,
  "spacing_x": 3.0,
  "spacing_y": 3.0,
  "spacing_z": 3.0,
  "summary_bg_k": 14.180549155204165,
  "summary_bg_mad": 62.60525020849213,
  "summary_bg_mean": 359.6999331688007,
  "summary_bg_median": 43.610836029052734,
  "summary_bg_n": 186215.0,
  "summary_bg_p05": 0.6403940916061401,
  "summary_bg_p95": 1909.6256103515625,
  "summary_bg_stdv": 736.9540432448808,
  "summary_fg_k": 1.1295904408375428,
  "summary_fg_mad": 1326.4396110021087,
  "summary_fg_mean": 4942.544410310798,
  "summary_fg_median": 4649.79296875,
  "summary_fg_n": 52249.0,
  "summary_fg_p05": 2719.694580078125,
  "summary_fg_p95": 8109.19189453125,
  "summary_fg_stdv": 1618.9725348582933,
  "tsnr": 86.4207166582346
}