{
  "bids_meta": {
    "EchoTime": 0.0034,
    "FlipAngle": 7,
    "RepetitionTime": 2.53,
    "dataset": "ds003592",
    "modality": "T1w",
    "session_id": "1",
    "subject_id": "89"
  },
  "cjv": 0.5609254962739212,
  "cnr": 1.7749021048290077,
  "efc": 0.5827515804102268,
  "fber": -1.0,
  "fwhm_avg": 4.362133333333333,
  "fwhm_x": 4.47215,
  "fwhm_y": 4.28345,
  "fwhm_z": 4.3308,
  "icvs_csf": 0.2533498466252513,
  "icvs_gm": 0.38866058957802796,
  "icvs_wm": 0.35798956379672076,
  "inu_med": 0.7359927892684937,
  "inu_range": 0.6497345864772796,
  "provenance": {
    "md5sum": "bc3aa9800a405a90f0f09df3335b3b35",
    "settings": {
      "testing": false
    },
    "software": "mriqc",
    "version": "23.1.0",
    "warnings": {
      "large_rot_frame": true,
      "small_air_mask": false
    }
  },
  "qi_1": 0.0,
  "qi_2": 0.0008698404799286424,
  "rpve_csf": 7.986200678317976,
  "rpve_gm": 7.897045186093079,
  "rpve_wm": 7.976537828295923,
  "size_x": 176,
  "size_y": 256,
  "size_z": 256,
  "snr_csf": 1.7278918422770433,
  "snr_gm": 5.961256044985793,
  "snr_total": 6.417769890132973,
  "snr_wm": 11.564161783136086,
  "snrd_csf": 54.04825927006092,
  "snrd_gm": 103.91963064529743,
  "snrd_total": 99.91026499224404,
  "snrd_wm": 141.76290506137374,
  "spacing_x": 1.0,
  "spacing_y": 1.0,
  "spacing_z": 1.0,
  "summary_bg_k": 50.607454614678,
  "summary_bg_mad": 0.0,
  "summary_bg_mean": 1.5058588355284035,
  "summary_bg_median": 0.0,
  "summary_bg_n": 2975425.0,
  "summary_bg_p05": 0.0,
  "summary_bg_p95": 9.402231685817242,
  "summary_bg_stdv": 4.484110953873634,
  "summary_csf_k": -0.5416266396080491,
  "summary_csf_mad": 182.06699018040666,
  "summary_csf_mean": 387.87376484594796,
  "summary_csf_median": 369.93577433750033,
  "summary_csf_n": 361947.49846179585,
  "summary_csf_p05": 71.51046944782138,
  "summary_csf_p95": 741.973673645407,
  "summary_csf_stdv": 214.09630756431497,
  "summary_gm_k": -0.6097583183318029,
  "summary_gm_mad": 86.64190102267095,
  "summary_gm_mean": 717.6998691249852,
  "summary_gm_median": 711.2826490774751,
  "summary_gm_n": 555258.7855185737,
  "summary_gm_p05": 529.0093039162457,
  "summary_gm_p95": 948.0201411992311,
  "summary_gm_stdv": 119.31747323266555,
  "summary_wm_k": 0.0682004906789051,
  "summary_wm_mad": 58.649030450271056,
  "summary_wm_mean": 951.6405137577743,
  "summary_wm_median": 970.3026658855379,
  "summary_wm_n": 511440.7165334278,
  "summary_wm_p05": 781.6465049050748,
  "summary_wm_p95": 1059.5092055387795,
  "summary_wm_stdv": 83.90592725040032,
  "tpm_overlap_csf": 0.214911252109511,
  "tpm_overlap_gm": 0.5413960481431832,
  "tpm_overlap_wm": 0.5520736725523381,
  "wm2max": 0.6103084357044979
}