{
  "aor": 0.0028098019801980198,
  "aqi": 0.003253896881188119,
  "bids_meta": {
    "EchoTime": 0.0137,
    "RepetitionTime": 3.0,
    "SliceEncodingDirection": "k",
    "SliceTiming": [
      0.0,
      1.5,
      0.065,
      1.565,
      0.13,
      1.63,
      0.196,
      1.696,
      0.261,
      1.761,
      0.326,
      1.826,
      0.391,
      1.891,
      0.457,
      1.957,
      0.522,
      2.022,
      0.587,
      2.087,
      0.652,
      2.152,
      0.717,
      2.217,
      0.783,
      2.283,
      0.848,
      2.348,
      0.913,
      2.413,
      0.978,
      2.478,
      1.043,
      2.543,
      1.109,
      2.609,
      1.174,
      2.674,
      1.239,
      2.739,
      1.304,
      2.804,
      1.37,
      2.87,
      1.435,
      2.935
    ],
    "TaskName": "rest",
    "dataset": "ds003592",
    "modality": "bold",
    "session_id": "1",
    "subject_id": "13",
    "task_id": "rest"
  },
  "dummy_trs": 2,
  "dvars_nstd": 11.966039092935327,
  "dvars_std": 0.9824480156218909,
  "dvars_vstd": 0.9212730312935322,
  "efc": 0.4943127563226681,
  "fber": 11701.193359375,
  "fd_mean": 0.07334237792628304,
  "fd_num": 1,
  "fd_perc": 0.49504950495049505,
  "fwhm_avg": 3.860288888888889,
  "fwhm_x": 3.513866666666667,
  "fwhm_y": 3.6659333333333333,
  "fwhm_z": 4.401066666666667,
  "gcor": 0.0332343,
  "gsr_x": -0.00571708008646965,
  "gsr_y": 0.05805923789739609,
  "provenance": {
    "md5sum": "354520cbb79e15728c707eb4cd60305d",
    "settings": {
      "fd_thres": 0.2,
      "testing": false
    },
    "software": "mriqc",
    "version": "23.1.0"
  },
  "size_t": 202,
  "size_x": 72,
  "size_y": 72,
  "size_z": 46,
  "snr": 2.541647289113209,
  "spacing_tr": 3.0,
  "spacing_x": 3.0,
  "spacing_y": 3.0,
  "spacing_z": 3.0,
  "summary_bg_k": 14.707600547196062,
  "summary_bg_mad": 56.57008844556406,
  "summary_bg_mean": 324.6300215690252,
  "summary_bg_median": 39.779701232910156,
  "summary_bg_n": 185148.0,
  "summary_bg_p05": 0.8811880946159363,
  "summary_bg_p95": 1719.0048828125,
  "summary_bg_stdv": 684.6720412300914,
  "summary_fg_k": 2.1475952181755735,
  "summary_fg_mad": 1204.320750192245,
  "summary_fg_mean": 4700.964713672587,
  "summary_fg_median": 4303.052001953125,
  "summary_fg_n": 53316.0,
  "summary_fg_p05": 2595.287109375,
  "summary_fg_p95": 8195.4208984375,
  "summary_fg_stdv": 1693.001096559545,
  "tsnr": 71.44495527911931
}