{
  "aor": 0.0026854679802955665,
  "aqi": 0.004914955221674877,
  "bids_meta": {
    "EchoTime": 0.03,
    "RepetitionTime": 3.0,
    "SliceEncodingDirection": "k",
    "SliceTiming": [
      0.0,
      1.5,
      0.065,
      1.565,
      0.13,
      1.63,
      0.196,
      1.696,
      0.261,
      1.761,
      0.326,
      1.826,
      0.391,
      1.891,
      0.457,
      1.957,
      0.522,
      2.022,
      0.587,
      2.087,
      0.652,
      2.152,
      0.717,
      2.217,
      0.783,
      2.283,
      0.848,
      2.348,
      0.913,
      2.413,
      0.978,
      2.478,
      1.043,
      2.543,
      1.109,
      2.609,
      1.174,
      2.674,
      1.239,
      2.739,
      1.304,
      2.804,
      1.37,
      2.87,
      1.435,
      2.935
    ],
    "TaskName": "rest",
    "dataset": "ds003592",
    "modality": "bold",
    "session_id": "1",
    "subject_id": "185",
    "task_id": "rest"
  },
  "dummy_trs": 1,
  "dvars_nstd": 24.28409077866335,
  "dvars_std": 1.1586130440594051,
  "dvars_vstd": 0.9662772890099007,
  "efc": 0.4426725965748978,
  "fber": 18114.43359375,
  "fd_mean": 0.12198865130733003,
  "fd_num": 22,
  "fd_perc": 10.83743842364532,
  "fwhm_avg": 2.961082064235576,
  "fwhm_x": 2.91945,
  "fwhm_y": 2.9904030956774474,
  "fwhm_z": 2.973393097029281,
  "gcor": 0.0469349,
  "gsr_x": -0.010052365250885487,
  "gsr_y": 0.02121986262500286,
  "provenance": {
    "md5sum": "c775c0c4e6240775a452d967a6c9216a",
    "settings": {
      "fd_thres": 0.2,
      "testing": false
    },
    "software": "mriqc",
    "version": "23.1.0"
  },
  "size_t": 203,
  "size_x": 72,
  "size_y": 72,
  "size_z": 46,
  "snr": 3.001034113614642,
  "spacing_tr": 3.0,
  "spacing_x": 3.0,
  "spacing_y": 3.000000238418579,
  "spacing_z": 3.000000238418579,
  "summary_bg_k": 23.302500851284858,
  "summary_bg_mad": 32.8582620170965,
  "summary_bg_mean": 129.7260519454701,
  "summary_bg_median": 24.50246238708496,
  "summary_bg_n": 190874.0,
  "summary_bg_p05": 1.1773399114608765,
  "summary_bg_p95": 657.5516967773438,
  "summary_bg_stdv": 283.12521158943497,
  "summary_fg_k": 0.6591843034880664,
  "summary_fg_mad": 952.9078274549795,
  "summary_fg_mean": 3464.2198092565436,
  "summary_fg_median": 3297.783203125,
  "summary_fg_n": 47590.0,
  "summary_fg_p05": 1907.1033935546875,
  "summary_fg_p95": 5599.08349609375,
  "summary_fg_stdv": 1098.8707326329372,
  "tsnr": 51.53306208923459
}