{
  "aor": 0.0014160591133004924,
  "aqi": 0.0074793882266009845,
  "bids_meta": {
    "EchoTime": 0.03,
    "RepetitionTime": 3.0,
    "SliceEncodingDirection": "k",
    "SliceTiming": [
      0.0,
      1.5,
      0.065,
      1.565,
      0.13,
      1.63,
      0.196,
      1.696,
      0.261,
      1.761,
      0.326,
      1.826,
      0.391,
      1.891,
      0.457,
      1.957,
      0.522,
      2.022,
      0.587,
      2.087,
      0.652,
      2.152,
      0.717,
      2.217,
      0.783,
      2.283,
      0.848,
      2.348,
      0.913,
      2.413,
      0.978,
      2.478,
      1.043,
      2.543,
      1.109,
      2.609,
      1.174,
      2.674,
      1.239,
      2.739,
      1.304,
      2.804,
      1.37,
      2.87,
      1.435,
      2.935
    ],
    "TaskName": "rest",
    "dataset": "ds003592",
    "modality": "bold",
    "session_id": "1",
    "subject_id": "145",
    "task_id": "rest"
  },
  "dummy_trs": 1,
  "dvars_nstd": 19.513227297425743,
  "dvars_std": 1.0658090600990096,
  "dvars_vstd": 0.9385954612376244,
  "efc": 0.4553726738313869,
  "fber": 14649.52734375,
  "fd_mean": 0.05923850320251223,
  "fd_num": 3,
  "fd_perc": 1.477832512315271,
  "fwhm_avg": 2.7195366666666665,
  "fwhm_x": 2.6525666666666665,
  "fwhm_y": 2.8468133333333334,
  "fwhm_z": 2.65923,
  "gcor": 0.0406287,
  "gsr_x": 0.0007649048347957432,
  "gsr_y": 0.026685805991292,
  "provenance": {
    "md5sum": "42e5303c7b961ff0d0e08092d05a3833",
    "settings": {
      "fd_thres": 0.2,
      "testing": false
    },
    "software": "mriqc",
    "version": "23.1.0"
  },
  "size_t": 203,
  "size_x": 72,
  "size_y": 72,
  "size_z": 46,
  "snr": 3.5259354127348583,
  "spacing_tr": 3.0,
  "spacing_x": 3.0,
  "spacing_y": 3.0,
  "spacing_z": 3.0,
  "summary_bg_k": 50.374827482414304,
  "summary_bg_mad": 39.42407242262403,
  "summary_bg_mean": 155.66149547099394,
  "summary_bg_median": 28.522167205810547,
  "summary_bg_n": 191280.0,
  "summary_bg_p05": 1.1083743572235107,
  "summary_bg_p95": 718.2192077636719,
  "summary_bg_stdv": 345.1583142870125,
  "summary_fg_k": 0.1064197153815849,
  "summary_fg_mad": 930.6760334460405,
  "summary_fg_mean": 3549.127091022296,
  "summary_fg_median": 3452.1871337890625,
  "summary_fg_n": 47184.0,
  "summary_fg_p05": 2014.28564453125,
  "summary_fg_p95": 5292.9013671875,
  "summary_fg_stdv": 979.0736775685597,
  "tsnr": 48.477698211790994
}