{
  "aor": 0.0025819211822660096,
  "aqi": 0.003615850197044335,
  "bids_meta": {
    "EchoTime": 0.0137,
    "RepetitionTime": 3.0,
    "SliceEncodingDirection": "k",
    "SliceTiming": [
      0.0,
      1.5,
      0.065,
      1.565,
      0.13,
      1.63,
      0.196,
      1.696,
      0.261,
      1.761,
      0.326,
      1.826,
      0.391,
      1.891,
      0.457,
      1.957,
      0.522,
      2.022,
      0.587,
      2.087,
      0.652,
      2.152,
      0.717,
      2.217,
      0.783,
      2.283,
      0.848,
      2.348,
      0.913,
      2.413,
      0.978,
      2.478,
      1.043,
      2.543,
      1.109,
      2.609,
      1.174,
      2.674,
      1.239,
      2.739,
      1.304,
      2.804,
      1.37,
      2.87,
      1.435,
      2.935
    ],
    "TaskName": "rest",
    "dataset": "ds003592",
    "modality": "bold",
    "session_id": "1",
    "subject_id": "145",
    "task_id": "rest"
  },
  "dummy_trs": 1,
  "dvars_nstd": 13.676912199207923,
  "dvars_std": 1.1104440680198016,
  "dvars_vstd": 0.9523709835148522,
  "efc": 0.5009237947136918,
  "fber": 13943.0009765625,
  "fd_mean": 0.05119882828076584,
  "fd_num": 3,
  "fd_perc": 1.477832512315271,
  "fwhm_avg": 3.0011655555555556,
  "fwhm_x": 2.719746666666667,
  "fwhm_y": 3.02656,
  "fwhm_z": 3.25719,
  "gcor": 0.028944,
  "gsr_x": 0.002445697784423828,
  "gsr_y": 0.04266531392931938,
  "provenance": {
    "md5sum": "0f89afd1dc0bfbaa7a01d7a9db7a4054",
    "settings": {
      "fd_thres": 0.2,
      "testing": false
    },
    "software": "mriqc",
    "version": "23.1.0"
  },
  "size_t": 203,
  "size_x": 72,
  "size_y": 72,
  "size_z": 46,
  "snr": 3.550103099837918,
  "spacing_tr": 3.0,
  "spacing_x": 3.0,
  "spacing_y": 3.0,
  "spacing_z": 3.0,
  "summary_bg_k": 16.749246562912006,
  "summary_bg_mad": 58.157444790155026,
  "summary_bg_mean": 320.0599336508135,
  "summary_bg_median": 40.9458122253418,
  "summary_bg_n": 185467.0,
  "summary_bg_p05": 1.0492610931396484,
  "summary_bg_p95": 1694.1083984375,
  "summary_bg_stdv": 652.3833038047957,
  "summary_fg_k": 0.28307714511140647,
  "summary_fg_mad": 1275.9145833477328,
  "summary_fg_mean": 5007.969715450121,
  "summary_fg_median": 4834.9013671875,
  "summary_fg_n": 52997.0,
  "summary_fg_p05": 2971.798095703125,
  "summary_fg_p95": 7477.06884765625,
  "summary_fg_stdv": 1361.8916454381388,
  "tsnr": 73.60286321723834
}