{
  "bids_meta": {
    "EchoTime": 0.0034,
    "FlipAngle": 7,
    "RepetitionTime": 2.53,
    "dataset": "ds003592",
    "modality": "T1w",
    "session_id": "1",
    "subject_id": "84"
  },
  "cjv": 0.6681916151961185,
  "cnr": 1.4107345196897167,
  "efc": 0.6086114517250835,
  "fber": -1.0,
  "fwhm_avg": 4.084753333333333,
  "fwhm_x": 4.0783,
  "fwhm_y": 4.226,
  "fwhm_z": 3.94996,
  "icvs_csf": 0.2664541177189562,
  "icvs_gm": 0.37713461271870696,
  "icvs_wm": 0.3564112695623368,
  "inu_med": 0.8137476444244385,
  "inu_range": 0.6314162403345108,
  "provenance": {
    "md5sum": "fb2967fd8fb00330e9ba06876f8366e0",
    "settings": {
      "testing": false
    },
    "software": "mriqc",
    "version": "23.1.0",
    "warnings": {
      "large_rot_frame": true,
      "small_air_mask": false
    }
  },
  "qi_1": 0.0,
  "qi_2": 0.002076724587954267,
  "rpve_csf": 7.539112052207952,
  "rpve_gm": 7.416020078685259,
  "rpve_wm": 7.508180303603263,
  "size_x": 176,
  "size_y": 256,
  "size_z": 256,
  "snr_csf": 1.8224409286743661,
  "snr_gm": 4.739680938828259,
  "snr_total": 5.176994281223706,
  "snr_wm": 8.968860976168495,
  "snrd_csf": 40.01292948341526,
  "snrd_gm": 77.10837390651587,
  "snrd_total": 74.18690864830171,
  "snrd_wm": 105.43942255497403,
  "spacing_x": 1.0,
  "spacing_y": 1.0,
  "spacing_z": 1.0,
  "summary_bg_k": 438.92376616865505,
  "summary_bg_mad": 0.0,
  "summary_bg_mean": 2.0357813836289655,
  "summary_bg_median": 0.0,
  "summary_bg_n": 2625889.0,
  "summary_bg_p05": 0.0,
  "summary_bg_p95": 12.910548955202103,
  "summary_bg_stdv": 5.838084664890592,
  "summary_csf_k": -0.7319141012419936,
  "summary_csf_mad": 157.65204162713528,
  "summary_csf_mean": 374.40853407897157,
  "summary_csf_median": 356.5652435347438,
  "summary_csf_n": 402327.06610655354,
  "summary_csf_p05": 83.06732322275639,
  "summary_csf_p95": 708.6259823516011,
  "summary_csf_stdv": 195.65232255031228,
  "summary_gm_k": -0.29040029122375044,
  "summary_gm_mad": 92.86641277969343,
  "summary_gm_mean": 691.544397549679,
  "summary_gm_median": 687.1320464536548,
  "summary_gm_n": 569446.8659793361,
  "summary_gm_p05": 454.42294839024544,
  "summary_gm_p95": 956.1963991299272,
  "summary_gm_stdv": 144.97419805021144,
  "summary_wm_k": -0.061472119711959206,
  "summary_wm_mad": 75.82863376461944,
  "summary_wm_mean": 916.3315890691292,
  "summary_wm_median": 939.5971219018102,
  "summary_wm_n": 538156.0684364142,
  "summary_wm_p05": 717.0320265889168,
  "summary_wm_p95": 1057.317209765315,
  "summary_wm_stdv": 104.76204853880088,
  "tpm_overlap_csf": 0.2077406414650476,
  "tpm_overlap_gm": 0.5333039705877729,
  "tpm_overlap_wm": 0.5467082470091168,
  "wm2max": 0.4869758635269031
}