{
  "aor": 0.003126089108910891,
  "aqi": 0.0040296060396039605,
  "bids_meta": {
    "EchoTime": 0.03,
    "RepetitionTime": 3.0,
    "SliceEncodingDirection": "k",
    "SliceTiming": [
      0.0,
      1.5,
      0.065,
      1.565,
      0.13,
      1.63,
      0.196,
      1.696,
      0.261,
      1.761,
      0.326,
      1.826,
      0.391,
      1.891,
      0.457,
      1.957,
      0.522,
      2.022,
      0.587,
      2.087,
      0.652,
      2.152,
      0.717,
      2.217,
      0.783,
      2.283,
      0.848,
      2.348,
      0.913,
      2.413,
      0.978,
      2.478,
      1.043,
      2.543,
      1.109,
      2.609,
      1.174,
      2.674,
      1.239,
      2.739,
      1.304,
      2.804,
      1.37,
      2.87,
      1.435,
      2.935
    ],
    "TaskName": "rest",
    "dataset": "ds003592",
    "modality": "bold",
    "session_id": "1",
    "subject_id": "122",
    "task_id": "rest"
  },
  "dummy_trs": 2,
  "dvars_nstd": 15.245936284676615,
  "dvars_std": 1.0209791319402985,
  "dvars_vstd": 0.9750141037313431,
  "efc": 0.4637664165117759,
  "fber": 20069.15625,
  "fd_mean": 0.0835164102260062,
  "fd_num": 6,
  "fd_perc": 2.9702970297029703,
  "fwhm_avg": 2.8786877777777775,
  "fwhm_x": 2.7632366666666663,
  "fwhm_y": 2.951423333333333,
  "fwhm_z": 2.9214033333333336,
  "gcor": 0.020951,
  "gsr_x": -0.014041830785572529,
  "gsr_y": 0.04029805213212967,
  "provenance": {
    "md5sum": "78148cadb1cbdd1c1f34c6dad7ea1d46",
    "settings": {
      "fd_thres": 0.2,
      "testing": false
    },
    "software": "mriqc",
    "version": "23.1.0"
  },
  "size_t": 202,
  "size_x": 72,
  "size_y": 72,
  "size_z": 46,
  "snr": 3.0301915044923926,
  "spacing_tr": 3.0,
  "spacing_x": 3.0,
  "spacing_y": 3.0,
  "spacing_z": 3.0,
  "summary_bg_k": 75.50910751546945,
  "summary_bg_mad": 32.27962494133047,
  "summary_bg_mean": 138.7702997691938,
  "summary_bg_median": 24.148513793945312,
  "summary_bg_n": 185042.0,
  "summary_bg_p05": 0.8910890817642212,
  "summary_bg_p95": 713.7920532226562,
  "summary_bg_stdv": 334.5664405573841,
  "summary_fg_k": 0.9970922913034772,
  "summary_fg_mad": 993.1527316699563,
  "summary_fg_mean": 3596.3993873381255,
  "summary_fg_median": 3421.0147705078125,
  "summary_fg_n": 53422.0,
  "summary_fg_p05": 2025.3365478515625,
  "summary_fg_p95": 5718.96044921875,
  "summary_fg_stdv": 1128.9658579347104,
  "tsnr": 56.81143920519389
}