{
  "aor": 0.001161231527093596,
  "aqi": 0.005070715763546799,
  "bids_meta": {
    "EchoTime": 0.047,
    "RepetitionTime": 3.0,
    "SliceEncodingDirection": "k",
    "SliceTiming": [
      0.0,
      1.5,
      0.065,
      1.565,
      0.13,
      1.63,
      0.196,
      1.696,
      0.261,
      1.761,
      0.326,
      1.826,
      0.391,
      1.891,
      0.457,
      1.957,
      0.522,
      2.022,
      0.587,
      2.087,
      0.652,
      2.152,
      0.717,
      2.217,
      0.783,
      2.283,
      0.848,
      2.348,
      0.913,
      2.413,
      0.978,
      2.478,
      1.043,
      2.543,
      1.109,
      2.609,
      1.174,
      2.674,
      1.239,
      2.739,
      1.304,
      2.804,
      1.37,
      2.87,
      1.435,
      2.935
    ],
    "TaskName": "rest",
    "dataset": "ds003592",
    "modality": "bold",
    "session_id": "2",
    "subject_id": "160",
    "task_id": "rest"
  },
  "dummy_trs": 1,
  "dvars_nstd": 23.887567444554445,
  "dvars_std": 1.042650552623762,
  "dvars_vstd": 0.9902216279207918,
  "efc": 0.4429143362994891,
  "fber": 6535.66552734375,
  "fd_mean": 0.0551645472840515,
  "fd_num": 4,
  "fd_perc": 1.9704433497536946,
  "fwhm_avg": 2.495983333333333,
  "fwhm_x": 2.62685,
  "fwhm_y": 2.6701766666666664,
  "fwhm_z": 2.1909233333333336,
  "gcor": 0.0260003,
  "gsr_x": -0.018203144893050194,
  "gsr_y": 0.024761194363236427,
  "provenance": {
    "md5sum": "443601de11a75c620bc18e3bc9f1b336",
    "settings": {
      "fd_thres": 0.2,
      "testing": false
    },
    "software": "mriqc",
    "version": "23.1.0"
  },
  "size_t": 203,
  "size_x": 72,
  "size_y": 72,
  "size_z": 46,
  "snr": 2.859372194672158,
  "spacing_tr": 3.0,
  "spacing_x": 3.0,
  "spacing_y": 3.0,
  "spacing_z": 3.0,
  "summary_bg_k": 32.27205124343606,
  "summary_bg_mad": 35.36334836577014,
  "summary_bg_mean": 91.96609953647928,
  "summary_bg_median": 26.418718338012695,
  "summary_bg_n": 192200.0,
  "summary_bg_p05": 0.6798029541969299,
  "summary_bg_p95": 452.08619689941406,
  "summary_bg_stdv": 193.90089629191013,
  "summary_fg_k": 0.7543228947201914,
  "summary_fg_mad": 691.9844965169997,
  "summary_fg_mean": 2218.9020099722243,
  "summary_fg_median": 2135.78076171875,
  "summary_fg_n": 46264.0,
  "summary_fg_p05": 1133.3004150390625,
  "summary_fg_p95": 3576.04931640625,
  "summary_fg_stdv": 746.9323801353846,
  "tsnr": 46.67356456362177
}