{
  "aor": 0.0037517733990147777,
  "aqi": 0.005461162807881773,
  "bids_meta": {
    "EchoTime": 0.03,
    "RepetitionTime": 3.0,
    "SliceEncodingDirection": "k",
    "SliceTiming": [
      0.0,
      1.5,
      0.065,
      1.565,
      0.13,
      1.63,
      0.196,
      1.696,
      0.261,
      1.761,
      0.326,
      1.826,
      0.391,
      1.891,
      0.457,
      1.957,
      0.522,
      2.022,
      0.587,
      2.087,
      0.652,
      2.152,
      0.717,
      2.217,
      0.783,
      2.283,
      0.848,
      2.348,
      0.913,
      2.413,
      0.978,
      2.478,
      1.043,
      2.543,
      1.109,
      2.609,
      1.174,
      2.674,
      1.239,
      2.739,
      1.304,
      2.804,
      1.37,
      2.87,
      1.435,
      2.935
    ],
    "TaskName": "rest",
    "dataset": "ds003592",
    "modality": "bold",
    "session_id": "2",
    "subject_id": "128",
    "task_id": "rest"
  },
  "dummy_trs": 1,
  "dvars_nstd": 20.346154623415835,
  "dvars_std": 1.1723591970297025,
  "dvars_vstd": 0.988030037178218,
  "efc": 0.4308577139037127,
  "fber": 15750.205078125,
  "fd_mean": 0.09227052136996862,
  "fd_num": 11,
  "fd_perc": 5.41871921182266,
  "fwhm_avg": 3.099394608485623,
  "fwhm_x": 3.105836666666667,
  "fwhm_y": 3.0853735785367946,
  "fwhm_z": 3.1069735802534084,
  "gcor": 0.0597605,
  "gsr_x": -0.0015085185877978802,
  "gsr_y": 0.01814868487417698,
  "provenance": {
    "md5sum": "6a515e5753686e6a6328f4bcb292a859",
    "settings": {
      "fd_thres": 0.2,
      "testing": false
    },
    "software": "mriqc",
    "version": "23.1.0"
  },
  "size_t": 203,
  "size_x": 72,
  "size_y": 72,
  "size_z": 46,
  "snr": 2.9754097411567737,
  "spacing_tr": 3.0,
  "spacing_x": 3.0,
  "spacing_y": 2.999999761581421,
  "spacing_z": 2.999999761581421,
  "summary_bg_k": 39.828839049638006,
  "summary_bg_mad": 39.76733491163988,
  "summary_bg_mean": 158.53932935922313,
  "summary_bg_median": 27.275861740112305,
  "summary_bg_n": 196324.0,
  "summary_bg_p05": 0.08866994827985764,
  "summary_bg_p95": 856.8768310546875,
  "summary_bg_stdv": 365.1192922925418,
  "summary_fg_k": 0.9819010028357131,
  "summary_fg_mad": 989.3119376903267,
  "summary_fg_mean": 3610.5802033587775,
  "summary_fg_median": 3423.11572265625,
  "summary_fg_n": 42140.0,
  "summary_fg_p05": 2016.8201904296875,
  "summary_fg_p95": 5839.692138671875,
  "summary_fg_stdv": 1150.4550311425205,
  "tsnr": 56.839953164802864
}