{
  "aor": 0.0037400492610837437,
  "aqi": 0.008990252561576354,
  "bids_meta": {
    "EchoTime": 0.047,
    "RepetitionTime": 3.0,
    "SliceEncodingDirection": "k",
    "SliceTiming": [
      0.0,
      1.5,
      0.065,
      1.565,
      0.13,
      1.63,
      0.196,
      1.696,
      0.261,
      1.761,
      0.326,
      1.826,
      0.391,
      1.891,
      0.457,
      1.957,
      0.522,
      2.022,
      0.587,
      2.087,
      0.652,
      2.152,
      0.717,
      2.217,
      0.783,
      2.283,
      0.848,
      2.348,
      0.913,
      2.413,
      0.978,
      2.478,
      1.043,
      2.543,
      1.109,
      2.609,
      1.174,
      2.674,
      1.239,
      2.739,
      1.304,
      2.804,
      1.37,
      2.87,
      1.435,
      2.935
    ],
    "TaskName": "rest",
    "dataset": "ds003592",
    "modality": "bold",
    "session_id": "2",
    "subject_id": "128",
    "task_id": "rest"
  },
  "dummy_trs": 1,
  "dvars_nstd": 25.304592000396056,
  "dvars_std": 1.1078750887623763,
  "dvars_vstd": 0.9912090292079206,
  "efc": 0.40115211311828236,
  "fber": 10666.107421875,
  "fd_mean": 0.08730829910321991,
  "fd_num": 7,
  "fd_perc": 3.4482758620689653,
  "fwhm_avg": 2.649232361228124,
  "fwhm_x": 2.7004,
  "fwhm_y": 2.7275802167686,
  "fwhm_z": 2.5197168669157715,
  "gcor": 0.0574508,
  "gsr_x": -0.004657520912587643,
  "gsr_y": 0.0173327773809433,
  "provenance": {
    "md5sum": "051cf178cb22e89c4daa99e0f44a4183",
    "settings": {
      "fd_thres": 0.2,
      "testing": false
    },
    "software": "mriqc",
    "version": "23.1.0"
  },
  "size_t": 203,
  "size_x": 72,
  "size_y": 72,
  "size_z": 46,
  "snr": 3.0501992468742882,
  "spacing_tr": 3.0,
  "spacing_x": 3.0,
  "spacing_y": 2.999999761581421,
  "spacing_z": 2.999999761581421,
  "summary_bg_k": 110.37237131854907,
  "summary_bg_mad": 32.93860004832085,
  "summary_bg_mean": 85.7526125818428,
  "summary_bg_median": 23.25615692138672,
  "summary_bg_n": 200259.0,
  "summary_bg_p05": 0.07881773263216019,
  "summary_bg_p95": 432.07879638671875,
  "summary_bg_stdv": 211.91101907366215,
  "summary_fg_k": 0.8123632421785438,
  "summary_fg_mad": 689.1251663839223,
  "summary_fg_mean": 2502.2861168947134,
  "summary_fg_median": 2401.822509765625,
  "summary_fg_n": 38205.0,
  "summary_fg_p05": 1366.6058349609375,
  "summary_fg_p95": 4007.0048828125,
  "summary_fg_stdv": 787.421044270499,
  "tsnr": 41.87600329844281
}