{
  "bids_meta": {
    "EchoTime": 0.00252,
    "FlipAngle": 9,
    "RepetitionTime": 1.9,
    "dataset": "ds003592",
    "modality": "T1w",
    "session_id": "1",
    "subject_id": "289"
  },
  "cjv": 0.7097033053811168,
  "cnr": 1.3252488385550854,
  "efc": 0.5411521991896696,
  "fber": -1.0,
  "fwhm_avg": 4.081426666666666,
  "fwhm_x": 4.13447,
  "fwhm_y": 4.06385,
  "fwhm_z": 4.04596,
  "icvs_csf": 0.2639459848849683,
  "icvs_gm": 0.3714829892391108,
  "icvs_wm": 0.36457102587592094,
  "inu_med": 0.41155819594860077,
  "inu_range": 0.13140305131673813,
  "provenance": {
    "md5sum": "ab9f3f94a480e2216eda7f4375c01bfc",
    "settings": {
      "testing": false
    },
    "software": "mriqc",
    "version": "23.1.0",
    "warnings": {
      "large_rot_frame": true,
      "small_air_mask": false
    }
  },
  "qi_1": 0.0,
  "qi_2": 0.0023027876012933226,
  "rpve_csf": 8.42487299767426,
  "rpve_gm": 8.297507388925288,
  "rpve_wm": 8.374667202025487,
  "size_x": 192,
  "size_y": 256,
  "size_z": 256,
  "snr_csf": 2.575100617435114,
  "snr_gm": 6.866104901820599,
  "snr_total": 7.4469730041904585,
  "snr_wm": 12.899713493315666,
  "snrd_csf": 57.842420118290796,
  "snrd_gm": 95.80635540777074,
  "snrd_total": 90.52652064206598,
  "snrd_wm": 117.93078640013638,
  "spacing_x": 1.0,
  "spacing_y": 1.0,
  "spacing_z": 1.0,
  "summary_bg_k": 105.08367578960392,
  "summary_bg_mad": 0.0,
  "summary_bg_mean": 1.6838508842608875,
  "summary_bg_median": 0.0,
  "summary_bg_n": 4765165.0,
  "summary_bg_p05": 0.0,
  "summary_bg_p95": 9.379365593194962,
  "summary_bg_stdv": 5.268131095806942,
  "summary_csf_k": 0.9173818945230137,
  "summary_csf_mad": 144.3103666473206,
  "summary_csf_mean": 480.928228917218,
  "summary_csf_median": 465.1267309859395,
  "summary_csf_n": 390190.2939079646,
  "summary_csf_p05": 207.24406741559505,
  "summary_csf_p95": 781.3809783011675,
  "summary_csf_stdv": 180.6244508703266,
  "summary_gm_k": 1.6355927992400678,
  "summary_gm_mad": 67.08841750339302,
  "summary_gm_mean": 775.4844121870129,
  "summary_gm_median": 770.4051249474287,
  "summary_gm_n": 549161.8173930128,
  "summary_gm_p05": 589.8523372784257,
  "summary_gm_p95": 974.0570949018002,
  "summary_gm_stdv": 112.20399841336057,
  "summary_wm_k": -0.12103341240581944,
  "summary_wm_mad": 59.173907389982816,
  "summary_wm_mean": 935.1275553076393,
  "summary_wm_median": 948.313729763031,
  "summary_wm_n": 538943.8895948706,
  "summary_wm_p05": 795.4999169334769,
  "summary_wm_p95": 1035.4220931977034,
  "summary_wm_stdv": 73.51425676741522,
  "tpm_overlap_csf": 0.21390377886085973,
  "tpm_overlap_gm": 0.5178888556033663,
  "tpm_overlap_wm": 0.5556191367050197,
  "wm2max": 0.4051621986865861
}