{
  "aor": 0.0025963546798029556,
  "aqi": 0.005165736995073891,
  "bids_meta": {
    "EchoTime": 0.0137,
    "RepetitionTime": 3.0,
    "SliceEncodingDirection": "k",
    "SliceTiming": [
      0.0,
      1.5,
      0.065,
      1.565,
      0.13,
      1.63,
      0.196,
      1.696,
      0.261,
      1.761,
      0.326,
      1.826,
      0.391,
      1.891,
      0.457,
      1.957,
      0.522,
      2.022,
      0.587,
      2.087,
      0.652,
      2.152,
      0.717,
      2.217,
      0.783,
      2.283,
      0.848,
      2.348,
      0.913,
      2.413,
      0.978,
      2.478,
      1.043,
      2.543,
      1.109,
      2.609,
      1.174,
      2.674,
      1.239,
      2.739,
      1.304,
      2.804,
      1.37,
      2.87,
      1.435,
      2.935
    ],
    "TaskName": "rest",
    "dataset": "ds003592",
    "modality": "bold",
    "session_id": "2",
    "subject_id": "107",
    "task_id": "rest"
  },
  "dummy_trs": 1,
  "dvars_nstd": 29.104852463960402,
  "dvars_std": 1.3083396448019808,
  "dvars_vstd": 0.9755501342079208,
  "efc": 0.5426775386328032,
  "fber": 4234.72900390625,
  "fd_mean": 0.21763060579905763,
  "fd_num": 93,
  "fd_perc": 45.8128078817734,
  "fwhm_avg": 3.3791977777777777,
  "fwhm_x": 3.0338600000000002,
  "fwhm_y": 3.355566666666667,
  "fwhm_z": 3.7481666666666666,
  "gcor": 0.0395223,
  "gsr_x": -0.0005118232220411301,
  "gsr_y": 0.0723516047000885,
  "provenance": {
    "md5sum": "d04bd1979e33844238c1c9cfdd52141c",
    "settings": {
      "fd_thres": 0.2,
      "testing": false
    },
    "software": "mriqc",
    "version": "23.1.0"
  },
  "size_t": 203,
  "size_x": 72,
  "size_y": 72,
  "size_z": 46,
  "snr": 2.831266929740083,
  "spacing_tr": 3.0,
  "spacing_x": 3.0,
  "spacing_y": 3.0,
  "spacing_z": 3.0,
  "summary_bg_k": 11.766608367175134,
  "summary_bg_mad": 98.09275609654384,
  "summary_bg_mean": 512.6686892717073,
  "summary_bg_median": 68.0394058227539,
  "summary_bg_n": 181681.0,
  "summary_bg_p05": 0.8817734122276306,
  "summary_bg_p95": 2681.576416015625,
  "summary_bg_stdv": 1033.567159664612,
  "summary_fg_k": 0.6713146144899023,
  "summary_fg_mad": 1432.2306633465012,
  "summary_fg_mean": 4612.010995733699,
  "summary_fg_median": 4427.650390625,
  "summary_fg_n": 56783.0,
  "summary_fg_p05": 2362.94091796875,
  "summary_fg_p95": 7538.82763671875,
  "summary_fg_stdv": 1563.8269060682796,
  "tsnr": 61.81198279210366
}