{
  "aor": 0.0019570935960591136,
  "aqi": 0.007203547586206897,
  "bids_meta": {
    "EchoTime": 0.047,
    "RepetitionTime": 3.0,
    "SliceEncodingDirection": "k",
    "SliceTiming": [
      0.0,
      1.5,
      0.065,
      1.565,
      0.13,
      1.63,
      0.196,
      1.696,
      0.261,
      1.761,
      0.326,
      1.826,
      0.391,
      1.891,
      0.457,
      1.957,
      0.522,
      2.022,
      0.587,
      2.087,
      0.652,
      2.152,
      0.717,
      2.217,
      0.783,
      2.283,
      0.848,
      2.348,
      0.913,
      2.413,
      0.978,
      2.478,
      1.043,
      2.543,
      1.109,
      2.609,
      1.174,
      2.674,
      1.239,
      2.739,
      1.304,
      2.804,
      1.37,
      2.87,
      1.435,
      2.935
    ],
    "TaskName": "rest",
    "dataset": "ds003592",
    "modality": "bold",
    "session_id": "2",
    "subject_id": "106",
    "task_id": "rest"
  },
  "dummy_trs": 1,
  "dvars_nstd": 22.894638335346517,
  "dvars_std": 1.0868179944059404,
  "dvars_vstd": 0.9553941473267328,
  "efc": 0.3860920957109351,
  "fber": 15415.896484375,
  "fd_mean": 0.06626095969625274,
  "fd_num": 4,
  "fd_perc": 1.9704433497536946,
  "fwhm_avg": 2.4484,
  "fwhm_x": 2.39541,
  "fwhm_y": 2.5540033333333336,
  "fwhm_z": 2.3957866666666665,
  "gcor": 0.037515,
  "gsr_x": -0.012274275533854961,
  "gsr_y": 0.019503094255924225,
  "provenance": {
    "md5sum": "71af63a10a45ac7a213a8caf3fccb289",
    "settings": {
      "fd_thres": 0.2,
      "testing": false
    },
    "software": "mriqc",
    "version": "23.1.0"
  },
  "size_t": 203,
  "size_x": 72,
  "size_y": 72,
  "size_z": 46,
  "snr": 2.8964945453410635,
  "spacing_tr": 3.0,
  "spacing_x": 3.0,
  "spacing_y": 3.0,
  "spacing_z": 3.0,
  "summary_bg_k": 55.78137181068254,
  "summary_bg_mad": 28.001463282498097,
  "summary_bg_mean": 67.95268531480774,
  "summary_bg_median": 19.364532470703125,
  "summary_bg_n": 200109.0,
  "summary_bg_p05": 0.03448275849223137,
  "summary_bg_p95": 293.7044372558594,
  "summary_bg_stdv": 176.68309437153434,
  "summary_fg_k": 1.416900078768955,
  "summary_fg_mad": 691.812744868396,
  "summary_fg_mean": 2556.208367529849,
  "summary_fg_median": 2404.315185546875,
  "summary_fg_n": 38355.0,
  "summary_fg_p05": 1414.28076171875,
  "summary_fg_p95": 4137.4775390625,
  "summary_fg_stdv": 830.0667599365975,
  "tsnr": 46.38652871455997
}