{
  "aor": 0.0018318719211822662,
  "aqi": 0.0046344528078817735,
  "bids_meta": {
    "EchoTime": 0.03,
    "RepetitionTime": 3.0,
    "SliceEncodingDirection": "k",
    "SliceTiming": [
      0.0,
      1.5,
      0.065,
      1.565,
      0.13,
      1.63,
      0.196,
      1.696,
      0.261,
      1.761,
      0.326,
      1.826,
      0.391,
      1.891,
      0.457,
      1.957,
      0.522,
      2.022,
      0.587,
      2.087,
      0.652,
      2.152,
      0.717,
      2.217,
      0.783,
      2.283,
      0.848,
      2.348,
      0.913,
      2.413,
      0.978,
      2.478,
      1.043,
      2.543,
      1.109,
      2.609,
      1.174,
      2.674,
      1.239,
      2.739,
      1.304,
      2.804,
      1.37,
      2.87,
      1.435,
      2.935
    ],
    "TaskName": "rest",
    "dataset": "ds003592",
    "modality": "bold",
    "session_id": "2",
    "subject_id": "106",
    "task_id": "rest"
  },
  "dummy_trs": 1,
  "dvars_nstd": 17.941267929603963,
  "dvars_std": 1.1233297485148515,
  "dvars_vstd": 0.9541016638118809,
  "efc": 0.4092331729145499,
  "fber": 26433.482421875,
  "fd_mean": 0.06808786461456282,
  "fd_num": 4,
  "fd_perc": 1.9704433497536946,
  "fwhm_avg": 3.0535755555555557,
  "fwhm_x": 2.96172,
  "fwhm_y": 3.1328533333333333,
  "fwhm_z": 3.0661533333333337,
  "gcor": 0.0414317,
  "gsr_x": -0.011514420621097088,
  "gsr_y": 0.023225707933306694,
  "provenance": {
    "md5sum": "fb5602045abf76a0401dc24d955dd7f3",
    "settings": {
      "fd_thres": 0.2,
      "testing": false
    },
    "software": "mriqc",
    "version": "23.1.0"
  },
  "size_t": 203,
  "size_x": 72,
  "size_y": 72,
  "size_z": 46,
  "snr": 2.9974271474061935,
  "spacing_tr": 3.0,
  "spacing_x": 3.0,
  "spacing_y": 3.0,
  "spacing_z": 3.0,
  "summary_bg_k": 36.85792743159052,
  "summary_bg_mad": 30.19980342888856,
  "summary_bg_mean": 109.62183684591471,
  "summary_bg_median": 20.669950485229492,
  "summary_bg_n": 196534.0,
  "summary_bg_p05": 0.04926108196377754,
  "summary_bg_p95": 554.83740234375,
  "summary_bg_stdv": 262.5075443272236,
  "summary_fg_k": 0.9700646886679047,
  "summary_fg_mad": 891.5152097106593,
  "summary_fg_mean": 3583.1431586906274,
  "summary_fg_median": 3360.598388671875,
  "summary_fg_n": 41930.0,
  "summary_fg_p05": 2034.33984375,
  "summary_fg_p95": 5831.41845703125,
  "summary_fg_stdv": 1121.1476206944506,
  "tsnr": 62.34813083766494
}