{
  "aor": 0.00151,
  "aqi": 0.0023374401,
  "bids_meta": {
    "EchoTime": 0.02996,
    "RepetitionTime": 3,
    "SliceEncodingDirection": "k",
    "SliceTiming": [
      0,
      1.54,
      0.07,
      1.61,
      0.14,
      1.68,
      0.21,
      1.75,
      0.28,
      1.82,
      0.35,
      1.89,
      0.42,
      1.96,
      0.49,
      2.03,
      0.56,
      2.1,
      0.63,
      2.17,
      0.7,
      2.24,
      0.77,
      2.31,
      0.84,
      2.38,
      0.91,
      2.45,
      0.98,
      2.52,
      1.05,
      2.59,
      1.12,
      2.66,
      1.19,
      2.73,
      1.26,
      2.8,
      1.33,
      2.87,
      1.4,
      2.94,
      1.47
    ],
    "TaskName": "rest",
    "dataset": "ds003592",
    "modality": "bold",
    "session_id": "1",
    "subject_id": "242",
    "task_id": "rest"
  },
  "dummy_trs": 0,
  "dvars_nstd": 21.812619156482402,
  "dvars_std": 1.1278647928643215,
  "dvars_vstd": 1.0015707339195976,
  "efc": 0.4912169996632003,
  "fber": 1237.57275390625,
  "fd_mean": 0.04606828362810264,
  "fd_num": 1,
  "fd_perc": 0.5,
  "fwhm_avg": 3.070664613322347,
  "fwhm_x": 2.910705185185185,
  "fwhm_y": 3.124266887372821,
  "fwhm_z": 3.177021767409036,
  "gcor": 0.0348424,
  "gsr_x": 0.0031900641042739153,
  "gsr_y": 0.05007637292146683,
  "provenance": {
    "md5sum": "585fdc33d6d74d16ab4fb2f3de224b19",
    "settings": {
      "fd_thres": 0.2,
      "testing": false
    },
    "software": "mriqc",
    "version": "23.1.0"
  },
  "size_t": 200,
  "size_x": 64,
  "size_y": 64,
  "size_z": 43,
  "snr": 1.9730642977168982,
  "spacing_tr": 3.0,
  "spacing_x": 3.375,
  "spacing_y": 3.374999761581421,
  "spacing_z": 2.9999983310699463,
  "summary_bg_k": 35.02312663293918,
  "summary_bg_mad": 11.608775257785291,
  "summary_bg_mean": 51.37060412234066,
  "summary_bg_median": 18.420000076293945,
  "summary_bg_n": 136990.0,
  "summary_bg_p05": 9.074999809265137,
  "summary_bg_p95": 220.8249969482422,
  "summary_bg_stdv": 92.30175233416062,
  "summary_fg_k": 3.796035320851865,
  "summary_fg_mad": 236.93096941727987,
  "summary_fg_mean": 731.2821183635215,
  "summary_fg_median": 648.0,
  "summary_fg_n": 39138.0,
  "summary_fg_p05": 377.97998046875,
  "summary_fg_p95": 1410.919921875,
  "summary_fg_stdv": 328.41895841783986,
  "tsnr": 68.97686214372516
}