{
  "aor": 0.0026699497487437185,
  "aqi": 0.008042672462311556,
  "bids_meta": {
    "EchoTime": 0.02996,
    "RepetitionTime": 3,
    "SliceEncodingDirection": "k",
    "SliceTiming": [
      0,
      1.54,
      0.07,
      1.61,
      0.14,
      1.68,
      0.21,
      1.75,
      0.28,
      1.82,
      0.35,
      1.89,
      0.42,
      1.96,
      0.49,
      2.03,
      0.56,
      2.1,
      0.63,
      2.17,
      0.7,
      2.24,
      0.77,
      2.31,
      0.84,
      2.38,
      0.91,
      2.45,
      0.98,
      2.52,
      1.05,
      2.59,
      1.12,
      2.66,
      1.19,
      2.73,
      1.26,
      2.8,
      1.33,
      2.87,
      1.4,
      2.94,
      1.47
    ],
    "TaskName": "rest",
    "dataset": "ds003592",
    "modality": "bold",
    "session_id": "1",
    "subject_id": "294",
    "task_id": "rest"
  },
  "dummy_trs": 1,
  "dvars_nstd": 29.29388784161617,
  "dvars_std": 1.0564378218686876,
  "dvars_vstd": 0.9282352557575756,
  "efc": 0.484462554791763,
  "fber": 1526.317626953125,
  "fd_mean": 0.1829928453173398,
  "fd_num": 50,
  "fd_perc": 25.12562814070352,
  "fwhm_avg": 2.568768271604938,
  "fwhm_x": 2.4064118518518516,
  "fwhm_y": 2.509096296296296,
  "fwhm_z": 2.7907966666666666,
  "gcor": 0.011093,
  "gsr_x": -0.012718766927719116,
  "gsr_y": 0.04240734502673149,
  "provenance": {
    "md5sum": "78352a7d4af32356f6d35ddf8dcc02bf",
    "settings": {
      "fd_thres": 0.2,
      "testing": false
    },
    "software": "mriqc",
    "version": "23.1.0"
  },
  "size_t": 199,
  "size_x": 64,
  "size_y": 64,
  "size_z": 43,
  "snr": 2.605248487374264,
  "spacing_tr": 3.0,
  "spacing_x": 3.375,
  "spacing_y": 3.375,
  "spacing_z": 3.0,
  "summary_bg_k": 52.84398653381766,
  "summary_bg_mad": 9.60338755737404,
  "summary_bg_mean": 37.043510989526574,
  "summary_bg_median": 15.713567733764648,
  "summary_bg_n": 138265.0,
  "summary_bg_p05": 8.010049819946289,
  "summary_bg_p95": 142.10049438476562,
  "summary_bg_stdv": 64.75658612343014,
  "summary_fg_k": 1.814771775322427,
  "summary_fg_mad": 218.09893956848552,
  "summary_fg_mean": 648.2659373460076,
  "summary_fg_median": 613.8994750976562,
  "summary_fg_n": 37863.0,
  "summary_fg_p05": 330.49749755859375,
  "summary_fg_p95": 1072.623046875,
  "summary_fg_stdv": 235.6363975134056,
  "tsnr": 38.39016012917273
}