{
  "aor": 0.005297142857142856,
  "aqi": 0.007758400640394088,
  "bids_meta": {
    "EchoTime": 0.047,
    "RepetitionTime": 3.0,
    "SliceEncodingDirection": "k",
    "SliceTiming": [
      0.0,
      1.5,
      0.065,
      1.565,
      0.13,
      1.63,
      0.196,
      1.696,
      0.261,
      1.761,
      0.326,
      1.826,
      0.391,
      1.891,
      0.457,
      1.957,
      0.522,
      2.022,
      0.587,
      2.087,
      0.652,
      2.152,
      0.717,
      2.217,
      0.783,
      2.283,
      0.848,
      2.348,
      0.913,
      2.413,
      0.978,
      2.478,
      1.043,
      2.543,
      1.109,
      2.609,
      1.174,
      2.674,
      1.239,
      2.739,
      1.304,
      2.804,
      1.37,
      2.87,
      1.435,
      2.935
    ],
    "TaskName": "rest",
    "dataset": "ds003592",
    "modality": "bold",
    "session_id": "2",
    "subject_id": "38",
    "task_id": "rest"
  },
  "dummy_trs": 1,
  "dvars_nstd": 28.05741763336633,
  "dvars_std": 1.0964458439603961,
  "dvars_vstd": 0.9937682769306937,
  "efc": 0.43133642881514656,
  "fber": 9462.591796875,
  "fd_mean": 0.14183416644250485,
  "fd_num": 34,
  "fd_perc": 16.748768472906406,
  "fwhm_avg": 2.9564966666666668,
  "fwhm_x": 2.931313333333333,
  "fwhm_y": 3.0320133333333334,
  "fwhm_z": 2.906163333333333,
  "gcor": 0.0645707,
  "gsr_x": -0.0058275009505450726,
  "gsr_y": 0.01753704994916916,
  "provenance": {
    "md5sum": "17bdb0ad4e9d2f068c39b07159c4b30f",
    "settings": {
      "fd_thres": 0.2,
      "testing": false
    },
    "software": "mriqc",
    "version": "23.1.0"
  },
  "size_t": 203,
  "size_x": 72,
  "size_y": 72,
  "size_z": 46,
  "snr": 2.7186247750433004,
  "spacing_tr": 3.0,
  "spacing_x": 3.0,
  "spacing_y": 3.0,
  "spacing_z": 3.0,
  "summary_bg_k": 36.56519141686301,
  "summary_bg_mad": 35.524024074738925,
  "summary_bg_mean": 100.04346656787052,
  "summary_bg_median": 24.581279754638672,
  "summary_bg_n": 193618.0,
  "summary_bg_p05": 0.06403940916061401,
  "summary_bg_p95": 530.2709350585938,
  "summary_bg_stdv": 224.41012188988205,
  "summary_fg_k": 0.920328324539907,
  "summary_fg_mad": 727.5743700114954,
  "summary_fg_mean": 2553.2575359898237,
  "summary_fg_median": 2391.1650390625,
  "summary_fg_n": 44846.0,
  "summary_fg_p05": 1356.926025390625,
  "summary_fg_p95": 4303.11328125,
  "summary_fg_stdv": 879.5396853321992,
  "tsnr": 41.35663891211152
}