{
  "aor": 0.0006989162561576355,
  "aqi": 0.003092236157635468,
  "bids_meta": {
    "EchoTime": 0.03,
    "RepetitionTime": 3.0,
    "SliceEncodingDirection": "k",
    "SliceTiming": [
      0.0,
      1.5,
      0.065,
      1.565,
      0.13,
      1.63,
      0.196,
      1.696,
      0.261,
      1.761,
      0.326,
      1.826,
      0.391,
      1.891,
      0.457,
      1.957,
      0.522,
      2.022,
      0.587,
      2.087,
      0.652,
      2.152,
      0.717,
      2.217,
      0.783,
      2.283,
      0.848,
      2.348,
      0.913,
      2.413,
      0.978,
      2.478,
      1.043,
      2.543,
      1.109,
      2.609,
      1.174,
      2.674,
      1.239,
      2.739,
      1.304,
      2.804,
      1.37,
      2.87,
      1.435,
      2.935
    ],
    "TaskName": "rest",
    "dataset": "ds003592",
    "modality": "bold",
    "session_id": "1",
    "subject_id": "179",
    "task_id": "rest"
  },
  "dummy_trs": 1,
  "dvars_nstd": 16.29525840886138,
  "dvars_std": 1.0889749901485155,
  "dvars_vstd": 0.9573392752970296,
  "efc": 0.43245294574589627,
  "fber": 26941.34375,
  "fd_mean": 0.03687137633845049,
  "fd_num": 0,
  "fd_perc": 0.0,
  "fwhm_avg": 2.69759,
  "fwhm_x": 2.62378,
  "fwhm_y": 2.832133333333333,
  "fwhm_z": 2.6368566666666666,
  "gcor": 0.0185377,
  "gsr_x": -0.012455692514777184,
  "gsr_y": 0.02670108526945114,
  "provenance": {
    "md5sum": "5cc92480df4635ab1fd51fd5abb6d447",
    "settings": {
      "fd_thres": 0.2,
      "testing": false
    },
    "software": "mriqc",
    "version": "23.1.0"
  },
  "size_t": 203,
  "size_x": 72,
  "size_y": 72,
  "size_z": 46,
  "snr": 3.381243214525444,
  "spacing_tr": 3.0,
  "spacing_x": 3.0,
  "spacing_y": 3.0,
  "spacing_z": 3.0,
  "summary_bg_k": 36.743089063938,
  "summary_bg_mad": 26.7963914885832,
  "summary_bg_mean": 131.57781155011637,
  "summary_bg_median": 20.177339553833008,
  "summary_bg_n": 194417.0,
  "summary_bg_p05": 1.0,
  "summary_bg_p95": 675.3941040039062,
  "summary_bg_stdv": 317.7086047873587,
  "summary_fg_k": 0.3912211963678125,
  "summary_fg_mad": 894.3888373993107,
  "summary_fg_mean": 3413.4117643511477,
  "summary_fg_median": 3311.871826171875,
  "summary_fg_n": 44047.0,
  "summary_fg_p05": 1907.315185546875,
  "summary_fg_p95": 5192.7978515625,
  "summary_fg_stdv": 979.4723482126738,
  "tsnr": 70.61576250940561
}