{
  "aor": 0.00282679802955665,
  "aqi": 0.0037604002463054193,
  "bids_meta": {
    "EchoTime": 0.0137,
    "RepetitionTime": 3.0,
    "SliceEncodingDirection": "k",
    "SliceTiming": [
      0.0,
      1.5,
      0.065,
      1.565,
      0.13,
      1.63,
      0.196,
      1.696,
      0.261,
      1.761,
      0.326,
      1.826,
      0.391,
      1.891,
      0.457,
      1.957,
      0.522,
      2.022,
      0.587,
      2.087,
      0.652,
      2.152,
      0.717,
      2.217,
      0.783,
      2.283,
      0.848,
      2.348,
      0.913,
      2.413,
      0.978,
      2.478,
      1.043,
      2.543,
      1.109,
      2.609,
      1.174,
      2.674,
      1.239,
      2.739,
      1.304,
      2.804,
      1.37,
      2.87,
      1.435,
      2.935
    ],
    "TaskName": "rest",
    "dataset": "ds003592",
    "modality": "bold",
    "session_id": "2",
    "subject_id": "171",
    "task_id": "rest"
  },
  "dummy_trs": 1,
  "dvars_nstd": 19.055071897227723,
  "dvars_std": 1.214191097524753,
  "dvars_vstd": 0.9521046105445539,
  "efc": 0.5412586754422005,
  "fber": 16902.873046875,
  "fd_mean": 0.09147288923894134,
  "fd_num": 18,
  "fd_perc": 8.866995073891626,
  "fwhm_avg": 3.3223800000000003,
  "fwhm_x": 2.840006666666667,
  "fwhm_y": 3.3358666666666665,
  "fwhm_z": 3.7912666666666666,
  "gcor": 0.0193391,
  "gsr_x": -0.028054360300302505,
  "gsr_y": 0.0894586592912674,
  "provenance": {
    "md5sum": "90bd415e200ac33b88ab81afc0564ef0",
    "settings": {
      "fd_thres": 0.2,
      "testing": false
    },
    "software": "mriqc",
    "version": "23.1.0"
  },
  "size_t": 203,
  "size_x": 72,
  "size_y": 72,
  "size_z": 46,
  "snr": 2.754847564377507,
  "spacing_tr": 3.0,
  "spacing_x": 3.0,
  "spacing_y": 3.0,
  "spacing_z": 3.0,
  "summary_bg_k": 13.41114332128748,
  "summary_bg_mad": 54.95122661295069,
  "summary_bg_mean": 441.7410588697243,
  "summary_bg_median": 38.32512283325195,
  "summary_bg_n": 172521.0,
  "summary_bg_p05": 0.6354679465293884,
  "summary_bg_p95": 2542.50732421875,
  "summary_bg_stdv": 1003.3918208640421,
  "summary_fg_k": 1.2848256903806998,
  "summary_fg_mad": 1529.695108895361,
  "summary_fg_mean": 5258.373075114098,
  "summary_fg_median": 4982.689453125,
  "summary_fg_n": 65943.0,
  "summary_fg_p05": 2755.433349609375,
  "summary_fg_p95": 8701.3837890625,
  "summary_fg_stdv": 1808.6850746792115,
  "tsnr": 76.08472101856023
}