{
  "aor": 0.001814384236453202,
  "aqi": 0.004829414285714286,
  "bids_meta": {
    "EchoTime": 0.03,
    "RepetitionTime": 3.0,
    "SliceEncodingDirection": "k",
    "SliceTiming": [
      0.0,
      1.5,
      0.065,
      1.565,
      0.13,
      1.63,
      0.196,
      1.696,
      0.261,
      1.761,
      0.326,
      1.826,
      0.391,
      1.891,
      0.457,
      1.957,
      0.522,
      2.022,
      0.587,
      2.087,
      0.652,
      2.152,
      0.717,
      2.217,
      0.783,
      2.283,
      0.848,
      2.348,
      0.913,
      2.413,
      0.978,
      2.478,
      1.043,
      2.543,
      1.109,
      2.609,
      1.174,
      2.674,
      1.239,
      2.739,
      1.304,
      2.804,
      1.37,
      2.87,
      1.435,
      2.935
    ],
    "TaskName": "rest",
    "dataset": "ds003592",
    "modality": "bold",
    "session_id": "1",
    "subject_id": "57",
    "task_id": "rest"
  },
  "dummy_trs": 1,
  "dvars_nstd": 21.048192467821767,
  "dvars_std": 1.0966059713861385,
  "dvars_vstd": 0.9447494915346536,
  "efc": 0.4485031390787743,
  "fber": 15205.275390625,
  "fd_mean": 0.1534016662898173,
  "fd_num": 47,
  "fd_perc": 23.15270935960591,
  "fwhm_avg": 3.2972877777777776,
  "fwhm_x": 3.11299,
  "fwhm_y": 3.2307066666666664,
  "fwhm_z": 3.548166666666667,
  "gcor": 0.0151938,
  "gsr_x": -0.011351721361279488,
  "gsr_y": 0.029624244198203087,
  "provenance": {
    "md5sum": "92734c030a27a6c53570e10fe8f50990",
    "settings": {
      "fd_thres": 0.2,
      "testing": false
    },
    "software": "mriqc",
    "version": "23.1.0"
  },
  "size_t": 203,
  "size_x": 72,
  "size_y": 72,
  "size_z": 46,
  "snr": 2.7464746207573594,
  "spacing_tr": 3.0,
  "spacing_x": 3.0,
  "spacing_y": 3.0,
  "spacing_z": 3.0,
  "summary_bg_k": 29.536457184123186,
  "summary_bg_mad": 37.138087947735414,
  "summary_bg_mean": 136.97415102700575,
  "summary_bg_median": 26.70935821533203,
  "summary_bg_n": 189115.0,
  "summary_bg_p05": 0.9014778137207031,
  "summary_bg_p95": 659.5516967773438,
  "summary_bg_stdv": 295.874031315857,
  "summary_fg_k": 1.8407825106818922,
  "summary_fg_mad": 947.9015112234972,
  "summary_fg_mean": 3524.543349169678,
  "summary_fg_median": 3293.522216796875,
  "summary_fg_n": 49349.0,
  "summary_fg_p05": 1960.2265625,
  "summary_fg_p95": 5873.2265625,
  "summary_fg_stdv": 1199.1695907330165,
  "tsnr": 57.7439380902797
}