{
  "aor": 0.001291231527093596,
  "aqi": 0.006586422857142858,
  "bids_meta": {
    "EchoTime": 0.03,
    "RepetitionTime": 3.0,
    "SliceEncodingDirection": "k",
    "SliceTiming": [
      0.0,
      1.5,
      0.065,
      1.565,
      0.13,
      1.63,
      0.196,
      1.696,
      0.261,
      1.761,
      0.326,
      1.826,
      0.391,
      1.891,
      0.457,
      1.957,
      0.522,
      2.022,
      0.587,
      2.087,
      0.652,
      2.152,
      0.717,
      2.217,
      0.783,
      2.283,
      0.848,
      2.348,
      0.913,
      2.413,
      0.978,
      2.478,
      1.043,
      2.543,
      1.109,
      2.609,
      1.174,
      2.674,
      1.239,
      2.739,
      1.304,
      2.804,
      1.37,
      2.87,
      1.435,
      2.935
    ],
    "TaskName": "rest",
    "dataset": "ds003592",
    "modality": "bold",
    "session_id": "1",
    "subject_id": "94",
    "task_id": "rest"
  },
  "dummy_trs": 1,
  "dvars_nstd": 19.284572700693072,
  "dvars_std": 1.0324714836633657,
  "dvars_vstd": 0.9248029688613858,
  "efc": 0.4632318999802677,
  "fber": 16504.501953125,
  "fd_mean": 0.08627069557804842,
  "fd_num": 10,
  "fd_perc": 4.926108374384237,
  "fwhm_avg": 3.0970877777777783,
  "fwhm_x": 3.0117100000000003,
  "fwhm_y": 3.1537733333333335,
  "fwhm_z": 3.1257800000000002,
  "gcor": 0.04181,
  "gsr_x": -0.006490767467767,
  "gsr_y": 0.026229051873087883,
  "provenance": {
    "md5sum": "a7d6b792c33222d5d3b6a6d777f543c3",
    "settings": {
      "fd_thres": 0.2,
      "testing": false
    },
    "software": "mriqc",
    "version": "23.1.0"
  },
  "size_t": 203,
  "size_x": 72,
  "size_y": 72,
  "size_z": 46,
  "snr": 2.8714696886299325,
  "spacing_tr": 3.0,
  "spacing_x": 3.0,
  "spacing_y": 3.0,
  "spacing_z": 3.0,
  "summary_bg_k": 32.064816110167804,
  "summary_bg_mad": 37.38275614002263,
  "summary_bg_mean": 158.42981852075846,
  "summary_bg_median": 26.91871929168701,
  "summary_bg_n": 186768.0,
  "summary_bg_p05": 0.9458128213882446,
  "summary_bg_p95": 829.7044067382812,
  "summary_bg_stdv": 352.97354468929916,
  "summary_fg_k": 0.6059199003611409,
  "summary_fg_mad": 1126.0070659169924,
  "summary_fg_mean": 3651.6185046909986,
  "summary_fg_median": 3458.2437744140625,
  "summary_fg_n": 51696.0,
  "summary_fg_p05": 2014.33984375,
  "summary_fg_p95": 5957.37451171875,
  "summary_fg_stdv": 1204.3346095764844,
  "tsnr": 50.96494549722411
}