{
  "aor": 0.0009203448275862068,
  "aqi": 0.00887863093596059,
  "bids_meta": {
    "EchoTime": 0.047,
    "RepetitionTime": 3.0,
    "SliceEncodingDirection": "k",
    "SliceTiming": [
      0.0,
      1.5,
      0.065,
      1.565,
      0.13,
      1.63,
      0.196,
      1.696,
      0.261,
      1.761,
      0.326,
      1.826,
      0.391,
      1.891,
      0.457,
      1.957,
      0.522,
      2.022,
      0.587,
      2.087,
      0.652,
      2.152,
      0.717,
      2.217,
      0.783,
      2.283,
      0.848,
      2.348,
      0.913,
      2.413,
      0.978,
      2.478,
      1.043,
      2.543,
      1.109,
      2.609,
      1.174,
      2.674,
      1.239,
      2.739,
      1.304,
      2.804,
      1.37,
      2.87,
      1.435,
      2.935
    ],
    "TaskName": "rest",
    "dataset": "ds003592",
    "modality": "bold",
    "session_id": "1",
    "subject_id": "94",
    "task_id": "rest"
  },
  "dummy_trs": 1,
  "dvars_nstd": 25.10703254871287,
  "dvars_std": 1.0065910436633663,
  "dvars_vstd": 0.927335910940593,
  "efc": 0.43384451378804,
  "fber": 10340.046875,
  "fd_mean": 0.08397616265131205,
  "fd_num": 8,
  "fd_perc": 3.9408866995073892,
  "fwhm_avg": 2.7275211111111113,
  "fwhm_x": 2.7072299999999996,
  "fwhm_y": 2.8123533333333337,
  "fwhm_z": 2.66298,
  "gcor": 0.0379897,
  "gsr_x": -0.009687015786767006,
  "gsr_y": 0.020669683814048767,
  "provenance": {
    "md5sum": "a45773b10dee78fe0d66f87eb802bad8",
    "settings": {
      "fd_thres": 0.2,
      "testing": false
    },
    "software": "mriqc",
    "version": "23.1.0"
  },
  "size_t": 203,
  "size_x": 72,
  "size_y": 72,
  "size_z": 46,
  "snr": 2.6932503380028483,
  "spacing_tr": 3.0,
  "spacing_x": 3.0,
  "spacing_y": 3.0,
  "spacing_z": 3.0,
  "summary_bg_k": 46.747966882438085,
  "summary_bg_mad": 32.076791450381634,
  "summary_bg_mean": 90.13322136865654,
  "summary_bg_median": 23.92610740661621,
  "summary_bg_n": 191095.0,
  "summary_bg_p05": 0.8916255831718445,
  "summary_bg_p95": 440.9408874511719,
  "summary_bg_stdv": 204.54096038544301,
  "summary_fg_k": 0.927869803255867,
  "summary_fg_mad": 824.1150848812471,
  "summary_fg_mean": 2575.315765500046,
  "summary_fg_median": 2432.95068359375,
  "summary_fg_n": 47369.0,
  "summary_fg_p05": 1360.8719482421875,
  "summary_fg_p95": 4294.6650390625,
  "summary_fg_stdv": 903.3415751578796,
  "tsnr": 39.16639192029834
}