{
  "aor": 0.00097555,
  "aqi": 0.0028941358049999998,
  "bids_meta": {
    "EchoTime": 0.014,
    "RepetitionTime": 3,
    "SliceEncodingDirection": "k",
    "SliceTiming": [
      0,
      1.5425,
      0.07,
      1.6125,
      0.14,
      1.6825,
      0.21,
      1.7525,
      0.28,
      1.8225,
      0.35,
      1.8925,
      0.42,
      1.9625,
      0.49,
      2.0325,
      0.56,
      2.1025,
      0.63,
      2.1725,
      0.7,
      2.2425,
      0.77,
      2.3125,
      0.84,
      2.3825,
      0.91,
      2.4525,
      0.98,
      2.5225,
      1.05,
      2.5925,
      1.12,
      2.6625,
      1.19,
      2.7325,
      1.26,
      2.8025,
      1.33,
      2.8725,
      1.4,
      2.9425,
      1.47
    ],
    "TaskName": "rest",
    "dataset": "ds003592",
    "modality": "bold",
    "session_id": "1",
    "subject_id": "241",
    "task_id": "rest"
  },
  "dummy_trs": 0,
  "dvars_nstd": 15.840802997889448,
  "dvars_std": 1.0661477702010047,
  "dvars_vstd": 0.9504769128140702,
  "efc": 0.5069681722664883,
  "fber": 1266.758056640625,
  "fd_mean": 0.03612845881609278,
  "fd_num": 0,
  "fd_perc": 0.0,
  "fwhm_avg": 3.259838455524592,
  "fwhm_x": 3.019140740740741,
  "fwhm_y": 3.2890074074074076,
  "fwhm_z": 3.4713672184256263,
  "gcor": 0.0194431,
  "gsr_x": 0.0006577642052434385,
  "gsr_y": 0.07315360754728317,
  "provenance": {
    "md5sum": "6a98b09fa1974412d545c96b150ac562",
    "settings": {
      "fd_thres": 0.2,
      "testing": false
    },
    "software": "mriqc",
    "version": "23.1.0"
  },
  "size_t": 200,
  "size_x": 64,
  "size_y": 64,
  "size_z": 43,
  "snr": 2.4037338649260485,
  "spacing_tr": 3.0,
  "spacing_x": 3.375,
  "spacing_y": 3.375,
  "spacing_z": 2.999999523162842,
  "summary_bg_k": 19.992150004931712,
  "summary_bg_mad": 20.27458562084804,
  "summary_bg_mean": 78.67392511086459,
  "summary_bg_median": 22.829999923706055,
  "summary_bg_n": 141436.0,
  "summary_bg_p05": 8.085000038146973,
  "summary_bg_p95": 354.44500732421875,
  "summary_bg_stdv": 135.05694587897636,
  "summary_fg_k": 2.303404359278492,
  "summary_fg_mad": 268.74762298040446,
  "summary_fg_mean": 886.8586477761064,
  "summary_fg_median": 812.5549926757812,
  "summary_fg_n": 34692.0,
  "summary_fg_p05": 481.1349792480469,
  "summary_fg_p95": 1572.3499755859375,
  "summary_fg_stdv": 338.0337954473382,
  "tsnr": 84.21906823292375
}