{
  "aor": 0.003835247524752476,
  "aqi": 0.0026764970792079214,
  "bids_meta": {
    "EchoTime": 0.0137,
    "RepetitionTime": 3.0,
    "SliceEncodingDirection": "k",
    "SliceTiming": [
      0.0,
      1.5,
      0.065,
      1.565,
      0.13,
      1.63,
      0.196,
      1.696,
      0.261,
      1.761,
      0.326,
      1.826,
      0.391,
      1.891,
      0.457,
      1.957,
      0.522,
      2.022,
      0.587,
      2.087,
      0.652,
      2.152,
      0.717,
      2.217,
      0.783,
      2.283,
      0.848,
      2.348,
      0.913,
      2.413,
      0.978,
      2.478,
      1.043,
      2.543,
      1.109,
      2.609,
      1.174,
      2.674,
      1.239,
      2.739,
      1.304,
      2.804,
      1.37,
      2.87,
      1.435,
      2.935
    ],
    "TaskName": "rest",
    "dataset": "ds003592",
    "modality": "bold",
    "session_id": "1",
    "subject_id": "234",
    "task_id": "rest"
  },
  "dummy_trs": 2,
  "dvars_nstd": 16.284755246616932,
  "dvars_std": 1.230294403930348,
  "dvars_vstd": 0.9981206941791047,
  "efc": 0.48326407592538384,
  "fber": 38588.703125,
  "fd_mean": 0.0873107157729868,
  "fd_num": 13,
  "fd_perc": 6.435643564356436,
  "fwhm_avg": 3.1795633333333337,
  "fwhm_x": 3.0486566666666666,
  "fwhm_y": 3.0940333333333334,
  "fwhm_z": 3.3960000000000004,
  "gcor": 0.0116567,
  "gsr_x": -0.021372906863689423,
  "gsr_y": 0.05472764000296593,
  "provenance": {
    "md5sum": "2de252168d9c40a1829db2620a1e96f0",
    "settings": {
      "fd_thres": 0.2,
      "testing": false
    },
    "software": "mriqc",
    "version": "23.1.0"
  },
  "size_t": 202,
  "size_x": 72,
  "size_y": 72,
  "size_z": 46,
  "snr": 3.277250199065493,
  "spacing_tr": 3.0,
  "spacing_x": 3.0,
  "spacing_y": 3.0,
  "spacing_z": 3.0,
  "summary_bg_k": 12.557623930487456,
  "summary_bg_mad": 34.14388737661349,
  "summary_bg_mean": 299.3701051192309,
  "summary_bg_median": 24.49504852294922,
  "summary_bg_n": 187456.0,
  "summary_bg_p05": 0.6237623691558838,
  "summary_bg_p95": 1759.197998046875,
  "summary_bg_stdv": 659.2329437959099,
  "summary_fg_k": 0.9957574472975037,
  "summary_fg_mad": 1296.5135603137815,
  "summary_fg_mean": 5057.765924674654,
  "summary_fg_median": 4811.809326171875,
  "summary_fg_n": 51008.0,
  "summary_fg_p05": 3070.851318359375,
  "summary_fg_p95": 7800.54443359375,
  "summary_fg_stdv": 1468.231555866656,
  "tsnr": 77.02492979122326
}