{
  "bids_meta": {
    "EchoTime": 0.0034,
    "FlipAngle": 7,
    "RepetitionTime": 2.53,
    "dataset": "ds003592",
    "modality": "T1w",
    "session_id": "1",
    "subject_id": "213"
  },
  "cjv": 0.5624000507261265,
  "cnr": 1.7155950443148276,
  "efc": 0.5795576087350093,
  "fber": -1.0,
  "fwhm_avg": 4.309303333333333,
  "fwhm_x": 4.42505,
  "fwhm_y": 4.19526,
  "fwhm_z": 4.3076,
  "icvs_csf": 0.26344736650804207,
  "icvs_gm": 0.38350061456032414,
  "icvs_wm": 0.3530520189316338,
  "inu_med": 0.7258048057556152,
  "inu_range": 0.6358613133430476,
  "provenance": {
    "md5sum": "931b952ff723f7e5a8071a05fa215c88",
    "settings": {
      "testing": false
    },
    "software": "mriqc",
    "version": "23.1.0",
    "warnings": {
      "large_rot_frame": true,
      "small_air_mask": false
    }
  },
  "qi_1": 0.0,
  "qi_2": 0.0009402159482293462,
  "rpve_csf": 7.749390071805236,
  "rpve_gm": 7.655755335181837,
  "rpve_wm": 7.743369852559552,
  "size_x": 176,
  "size_y": 256,
  "size_z": 256,
  "snr_csf": 1.7424294295597642,
  "snr_gm": 5.11559871485659,
  "snr_total": 5.790468938310444,
  "snr_wm": 10.513378670514978,
  "snrd_csf": 49.50018772020864,
  "snrd_gm": 98.33643849633103,
  "snrd_total": 95.38385118678343,
  "snrd_wm": 138.3149273438106,
  "spacing_x": 1.0,
  "spacing_y": 1.0,
  "spacing_z": 1.0,
  "summary_bg_k": 23.567963723404105,
  "summary_bg_mad": 0.0,
  "summary_bg_mean": 1.5718455741714985,
  "summary_bg_median": 0.0,
  "summary_bg_n": 2987702.0,
  "summary_bg_p05": 0.0,
  "summary_bg_p95": 10.798658281564713,
  "summary_bg_stdv": 4.582237739186456,
  "summary_csf_k": -0.7539292238770114,
  "summary_csf_mad": 168.9531560754516,
  "summary_csf_mean": 367.2549277276743,
  "summary_csf_median": 346.2204638123512,
  "summary_csf_n": 387457.0476135756,
  "summary_csf_p05": 82.74057283997536,
  "summary_csf_p95": 706.4828689396381,
  "summary_csf_stdv": 198.6995921630705,
  "summary_gm_k": -0.453830564006533,
  "summary_gm_mad": 93.32858686186007,
  "summary_gm_mean": 693.1029721397489,
  "summary_gm_median": 687.7971360087395,
  "summary_gm_n": 564021.64062247,
  "summary_gm_p05": 476.76260590553284,
  "summary_gm_p95": 950.9084720909595,
  "summary_gm_stdv": 134.45083647494656,
  "summary_wm_k": -0.09555860718383347,
  "summary_wm_mad": 63.931174840969724,
  "summary_wm_mean": 944.6979440386825,
  "summary_wm_median": 967.419731169939,
  "summary_wm_n": 519240.31248605123,
  "summary_wm_p05": 758.522819429636,
  "summary_wm_p95": 1060.6641183793545,
  "summary_wm_stdv": 92.01787835440484,
  "tpm_overlap_csf": 0.2122899086363795,
  "tpm_overlap_gm": 0.5348263897117976,
  "tpm_overlap_wm": 0.550482335698438,
  "wm2max": 0.6245647955935271
}