{
  "aor": 0.00137935960591133,
  "aqi": 0.005006662758620689,
  "bids_meta": {
    "EchoTime": 0.03,
    "RepetitionTime": 3.0,
    "SliceEncodingDirection": "k",
    "SliceTiming": [
      0.0,
      1.5,
      0.065,
      1.565,
      0.13,
      1.63,
      0.196,
      1.696,
      0.261,
      1.761,
      0.326,
      1.826,
      0.391,
      1.891,
      0.457,
      1.957,
      0.522,
      2.022,
      0.587,
      2.087,
      0.652,
      2.152,
      0.717,
      2.217,
      0.783,
      2.283,
      0.848,
      2.348,
      0.913,
      2.413,
      0.978,
      2.478,
      1.043,
      2.543,
      1.109,
      2.609,
      1.174,
      2.674,
      1.239,
      2.739,
      1.304,
      2.804,
      1.37,
      2.87,
      1.435,
      2.935
    ],
    "TaskName": "rest",
    "dataset": "ds003592",
    "modality": "bold",
    "session_id": "2",
    "subject_id": "126",
    "task_id": "rest"
  },
  "dummy_trs": 1,
  "dvars_nstd": 22.048203983019814,
  "dvars_std": 1.1556564787623764,
  "dvars_vstd": 0.9720995827722774,
  "efc": 0.4391355733354668,
  "fber": 9781.634765625,
  "fd_mean": 0.15380217243560085,
  "fd_num": 47,
  "fd_perc": 23.15270935960591,
  "fwhm_avg": 2.9265088888888893,
  "fwhm_x": 2.89414,
  "fwhm_y": 3.010343333333333,
  "fwhm_z": 2.8750433333333336,
  "gcor": 0.0283182,
  "gsr_x": 0.004591156262904406,
  "gsr_y": 0.02083841897547245,
  "provenance": {
    "md5sum": "c1d67c0c405dd74fb4146ed24a81ad8e",
    "settings": {
      "fd_thres": 0.2,
      "testing": false
    },
    "software": "mriqc",
    "version": "23.1.0"
  },
  "size_t": 203,
  "size_x": 72,
  "size_y": 72,
  "size_z": 46,
  "snr": 3.294963693964641,
  "spacing_tr": 3.0,
  "spacing_x": 3.0,
  "spacing_y": 3.0,
  "spacing_z": 3.0,
  "summary_bg_k": 37.810596567407536,
  "summary_bg_mad": 47.662374279883956,
  "summary_bg_mean": 143.67607163845804,
  "summary_bg_median": 33.931034088134766,
  "summary_bg_n": 194697.0,
  "summary_bg_p05": 0.9852216839790344,
  "summary_bg_p95": 645.7930908203125,
  "summary_bg_stdv": 306.3052982351194,
  "summary_fg_k": 0.28399564726602433,
  "summary_fg_mad": 945.0600982803163,
  "summary_fg_mean": 3440.7494207852383,
  "summary_fg_median": 3355.85205078125,
  "summary_fg_n": 43767.0,
  "summary_fg_p05": 1878.748779296875,
  "summary_fg_p95": 5287.93115234375,
  "summary_fg_stdv": 1018.4675840316983,
  "tsnr": 64.6251253739465
}