{
  "aor": 0.0015704433497536945,
  "aqi": 0.004039526403940887,
  "bids_meta": {
    "EchoTime": 0.0137,
    "RepetitionTime": 3.0,
    "SliceEncodingDirection": "k",
    "SliceTiming": [
      0.0,
      1.5,
      0.065,
      1.565,
      0.13,
      1.63,
      0.196,
      1.696,
      0.261,
      1.761,
      0.326,
      1.826,
      0.391,
      1.891,
      0.457,
      1.957,
      0.522,
      2.022,
      0.587,
      2.087,
      0.652,
      2.152,
      0.717,
      2.217,
      0.783,
      2.283,
      0.848,
      2.348,
      0.913,
      2.413,
      0.978,
      2.478,
      1.043,
      2.543,
      1.109,
      2.609,
      1.174,
      2.674,
      1.239,
      2.739,
      1.304,
      2.804,
      1.37,
      2.87,
      1.435,
      2.935
    ],
    "TaskName": "rest",
    "dataset": "ds003592",
    "modality": "bold",
    "session_id": "2",
    "subject_id": "126",
    "task_id": "rest"
  },
  "dummy_trs": 1,
  "dvars_nstd": 18.25202428698019,
  "dvars_std": 1.1977507128712874,
  "dvars_vstd": 0.9687296082673268,
  "efc": 0.5034034135924084,
  "fber": 5044.18798828125,
  "fd_mean": 0.1527918127051188,
  "fd_num": 48,
  "fd_perc": 23.645320197044335,
  "fwhm_avg": 3.3670755555555556,
  "fwhm_x": 3.05616,
  "fwhm_y": 3.2802333333333333,
  "fwhm_z": 3.7648333333333333,
  "gcor": 0.0232772,
  "gsr_x": 0.019466200843453407,
  "gsr_y": 0.049431443214416504,
  "provenance": {
    "md5sum": "20d1c03f2f314fdab458a5ac1dc8c055",
    "settings": {
      "fd_thres": 0.2,
      "testing": false
    },
    "software": "mriqc",
    "version": "23.1.0"
  },
  "size_t": 203,
  "size_x": 72,
  "size_y": 72,
  "size_z": 46,
  "snr": 3.1423247549396947,
  "spacing_tr": 3.0,
  "spacing_x": 3.0,
  "spacing_y": 3.0,
  "spacing_z": 3.0,
  "summary_bg_k": 14.08306430045311,
  "summary_bg_mad": 89.94940318602626,
  "summary_bg_mean": 368.6072867145762,
  "summary_bg_median": 62.32512283325195,
  "summary_bg_n": 189957.0,
  "summary_bg_p05": 1.034482717514038,
  "summary_bg_p95": 1797.3004150390625,
  "summary_bg_stdv": 705.0950730867811,
  "summary_fg_k": 0.8122857955264902,
  "summary_fg_mad": 1231.2967989077154,
  "summary_fg_mean": 4627.085381511047,
  "summary_fg_median": 4426.48291015625,
  "summary_fg_n": 48507.0,
  "summary_fg_p05": 2618.359619140625,
  "summary_fg_p95": 7330.52197265625,
  "summary_fg_stdv": 1408.6504826414678,
  "tsnr": 84.21715596877038
}