{
  "aor": 0.0007945812807881774,
  "aqi": 0.0048214423152709365,
  "bids_meta": {
    "EchoTime": 0.03,
    "RepetitionTime": 3.0,
    "SliceEncodingDirection": "k",
    "SliceTiming": [
      0.0,
      1.5,
      0.065,
      1.565,
      0.13,
      1.63,
      0.196,
      1.696,
      0.261,
      1.761,
      0.326,
      1.826,
      0.391,
      1.891,
      0.457,
      1.957,
      0.522,
      2.022,
      0.587,
      2.087,
      0.652,
      2.152,
      0.717,
      2.217,
      0.783,
      2.283,
      0.848,
      2.348,
      0.913,
      2.413,
      0.978,
      2.478,
      1.043,
      2.543,
      1.109,
      2.609,
      1.174,
      2.674,
      1.239,
      2.739,
      1.304,
      2.804,
      1.37,
      2.87,
      1.435,
      2.935
    ],
    "TaskName": "rest",
    "dataset": "ds003592",
    "modality": "bold",
    "session_id": "2",
    "subject_id": "212",
    "task_id": "rest"
  },
  "dummy_trs": 1,
  "dvars_nstd": 23.76651313524752,
  "dvars_std": 1.2558249809405944,
  "dvars_vstd": 0.9727045925742579,
  "efc": 0.4441578806519132,
  "fber": 27108.421875,
  "fd_mean": 0.10788547778947864,
  "fd_num": 22,
  "fd_perc": 10.83743842364532,
  "fwhm_avg": 3.067115555555555,
  "fwhm_x": 2.970746666666667,
  "fwhm_y": 3.04745,
  "fwhm_z": 3.18315,
  "gcor": 0.0791501,
  "gsr_x": -0.017443109303712845,
  "gsr_y": 0.034207846969366074,
  "provenance": {
    "md5sum": "0781ee368f06ce6b58240d28f35cd858",
    "settings": {
      "fd_thres": 0.2,
      "testing": false
    },
    "software": "mriqc",
    "version": "23.1.0"
  },
  "size_t": 203,
  "size_x": 72,
  "size_y": 72,
  "size_z": 46,
  "snr": 3.0824112495560247,
  "spacing_tr": 3.0,
  "spacing_x": 3.0,
  "spacing_y": 3.0,
  "spacing_z": 3.0,
  "summary_bg_k": 56.16801440237213,
  "summary_bg_mad": 28.05989059612407,
  "summary_bg_mean": 132.6396031931532,
  "summary_bg_median": 20.93596076965332,
  "summary_bg_n": 189871.0,
  "summary_bg_p05": 0.9310344457626343,
  "summary_bg_p95": 716.3694458007812,
  "summary_bg_stdv": 317.565032325525,
  "summary_fg_k": 1.4150002582741665,
  "summary_fg_mad": 938.4654865081109,
  "summary_fg_mean": 3637.8336675092555,
  "summary_fg_median": 3447.029541015625,
  "summary_fg_n": 48593.0,
  "summary_fg_p05": 2132.541748046875,
  "summary_fg_p95": 5835.96044921875,
  "summary_fg_stdv": 1118.2784493646452,
  "tsnr": 65.64043568680063
}