{
  "aor": 0.008139073170731707,
  "aqi": 0.0027946014048780485,
  "bids_meta": {
    "EchoTime": 0.0137,
    "RepetitionTime": 3.0,
    "SliceEncodingDirection": "k",
    "SliceTiming": [
      0.0,
      1.5,
      0.065,
      1.565,
      0.13,
      1.63,
      0.196,
      1.696,
      0.261,
      1.761,
      0.326,
      1.826,
      0.391,
      1.891,
      0.457,
      1.957,
      0.522,
      2.022,
      0.587,
      2.087,
      0.652,
      2.152,
      0.717,
      2.217,
      0.783,
      2.283,
      0.848,
      2.348,
      0.913,
      2.413,
      0.978,
      2.478,
      1.043,
      2.543,
      1.109,
      2.609,
      1.174,
      2.674,
      1.239,
      2.739,
      1.304,
      2.804,
      1.37,
      2.87,
      1.435,
      2.935
    ],
    "TaskName": "rest",
    "dataset": "ds003592",
    "modality": "bold",
    "session_id": "1",
    "subject_id": "149",
    "task_id": "rest"
  },
  "dummy_trs": 1,
  "dvars_nstd": 15.306569959411762,
  "dvars_std": 1.2123090884313723,
  "dvars_vstd": 1.0473363279901957,
  "efc": 0.5498889087801695,
  "fber": 5213.505859375,
  "fd_mean": 0.047551924853991505,
  "fd_num": 3,
  "fd_perc": 1.4634146341463414,
  "fwhm_avg": 2.940598888888889,
  "fwhm_x": 2.44143,
  "fwhm_y": 2.8699333333333334,
  "fwhm_z": 3.5104333333333333,
  "gcor": 0.0104909,
  "gsr_x": -0.022951764985919,
  "gsr_y": 0.07595563679933548,
  "provenance": {
    "md5sum": "d7e1c403ae4a37558506fdfa1ddb89e3",
    "settings": {
      "fd_thres": 0.2,
      "testing": false
    },
    "software": "mriqc",
    "version": "23.1.0"
  },
  "size_t": 205,
  "size_x": 72,
  "size_y": 72,
  "size_z": 46,
  "snr": 2.8134830210512662,
  "spacing_tr": 3.0,
  "spacing_x": 3.0,
  "spacing_y": 3.0,
  "spacing_z": 3.0,
  "summary_bg_k": 14.124966069246831,
  "summary_bg_mad": 88.54389847163058,
  "summary_bg_mean": 493.38148765040705,
  "summary_bg_median": 61.25853729248047,
  "summary_bg_n": 176640.0,
  "summary_bg_p05": 0.3804877996444702,
  "summary_bg_p95": 2650.7171630859375,
  "summary_bg_stdv": 1037.1517281600366,
  "summary_fg_k": 0.6236414843697875,
  "summary_fg_mad": 1436.764617298894,
  "summary_fg_mean": 4607.361596098569,
  "summary_fg_median": 4423.14892578125,
  "summary_fg_n": 61824.0,
  "summary_fg_p05": 2318.248779296875,
  "summary_fg_p95": 7432.33154296875,
  "summary_fg_stdv": 1572.1129718712218,
  "tsnr": 78.76228129584342
}