{
  "aor": 0.00822729064039409,
  "aqi": 0.008618952068965518,
  "bids_meta": {
    "EchoTime": 0.047,
    "RepetitionTime": 3.0,
    "SliceEncodingDirection": "k",
    "SliceTiming": [
      0.0,
      1.5,
      0.065,
      1.565,
      0.13,
      1.63,
      0.196,
      1.696,
      0.261,
      1.761,
      0.326,
      1.826,
      0.391,
      1.891,
      0.457,
      1.957,
      0.522,
      2.022,
      0.587,
      2.087,
      0.652,
      2.152,
      0.717,
      2.217,
      0.783,
      2.283,
      0.848,
      2.348,
      0.913,
      2.413,
      0.978,
      2.478,
      1.043,
      2.543,
      1.109,
      2.609,
      1.174,
      2.674,
      1.239,
      2.739,
      1.304,
      2.804,
      1.37,
      2.87,
      1.435,
      2.935
    ],
    "TaskName": "rest",
    "dataset": "ds003592",
    "modality": "bold",
    "session_id": "2",
    "subject_id": "30",
    "task_id": "rest"
  },
  "dummy_trs": 1,
  "dvars_nstd": 22.3761220971782,
  "dvars_std": 1.0856603023267322,
  "dvars_vstd": 1.0048978446534653,
  "efc": 0.43217963086435984,
  "fber": 15284.7978515625,
  "fd_mean": 0.05222317168748498,
  "fd_num": 1,
  "fd_perc": 0.49261083743842365,
  "fwhm_avg": 2.544511111111111,
  "fwhm_x": 2.516783333333333,
  "fwhm_y": 2.61446,
  "fwhm_z": 2.50229,
  "gcor": 0.00749535,
  "gsr_x": -0.005206659436225891,
  "gsr_y": 0.016126003116369247,
  "provenance": {
    "md5sum": "fee749e488dc26028d544ee90e170370",
    "settings": {
      "fd_thres": 0.2,
      "testing": false
    },
    "software": "mriqc",
    "version": "23.1.0"
  },
  "size_t": 203,
  "size_x": 72,
  "size_y": 72,
  "size_z": 46,
  "snr": 3.1312353901595973,
  "spacing_tr": 3.0,
  "spacing_x": 3.0,
  "spacing_y": 3.0,
  "spacing_z": 3.0,
  "summary_bg_k": 29.8816544904076,
  "summary_bg_mad": 30.265535537498696,
  "summary_bg_mean": 79.2711645788725,
  "summary_bg_median": 21.019704818725586,
  "summary_bg_n": 190334.0,
  "summary_bg_p05": 0.07881773263216019,
  "summary_bg_p95": 379.66009521484375,
  "summary_bg_stdv": 187.4118198941402,
  "summary_fg_k": 0.5940352575106909,
  "summary_fg_mad": 778.4647997507298,
  "summary_fg_mean": 2694.5971328599026,
  "summary_fg_median": 2598.701904296875,
  "summary_fg_n": 48130.0,
  "summary_fg_p05": 1497.4383544921875,
  "summary_fg_p95": 4227.97998046875,
  "summary_fg_stdv": 829.9200103664961,
  "tsnr": 41.52514406107366
}