{
  "aor": 0.0006117326732673268,
  "aqi": 0.004159803910891089,
  "bids_meta": {
    "EchoTime": 0.0137,
    "RepetitionTime": 3.0,
    "SliceEncodingDirection": "k",
    "SliceTiming": [
      0.0,
      1.5,
      0.065,
      1.565,
      0.13,
      1.63,
      0.196,
      1.696,
      0.261,
      1.761,
      0.326,
      1.826,
      0.391,
      1.891,
      0.457,
      1.957,
      0.522,
      2.022,
      0.587,
      2.087,
      0.652,
      2.152,
      0.717,
      2.217,
      0.783,
      2.283,
      0.848,
      2.348,
      0.913,
      2.413,
      0.978,
      2.478,
      1.043,
      2.543,
      1.109,
      2.609,
      1.174,
      2.674,
      1.239,
      2.739,
      1.304,
      2.804,
      1.37,
      2.87,
      1.435,
      2.935
    ],
    "TaskName": "rest",
    "dataset": "ds003592",
    "modality": "bold",
    "session_id": "2",
    "subject_id": "191",
    "task_id": "rest"
  },
  "dummy_trs": 2,
  "dvars_nstd": 15.490613553233825,
  "dvars_std": 1.0562680112935323,
  "dvars_vstd": 0.9317398027363185,
  "efc": 0.5126541270285557,
  "fber": 4703.3251953125,
  "fd_mean": 0.1054015657363198,
  "fd_num": 7,
  "fd_perc": 3.4653465346534653,
  "fwhm_avg": 3.4669488888888895,
  "fwhm_x": 3.3224766666666667,
  "fwhm_y": 3.3225700000000002,
  "fwhm_z": 3.7558000000000002,
  "gcor": 0.0129527,
  "gsr_x": 0.000279955129371956,
  "gsr_y": 0.03197045624256134,
  "provenance": {
    "md5sum": "3fd5b29ef9b5002671190cbe4e82a699",
    "settings": {
      "fd_thres": 0.2,
      "testing": false
    },
    "software": "mriqc",
    "version": "23.1.0"
  },
  "size_t": 202,
  "size_x": 72,
  "size_y": 72,
  "size_z": 46,
  "snr": 3.045054129494227,
  "spacing_tr": 3.0,
  "spacing_x": 3.0,
  "spacing_y": 3.0,
  "spacing_z": 3.0,
  "summary_bg_k": 14.059181247717756,
  "summary_bg_mad": 100.75089270873484,
  "summary_bg_mean": 433.9449767628323,
  "summary_bg_median": 69.3019790649414,
  "summary_bg_n": 188736.0,
  "summary_bg_p05": 0.7425742745399475,
  "summary_bg_p95": 2119.10400390625,
  "summary_bg_stdv": 832.6949815672887,
  "summary_fg_k": 1.1000387432919743,
  "summary_fg_mad": 1372.1849115335922,
  "summary_fg_mean": 4993.957786752144,
  "summary_fg_median": 4752.78466796875,
  "summary_fg_n": 49728.0,
  "summary_fg_p05": 2847.514892578125,
  "summary_fg_p95": 7938.37109375,
  "summary_fg_stdv": 1560.8053840098846,
  "tsnr": 69.20028449152596
}