{
  "aor": 0.0009223762376237626,
  "aqi": 0.006428419554455445,
  "bids_meta": {
    "EchoTime": 0.047,
    "RepetitionTime": 3.0,
    "SliceEncodingDirection": "k",
    "SliceTiming": [
      0.0,
      1.5,
      0.065,
      1.565,
      0.13,
      1.63,
      0.196,
      1.696,
      0.261,
      1.761,
      0.326,
      1.826,
      0.391,
      1.891,
      0.457,
      1.957,
      0.522,
      2.022,
      0.587,
      2.087,
      0.652,
      2.152,
      0.717,
      2.217,
      0.783,
      2.283,
      0.848,
      2.348,
      0.913,
      2.413,
      0.978,
      2.478,
      1.043,
      2.543,
      1.109,
      2.609,
      1.174,
      2.674,
      1.239,
      2.739,
      1.304,
      2.804,
      1.37,
      2.87,
      1.435,
      2.935
    ],
    "TaskName": "rest",
    "dataset": "ds003592",
    "modality": "bold",
    "session_id": "1",
    "subject_id": "19",
    "task_id": "rest"
  },
  "dummy_trs": 2,
  "dvars_nstd": 23.875458105223885,
  "dvars_std": 1.0437944457711443,
  "dvars_vstd": 0.9798060104975125,
  "efc": 0.43196336930349283,
  "fber": 6836.833984375,
  "fd_mean": 0.11792145800406041,
  "fd_num": 31,
  "fd_perc": 15.346534653465346,
  "fwhm_avg": 2.4505266666666667,
  "fwhm_x": 2.4127533333333333,
  "fwhm_y": 2.56494,
  "fwhm_z": 2.373886666666667,
  "gcor": 0.053239,
  "gsr_x": 8.219036681111902e-05,
  "gsr_y": 0.024203963577747345,
  "provenance": {
    "md5sum": "48211d8ec018dbb46e888cc478ec01e2",
    "settings": {
      "fd_thres": 0.2,
      "testing": false
    },
    "software": "mriqc",
    "version": "23.1.0"
  },
  "size_t": 202,
  "size_x": 72,
  "size_y": 72,
  "size_z": 46,
  "snr": 3.0676669245174613,
  "spacing_tr": 3.0,
  "spacing_x": 3.0,
  "spacing_y": 3.0,
  "spacing_z": 3.0,
  "summary_bg_k": 47.448498411893745,
  "summary_bg_mad": 41.534881442458904,
  "summary_bg_mean": 101.18795387695047,
  "summary_bg_median": 29.04950523376465,
  "summary_bg_n": 195452.0,
  "summary_bg_p05": 0.059405937790870667,
  "summary_bg_p95": 514.8267211914062,
  "summary_bg_stdv": 219.42512011321182,
  "summary_fg_k": 0.7521205716520916,
  "summary_fg_mad": 699.6159525408921,
  "summary_fg_mean": 2497.4232458020438,
  "summary_fg_median": 2401.9627685546875,
  "summary_fg_n": 43012.0,
  "summary_fg_p05": 1357.5,
  "summary_fg_p95": 3936.673095703125,
  "summary_fg_stdv": 782.9842370396087,
  "tsnr": 45.41711308155209
}