{
  "aor": 0.0012836633663366335,
  "aqi": 0.0041651086633663365,
  "bids_meta": {
    "EchoTime": 0.0137,
    "RepetitionTime": 3.0,
    "SliceEncodingDirection": "k",
    "SliceTiming": [
      0.0,
      1.5,
      0.065,
      1.565,
      0.13,
      1.63,
      0.196,
      1.696,
      0.261,
      1.761,
      0.326,
      1.826,
      0.391,
      1.891,
      0.457,
      1.957,
      0.522,
      2.022,
      0.587,
      2.087,
      0.652,
      2.152,
      0.717,
      2.217,
      0.783,
      2.283,
      0.848,
      2.348,
      0.913,
      2.413,
      0.978,
      2.478,
      1.043,
      2.543,
      1.109,
      2.609,
      1.174,
      2.674,
      1.239,
      2.739,
      1.304,
      2.804,
      1.37,
      2.87,
      1.435,
      2.935
    ],
    "TaskName": "rest",
    "dataset": "ds003592",
    "modality": "bold",
    "session_id": "1",
    "subject_id": "19",
    "task_id": "rest"
  },
  "dummy_trs": 2,
  "dvars_nstd": 23.04875739194031,
  "dvars_std": 1.5214376867661699,
  "dvars_vstd": 0.9539615067164178,
  "efc": 0.5352516027769889,
  "fber": 4724.48388671875,
  "fd_mean": 0.11219800699216503,
  "fd_num": 29,
  "fd_perc": 14.356435643564357,
  "fwhm_avg": 3.2583355555555555,
  "fwhm_x": 2.8034233333333334,
  "fwhm_y": 3.2353166666666664,
  "fwhm_z": 3.736266666666667,
  "gcor": 0.0288943,
  "gsr_x": 0.004022527020424604,
  "gsr_y": 0.05510781705379486,
  "provenance": {
    "md5sum": "2be8508d294addf0e387402b647bbf3b",
    "settings": {
      "fd_thres": 0.2,
      "testing": false
    },
    "software": "mriqc",
    "version": "23.1.0"
  },
  "size_t": 202,
  "size_x": 72,
  "size_y": 72,
  "size_z": 46,
  "snr": 2.7842465944938977,
  "spacing_tr": 3.0,
  "spacing_x": 3.0,
  "spacing_y": 3.0,
  "spacing_z": 3.0,
  "summary_bg_k": 9.156587411789788,
  "summary_bg_mad": 98.56368740057005,
  "summary_bg_mean": 460.4801036519976,
  "summary_bg_median": 66.8019790649414,
  "summary_bg_n": 181344.0,
  "summary_bg_p05": 0.08415841311216354,
  "summary_bg_p95": 2381.123779296875,
  "summary_bg_stdv": 886.0352451841808,
  "summary_fg_k": 1.4127607373517375,
  "summary_fg_mad": 1393.8956591818037,
  "summary_fg_mean": 4821.095213414114,
  "summary_fg_median": 4591.6259765625,
  "summary_fg_n": 57120.0,
  "summary_fg_p05": 2442.8836669921875,
  "summary_fg_p95": 7838.534423828125,
  "summary_fg_stdv": 1649.1304299922458,
  "tsnr": 72.30391835141927
}