{
  "bids_meta": {
    "EchoTime": 0.0034,
    "FlipAngle": 7,
    "RepetitionTime": 2.53,
    "dataset": "ds003592",
    "modality": "T1w",
    "session_id": "1",
    "subject_id": "98"
  },
  "cjv": 0.6638307926478131,
  "cnr": 1.4800123223626689,
  "efc": 0.6255162005936153,
  "fber": -1.0,
  "fwhm_avg": 4.011096666666666,
  "fwhm_x": 4.12949,
  "fwhm_y": 3.9845,
  "fwhm_z": 3.9193,
  "icvs_csf": 0.25013135926525243,
  "icvs_gm": 0.3823242201220975,
  "icvs_wm": 0.3675444206126501,
  "inu_med": 0.874500036239624,
  "inu_range": 0.6526680707931517,
  "provenance": {
    "md5sum": "1a127a4019ae5590af006d91260557cb",
    "settings": {
      "testing": false
    },
    "software": "mriqc",
    "version": "23.1.0",
    "warnings": {
      "large_rot_frame": true,
      "small_air_mask": false
    }
  },
  "qi_1": 0.0,
  "qi_2": 0.0017937445910881213,
  "rpve_csf": 6.691609973275033,
  "rpve_gm": 6.587288461975942,
  "rpve_wm": 6.678554868748559,
  "size_x": 176,
  "size_y": 256,
  "size_z": 256,
  "snr_csf": 1.913067829151125,
  "snr_gm": 5.550859561266132,
  "snr_total": 6.356409159249101,
  "snr_wm": 11.605300087330049,
  "snrd_csf": 16.911417339906507,
  "snrd_gm": 28.31710797349297,
  "snrd_total": 27.50710908562901,
  "snrd_wm": 37.29280194348756,
  "spacing_x": 1.0,
  "spacing_y": 1.0,
  "spacing_z": 1.0,
  "summary_bg_k": 4465.855305744169,
  "summary_bg_mad": 0.0,
  "summary_bg_mean": 2.049603373328525,
  "summary_bg_median": 0.0,
  "summary_bg_n": 2665305.0,
  "summary_bg_p05": 0.0,
  "summary_bg_p95": 11.019522920250893,
  "summary_bg_stdv": 16.72596432004316,
  "summary_csf_k": 0.1252235213959465,
  "summary_csf_mad": 172.76657747630944,
  "summary_csf_mean": 436.64507514102934,
  "summary_csf_median": 431.75705552101135,
  "summary_csf_n": 424382.1190622542,
  "summary_csf_p05": 95.92191014438868,
  "summary_csf_p95": 792.5379712879658,
  "summary_csf_stdv": 225.68804945262414,
  "summary_gm_k": -0.4638491588707341,
  "summary_gm_mad": 90.37119931281264,
  "summary_gm_mean": 731.990449299841,
  "summary_gm_median": 722.9501178860664,
  "summary_gm_n": 648665.417966163,
  "summary_gm_p05": 529.978314936161,
  "summary_gm_p95": 967.9392750933766,
  "summary_gm_stdv": 130.24101090053642,
  "summary_wm_k": 0.19584327280343228,
  "summary_wm_mad": 61.748292768896896,
  "summary_wm_mean": 942.5450633916724,
  "summary_wm_median": 952.1041338890791,
  "summary_wm_n": 623589.4632615668,
  "summary_wm_p05": 786.6811382398009,
  "summary_wm_p95": 1062.950122319162,
  "summary_wm_stdv": 82.04039217581403,
  "tpm_overlap_csf": 0.2316184343523033,
  "tpm_overlap_gm": 0.5273101628313686,
  "tpm_overlap_wm": 0.544461282652075,
  "wm2max": 0.533321474184504
}