{
  "aor": 0.0020112807881773396,
  "aqi": 0.004911488325123153,
  "bids_meta": {
    "EchoTime": 0.0137,
    "RepetitionTime": 3.0,
    "SliceEncodingDirection": "k",
    "SliceTiming": [
      0.0,
      1.5,
      0.065,
      1.565,
      0.13,
      1.63,
      0.196,
      1.696,
      0.261,
      1.761,
      0.326,
      1.826,
      0.391,
      1.891,
      0.457,
      1.957,
      0.522,
      2.022,
      0.587,
      2.087,
      0.652,
      2.152,
      0.717,
      2.217,
      0.783,
      2.283,
      0.848,
      2.348,
      0.913,
      2.413,
      0.978,
      2.478,
      1.043,
      2.543,
      1.109,
      2.609,
      1.174,
      2.674,
      1.239,
      2.739,
      1.304,
      2.804,
      1.37,
      2.87,
      1.435,
      2.935
    ],
    "TaskName": "rest",
    "dataset": "ds003592",
    "modality": "bold",
    "session_id": "2",
    "subject_id": "19",
    "task_id": "rest"
  },
  "dummy_trs": 1,
  "dvars_nstd": 22.08240850371287,
  "dvars_std": 1.44231050529703,
  "dvars_vstd": 0.9615574470297036,
  "efc": 0.5320275854411878,
  "fber": 5749.3671875,
  "fd_mean": 0.12020146372243248,
  "fd_num": 27,
  "fd_perc": 13.300492610837438,
  "fwhm_avg": 3.298808888888889,
  "fwhm_x": 2.8091333333333335,
  "fwhm_y": 3.3005933333333335,
  "fwhm_z": 3.7866999999999997,
  "gcor": 0.0530656,
  "gsr_x": 0.008416855707764626,
  "gsr_y": 0.05321579426527023,
  "provenance": {
    "md5sum": "c6e21d76db7f046e614b48185dc48482",
    "settings": {
      "fd_thres": 0.2,
      "testing": false
    },
    "software": "mriqc",
    "version": "23.1.0"
  },
  "size_t": 203,
  "size_x": 72,
  "size_y": 72,
  "size_z": 46,
  "snr": 2.81355270646512,
  "spacing_tr": 3.0,
  "spacing_x": 3.0,
  "spacing_y": 3.0,
  "spacing_z": 3.0,
  "summary_bg_k": 9.478457651165712,
  "summary_bg_mad": 89.19714795515398,
  "summary_bg_mean": 447.00319083207154,
  "summary_bg_median": 60.46305465698242,
  "summary_bg_n": 181459.0,
  "summary_bg_p05": 0.054187189787626266,
  "summary_bg_p95": 2331.374267578125,
  "summary_bg_stdv": 877.2502152574937,
  "summary_fg_k": 1.470429085534942,
  "summary_fg_mad": 1364.6654831919818,
  "summary_fg_mean": 4812.897058145354,
  "summary_fg_median": 4584.5859375,
  "summary_fg_n": 57005.0,
  "summary_fg_p05": 2486.251220703125,
  "summary_fg_p95": 7805.3251953125,
  "summary_fg_stdv": 1629.4508059686646,
  "tsnr": 74.26680885255337
}