{
  "aor": 0.001487586206896552,
  "aqi": 0.006571144630541872,
  "bids_meta": {
    "EchoTime": 0.03,
    "RepetitionTime": 3.0,
    "SliceEncodingDirection": "k",
    "SliceTiming": [
      0.0,
      1.5,
      0.065,
      1.565,
      0.13,
      1.63,
      0.196,
      1.696,
      0.261,
      1.761,
      0.326,
      1.826,
      0.391,
      1.891,
      0.457,
      1.957,
      0.522,
      2.022,
      0.587,
      2.087,
      0.652,
      2.152,
      0.717,
      2.217,
      0.783,
      2.283,
      0.848,
      2.348,
      0.913,
      2.413,
      0.978,
      2.478,
      1.043,
      2.543,
      1.109,
      2.609,
      1.174,
      2.674,
      1.239,
      2.739,
      1.304,
      2.804,
      1.37,
      2.87,
      1.435,
      2.935
    ],
    "TaskName": "rest",
    "dataset": "ds003592",
    "modality": "bold",
    "session_id": "2",
    "subject_id": "19",
    "task_id": "rest"
  },
  "dummy_trs": 1,
  "dvars_nstd": 20.722500031584158,
  "dvars_std": 1.0728482327722764,
  "dvars_vstd": 0.9573300653465348,
  "efc": 0.46395207197422306,
  "fber": 8086.25439453125,
  "fd_mean": 0.1272492933524955,
  "fd_num": 36,
  "fd_perc": 17.733990147783253,
  "fwhm_avg": 2.9529255555555554,
  "fwhm_x": 2.8194133333333333,
  "fwhm_y": 3.0166299999999997,
  "fwhm_z": 3.022733333333333,
  "gcor": 0.085405,
  "gsr_x": 0.013551667332649231,
  "gsr_y": 0.022226251661777496,
  "provenance": {
    "md5sum": "c2243e1da9e74cd4834e31c8c2958af4",
    "settings": {
      "fd_thres": 0.2,
      "testing": false
    },
    "software": "mriqc",
    "version": "23.1.0"
  },
  "size_t": 203,
  "size_x": 72,
  "size_y": 72,
  "size_z": 46,
  "snr": 2.9630852540025665,
  "spacing_tr": 3.0,
  "spacing_x": 3.0,
  "spacing_y": 3.0,
  "spacing_z": 3.0,
  "summary_bg_k": 26.819216895768935,
  "summary_bg_mad": 54.2208803764622,
  "summary_bg_mean": 181.20500603960085,
  "summary_bg_median": 37.14285659790039,
  "summary_bg_n": 190397.0,
  "summary_bg_p05": 0.08374384045600891,
  "summary_bg_p95": 935.5418701171875,
  "summary_bg_stdv": 384.91742550328604,
  "summary_fg_k": 0.9918031055190442,
  "summary_fg_mad": 972.0900795471924,
  "summary_fg_mean": 3512.148764400913,
  "summary_fg_median": 3340.01953125,
  "summary_fg_n": 48067.0,
  "summary_fg_p05": 1907.71923828125,
  "summary_fg_p95": 5647.95556640625,
  "summary_fg_stdv": 1127.1983427353132,
  "tsnr": 51.84948302572593
}