{
  "aor": 0.00418911330049261,
  "aqi": 0.010216183497536946,
  "bids_meta": {
    "EchoTime": 0.047,
    "RepetitionTime": 3.0,
    "SliceEncodingDirection": "k",
    "SliceTiming": [
      0.0,
      1.5,
      0.065,
      1.565,
      0.13,
      1.63,
      0.196,
      1.696,
      0.261,
      1.761,
      0.326,
      1.826,
      0.391,
      1.891,
      0.457,
      1.957,
      0.522,
      2.022,
      0.587,
      2.087,
      0.652,
      2.152,
      0.717,
      2.217,
      0.783,
      2.283,
      0.848,
      2.348,
      0.913,
      2.413,
      0.978,
      2.478,
      1.043,
      2.543,
      1.109,
      2.609,
      1.174,
      2.674,
      1.239,
      2.739,
      1.304,
      2.804,
      1.37,
      2.87,
      1.435,
      2.935
    ],
    "TaskName": "rest",
    "dataset": "ds003592",
    "modality": "bold",
    "session_id": "2",
    "subject_id": "56",
    "task_id": "rest"
  },
  "dummy_trs": 1,
  "dvars_nstd": 28.88504330455445,
  "dvars_std": 1.0398125481683167,
  "dvars_vstd": 0.9705821574257423,
  "efc": 0.3863023410334584,
  "fber": 13818.912109375,
  "fd_mean": 0.26127091350417325,
  "fd_num": 87,
  "fd_perc": 42.857142857142854,
  "fwhm_avg": 2.8604390397872863,
  "fwhm_x": 2.8850933333333333,
  "fwhm_y": 2.850753559890871,
  "fwhm_z": 2.845470226137656,
  "gcor": 0.0231298,
  "gsr_x": -0.010283893905580044,
  "gsr_y": 0.017232907935976982,
  "provenance": {
    "md5sum": "1153359ed8c85da945bf21402c0c016f",
    "settings": {
      "fd_thres": 0.2,
      "testing": false
    },
    "software": "mriqc",
    "version": "23.1.0"
  },
  "size_t": 203,
  "size_x": 72,
  "size_y": 72,
  "size_z": 46,
  "snr": 2.4081693488882,
  "spacing_tr": 3.0,
  "spacing_x": 3.0,
  "spacing_y": 2.999999761581421,
  "spacing_z": 2.999999761581421,
  "summary_bg_k": 38.534879204533915,
  "summary_bg_mad": 24.37164193395421,
  "summary_bg_mean": 74.29020577416529,
  "summary_bg_median": 19.384235382080078,
  "summary_bg_n": 200158.0,
  "summary_bg_p05": 0.7635467648506165,
  "summary_bg_p95": 363.9064025878906,
  "summary_bg_stdv": 183.39816700757385,
  "summary_fg_k": 2.0292684368879064,
  "summary_fg_mad": 699.2514553646139,
  "summary_fg_mean": 2503.661225884899,
  "summary_fg_median": 2278.6920166015625,
  "summary_fg_n": 38306.0,
  "summary_fg_p05": 1356.635498046875,
  "summary_fg_p95": 4441.5810546875,
  "summary_fg_stdv": 946.2217738887097,
  "tsnr": 33.727508944575675
}