{
  "aor": 0.002005320197044335,
  "aqi": 0.005383985073891626,
  "bids_meta": {
    "EchoTime": 0.047,
    "RepetitionTime": 3.0,
    "SliceEncodingDirection": "k",
    "SliceTiming": [
      0.0,
      1.5,
      0.065,
      1.565,
      0.13,
      1.63,
      0.196,
      1.696,
      0.261,
      1.761,
      0.326,
      1.826,
      0.391,
      1.891,
      0.457,
      1.957,
      0.522,
      2.022,
      0.587,
      2.087,
      0.652,
      2.152,
      0.717,
      2.217,
      0.783,
      2.283,
      0.848,
      2.348,
      0.913,
      2.413,
      0.978,
      2.478,
      1.043,
      2.543,
      1.109,
      2.609,
      1.174,
      2.674,
      1.239,
      2.739,
      1.304,
      2.804,
      1.37,
      2.87,
      1.435,
      2.935
    ],
    "TaskName": "rest",
    "dataset": "ds003592",
    "modality": "bold",
    "session_id": "2",
    "subject_id": "29",
    "task_id": "rest"
  },
  "dummy_trs": 1,
  "dvars_nstd": 26.72489178504951,
  "dvars_std": 1.1446280854455448,
  "dvars_vstd": 0.982047331584158,
  "efc": 0.3991646144605978,
  "fber": 13546.4033203125,
  "fd_mean": 0.07242947416851649,
  "fd_num": 6,
  "fd_perc": 2.955665024630542,
  "fwhm_avg": 2.6047433333333334,
  "fwhm_x": 2.5484566666666666,
  "fwhm_y": 2.7015233333333337,
  "fwhm_z": 2.56425,
  "gcor": 0.0577974,
  "gsr_x": -0.016483105719089508,
  "gsr_y": 0.020252613350749016,
  "provenance": {
    "md5sum": "fd6cb89ac1a526992a47d4f09b279ac9",
    "settings": {
      "fd_thres": 0.2,
      "testing": false
    },
    "software": "mriqc",
    "version": "23.1.0"
  },
  "size_t": 203,
  "size_x": 72,
  "size_y": 72,
  "size_z": 46,
  "snr": 2.8950819697359282,
  "spacing_tr": 3.0,
  "spacing_x": 3.0,
  "spacing_y": 3.0,
  "spacing_z": 3.0,
  "summary_bg_k": 31.788968073060246,
  "summary_bg_mad": 30.170589153485725,
  "summary_bg_mean": 78.77462251212864,
  "summary_bg_median": 20.995073318481445,
  "summary_bg_n": 198821.0,
  "summary_bg_p05": 0.06403940916061401,
  "summary_bg_p95": 392.7389221191406,
  "summary_bg_stdv": 186.40070639800894,
  "summary_fg_k": 1.0277667444339134,
  "summary_fg_mad": 757.5147182553964,
  "summary_fg_mean": 2567.0608534832054,
  "summary_fg_median": 2443.595947265625,
  "summary_fg_n": 39643.0,
  "summary_fg_p05": 1387.477783203125,
  "summary_fg_p95": 4141.11328125,
  "summary_fg_stdv": 844.0400488129006,
  "tsnr": 48.594645684352145
}