{
  "aor": 0.00227128078817734,
  "aqi": 0.003762985763546798,
  "bids_meta": {
    "EchoTime": 0.0137,
    "RepetitionTime": 3.0,
    "SliceEncodingDirection": "k",
    "SliceTiming": [
      0.0,
      1.5,
      0.065,
      1.565,
      0.13,
      1.63,
      0.196,
      1.696,
      0.261,
      1.761,
      0.326,
      1.826,
      0.391,
      1.891,
      0.457,
      1.957,
      0.522,
      2.022,
      0.587,
      2.087,
      0.652,
      2.152,
      0.717,
      2.217,
      0.783,
      2.283,
      0.848,
      2.348,
      0.913,
      2.413,
      0.978,
      2.478,
      1.043,
      2.543,
      1.109,
      2.609,
      1.174,
      2.674,
      1.239,
      2.739,
      1.304,
      2.804,
      1.37,
      2.87,
      1.435,
      2.935
    ],
    "TaskName": "rest",
    "dataset": "ds003592",
    "modality": "bold",
    "session_id": "2",
    "subject_id": "29",
    "task_id": "rest"
  },
  "dummy_trs": 1,
  "dvars_nstd": 22.630881068712878,
  "dvars_std": 1.5680989769306932,
  "dvars_vstd": 0.9760032328712872,
  "efc": 0.4834790857856559,
  "fber": 35216.00390625,
  "fd_mean": 0.06806159878840953,
  "fd_num": 5,
  "fd_perc": 2.4630541871921183,
  "fwhm_avg": 3.45084,
  "fwhm_x": 3.16282,
  "fwhm_y": 3.394433333333333,
  "fwhm_z": 3.7952666666666666,
  "gcor": 0.0346513,
  "gsr_x": -0.034560225903987885,
  "gsr_y": 0.06079015135765076,
  "provenance": {
    "md5sum": "8d683bf497085e4d3422da719e6557ca",
    "settings": {
      "fd_thres": 0.2,
      "testing": false
    },
    "software": "mriqc",
    "version": "23.1.0"
  },
  "size_t": 203,
  "size_x": 72,
  "size_y": 72,
  "size_z": 46,
  "snr": 2.7849025751990184,
  "spacing_tr": 3.0,
  "spacing_x": 3.0,
  "spacing_y": 3.0,
  "spacing_z": 3.0,
  "summary_bg_k": 15.032088133349415,
  "summary_bg_mad": 36.3054941996039,
  "summary_bg_mean": 338.44445530586523,
  "summary_bg_median": 24.67980194091797,
  "summary_bg_n": 188047.0,
  "summary_bg_p05": 0.07881773263216019,
  "summary_bg_p95": 1949.8275146484375,
  "summary_bg_stdv": 767.6114760057739,
  "summary_fg_k": 1.5463843321907422,
  "summary_fg_mad": 1355.8795448009207,
  "summary_fg_mean": 4918.967891135707,
  "summary_fg_median": 4631.39404296875,
  "summary_fg_n": 50417.0,
  "summary_fg_p05": 2683.645263671875,
  "summary_fg_p95": 8207.783203125,
  "summary_fg_stdv": 1663.019795776197,
  "tsnr": 95.41338875517249
}