{
  "bids_meta": {
    "EchoTime": 0.0034,
    "FlipAngle": 7,
    "RepetitionTime": 2.53,
    "dataset": "ds003592",
    "modality": "T1w",
    "session_id": "1",
    "subject_id": "151"
  },
  "cjv": 0.6325654401423784,
  "cnr": 1.4294650875873254,
  "efc": 0.5574556654161877,
  "fber": -1.0,
  "fwhm_avg": 4.32632,
  "fwhm_x": 4.39079,
  "fwhm_y": 4.3345,
  "fwhm_z": 4.25367,
  "icvs_csf": 0.26767833073983377,
  "icvs_gm": 0.37760927315957366,
  "icvs_wm": 0.35471239610059263,
  "inu_med": 0.773140162229538,
  "inu_range": 0.675036269426346,
  "provenance": {
    "md5sum": "31e491707c63f12a2d64360cd958169e",
    "settings": {
      "testing": false
    },
    "software": "mriqc",
    "version": "23.1.0",
    "warnings": {
      "large_rot_frame": true,
      "small_air_mask": false
    }
  },
  "qi_1": 0.0,
  "qi_2": 0.0010654917888663642,
  "rpve_csf": 8.442691626168111,
  "rpve_gm": 8.310994519792745,
  "rpve_wm": 8.38896092434468,
  "size_x": 176,
  "size_y": 256,
  "size_z": 256,
  "snr_csf": 1.6221163669692615,
  "snr_gm": 4.8557564492989895,
  "snr_total": 4.8861852563937385,
  "snr_wm": 8.180682952912965,
  "snrd_csf": 32.61130679721546,
  "snrd_gm": 73.25263536025841,
  "snrd_total": 69.00487022326273,
  "snrd_wm": 101.15066851231428,
  "spacing_x": 1.0,
  "spacing_y": 1.0,
  "spacing_z": 1.0,
  "summary_bg_k": 12.105537411702151,
  "summary_bg_mad": 0.0,
  "summary_bg_mean": 2.661398264464653,
  "summary_bg_median": 0.0,
  "summary_bg_n": 2997704.0,
  "summary_bg_p05": 0.0,
  "summary_bg_p95": 15.876616090536118,
  "summary_bg_stdv": 6.1002825038323705,
  "summary_csf_k": -0.694979486538363,
  "summary_csf_mad": 160.23133603568306,
  "summary_csf_mean": 339.91865418336886,
  "summary_csf_median": 303.65918346494436,
  "summary_csf_n": 362115.24588488677,
  "summary_csf_p05": 90.87472638487816,
  "summary_csf_p95": 680.7666170820594,
  "summary_csf_stdv": 187.19912477470893,
  "summary_gm_k": -0.10111995499437176,
  "summary_gm_mad": 83.28218445226479,
  "summary_gm_mean": 688.1719224642438,
  "summary_gm_median": 682.0896684229374,
  "summary_gm_n": 510829.82481496816,
  "summary_gm_p05": 458.7208006158471,
  "summary_gm_p95": 955.7722886502743,
  "summary_gm_stdv": 140.4701837737403,
  "summary_wm_k": -0.44559523276429314,
  "summary_wm_mad": 81.04040290577043,
  "summary_wm_mean": 907.4683315449427,
  "summary_wm_median": 941.8613488376141,
  "summary_wm_n": 479854.92952444294,
  "summary_wm_p05": 687.6842855215073,
  "summary_wm_p95": 1052.695249736309,
  "summary_wm_stdv": 115.13224175244996,
  "tpm_overlap_csf": 0.2039059795883319,
  "tpm_overlap_gm": 0.5267966128069187,
  "tpm_overlap_wm": 0.5648262039921343,
  "wm2max": 0.5138078910939936
}