{
  "aor": 0.0009034975369458129,
  "aqi": 0.005102453103448275,
  "bids_meta": {
    "EchoTime": 0.047,
    "RepetitionTime": 3.0,
    "SliceEncodingDirection": "k",
    "SliceTiming": [
      0.0,
      1.5,
      0.065,
      1.565,
      0.13,
      1.63,
      0.196,
      1.696,
      0.261,
      1.761,
      0.326,
      1.826,
      0.391,
      1.891,
      0.457,
      1.957,
      0.522,
      2.022,
      0.587,
      2.087,
      0.652,
      2.152,
      0.717,
      2.217,
      0.783,
      2.283,
      0.848,
      2.348,
      0.913,
      2.413,
      0.978,
      2.478,
      1.043,
      2.543,
      1.109,
      2.609,
      1.174,
      2.674,
      1.239,
      2.739,
      1.304,
      2.804,
      1.37,
      2.87,
      1.435,
      2.935
    ],
    "TaskName": "rest",
    "dataset": "ds003592",
    "modality": "bold",
    "session_id": "2",
    "subject_id": "218",
    "task_id": "rest"
  },
  "dummy_trs": 1,
  "dvars_nstd": 22.844431725792088,
  "dvars_std": 1.0365761799504953,
  "dvars_vstd": 0.9687121832673267,
  "efc": 0.458746128067257,
  "fber": 9531.111328125,
  "fd_mean": 0.06287513701510804,
  "fd_num": 0,
  "fd_perc": 0.0,
  "fwhm_avg": 2.508962222222222,
  "fwhm_x": 2.4874966666666665,
  "fwhm_y": 2.6310433333333334,
  "fwhm_z": 2.4083466666666666,
  "gcor": 0.0280494,
  "gsr_x": 0.00018580598407424986,
  "gsr_y": 0.02191818319261074,
  "provenance": {
    "md5sum": "d09d13ffac3b48f845ed6e0b7ffb92bb",
    "settings": {
      "fd_thres": 0.2,
      "testing": false
    },
    "software": "mriqc",
    "version": "23.1.0"
  },
  "size_t": 203,
  "size_x": 72,
  "size_y": 72,
  "size_z": 46,
  "snr": 3.015501388866872,
  "spacing_tr": 3.0,
  "spacing_x": 3.0,
  "spacing_y": 3.0,
  "spacing_z": 3.0,
  "summary_bg_k": 26.599837025763346,
  "summary_bg_mad": 35.34874186875107,
  "summary_bg_mean": 101.66522505616585,
  "summary_bg_median": 26.290639877319336,
  "summary_bg_n": 186672.0,
  "summary_bg_p05": 0.7635467648506165,
  "summary_bg_p95": 519.4679565429688,
  "summary_bg_stdv": 220.40613525134404,
  "summary_fg_k": 0.796806896624827,
  "summary_fg_mad": 767.8417159592718,
  "summary_fg_mean": 2671.578273291974,
  "summary_fg_median": 2566.6871337890625,
  "summary_fg_n": 51792.0,
  "summary_fg_p05": 1457.364501953125,
  "summary_fg_p95": 4253.05419921875,
  "summary_fg_stdv": 851.1560844728203,
  "tsnr": 49.14401713106781
}