{
  "aor": 0.003723267326732673,
  "aqi": 0.0023868019257425746,
  "bids_meta": {
    "EchoTime": 0.0137,
    "RepetitionTime": 3.0,
    "SliceEncodingDirection": "k",
    "SliceTiming": [
      0.0,
      1.5,
      0.065,
      1.565,
      0.13,
      1.63,
      0.196,
      1.696,
      0.261,
      1.761,
      0.326,
      1.826,
      0.391,
      1.891,
      0.457,
      1.957,
      0.522,
      2.022,
      0.587,
      2.087,
      0.652,
      2.152,
      0.717,
      2.217,
      0.783,
      2.283,
      0.848,
      2.348,
      0.913,
      2.413,
      0.978,
      2.478,
      1.043,
      2.543,
      1.109,
      2.609,
      1.174,
      2.674,
      1.239,
      2.739,
      1.304,
      2.804,
      1.37,
      2.87,
      1.435,
      2.935
    ],
    "TaskName": "rest",
    "dataset": "ds003592",
    "modality": "bold",
    "session_id": "2",
    "subject_id": "218",
    "task_id": "rest"
  },
  "dummy_trs": 2,
  "dvars_nstd": 17.66868796716417,
  "dvars_std": 1.391865752189054,
  "dvars_vstd": 1.0101263075124383,
  "efc": 0.5298889136535767,
  "fber": 15552.95703125,
  "fd_mean": 0.06606758926008398,
  "fd_num": 5,
  "fd_perc": 2.4752475247524752,
  "fwhm_avg": 3.439832222222222,
  "fwhm_x": 2.9145466666666664,
  "fwhm_y": 3.3191166666666665,
  "fwhm_z": 4.085833333333333,
  "gcor": 0.0215521,
  "gsr_x": 0.0014819722855463624,
  "gsr_y": 0.06565900146961212,
  "provenance": {
    "md5sum": "7b4da92c75440c9da205ab16a5d2b082",
    "settings": {
      "fd_thres": 0.2,
      "testing": false
    },
    "software": "mriqc",
    "version": "23.1.0"
  },
  "size_t": 202,
  "size_x": 72,
  "size_y": 72,
  "size_z": 46,
  "snr": 2.6859869328306947,
  "spacing_tr": 3.0,
  "spacing_x": 3.0,
  "spacing_y": 3.0,
  "spacing_z": 3.0,
  "summary_bg_k": 13.560371520509214,
  "summary_bg_mad": 56.874673957686035,
  "summary_bg_mean": 408.1908846665005,
  "summary_bg_median": 39.72277069091797,
  "summary_bg_n": 174469.0,
  "summary_bg_p05": 0.4009900987148285,
  "summary_bg_p95": 2429.554443359375,
  "summary_bg_stdv": 934.0964293612149,
  "summary_fg_k": 1.390299231705236,
  "summary_fg_mad": 1557.796501921704,
  "summary_fg_mean": 5280.458190562025,
  "summary_fg_median": 4953.88623046875,
  "summary_fg_n": 63995.0,
  "summary_fg_p05": 2890.762451171875,
  "summary_fg_p95": 8869.212890625,
  "summary_fg_stdv": 1844.3304636023618,
  "tsnr": 88.49569307081401
}