{
  "bids_meta": {
    "EchoTime": 0.00252,
    "FlipAngle": 9,
    "RepetitionTime": 1.9,
    "dataset": "ds003592",
    "modality": "T1w",
    "session_id": "1",
    "subject_id": "255"
  },
  "cjv": 0.6126620916444486,
  "cnr": 1.5790655954159116,
  "efc": 0.4803146377492417,
  "fber": -1.0,
  "fwhm_avg": 4.147526666666667,
  "fwhm_x": 4.18423,
  "fwhm_y": 4.06446,
  "fwhm_z": 4.19389,
  "icvs_csf": 0.2587328966072893,
  "icvs_gm": 0.38470402697318345,
  "icvs_wm": 0.3565630764195272,
  "inu_med": 0.37780463695526123,
  "inu_range": 0.11696463823318481,
  "provenance": {
    "md5sum": "86d5f8df4ba850fb800200aead61f709",
    "settings": {
      "testing": false
    },
    "software": "mriqc",
    "version": "23.1.0",
    "warnings": {
      "large_rot_frame": true,
      "small_air_mask": false
    }
  },
  "qi_1": 0.0,
  "qi_2": 0.002824696152956332,
  "rpve_csf": 9.251565075023496,
  "rpve_gm": 9.146677074346236,
  "rpve_wm": 9.229684347735134,
  "size_x": 192,
  "size_y": 256,
  "size_z": 256,
  "snr_csf": 2.5755036276850025,
  "snr_gm": 7.64937389287189,
  "snr_total": 7.670814957247129,
  "snr_wm": 12.787567351184496,
  "snrd_csf": 77.44296439037544,
  "snrd_gm": 118.00472983229312,
  "snrd_total": 114.65376630839675,
  "snrd_wm": 148.51360470252172,
  "spacing_x": 1.0,
  "spacing_y": 1.0,
  "spacing_z": 1.0,
  "summary_bg_k": 166.44952844074402,
  "summary_bg_mad": 0.0,
  "summary_bg_mean": 1.0256552496797975,
  "summary_bg_median": 0.0,
  "summary_bg_n": 4425368.0,
  "summary_bg_p05": 0.0,
  "summary_bg_p95": 6.917039930820465,
  "summary_bg_stdv": 4.23036203450772,
  "summary_csf_k": 0.518219464961533,
  "summary_csf_mad": 136.53903421388355,
  "summary_csf_mean": 503.76226400236783,
  "summary_csf_median": 500.0665149986744,
  "summary_csf_n": 348240.24877126585,
  "summary_csf_p05": 169.3787983059883,
  "summary_csf_p95": 804.5049519538879,
  "summary_csf_stdv": 194.16233455549485,
  "summary_gm_k": -0.45582567044072864,
  "summary_gm_mad": 66.13301320133215,
  "summary_gm_mean": 764.6850666250966,
  "summary_gm_median": 761.9828923791647,
  "summary_gm_n": 517790.46195192955,
  "summary_gm_p05": 601.250393986702,
  "summary_gm_p95": 952.245830476284,
  "summary_gm_stdv": 99.6136634511358,
  "summary_wm_k": -0.2974771869376851,
  "summary_wm_mad": 54.56302282018457,
  "summary_wm_mean": 940.5117578395692,
  "summary_wm_median": 958.9855104088783,
  "summary_wm_n": 479914.2902321057,
  "summary_wm_p05": 792.4444720745087,
  "summary_wm_p95": 1036.181449636817,
  "summary_wm_stdv": 74.99350618848418,
  "tpm_overlap_csf": 0.2161632903985794,
  "tpm_overlap_gm": 0.5289268766066334,
  "tpm_overlap_wm": 0.5591060158266299,
  "wm2max": 0.43310099077858477
}