{
  "aor": 0.0013649009900990098,
  "aqi": 0.004994606633663366,
  "bids_meta": {
    "EchoTime": 0.047,
    "RepetitionTime": 3.0,
    "SliceEncodingDirection": "k",
    "SliceTiming": [
      0.0,
      1.5,
      0.065,
      1.565,
      0.13,
      1.63,
      0.196,
      1.696,
      0.261,
      1.761,
      0.326,
      1.826,
      0.391,
      1.891,
      0.457,
      1.957,
      0.522,
      2.022,
      0.587,
      2.087,
      0.652,
      2.152,
      0.717,
      2.217,
      0.783,
      2.283,
      0.848,
      2.348,
      0.913,
      2.413,
      0.978,
      2.478,
      1.043,
      2.543,
      1.109,
      2.609,
      1.174,
      2.674,
      1.239,
      2.739,
      1.304,
      2.804,
      1.37,
      2.87,
      1.435,
      2.935
    ],
    "TaskName": "rest",
    "dataset": "ds003592",
    "modality": "bold",
    "session_id": "1",
    "subject_id": "02",
    "task_id": "rest"
  },
  "dummy_trs": 2,
  "dvars_nstd": 25.318370050646756,
  "dvars_std": 1.1108914648258708,
  "dvars_vstd": 0.9685591421890545,
  "efc": 0.3733478051592351,
  "fber": 13218.0771484375,
  "fd_mean": 0.06365797303219278,
  "fd_num": 0,
  "fd_perc": 0.0,
  "fwhm_avg": 2.3825144444444444,
  "fwhm_x": 2.397553333333333,
  "fwhm_y": 2.4541333333333335,
  "fwhm_z": 2.295856666666667,
  "gcor": 0.0101938,
  "gsr_x": -0.018277160823345184,
  "gsr_y": 0.026433439925312996,
  "provenance": {
    "md5sum": "1952b3f03bb1e88ae39dcd4c09d66299",
    "settings": {
      "fd_thres": 0.2,
      "testing": false
    },
    "software": "mriqc",
    "version": "23.1.0"
  },
  "size_t": 202,
  "size_x": 72,
  "size_y": 72,
  "size_z": 46,
  "snr": 2.3958966850450656,
  "spacing_tr": 3.0,
  "spacing_x": 3.0,
  "spacing_y": 3.0,
  "spacing_z": 3.0,
  "summary_bg_k": 106.2468339642694,
  "summary_bg_mad": 24.11797485000852,
  "summary_bg_mean": 73.33075119467154,
  "summary_bg_median": 18.99009895324707,
  "summary_bg_n": 204010.0,
  "summary_bg_p05": 0.7425742745399475,
  "summary_bg_p95": 321.59405517578125,
  "summary_bg_stdv": 181.96529442522979,
  "summary_fg_k": 4.361014696375617,
  "summary_fg_mad": 667.761994121531,
  "summary_fg_mean": 2378.882740248168,
  "summary_fg_median": 2183.2896728515625,
  "summary_fg_n": 34454.0,
  "summary_fg_p05": 1253.554443359375,
  "summary_fg_p95": 4076.42578125,
  "summary_fg_stdv": 911.2488038922992,
  "tsnr": 48.97251040232368
}