{
  "aor": 0.002783118811881188,
  "aqi": 0.006309656138613861,
  "bids_meta": {
    "EchoTime": 0.047,
    "RepetitionTime": 3.0,
    "SliceEncodingDirection": "k",
    "SliceTiming": [
      0.0,
      1.5,
      0.065,
      1.565,
      0.13,
      1.63,
      0.196,
      1.696,
      0.261,
      1.761,
      0.326,
      1.826,
      0.391,
      1.891,
      0.457,
      1.957,
      0.522,
      2.022,
      0.587,
      2.087,
      0.652,
      2.152,
      0.717,
      2.217,
      0.783,
      2.283,
      0.848,
      2.348,
      0.913,
      2.413,
      0.978,
      2.478,
      1.043,
      2.543,
      1.109,
      2.609,
      1.174,
      2.674,
      1.239,
      2.739,
      1.304,
      2.804,
      1.37,
      2.87,
      1.435,
      2.935
    ],
    "TaskName": "rest",
    "dataset": "ds003592",
    "modality": "bold",
    "session_id": "2",
    "subject_id": "169",
    "task_id": "rest"
  },
  "dummy_trs": 2,
  "dvars_nstd": 19.78372487527362,
  "dvars_std": 1.024965556517413,
  "dvars_vstd": 1.0017259147263684,
  "efc": 0.40467560991579954,
  "fber": 12686.076171875,
  "fd_mean": 0.06414578710208918,
  "fd_num": 3,
  "fd_perc": 1.4851485148514851,
  "fwhm_avg": 2.490770979446051,
  "fwhm_x": 2.5021233333333335,
  "fwhm_y": 2.5545031303196644,
  "fwhm_z": 2.4156864746851543,
  "gcor": 0.0149583,
  "gsr_x": -0.007665843237191439,
  "gsr_y": 0.01932857558131218,
  "provenance": {
    "md5sum": "11be0ca2a09ade6c7b45593f0c5b4280",
    "settings": {
      "fd_thres": 0.2,
      "testing": false
    },
    "software": "mriqc",
    "version": "23.1.0"
  },
  "size_t": 202,
  "size_x": 72,
  "size_y": 72,
  "size_z": 46,
  "snr": 3.207925724270918,
  "spacing_tr": 3.0,
  "spacing_x": 3.0,
  "spacing_y": 3.000000238418579,
  "spacing_z": 3.000000238418579,
  "summary_bg_k": 40.45109984985144,
  "summary_bg_mad": 27.244650679275612,
  "summary_bg_mean": 80.71234853763205,
  "summary_bg_median": 21.336633682250977,
  "summary_bg_n": 199076.0,
  "summary_bg_p05": 1.0049505233764648,
  "summary_bg_p95": 388.9207763671875,
  "summary_bg_stdv": 191.962504440731,
  "summary_fg_k": 1.28242216490656,
  "summary_fg_mad": 621.9112717404039,
  "summary_fg_mean": 2503.479424943776,
  "summary_fg_median": 2403.197998046875,
  "summary_fg_n": 39388.0,
  "summary_fg_p05": 1398.8514404296875,
  "summary_fg_p95": 3920.385986328125,
  "summary_fg_stdv": 749.1343932757393,
  "tsnr": 48.91988058923744
}