{
  "bids_meta": {
    "EchoTime": 0.0034,
    "FlipAngle": 7,
    "RepetitionTime": 2.53,
    "dataset": "ds003592",
    "modality": "T1w",
    "session_id": "1",
    "subject_id": "221"
  },
  "cjv": 0.6332826534108523,
  "cnr": 1.697388055145656,
  "efc": 0.5888076074866739,
  "fber": -1.0,
  "fwhm_avg": 4.478573333333333,
  "fwhm_x": 4.44232,
  "fwhm_y": 4.61166,
  "fwhm_z": 4.38174,
  "icvs_csf": 0.2538559826102848,
  "icvs_gm": 0.38644005248884383,
  "icvs_wm": 0.3597039649008714,
  "inu_med": 0.7908539175987244,
  "inu_range": 0.6555355310440066,
  "provenance": {
    "md5sum": "902d755e3c7bdf18863a30376f45c87c",
    "settings": {
      "testing": false
    },
    "software": "mriqc",
    "version": "23.1.0",
    "warnings": {
      "large_rot_frame": true,
      "small_air_mask": false
    }
  },
  "qi_1": 0.0,
  "qi_2": 0.0021363000190778463,
  "rpve_csf": 7.290302118780603,
  "rpve_gm": 7.20517394281021,
  "rpve_wm": 7.311382432840217,
  "size_x": 176,
  "size_y": 256,
  "size_z": 256,
  "snr_csf": 2.0301741005263945,
  "snr_gm": 5.320137437285592,
  "snr_total": 5.989115875854868,
  "snr_wm": 10.617036089752617,
  "snrd_csf": 46.86157267287784,
  "snrd_gm": 72.24638859548483,
  "snrd_total": 73.15345394450857,
  "snrd_wm": 100.35240056516305,
  "spacing_x": 1.0,
  "spacing_y": 1.0,
  "spacing_z": 1.0,
  "summary_bg_k": 18.26144001224691,
  "summary_bg_mad": 0.0,
  "summary_bg_mean": 2.526607055926526,
  "summary_bg_median": 0.0,
  "summary_bg_n": 2791922.0,
  "summary_bg_p05": 0.0,
  "summary_bg_p95": 15.164965987205505,
  "summary_bg_stdv": 6.206721524986986,
  "summary_csf_k": -0.6837736723229475,
  "summary_csf_mad": 160.34654175645846,
  "summary_csf_mean": 435.7366083617567,
  "summary_csf_median": 443.9636262059212,
  "summary_csf_n": 395017.67905592755,
  "summary_csf_p05": 82.63057076931,
  "summary_csf_p95": 777.0010743737221,
  "summary_csf_stdv": 218.68226184952815,
  "summary_gm_k": -0.769425898867536,
  "summary_gm_mad": 98.87305567267258,
  "summary_gm_mean": 691.2266825888059,
  "summary_gm_median": 684.4577941298485,
  "summary_gm_n": 601327.7727739845,
  "summary_gm_p05": 491.3448979854584,
  "summary_gm_p95": 927.5041148662567,
  "summary_gm_stdv": 128.65404946319913,
  "summary_wm_k": -0.03070572245106451,
  "summary_wm_mad": 69.754035948774,
  "summary_wm_mean": 939.6185389749156,
  "summary_wm_median": 950.7324042320251,
  "summary_wm_n": 559724.5489403738,
  "summary_wm_p05": 770.7871370911598,
  "summary_wm_p95": 1069.6849179267883,
  "summary_wm_stdv": 89.54773694923328,
  "tpm_overlap_csf": 0.22134772608062098,
  "tpm_overlap_gm": 0.5394709759786498,
  "tpm_overlap_wm": 0.5452360300250237,
  "wm2max": 0.6225135875142297
}