{
  "aor": 0.001285615763546798,
  "aqi": 0.004661163103448276,
  "bids_meta": {
    "EchoTime": 0.03,
    "RepetitionTime": 3.0,
    "SliceEncodingDirection": "k",
    "SliceTiming": [
      0.0,
      1.5,
      0.065,
      1.565,
      0.13,
      1.63,
      0.196,
      1.696,
      0.261,
      1.761,
      0.326,
      1.826,
      0.391,
      1.891,
      0.457,
      1.957,
      0.522,
      2.022,
      0.587,
      2.087,
      0.652,
      2.152,
      0.717,
      2.217,
      0.783,
      2.283,
      0.848,
      2.348,
      0.913,
      2.413,
      0.978,
      2.478,
      1.043,
      2.543,
      1.109,
      2.609,
      1.174,
      2.674,
      1.239,
      2.739,
      1.304,
      2.804,
      1.37,
      2.87,
      1.435,
      2.935
    ],
    "TaskName": "rest",
    "dataset": "ds003592",
    "modality": "bold",
    "session_id": "1",
    "subject_id": "65",
    "task_id": "rest"
  },
  "dummy_trs": 1,
  "dvars_nstd": 18.547668527970302,
  "dvars_std": 1.089457988663366,
  "dvars_vstd": 0.9621224094059414,
  "efc": 0.4353557201806037,
  "fber": 13576.654296875,
  "fd_mean": 0.10468922180771224,
  "fd_num": 15,
  "fd_perc": 7.389162561576355,
  "fwhm_avg": 2.8964377777777774,
  "fwhm_x": 2.8020133333333335,
  "fwhm_y": 2.9257266666666664,
  "fwhm_z": 2.9615733333333334,
  "gcor": 0.0282101,
  "gsr_x": -0.007144835777580738,
  "gsr_y": 0.02040104754269123,
  "provenance": {
    "md5sum": "3c68ea221b5e2cd4438badfe2a7ef44a",
    "settings": {
      "fd_thres": 0.2,
      "testing": false
    },
    "software": "mriqc",
    "version": "23.1.0"
  },
  "size_t": 203,
  "size_x": 72,
  "size_y": 72,
  "size_z": 46,
  "snr": 3.4477731501929436,
  "spacing_tr": 3.0,
  "spacing_x": 3.0,
  "spacing_y": 3.0,
  "spacing_z": 3.0,
  "summary_bg_k": 67.71710640602055,
  "summary_bg_mad": 38.91283071101992,
  "summary_bg_mean": 134.16602309302613,
  "summary_bg_median": 28.147783279418945,
  "summary_bg_n": 194673.0,
  "summary_bg_p05": 0.9064038991928101,
  "summary_bg_p95": 652.8571166992188,
  "summary_bg_stdv": 314.1284440832513,
  "summary_fg_k": 0.9262208850380049,
  "summary_fg_mad": 786.5754953589242,
  "summary_fg_mean": 3394.8425767454337,
  "summary_fg_median": 3279.748779296875,
  "summary_fg_n": 43791.0,
  "summary_fg_p05": 1961.2659912109375,
  "summary_fg_p95": 5205.72900390625,
  "summary_fg_stdv": 951.2549661656964,
  "tsnr": 61.70996816456318
}