{
  "aor": 0.001472216748768473,
  "aqi": 0.002952522413793104,
  "bids_meta": {
    "EchoTime": 0.0137,
    "RepetitionTime": 3.0,
    "SliceEncodingDirection": "k",
    "SliceTiming": [
      0.0,
      1.5,
      0.065,
      1.565,
      0.13,
      1.63,
      0.196,
      1.696,
      0.261,
      1.761,
      0.326,
      1.826,
      0.391,
      1.891,
      0.457,
      1.957,
      0.522,
      2.022,
      0.587,
      2.087,
      0.652,
      2.152,
      0.717,
      2.217,
      0.783,
      2.283,
      0.848,
      2.348,
      0.913,
      2.413,
      0.978,
      2.478,
      1.043,
      2.543,
      1.109,
      2.609,
      1.174,
      2.674,
      1.239,
      2.739,
      1.304,
      2.804,
      1.37,
      2.87,
      1.435,
      2.935
    ],
    "TaskName": "rest",
    "dataset": "ds003592",
    "modality": "bold",
    "session_id": "1",
    "subject_id": "65",
    "task_id": "rest"
  },
  "dummy_trs": 1,
  "dvars_nstd": 14.97925401450495,
  "dvars_std": 1.1477226499009903,
  "dvars_vstd": 0.9554360402970302,
  "efc": 0.49591448893245804,
  "fber": 10002.634765625,
  "fd_mean": 0.10214705401002565,
  "fd_num": 15,
  "fd_perc": 7.389162561576355,
  "fwhm_avg": 3.33191,
  "fwhm_x": 2.9777066666666667,
  "fwhm_y": 3.1670233333333333,
  "fwhm_z": 3.8510000000000004,
  "gcor": 0.0264499,
  "gsr_x": -0.012948811054229736,
  "gsr_y": 0.05547147989273071,
  "provenance": {
    "md5sum": "6f7debdcaad8d4a293bc27bbe9080815",
    "settings": {
      "fd_thres": 0.2,
      "testing": false
    },
    "software": "mriqc",
    "version": "23.1.0"
  },
  "size_t": 203,
  "size_x": 72,
  "size_y": 72,
  "size_z": 46,
  "snr": 3.1166434522633666,
  "spacing_tr": 3.0,
  "spacing_x": 3.0,
  "spacing_y": 3.0,
  "spacing_z": 3.0,
  "summary_bg_k": 12.511209435946526,
  "summary_bg_mad": 65.44629588604207,
  "summary_bg_mean": 342.7580429130314,
  "summary_bg_median": 45.610836029052734,
  "summary_bg_n": 189235.0,
  "summary_bg_p05": 0.9408866763114929,
  "summary_bg_p95": 1746.0689697265625,
  "summary_bg_stdv": 659.4542431402425,
  "summary_fg_k": 1.755068733473017,
  "summary_fg_mad": 1122.5416280166082,
  "summary_fg_mean": 4790.6963043240785,
  "summary_fg_median": 4561.6845703125,
  "summary_fg_n": 49229.0,
  "summary_fg_p05": 2710.142822265625,
  "summary_fg_p95": 7646.9306640625,
  "summary_fg_stdv": 1463.6381442639888,
  "tsnr": 81.03800551220775
}