{
  "aor": 0.00893935960591133,
  "aqi": 0.00297120078817734,
  "bids_meta": {
    "EchoTime": 0.0137,
    "RepetitionTime": 3.0,
    "SliceEncodingDirection": "k",
    "SliceTiming": [
      0.0,
      1.5,
      0.065,
      1.565,
      0.13,
      1.63,
      0.196,
      1.696,
      0.261,
      1.761,
      0.326,
      1.826,
      0.391,
      1.891,
      0.457,
      1.957,
      0.522,
      2.022,
      0.587,
      2.087,
      0.652,
      2.152,
      0.717,
      2.217,
      0.783,
      2.283,
      0.848,
      2.348,
      0.913,
      2.413,
      0.978,
      2.478,
      1.043,
      2.543,
      1.109,
      2.609,
      1.174,
      2.674,
      1.239,
      2.739,
      1.304,
      2.804,
      1.37,
      2.87,
      1.435,
      2.935
    ],
    "TaskName": "rest",
    "dataset": "ds003592",
    "modality": "bold",
    "session_id": "1",
    "subject_id": "216",
    "task_id": "rest"
  },
  "dummy_trs": 1,
  "dvars_nstd": 18.224606920098996,
  "dvars_std": 1.3706113222772285,
  "dvars_vstd": 1.05697241490099,
  "efc": 0.5267868361821927,
  "fber": 7519.9580078125,
  "fd_mean": 0.045234407665533466,
  "fd_num": 0,
  "fd_perc": 0.0,
  "fwhm_avg": 3.5682266666666664,
  "fwhm_x": 3.1173466666666667,
  "fwhm_y": 3.416,
  "fwhm_z": 4.171333333333333,
  "gcor": 0.0179578,
  "gsr_x": 0.00967458076775074,
  "gsr_y": 0.056876640766859055,
  "provenance": {
    "md5sum": "72ee28294eccebfecd458c5a09a076c7",
    "settings": {
      "fd_thres": 0.2,
      "testing": false
    },
    "software": "mriqc",
    "version": "23.1.0"
  },
  "size_t": 203,
  "size_x": 72,
  "size_y": 72,
  "size_z": 46,
  "snr": 2.6631963963615646,
  "spacing_tr": 3.0,
  "spacing_x": 3.0,
  "spacing_y": 3.0,
  "spacing_z": 3.0,
  "summary_bg_k": 12.788620025455801,
  "summary_bg_mad": 76.357662872714,
  "summary_bg_mean": 422.2574197179354,
  "summary_bg_median": 53.06403732299805,
  "summary_bg_n": 179959.0,
  "summary_bg_p05": 0.8817734122276306,
  "summary_bg_p95": 2169.187255859375,
  "summary_bg_stdv": 865.265452863083,
  "summary_fg_k": 1.664067979836438,
  "summary_fg_mad": 1352.381168228202,
  "summary_fg_mean": 4940.648015385425,
  "summary_fg_median": 4601.5908203125,
  "summary_fg_n": 58505.0,
  "summary_fg_p05": 2677.817626953125,
  "summary_fg_p95": 8385.388671875,
  "summary_fg_stdv": 1727.830324476338,
  "tsnr": 81.31444634916261
}