{
  "aor": 0.0015450738916256157,
  "aqi": 0.004177390246305418,
  "bids_meta": {
    "EchoTime": 0.03,
    "RepetitionTime": 3.0,
    "SliceEncodingDirection": "k",
    "SliceTiming": [
      0.0,
      1.5,
      0.065,
      1.565,
      0.13,
      1.63,
      0.196,
      1.696,
      0.261,
      1.761,
      0.326,
      1.826,
      0.391,
      1.891,
      0.457,
      1.957,
      0.522,
      2.022,
      0.587,
      2.087,
      0.652,
      2.152,
      0.717,
      2.217,
      0.783,
      2.283,
      0.848,
      2.348,
      0.913,
      2.413,
      0.978,
      2.478,
      1.043,
      2.543,
      1.109,
      2.609,
      1.174,
      2.674,
      1.239,
      2.739,
      1.304,
      2.804,
      1.37,
      2.87,
      1.435,
      2.935
    ],
    "TaskName": "rest",
    "dataset": "ds003592",
    "modality": "bold",
    "session_id": "1",
    "subject_id": "225",
    "task_id": "rest"
  },
  "dummy_trs": 1,
  "dvars_nstd": 16.631418992970303,
  "dvars_std": 1.0318966210396037,
  "dvars_vstd": 0.9408250081188121,
  "efc": 0.4620360413827697,
  "fber": 22759.294921875,
  "fd_mean": 0.055803758613225334,
  "fd_num": 2,
  "fd_perc": 0.9852216748768473,
  "fwhm_avg": 2.8258155555555553,
  "fwhm_x": 2.7864299999999997,
  "fwhm_y": 2.88058,
  "fwhm_z": 2.8104366666666665,
  "gcor": 0.0253,
  "gsr_x": -0.010801811702549458,
  "gsr_y": 0.028287986293435097,
  "provenance": {
    "md5sum": "aca2335d9a2092912b635568b6e16d32",
    "settings": {
      "fd_thres": 0.2,
      "testing": false
    },
    "software": "mriqc",
    "version": "23.1.0"
  },
  "size_t": 203,
  "size_x": 72,
  "size_y": 72,
  "size_z": 46,
  "snr": 3.1668631394145756,
  "spacing_tr": 3.0,
  "spacing_x": 3.0,
  "spacing_y": 3.0,
  "spacing_z": 3.0,
  "summary_bg_k": 30.904166277428864,
  "summary_bg_mad": 30.177893815914917,
  "summary_bg_mean": 141.44142112812955,
  "summary_bg_median": 22.428571701049805,
  "summary_bg_n": 186665.0,
  "summary_bg_p05": 0.9901477694511414,
  "summary_bg_p95": 732.921142578125,
  "summary_bg_stdv": 321.1230909906293,
  "summary_fg_k": 0.8176851673549854,
  "summary_fg_mad": 957.6879165413039,
  "summary_fg_mean": 3561.2604674623176,
  "summary_fg_median": 3383.61572265625,
  "summary_fg_n": 51799.0,
  "summary_fg_p05": 2102.192138671875,
  "summary_fg_p95": 5604.75341796875,
  "summary_fg_stdv": 1068.433624229861,
  "tsnr": 62.57967330724932
}