{
  "bids_meta": {
    "EchoTime": 0.0034,
    "FlipAngle": 7,
    "RepetitionTime": 2.53,
    "dataset": "ds003592",
    "modality": "T1w",
    "session_id": "1",
    "subject_id": "18"
  },
  "cjv": 0.7337091447103437,
  "cnr": 1.2792927598640575,
  "efc": 0.6626934023976911,
  "fber": 7936.156179266636,
  "fwhm_avg": 4.117703333333334,
  "fwhm_x": 4.17107,
  "fwhm_y": 4.15471,
  "fwhm_z": 4.02733,
  "icvs_csf": 0.2524229854469692,
  "icvs_gm": 0.3806710702131921,
  "icvs_wm": 0.36690594433983875,
  "inu_med": 0.8458296060562134,
  "inu_range": 0.7223812341690058,
  "provenance": {
    "md5sum": "6749e759b1fa6e88500483463e3f0a00",
    "settings": {
      "testing": false
    },
    "software": "mriqc",
    "version": "23.1.0",
    "warnings": {
      "large_rot_frame": true,
      "small_air_mask": false
    }
  },
  "qi_1": 0.0,
  "qi_2": 0.001507995928593224,
  "rpve_csf": 6.550997071106546,
  "rpve_gm": 6.41932915949943,
  "rpve_wm": 6.523299615271006,
  "size_x": 176,
  "size_y": 256,
  "size_z": 256,
  "snr_csf": 2.0776077750779227,
  "snr_gm": 4.854807469566278,
  "snr_total": 5.31581534298064,
  "snr_wm": 9.01503078429772,
  "snrd_csf": 16.342576159877858,
  "snrd_gm": 25.466410759012113,
  "snrd_total": 25.18754272475286,
  "snrd_wm": 33.753641255368606,
  "spacing_x": 1.0,
  "spacing_y": 1.0,
  "spacing_z": 1.0,
  "summary_bg_k": 4264.112409291353,
  "summary_bg_mad": 0.0,
  "summary_bg_mean": 2.7376534595185786,
  "summary_bg_median": 0.0,
  "summary_bg_n": 2696139.0,
  "summary_bg_p05": 0.0,
  "summary_bg_p95": 17.370458014309406,
  "summary_bg_stdv": 18.180760080252806,
  "summary_csf_k": 1.1304837842453521,
  "summary_csf_mad": 160.38244431368994,
  "summary_csf_mean": 451.33109751979754,
  "summary_csf_median": 453.52457328885794,
  "summary_csf_n": 436142.74504299765,
  "summary_csf_p05": 117.13492874056101,
  "summary_csf_p95": 797.190462961793,
  "summary_csf_stdv": 218.29146906459988,
  "summary_gm_k": -0.4175734232734265,
  "summary_gm_mad": 92.60028375032253,
  "summary_gm_mean": 715.9942745972455,
  "summary_gm_median": 706.7210799381137,
  "summary_gm_n": 657732.99221246,
  "summary_gm_p05": 486.5410612821579,
  "summary_gm_p95": 973.7550700902939,
  "summary_gm_stdv": 145.57128107099678,
  "summary_wm_k": 0.051851336670178494,
  "summary_wm_mad": 76.13801108359853,
  "summary_wm_mean": 921.1466663363866,
  "summary_wm_median": 936.7008969411254,
  "summary_wm_n": 633949.2635887131,
  "summary_wm_p05": 727.8348085656762,
  "summary_wm_p95": 1070.3650992885232,
  "summary_wm_stdv": 103.90426617179625,
  "tpm_overlap_csf": 0.23233142992885306,
  "tpm_overlap_gm": 0.5292105143675256,
  "tpm_overlap_wm": 0.5326439387394079,
  "wm2max": 0.5381353697632296
}