{
  "aor": 0.0014495,
  "aqi": 0.0051971433,
  "bids_meta": {
    "EchoTime": 0.04592,
    "RepetitionTime": 3,
    "SliceEncodingDirection": "k",
    "SliceTiming": [
      0,
      1.54,
      0.07,
      1.61,
      0.14,
      1.68,
      0.21,
      1.75,
      0.28,
      1.82,
      0.35,
      1.89,
      0.42,
      1.96,
      0.49,
      2.03,
      0.56,
      2.1,
      0.63,
      2.17,
      0.7,
      2.24,
      0.77,
      2.31,
      0.84,
      2.38,
      0.91,
      2.45,
      0.98,
      2.52,
      1.05,
      2.5925,
      1.12,
      2.6625,
      1.19,
      2.7325,
      1.26,
      2.8025,
      1.33,
      2.8725,
      1.4,
      2.9425,
      1.47
    ],
    "TaskName": "rest",
    "dataset": "ds003592",
    "modality": "bold",
    "session_id": "1",
    "subject_id": "241",
    "task_id": "rest"
  },
  "dummy_trs": 0,
  "dvars_nstd": 25.906082996783933,
  "dvars_std": 1.0243865817587943,
  "dvars_vstd": 0.9528349318090458,
  "efc": 0.4303890449011096,
  "fber": 1148.980712890625,
  "fd_mean": 0.04086909573190738,
  "fd_num": 0,
  "fd_perc": 0.0,
  "fwhm_avg": 2.6411912552402868,
  "fwhm_x": 2.5131525925925926,
  "fwhm_y": 2.690074074074074,
  "fwhm_z": 2.720347099054193,
  "gcor": 0.0121548,
  "gsr_x": -0.002270917873829603,
  "gsr_y": 0.029024120420217514,
  "provenance": {
    "md5sum": "8a382d5b30f62d0cd4ccfca7e4f031f4",
    "settings": {
      "fd_thres": 0.2,
      "testing": false
    },
    "software": "mriqc",
    "version": "23.1.0"
  },
  "size_t": 200,
  "size_x": 64,
  "size_y": 64,
  "size_z": 43,
  "snr": 2.1082911301500102,
  "spacing_tr": 3.0,
  "spacing_x": 3.375,
  "spacing_y": 3.375,
  "spacing_z": 2.999999523162842,
  "summary_bg_k": 35.50485949540212,
  "summary_bg_mad": 6.152798641230385,
  "summary_bg_mean": 24.919714393975887,
  "summary_bg_median": 13.299999237060547,
  "summary_bg_n": 147079.0,
  "summary_bg_p05": 7.724999904632568,
  "summary_bg_p95": 87.03499603271484,
  "summary_bg_stdv": 39.00918144369956,
  "summary_fg_k": 2.5951487244007225,
  "summary_fg_mad": 163.23451330655257,
  "summary_fg_mean": 503.30989747032817,
  "summary_fg_median": 450.8249816894531,
  "summary_fg_n": 29049.0,
  "summary_fg_p05": 255.77499389648438,
  "summary_fg_p95": 939.4249877929688,
  "summary_fg_stdv": 213.83063061947962,
  "tsnr": 46.96435898425989
}