{
  "aor": 0.002351980198019802,
  "aqi": 0.0035957090099009896,
  "bids_meta": {
    "EchoTime": 0.0137,
    "RepetitionTime": 3.0,
    "SliceEncodingDirection": "k",
    "SliceTiming": [
      0.0,
      1.5,
      0.065,
      1.565,
      0.13,
      1.63,
      0.196,
      1.696,
      0.261,
      1.761,
      0.326,
      1.826,
      0.391,
      1.891,
      0.457,
      1.957,
      0.522,
      2.022,
      0.587,
      2.087,
      0.652,
      2.152,
      0.717,
      2.217,
      0.783,
      2.283,
      0.848,
      2.348,
      0.913,
      2.413,
      0.978,
      2.478,
      1.043,
      2.543,
      1.109,
      2.609,
      1.174,
      2.674,
      1.239,
      2.739,
      1.304,
      2.804,
      1.37,
      2.87,
      1.435,
      2.935
    ],
    "TaskName": "rest",
    "dataset": "ds003592",
    "modality": "bold",
    "session_id": "1",
    "subject_id": "205",
    "task_id": "rest"
  },
  "dummy_trs": 2,
  "dvars_nstd": 13.77750334606965,
  "dvars_std": 1.1131613494029853,
  "dvars_vstd": 0.9694889263681594,
  "efc": 0.51859546522381,
  "fber": 12593.8466796875,
  "fd_mean": 0.1094506120064137,
  "fd_num": 22,
  "fd_perc": 10.891089108910892,
  "fwhm_avg": 3.175582222222222,
  "fwhm_x": 2.728493333333333,
  "fwhm_y": 3.1863200000000003,
  "fwhm_z": 3.6119333333333334,
  "gcor": 0.0149148,
  "gsr_x": -0.006135206203907728,
  "gsr_y": 0.06353378295898438,
  "provenance": {
    "md5sum": "bba2782737b49f3cb2c8b75afe9cfd4f",
    "settings": {
      "fd_thres": 0.2,
      "testing": false
    },
    "software": "mriqc",
    "version": "23.1.0"
  },
  "size_t": 202,
  "size_x": 72,
  "size_y": 72,
  "size_z": 46,
  "snr": 3.0248101785149837,
  "spacing_tr": 3.0,
  "spacing_x": 3.0,
  "spacing_y": 3.0,
  "spacing_z": 3.0,
  "summary_bg_k": 10.97764807506877,
  "summary_bg_mad": 58.31323823454737,
  "summary_bg_mean": 391.58556126801045,
  "summary_bg_median": 41.029701232910156,
  "summary_bg_n": 181964.0,
  "summary_bg_p05": 0.905940592288971,
  "summary_bg_p95": 2315.841552734375,
  "summary_bg_stdv": 846.75573054052,
  "summary_fg_k": 0.96226463110421,
  "summary_fg_mad": 1330.6354911087778,
  "summary_fg_mean": 4817.30026363031,
  "summary_fg_median": 4604.44775390625,
  "summary_fg_n": 56500.0,
  "summary_fg_p05": 2645.5667724609375,
  "summary_fg_p95": 7685.841552734375,
  "summary_fg_stdv": 1522.2135389207156,
  "tsnr": 73.86850061092991
}