{
  "aor": 0.0018838423645320195,
  "aqi": 0.005224047980295566,
  "bids_meta": {
    "EchoTime": 0.03,
    "RepetitionTime": 3.0,
    "SliceEncodingDirection": "k",
    "SliceTiming": [
      0.0,
      1.5,
      0.065,
      1.565,
      0.13,
      1.63,
      0.196,
      1.696,
      0.261,
      1.761,
      0.326,
      1.826,
      0.391,
      1.891,
      0.457,
      1.957,
      0.522,
      2.022,
      0.587,
      2.087,
      0.652,
      2.152,
      0.717,
      2.217,
      0.783,
      2.283,
      0.848,
      2.348,
      0.913,
      2.413,
      0.978,
      2.478,
      1.043,
      2.543,
      1.109,
      2.609,
      1.174,
      2.674,
      1.239,
      2.739,
      1.304,
      2.804,
      1.37,
      2.87,
      1.435,
      2.935
    ],
    "TaskName": "rest",
    "dataset": "ds003592",
    "modality": "bold",
    "session_id": "1",
    "subject_id": "205",
    "task_id": "rest"
  },
  "dummy_trs": 1,
  "dvars_nstd": 17.918713428366335,
  "dvars_std": 1.0756793918316834,
  "dvars_vstd": 0.964616878613862,
  "efc": 0.46491208595315786,
  "fber": 11955.01171875,
  "fd_mean": 0.10887047763333298,
  "fd_num": 20,
  "fd_perc": 9.852216748768473,
  "fwhm_avg": 2.816484444444445,
  "fwhm_x": 2.7737700000000003,
  "fwhm_y": 2.8776833333333336,
  "fwhm_z": 2.798,
  "gcor": 0.0303151,
  "gsr_x": 0.005367286503314972,
  "gsr_y": 0.023755239322781563,
  "provenance": {
    "md5sum": "4391934be210b5c9a1c1e71d1bbf447a",
    "settings": {
      "fd_thres": 0.2,
      "testing": false
    },
    "software": "mriqc",
    "version": "23.1.0"
  },
  "size_t": 203,
  "size_x": 72,
  "size_y": 72,
  "size_z": 46,
  "snr": 3.1592551383262246,
  "spacing_tr": 3.0,
  "spacing_x": 3.0,
  "spacing_y": 3.0,
  "spacing_z": 3.0,
  "summary_bg_k": 22.97407952876905,
  "summary_bg_mad": 41.91455068361898,
  "summary_bg_mean": 166.16909224219114,
  "summary_bg_median": 30.300491333007812,
  "summary_bg_n": 189537.0,
  "summary_bg_p05": 1.0443350076675415,
  "summary_bg_p95": 877.3201904296875,
  "summary_bg_stdv": 346.0427772924253,
  "summary_fg_k": 0.6551831421684624,
  "summary_fg_mad": 931.5194082431884,
  "summary_fg_mean": 3452.9731919165465,
  "summary_fg_median": 3313.024658203125,
  "summary_fg_n": 48927.0,
  "summary_fg_p05": 1921.2955322265625,
  "summary_fg_p95": 5419.17724609375,
  "summary_fg_stdv": 1048.661996628593,
  "tsnr": 53.734167717630044
}