{
  "aor": 0.002664554455445545,
  "aqi": 0.007830762227722773,
  "bids_meta": {
    "EchoTime": 0.047,
    "RepetitionTime": 3.0,
    "SliceEncodingDirection": "k",
    "SliceTiming": [
      0.0,
      1.5,
      0.065,
      1.565,
      0.13,
      1.63,
      0.196,
      1.696,
      0.261,
      1.761,
      0.326,
      1.826,
      0.391,
      1.891,
      0.457,
      1.957,
      0.522,
      2.022,
      0.587,
      2.087,
      0.652,
      2.152,
      0.717,
      2.217,
      0.783,
      2.283,
      0.848,
      2.348,
      0.913,
      2.413,
      0.978,
      2.478,
      1.043,
      2.543,
      1.109,
      2.609,
      1.174,
      2.674,
      1.239,
      2.739,
      1.304,
      2.804,
      1.37,
      2.87,
      1.435,
      2.935
    ],
    "TaskName": "rest",
    "dataset": "ds003592",
    "modality": "bold",
    "session_id": "1",
    "subject_id": "196",
    "task_id": "rest"
  },
  "dummy_trs": 2,
  "dvars_nstd": 17.92331962189055,
  "dvars_std": 0.9679614546268662,
  "dvars_vstd": 0.9428873417910447,
  "efc": 0.4197130563349981,
  "fber": 15284.2509765625,
  "fd_mean": 0.07146872658789089,
  "fd_num": 2,
  "fd_perc": 0.9900990099009901,
  "fwhm_avg": 2.5146555555555556,
  "fwhm_x": 2.47622,
  "fwhm_y": 2.6205000000000003,
  "fwhm_z": 2.4472466666666666,
  "gcor": 0.00813581,
  "gsr_x": -0.012116453610360622,
  "gsr_y": 0.022057073190808296,
  "provenance": {
    "md5sum": "68cdcb47cd4538d806207c97da080540",
    "settings": {
      "fd_thres": 0.2,
      "testing": false
    },
    "software": "mriqc",
    "version": "23.1.0"
  },
  "size_t": 202,
  "size_x": 72,
  "size_y": 72,
  "size_z": 46,
  "snr": 3.2696692497474773,
  "spacing_tr": 3.0,
  "spacing_x": 3.0,
  "spacing_y": 3.0,
  "spacing_z": 3.0,
  "summary_bg_k": 49.05293768227256,
  "summary_bg_mad": 27.90521520870068,
  "summary_bg_mean": 83.190740093508,
  "summary_bg_median": 21.21782112121582,
  "summary_bg_n": 194718.0,
  "summary_bg_p05": 0.5841584205627441,
  "summary_bg_p95": 388.3663330078125,
  "summary_bg_stdv": 192.39229699593312,
  "summary_fg_k": 0.8493404540280038,
  "summary_fg_mad": 715.5758251774785,
  "summary_fg_mean": 2701.848902828555,
  "summary_fg_median": 2623.1484375,
  "summary_fg_n": 43746.0,
  "summary_fg_p05": 1487.737548828125,
  "summary_fg_p95": 4135.935546875,
  "summary_fg_stdv": 802.2580436693372,
  "tsnr": 41.938638706924394
}