{
  "bids_meta": {
    "EchoTime": 0.0034,
    "FlipAngle": 7,
    "RepetitionTime": 2.53,
    "dataset": "ds003592",
    "modality": "T1w",
    "session_id": "1",
    "subject_id": "235"
  },
  "cjv": 0.5508563491408935,
  "cnr": 1.715738464428654,
  "efc": 0.5739927743032076,
  "fber": -1.0,
  "fwhm_avg": 3.95471,
  "fwhm_x": 3.94929,
  "fwhm_y": 4.13302,
  "fwhm_z": 3.78182,
  "icvs_csf": 0.2664387756775801,
  "icvs_gm": 0.38455090066499475,
  "icvs_wm": 0.3490103236574252,
  "inu_med": 0.7653203904628754,
  "inu_range": 0.4917741924524307,
  "provenance": {
    "md5sum": "c9d1837bcac850c7af9777cf33b57961",
    "settings": {
      "testing": false
    },
    "software": "mriqc",
    "version": "23.1.0",
    "warnings": {
      "large_rot_frame": true,
      "small_air_mask": false
    }
  },
  "qi_1": 0.0,
  "qi_2": 0.002115513619512135,
  "rpve_csf": 8.06007710108929,
  "rpve_gm": 7.966366278053038,
  "rpve_wm": 8.064874501858133,
  "size_x": 176,
  "size_y": 256,
  "size_z": 256,
  "snr_csf": 1.8678109833342427,
  "snr_gm": 5.155636973033616,
  "snr_total": 5.677702693564288,
  "snr_wm": 10.009660124325002,
  "snrd_csf": 23.41194996110069,
  "snrd_gm": 40.56698643533447,
  "snrd_total": 40.42621638710745,
  "snrd_wm": 57.29971276488718,
  "spacing_x": 1.0,
  "spacing_y": 1.0,
  "spacing_z": 1.0,
  "summary_bg_k": 730.2121551663353,
  "summary_bg_mad": 0.0,
  "summary_bg_mean": 2.9082304544668283,
  "summary_bg_median": 0.0,
  "summary_bg_n": 2822533.0,
  "summary_bg_p05": 0.0,
  "summary_bg_p95": 16.04994921013713,
  "summary_bg_stdv": 10.999135164841782,
  "summary_csf_k": -0.448785946291792,
  "summary_csf_mad": 161.6537994184332,
  "summary_csf_mean": 401.91520977225014,
  "summary_csf_median": 393.0650198869407,
  "summary_csf_n": 376193.43352701573,
  "summary_csf_p05": 73.40647100284696,
  "summary_csf_p95": 735.2993215061724,
  "summary_csf_stdv": 210.4412603682452,
  "summary_gm_k": -0.3678877528094229,
  "summary_gm_mad": 88.5408872259487,
  "summary_gm_mean": 689.4872656907763,
  "summary_gm_median": 681.0822403281927,
  "summary_gm_n": 542959.7224321874,
  "summary_gm_p05": 480.7224348038435,
  "summary_gm_p95": 945.7123919203877,
  "summary_gm_stdv": 132.1042611603968,
  "summary_wm_k": -0.17255717913825697,
  "summary_wm_mad": 66.20954709276495,
  "summary_wm_mean": 938.59151285891,
  "summary_wm_median": 962.0092634260654,
  "summary_wm_n": 492778.8444424603,
  "summary_wm_p05": 743.165560349822,
  "summary_wm_p95": 1059.8963163010776,
  "summary_wm_stdv": 96.10798722138887,
  "tpm_overlap_csf": 0.1992457069961739,
  "tpm_overlap_gm": 0.5306627136206897,
  "tpm_overlap_wm": 0.5331594174603702,
  "wm2max": 0.5068391317276242
}