{
  "aor": 0.010838472906403942,
  "aqi": 0.00565998512315271,
  "bids_meta": {
    "EchoTime": 0.03,
    "RepetitionTime": 3.0,
    "SliceEncodingDirection": "k",
    "SliceTiming": [
      0.0,
      1.5,
      0.065,
      1.565,
      0.13,
      1.63,
      0.196,
      1.696,
      0.261,
      1.761,
      0.326,
      1.826,
      0.391,
      1.891,
      0.457,
      1.957,
      0.522,
      2.022,
      0.587,
      2.087,
      0.652,
      2.152,
      0.717,
      2.217,
      0.783,
      2.283,
      0.848,
      2.348,
      0.913,
      2.413,
      0.978,
      2.478,
      1.043,
      2.543,
      1.109,
      2.609,
      1.174,
      2.674,
      1.239,
      2.739,
      1.304,
      2.804,
      1.37,
      2.87,
      1.435,
      2.935
    ],
    "TaskName": "rest",
    "dataset": "ds003592",
    "modality": "bold",
    "session_id": "1",
    "subject_id": "134",
    "task_id": "rest"
  },
  "dummy_trs": 1,
  "dvars_nstd": 17.699489970891097,
  "dvars_std": 1.1546101653465346,
  "dvars_vstd": 1.036872157178218,
  "efc": 0.4229444627420537,
  "fber": 21146.509765625,
  "fd_mean": 0.10255317709117924,
  "fd_num": 19,
  "fd_perc": 9.35960591133005,
  "fwhm_avg": 3.401822041392341,
  "fwhm_x": 3.3793666666666664,
  "fwhm_y": 3.228899743390104,
  "fwhm_z": 3.597199714120252,
  "gcor": 0.0485692,
  "gsr_x": -0.002415553666651249,
  "gsr_y": 0.011698168702423573,
  "provenance": {
    "md5sum": "d4b4c6f4c909a5810dc9197ba28be75a",
    "settings": {
      "fd_thres": 0.2,
      "testing": false
    },
    "software": "mriqc",
    "version": "23.1.0"
  },
  "size_t": 203,
  "size_x": 72,
  "size_y": 72,
  "size_z": 46,
  "snr": 2.7344048842054063,
  "spacing_tr": 3.0,
  "spacing_x": 3.0,
  "spacing_y": 3.000000238418579,
  "spacing_z": 3.000000238418579,
  "summary_bg_k": 37.262969743977585,
  "summary_bg_mad": 33.939173549260495,
  "summary_bg_mean": 147.92627778202586,
  "summary_bg_median": 24.778324127197266,
  "summary_bg_n": 195380.0,
  "summary_bg_p05": 0.9162561297416687,
  "summary_bg_p95": 790.3595886230469,
  "summary_bg_stdv": 346.319714783159,
  "summary_fg_k": 0.7842301725264034,
  "summary_fg_mad": 1042.8282311488358,
  "summary_fg_mean": 3908.3607755339963,
  "summary_fg_median": 3603.22412109375,
  "summary_fg_n": 43084.0,
  "summary_fg_p05": 2189.039306640625,
  "summary_fg_p95": 6621.689453125,
  "summary_fg_stdv": 1317.7208413416258,
  "tsnr": 52.5956211425364
}