{
  "aor": 0.002677635467980296,
  "aqi": 0.009530614532019704,
  "bids_meta": {
    "EchoTime": 0.047,
    "RepetitionTime": 3.0,
    "SliceEncodingDirection": "k",
    "SliceTiming": [
      0.0,
      1.5,
      0.065,
      1.565,
      0.13,
      1.63,
      0.196,
      1.696,
      0.261,
      1.761,
      0.326,
      1.826,
      0.391,
      1.891,
      0.457,
      1.957,
      0.522,
      2.022,
      0.587,
      2.087,
      0.652,
      2.152,
      0.717,
      2.217,
      0.783,
      2.283,
      0.848,
      2.348,
      0.913,
      2.413,
      0.978,
      2.478,
      1.043,
      2.543,
      1.109,
      2.609,
      1.174,
      2.674,
      1.239,
      2.739,
      1.304,
      2.804,
      1.37,
      2.87,
      1.435,
      2.935
    ],
    "TaskName": "rest",
    "dataset": "ds003592",
    "modality": "bold",
    "session_id": "1",
    "subject_id": "67",
    "task_id": "rest"
  },
  "dummy_trs": 1,
  "dvars_nstd": 27.4598110499505,
  "dvars_std": 1.0094425563366334,
  "dvars_vstd": 0.9395773394554453,
  "efc": 0.40483219362249157,
  "fber": 8354.2626953125,
  "fd_mean": 0.12766167083278934,
  "fd_num": 23,
  "fd_perc": 11.330049261083744,
  "fwhm_avg": 2.846142222222222,
  "fwhm_x": 2.80429,
  "fwhm_y": 2.884673333333333,
  "fwhm_z": 2.849463333333333,
  "gcor": 0.0151914,
  "gsr_x": -0.00432182801887393,
  "gsr_y": 0.019950399175286293,
  "provenance": {
    "md5sum": "34ca9f18f1ecad987a01f6aa17d304c3",
    "settings": {
      "fd_thres": 0.2,
      "testing": false
    },
    "software": "mriqc",
    "version": "23.1.0"
  },
  "size_t": 203,
  "size_x": 72,
  "size_y": 72,
  "size_z": 46,
  "snr": 2.3516308388882745,
  "spacing_tr": 3.0,
  "spacing_x": 3.0,
  "spacing_y": 3.0,
  "spacing_z": 3.0,
  "summary_bg_k": 39.23185685406135,
  "summary_bg_mad": 30.740260564705224,
  "summary_bg_mean": 84.69185999019109,
  "summary_bg_median": 24.92118263244629,
  "summary_bg_n": 197664.0,
  "summary_bg_p05": 1.2216747999191284,
  "summary_bg_p95": 389.5960388183594,
  "summary_bg_stdv": 181.7222640879361,
  "summary_fg_k": 2.4111244194780603,
  "summary_fg_mad": 782.7372351233203,
  "summary_fg_mean": 2479.4485239640403,
  "summary_fg_median": 2277.83740234375,
  "summary_fg_n": 40800.0,
  "summary_fg_p05": 1279.6403198242188,
  "summary_fg_p95": 4382.72412109375,
  "summary_fg_stdv": 968.608443906732,
  "tsnr": 34.78402291238308
}