{
  "aor": 0.0037680788177339906,
  "aqi": 0.0036592184729064042,
  "bids_meta": {
    "EchoTime": 0.0137,
    "RepetitionTime": 3.0,
    "SliceEncodingDirection": "k",
    "SliceTiming": [
      0.0,
      1.5,
      0.065,
      1.565,
      0.13,
      1.63,
      0.196,
      1.696,
      0.261,
      1.761,
      0.326,
      1.826,
      0.391,
      1.891,
      0.457,
      1.957,
      0.522,
      2.022,
      0.587,
      2.087,
      0.652,
      2.152,
      0.717,
      2.217,
      0.783,
      2.283,
      0.848,
      2.348,
      0.913,
      2.413,
      0.978,
      2.478,
      1.043,
      2.543,
      1.109,
      2.609,
      1.174,
      2.674,
      1.239,
      2.739,
      1.304,
      2.804,
      1.37,
      2.87,
      1.435,
      2.935
    ],
    "TaskName": "rest",
    "dataset": "ds003592",
    "modality": "bold",
    "session_id": "1",
    "subject_id": "90",
    "task_id": "rest"
  },
  "dummy_trs": 1,
  "dvars_nstd": 26.041075319207913,
  "dvars_std": 1.233234287178218,
  "dvars_vstd": 0.9874563492574256,
  "efc": 0.5387562029332653,
  "fber": 9959.6005859375,
  "fd_mean": 0.18831168442705098,
  "fd_num": 68,
  "fd_perc": 33.49753694581281,
  "fwhm_avg": 3.27112,
  "fwhm_x": 2.8976100000000002,
  "fwhm_y": 3.2879833333333335,
  "fwhm_z": 3.6277666666666666,
  "gcor": 0.0553041,
  "gsr_x": -0.016016600653529167,
  "gsr_y": 0.094573475420475,
  "provenance": {
    "md5sum": "df656bc30475e5399060a8b025ac3c2d",
    "settings": {
      "fd_thres": 0.2,
      "testing": false
    },
    "software": "mriqc",
    "version": "23.1.0"
  },
  "size_t": 203,
  "size_x": 72,
  "size_y": 72,
  "size_z": 46,
  "snr": 2.878778987753108,
  "spacing_tr": 3.0,
  "spacing_x": 3.0,
  "spacing_y": 3.0,
  "spacing_z": 3.0,
  "summary_bg_k": 9.846801059562424,
  "summary_bg_mad": 68.87162017879041,
  "summary_bg_mean": 467.31109741712856,
  "summary_bg_median": 47.507389068603516,
  "summary_bg_n": 178319.0,
  "summary_bg_p05": 0.3497536778450012,
  "summary_bg_p95": 2627.0048828125,
  "summary_bg_stdv": 970.6702287771036,
  "summary_fg_k": 0.8967211456942086,
  "summary_fg_mad": 1459.975884355508,
  "summary_fg_mean": 4973.325091954056,
  "summary_fg_median": 4741.1328125,
  "summary_fg_n": 60145.0,
  "summary_fg_p05": 2635.90625,
  "summary_fg_p95": 8080.3349609375,
  "summary_fg_stdv": 1646.911214204552,
  "tsnr": 66.12473710253835
}