{
  "aor": 0.008597339901477832,
  "aqi": 0.007620873645320198,
  "bids_meta": {
    "EchoTime": 0.0137,
    "RepetitionTime": 3.0,
    "SliceEncodingDirection": "k",
    "SliceTiming": [
      0.0,
      1.5,
      0.065,
      1.565,
      0.13,
      1.63,
      0.196,
      1.696,
      0.261,
      1.761,
      0.326,
      1.826,
      0.391,
      1.891,
      0.457,
      1.957,
      0.522,
      2.022,
      0.587,
      2.087,
      0.652,
      2.152,
      0.717,
      2.217,
      0.783,
      2.283,
      0.848,
      2.348,
      0.913,
      2.413,
      0.978,
      2.478,
      1.043,
      2.543,
      1.109,
      2.609,
      1.174,
      2.674,
      1.239,
      2.739,
      1.304,
      2.804,
      1.37,
      2.87,
      1.435,
      2.935
    ],
    "TaskName": "rest",
    "dataset": "ds003592",
    "modality": "bold",
    "session_id": "1",
    "subject_id": "154",
    "task_id": "rest"
  },
  "dummy_trs": 1,
  "dvars_nstd": 16.038180605990096,
  "dvars_std": 1.0335767770792081,
  "dvars_vstd": 0.9172170028217825,
  "efc": 0.562738463314166,
  "fber": 4850.2939453125,
  "fd_mean": 0.08663212311718717,
  "fd_num": 8,
  "fd_perc": 3.9408866995073892,
  "fwhm_avg": 3.1963000000000004,
  "fwhm_x": 2.57116,
  "fwhm_y": 3.257073333333333,
  "fwhm_z": 3.760666666666667,
  "gcor": 0.0205751,
  "gsr_x": -0.026493122801184654,
  "gsr_y": 0.08921878784894943,
  "provenance": {
    "md5sum": "4896ddae67d9d7b4ab2df59a5b460968",
    "settings": {
      "fd_thres": 0.2,
      "testing": false
    },
    "software": "mriqc",
    "version": "23.1.0"
  },
  "size_t": 203,
  "size_x": 72,
  "size_y": 72,
  "size_z": 46,
  "snr": 2.7308713305043666,
  "spacing_tr": 3.0,
  "spacing_x": 3.0,
  "spacing_y": 3.0,
  "spacing_z": 3.0,
  "summary_bg_k": 11.103122191659056,
  "summary_bg_mad": 103.64338880173209,
  "summary_bg_mean": 531.1153902934888,
  "summary_bg_median": 71.43842315673828,
  "summary_bg_n": 171277.0,
  "summary_bg_p05": 0.6699507236480713,
  "summary_bg_p95": 2812.315185546875,
  "summary_bg_stdv": 1071.9827482611788,
  "summary_fg_k": 0.715749365515439,
  "summary_fg_mad": 1655.0079350314193,
  "summary_fg_mean": 5247.7324600159145,
  "summary_fg_median": 4975.26123046875,
  "summary_fg_n": 67187.0,
  "summary_fg_p05": 2707.034423828125,
  "summary_fg_p95": 8599.90625,
  "summary_fg_stdv": 1821.8449728045982,
  "tsnr": 58.198783826082945
}