{
  "aor": 0.0009650738916256157,
  "aqi": 0.004853179162561575,
  "bids_meta": {
    "EchoTime": 0.03,
    "RepetitionTime": 3.0,
    "SliceEncodingDirection": "k",
    "SliceTiming": [
      0.0,
      1.5,
      0.065,
      1.565,
      0.13,
      1.63,
      0.196,
      1.696,
      0.261,
      1.761,
      0.326,
      1.826,
      0.391,
      1.891,
      0.457,
      1.957,
      0.522,
      2.022,
      0.587,
      2.087,
      0.652,
      2.152,
      0.717,
      2.217,
      0.783,
      2.283,
      0.848,
      2.348,
      0.913,
      2.413,
      0.978,
      2.478,
      1.043,
      2.543,
      1.109,
      2.609,
      1.174,
      2.674,
      1.239,
      2.739,
      1.304,
      2.804,
      1.37,
      2.87,
      1.435,
      2.935
    ],
    "TaskName": "rest",
    "dataset": "ds003592",
    "modality": "bold",
    "session_id": "2",
    "subject_id": "61",
    "task_id": "rest"
  },
  "dummy_trs": 1,
  "dvars_nstd": 18.9627259369307,
  "dvars_std": 1.1305088133168313,
  "dvars_vstd": 0.9532688158415838,
  "efc": 0.45445485427573556,
  "fber": 15148.3583984375,
  "fd_mean": 0.10892824928094623,
  "fd_num": 23,
  "fd_perc": 11.330049261083744,
  "fwhm_avg": 2.9861144444444445,
  "fwhm_x": 2.9023233333333334,
  "fwhm_y": 2.95181,
  "fwhm_z": 3.10421,
  "gcor": 0.0173795,
  "gsr_x": -0.01243557222187519,
  "gsr_y": 0.025405393913388252,
  "provenance": {
    "md5sum": "47c341352996c7d88ea4c0b59854a5db",
    "settings": {
      "fd_thres": 0.2,
      "testing": false
    },
    "software": "mriqc",
    "version": "23.1.0"
  },
  "size_t": 203,
  "size_x": 72,
  "size_y": 72,
  "size_z": 46,
  "snr": 3.0542623014073187,
  "spacing_tr": 3.0,
  "spacing_x": 3.0,
  "spacing_y": 3.0,
  "spacing_z": 3.0,
  "summary_bg_k": 49.915798402051855,
  "summary_bg_mad": 38.76676096885034,
  "summary_bg_mean": 144.95371546286066,
  "summary_bg_median": 27.931034088134766,
  "summary_bg_n": 188660.0,
  "summary_bg_p05": 0.6576354503631592,
  "summary_bg_p95": 730.1527099609375,
  "summary_bg_stdv": 330.2771593595639,
  "summary_fg_k": 0.5937219086825403,
  "summary_fg_mad": 1010.7915716870453,
  "summary_fg_mean": 3605.260476828361,
  "summary_fg_median": 3437.7142333984375,
  "summary_fg_n": 49804.0,
  "summary_fg_p05": 1993.916259765625,
  "summary_fg_p95": 5748.93115234375,
  "summary_fg_stdv": 1125.535196898493,
  "tsnr": 67.300982887391
}