{
  "aor": 0.0006428712871287128,
  "aqi": 0.003085846237623763,
  "bids_meta": {
    "EchoTime": 0.03,
    "RepetitionTime": 3.0,
    "SliceEncodingDirection": "k",
    "SliceTiming": [
      0.0,
      1.5,
      0.065,
      1.565,
      0.13,
      1.63,
      0.196,
      1.696,
      0.261,
      1.761,
      0.326,
      1.826,
      0.391,
      1.891,
      0.457,
      1.957,
      0.522,
      2.022,
      0.587,
      2.087,
      0.652,
      2.152,
      0.717,
      2.217,
      0.783,
      2.283,
      0.848,
      2.348,
      0.913,
      2.413,
      0.978,
      2.478,
      1.043,
      2.543,
      1.109,
      2.609,
      1.174,
      2.674,
      1.239,
      2.739,
      1.304,
      2.804,
      1.37,
      2.87,
      1.435,
      2.935
    ],
    "TaskName": "rest",
    "dataset": "ds003592",
    "modality": "bold",
    "session_id": "1",
    "subject_id": "139",
    "task_id": "rest"
  },
  "dummy_trs": 2,
  "dvars_nstd": 19.75120257875622,
  "dvars_std": 1.181457844875622,
  "dvars_vstd": 0.9614113339800991,
  "efc": 0.4434655690905565,
  "fber": 16844.1171875,
  "fd_mean": 0.07352079644425664,
  "fd_num": 7,
  "fd_perc": 3.4653465346534653,
  "fwhm_avg": 3.099362222222222,
  "fwhm_x": 3.026783333333333,
  "fwhm_y": 3.1379366666666666,
  "fwhm_z": 3.133366666666667,
  "gcor": 0.0275876,
  "gsr_x": -0.007100365124642849,
  "gsr_y": 0.024851258844137192,
  "provenance": {
    "md5sum": "a1b07dc840fd792f806f557ddbd4c056",
    "settings": {
      "fd_thres": 0.2,
      "testing": false
    },
    "software": "mriqc",
    "version": "23.1.0"
  },
  "size_t": 202,
  "size_x": 72,
  "size_y": 72,
  "size_z": 46,
  "snr": 2.909069083609457,
  "spacing_tr": 3.0,
  "spacing_x": 3.0,
  "spacing_y": 3.0,
  "spacing_z": 3.0,
  "summary_bg_k": 21.886727446596485,
  "summary_bg_mad": 35.76594396069238,
  "summary_bg_mean": 160.7905353058769,
  "summary_bg_median": 26.03960418701172,
  "summary_bg_n": 193074.0,
  "summary_bg_p05": 0.9009900689125061,
  "summary_bg_p95": 898.6187744140625,
  "summary_bg_stdv": 362.1711220494634,
  "summary_fg_k": 0.8443559956098299,
  "summary_fg_mad": 996.3161110861256,
  "summary_fg_mean": 3590.72475335598,
  "summary_fg_median": 3379.5469970703125,
  "summary_fg_n": 45390.0,
  "summary_fg_p05": 2014.0048828125,
  "summary_fg_p95": 5907.61865234375,
  "summary_fg_stdv": 1161.7151988675175,
  "tsnr": 69.89172417891677
}