{
  "aor": 0.001729655172413793,
  "aqi": 0.005884412561576354,
  "bids_meta": {
    "EchoTime": 0.047,
    "RepetitionTime": 3.0,
    "SliceEncodingDirection": "k",
    "SliceTiming": [
      0.0,
      1.5,
      0.065,
      1.565,
      0.13,
      1.63,
      0.196,
      1.696,
      0.261,
      1.761,
      0.326,
      1.826,
      0.391,
      1.891,
      0.457,
      1.957,
      0.522,
      2.022,
      0.587,
      2.087,
      0.652,
      2.152,
      0.717,
      2.217,
      0.783,
      2.283,
      0.848,
      2.348,
      0.913,
      2.413,
      0.978,
      2.478,
      1.043,
      2.543,
      1.109,
      2.609,
      1.174,
      2.674,
      1.239,
      2.739,
      1.304,
      2.804,
      1.37,
      2.87,
      1.435,
      2.935
    ],
    "TaskName": "rest",
    "dataset": "ds003592",
    "modality": "bold",
    "session_id": "1",
    "subject_id": "225",
    "task_id": "rest"
  },
  "dummy_trs": 1,
  "dvars_nstd": 21.73657577836633,
  "dvars_std": 1.0138768145544557,
  "dvars_vstd": 0.9524128364851489,
  "efc": 0.43743705600547556,
  "fber": 13628.2841796875,
  "fd_mean": 0.05578577618649033,
  "fd_num": 2,
  "fd_perc": 0.9852216748768473,
  "fwhm_avg": 2.486562222222222,
  "fwhm_x": 2.5227566666666665,
  "fwhm_y": 2.57016,
  "fwhm_z": 2.3667700000000003,
  "gcor": 0.0246111,
  "gsr_x": -0.013937653973698616,
  "gsr_y": 0.022910689935088158,
  "provenance": {
    "md5sum": "89f97da39bce500735bed89c6dff1d99",
    "settings": {
      "fd_thres": 0.2,
      "testing": false
    },
    "software": "mriqc",
    "version": "23.1.0"
  },
  "size_t": 203,
  "size_x": 72,
  "size_y": 72,
  "size_z": 46,
  "snr": 2.972866106489912,
  "spacing_tr": 3.0,
  "spacing_x": 3.0,
  "spacing_y": 3.0,
  "spacing_z": 3.0,
  "summary_bg_k": 40.58495383696678,
  "summary_bg_mad": 26.73796479354708,
  "summary_bg_mean": 83.18036170043091,
  "summary_bg_median": 20.57635498046875,
  "summary_bg_n": 190327.0,
  "summary_bg_p05": 1.0,
  "summary_bg_p95": 379.33990478515625,
  "summary_bg_stdv": 189.26826187327976,
  "summary_fg_k": 1.3212645139012107,
  "summary_fg_mad": 721.1216479047328,
  "summary_fg_mean": 2506.567385223184,
  "summary_fg_median": 2402.088623046875,
  "summary_fg_n": 48137.0,
  "summary_fg_p05": 1376.8472900390625,
  "summary_fg_p95": 4008.28564453125,
  "summary_fg_stdv": 807.9959158369056,
  "tsnr": 48.127656910568476
}