{
  "aor": 0.0031531000000000003,
  "aqi": 0.00199819099,
  "bids_meta": {
    "EchoTime": 0.014,
    "RepetitionTime": 3,
    "SliceEncodingDirection": "k",
    "SliceTiming": [
      0,
      1.5425,
      0.07,
      1.6125,
      0.14,
      1.6825,
      0.21,
      1.7525,
      0.28,
      1.8225,
      0.35,
      1.8925,
      0.42,
      1.9625,
      0.49,
      2.0325,
      0.56,
      2.1025,
      0.63,
      2.1725,
      0.7,
      2.2425,
      0.77,
      2.3125,
      0.84,
      2.3825,
      0.91,
      2.4525,
      0.98,
      2.5225,
      1.05,
      2.5925,
      1.12,
      2.6625,
      1.19,
      2.7325,
      1.26,
      2.8025,
      1.33,
      2.8725,
      1.4,
      2.9425,
      1.47
    ],
    "TaskName": "rest",
    "dataset": "ds003592",
    "modality": "bold",
    "session_id": "1",
    "subject_id": "242",
    "task_id": "rest"
  },
  "dummy_trs": 0,
  "dvars_nstd": 20.19705902778895,
  "dvars_std": 1.3595427022110547,
  "dvars_vstd": 1.0251044022613063,
  "efc": 0.5448435748714224,
  "fber": 1193.522705078125,
  "fd_mean": 0.04538492699167646,
  "fd_num": 0,
  "fd_perc": 0.0,
  "fwhm_avg": 3.2456592867298535,
  "fwhm_x": 2.697505185185185,
  "fwhm_y": 3.3181039381030004,
  "fwhm_z": 3.721368736901375,
  "gcor": 0.0457746,
  "gsr_x": -0.038343045860528946,
  "gsr_y": 0.1080658882856369,
  "provenance": {
    "md5sum": "7af1402eb12f958e0ffed747192d4c16",
    "settings": {
      "fd_thres": 0.2,
      "testing": false
    },
    "software": "mriqc",
    "version": "23.1.0"
  },
  "size_t": 200,
  "size_x": 64,
  "size_y": 64,
  "size_z": 43,
  "snr": 2.162471547162949,
  "spacing_tr": 3.0,
  "spacing_x": 3.375,
  "spacing_y": 3.374999761581421,
  "spacing_z": 2.9999983310699463,
  "summary_bg_k": 18.128835574035055,
  "summary_bg_mad": 21.297579115572596,
  "summary_bg_mean": 107.43922401956343,
  "summary_bg_median": 25.529998779296875,
  "summary_bg_n": 131691.0,
  "summary_bg_p05": 9.554999351501465,
  "summary_bg_p95": 531.2550048828125,
  "summary_bg_stdv": 209.42168416919532,
  "summary_fg_k": 3.3115895369496524,
  "summary_fg_mad": 318.2924536602408,
  "summary_fg_mean": 967.2357902032388,
  "summary_fg_median": 881.9949951171875,
  "summary_fg_n": 44437.0,
  "summary_fg_p05": 498.4100036621094,
  "summary_fg_p95": 1774.5999755859375,
  "summary_fg_stdv": 407.8597344378891,
  "tsnr": 91.71076649799943
}