{
  "aor": 0.00861355,
  "aqi": 0.0032836948,
  "bids_meta": {
    "EchoTime": 0.014,
    "RepetitionTime": 3,
    "SliceEncodingDirection": "k",
    "SliceTiming": [
      0,
      1.5425,
      0.07,
      1.6125,
      0.14,
      1.6825,
      0.21,
      1.7525,
      0.28,
      1.8225,
      0.35,
      1.8925,
      0.42,
      1.9625,
      0.49,
      2.0325,
      0.56,
      2.1025,
      0.63,
      2.1725,
      0.7,
      2.2425,
      0.77,
      2.3125,
      0.84,
      2.3825,
      0.91,
      2.4525,
      0.98,
      2.5225,
      1.05,
      2.5925,
      1.12,
      2.6625,
      1.19,
      2.7325,
      1.26,
      2.8025,
      1.33,
      2.8725,
      1.4,
      2.9425,
      1.47
    ],
    "TaskName": "rest",
    "dataset": "ds003592",
    "modality": "bold",
    "session_id": "2",
    "subject_id": "248",
    "task_id": "rest"
  },
  "dummy_trs": 0,
  "dvars_nstd": 19.536177064824116,
  "dvars_std": 1.1087425038190957,
  "dvars_vstd": 1.0041548681909547,
  "efc": 0.5135530901894172,
  "fber": 2467.671630859375,
  "fd_mean": 0.11753312961480163,
  "fd_num": 24,
  "fd_perc": 12.0,
  "fwhm_avg": 2.5832150191828416,
  "fwhm_x": 2.0672651851851853,
  "fwhm_y": 2.628082962962963,
  "fwhm_z": 3.0542969094003767,
  "gcor": 0.0427305,
  "gsr_x": -0.035318486392498016,
  "gsr_y": 0.08681422472000122,
  "provenance": {
    "md5sum": "b0304f46120106f47ca7fcef5f3e24d0",
    "settings": {
      "fd_thres": 0.2,
      "testing": false
    },
    "software": "mriqc",
    "version": "23.1.0"
  },
  "size_t": 200,
  "size_x": 64,
  "size_y": 64,
  "size_z": 43,
  "snr": 2.8751913941123473,
  "spacing_tr": 3.0,
  "spacing_x": 3.375,
  "spacing_y": 3.375,
  "spacing_z": 2.999999761581421,
  "summary_bg_k": 19.363316239177763,
  "summary_bg_mad": 9.711044107035795,
  "summary_bg_mean": 60.3613229378942,
  "summary_bg_median": 14.444999694824219,
  "summary_bg_n": 137176.0,
  "summary_bg_p05": 7.239999771118164,
  "summary_bg_p95": 310.2850036621094,
  "summary_bg_stdv": 117.26736840944368,
  "summary_fg_k": 1.2301506092164045,
  "summary_fg_mad": 222.7387225793832,
  "summary_fg_mean": 754.8297792033851,
  "summary_fg_median": 717.5649719238281,
  "summary_fg_n": 38952.0,
  "summary_fg_p05": 416.04498291015625,
  "summary_fg_p95": 1220.074951171875,
  "summary_fg_stdv": 249.56799830671488,
  "tsnr": 72.82015015557408
}