{
  "aor": 0.0010290547263681591,
  "aqi": 0.006808364179104478,
  "bids_meta": {
    "EchoTime": 0.047,
    "RepetitionTime": 3.0,
    "SliceEncodingDirection": "k",
    "SliceTiming": [
      0.0,
      1.5,
      0.065,
      1.565,
      0.13,
      1.63,
      0.196,
      1.696,
      0.261,
      1.761,
      0.326,
      1.826,
      0.391,
      1.891,
      0.457,
      1.957,
      0.522,
      2.022,
      0.587,
      2.087,
      0.652,
      2.152,
      0.717,
      2.217,
      0.783,
      2.283,
      0.848,
      2.348,
      0.913,
      2.413,
      0.978,
      2.478,
      1.043,
      2.543,
      1.109,
      2.609,
      1.174,
      2.674,
      1.239,
      2.739,
      1.304,
      2.804,
      1.37,
      2.87,
      1.435,
      2.935
    ],
    "TaskName": "rest",
    "dataset": "ds003592",
    "modality": "bold",
    "session_id": "1",
    "subject_id": "183",
    "task_id": "rest"
  },
  "dummy_trs": 3,
  "dvars_nstd": 33.433758773749986,
  "dvars_std": 1.1300384832,
  "dvars_vstd": 0.9538905026000005,
  "efc": 0.41600717464755627,
  "fber": 9245.08203125,
  "fd_mean": 0.19078748000708098,
  "fd_num": 92,
  "fd_perc": 45.77114427860697,
  "fwhm_avg": 2.523741111111111,
  "fwhm_x": 2.5408133333333334,
  "fwhm_y": 2.5694866666666667,
  "fwhm_z": 2.460923333333333,
  "gcor": 0.015588,
  "gsr_x": -0.01651366613805294,
  "gsr_y": 0.02350710891187191,
  "provenance": {
    "md5sum": "dfa0cee4b81bc2b026218804351834cd",
    "settings": {
      "fd_thres": 0.2,
      "testing": false
    },
    "software": "mriqc",
    "version": "23.1.0"
  },
  "size_t": 201,
  "size_x": 72,
  "size_y": 72,
  "size_z": 46,
  "snr": 2.7174864441706563,
  "spacing_tr": 3.0,
  "spacing_x": 3.0,
  "spacing_y": 3.0,
  "spacing_z": 3.0,
  "summary_bg_k": 38.86803274109475,
  "summary_bg_mad": 33.43599877952079,
  "summary_bg_mean": 86.4216982900369,
  "summary_bg_median": 25.378108978271484,
  "summary_bg_n": 195532.0,
  "summary_bg_p05": 1.0,
  "summary_bg_p95": 383.25372314453125,
  "summary_bg_stdv": 192.95691958936894,
  "summary_fg_k": 1.7789849949334444,
  "summary_fg_mad": 737.8971146450418,
  "summary_fg_mean": 2605.2280270186316,
  "summary_fg_median": 2440.1392822265625,
  "summary_fg_n": 42932.0,
  "summary_fg_p05": 1419.333251953125,
  "summary_fg_p95": 4355.41796875,
  "summary_fg_stdv": 897.9293599207099,
  "tsnr": 45.13404816831462
}