{
  "aor": 0.0010775862068965517,
  "aqi": 0.004469944975369458,
  "bids_meta": {
    "EchoTime": 0.03,
    "RepetitionTime": 3.0,
    "SliceEncodingDirection": "k",
    "SliceTiming": [
      0.0,
      1.5,
      0.065,
      1.565,
      0.13,
      1.63,
      0.196,
      1.696,
      0.261,
      1.761,
      0.326,
      1.826,
      0.391,
      1.891,
      0.457,
      1.957,
      0.522,
      2.022,
      0.587,
      2.087,
      0.652,
      2.152,
      0.717,
      2.217,
      0.783,
      2.283,
      0.848,
      2.348,
      0.913,
      2.413,
      0.978,
      2.478,
      1.043,
      2.543,
      1.109,
      2.609,
      1.174,
      2.674,
      1.239,
      2.739,
      1.304,
      2.804,
      1.37,
      2.87,
      1.435,
      2.935
    ],
    "TaskName": "rest",
    "dataset": "ds003592",
    "modality": "bold",
    "session_id": "1",
    "subject_id": "109",
    "task_id": "rest"
  },
  "dummy_trs": 1,
  "dvars_nstd": 22.580249597524755,
  "dvars_std": 1.020130379455446,
  "dvars_vstd": 0.9429020000990103,
  "efc": 0.42059279996609805,
  "fber": 10812.8251953125,
  "fd_mean": 0.11475212071840976,
  "fd_num": 23,
  "fd_perc": 11.330049261083744,
  "fwhm_avg": 3.223835555555556,
  "fwhm_x": 3.0687333333333338,
  "fwhm_y": 3.142106666666667,
  "fwhm_z": 3.4606666666666666,
  "gcor": 0.0286649,
  "gsr_x": -0.004177713301032782,
  "gsr_y": 0.01606479100883007,
  "provenance": {
    "md5sum": "dc5d116c32ceedd2b9872101c44fe0df",
    "settings": {
      "fd_thres": 0.2,
      "testing": false
    },
    "software": "mriqc",
    "version": "23.1.0"
  },
  "size_t": 203,
  "size_x": 72,
  "size_y": 72,
  "size_z": 46,
  "snr": 2.7695449709621567,
  "spacing_tr": 3.0,
  "spacing_x": 3.0,
  "spacing_y": 3.0,
  "spacing_z": 3.0,
  "summary_bg_k": 33.548257052157176,
  "summary_bg_mad": 39.85497486582408,
  "summary_bg_mean": 122.80607554231088,
  "summary_bg_median": 29.364530563354492,
  "summary_bg_n": 196834.0,
  "summary_bg_p05": 1.1576354503631592,
  "summary_bg_p95": 574.7044067382812,
  "summary_bg_stdv": 254.4160846326825,
  "summary_fg_k": 1.0952069784770888,
  "summary_fg_mad": 887.439682445214,
  "summary_fg_mean": 3262.8764809741556,
  "summary_fg_median": 3053.4630126953125,
  "summary_fg_n": 41630.0,
  "summary_fg_p05": 1759.05419921875,
  "summary_fg_p95": 5463.4677734375,
  "summary_fg_stdv": 1102.5010861568253,
  "tsnr": 50.80153329111636
}