{
  "aor": 0.004260148514851484,
  "aqi": 0.0052382217821782175,
  "bids_meta": {
    "EchoTime": 0.03,
    "RepetitionTime": 3.0,
    "SliceEncodingDirection": "k",
    "SliceTiming": [
      0.0,
      1.5,
      0.065,
      1.565,
      0.13,
      1.63,
      0.196,
      1.696,
      0.261,
      1.761,
      0.326,
      1.826,
      0.391,
      1.891,
      0.457,
      1.957,
      0.522,
      2.022,
      0.587,
      2.087,
      0.652,
      2.152,
      0.717,
      2.217,
      0.783,
      2.283,
      0.848,
      2.348,
      0.913,
      2.413,
      0.978,
      2.478,
      1.043,
      2.543,
      1.109,
      2.609,
      1.174,
      2.674,
      1.239,
      2.739,
      1.304,
      2.804,
      1.37,
      2.87,
      1.435,
      2.935
    ],
    "TaskName": "rest",
    "dataset": "ds003592",
    "modality": "bold",
    "session_id": "2",
    "subject_id": "180",
    "task_id": "rest"
  },
  "dummy_trs": 2,
  "dvars_nstd": 17.14505329422885,
  "dvars_std": 1.0496111820398015,
  "dvars_vstd": 1.00000415800995,
  "efc": 0.4589957817698038,
  "fber": 23655.013671875,
  "fd_mean": 0.09462272672919834,
  "fd_num": 10,
  "fd_perc": 4.9504950495049505,
  "fwhm_avg": 2.840786666666667,
  "fwhm_x": 2.796413333333333,
  "fwhm_y": 2.9465500000000002,
  "fwhm_z": 2.779396666666667,
  "gcor": 0.0159114,
  "gsr_x": -0.0007511624135077,
  "gsr_y": 0.03152306750416756,
  "provenance": {
    "md5sum": "ac0429cde104891d909a6f856135da62",
    "settings": {
      "fd_thres": 0.2,
      "testing": false
    },
    "software": "mriqc",
    "version": "23.1.0"
  },
  "size_t": 202,
  "size_x": 72,
  "size_y": 72,
  "size_z": 46,
  "snr": 3.256770531784395,
  "spacing_tr": 3.0,
  "spacing_x": 3.0,
  "spacing_y": 3.0,
  "spacing_z": 3.0,
  "summary_bg_k": 23.488878592785202,
  "summary_bg_mad": 30.074071109403754,
  "summary_bg_mean": 140.98359909912605,
  "summary_bg_median": 22.54950523376465,
  "summary_bg_n": 187350.0,
  "summary_bg_p05": 1.118811845779419,
  "summary_bg_p95": 758.8811645507812,
  "summary_bg_stdv": 321.63961614194386,
  "summary_fg_k": 0.45644395802151827,
  "summary_fg_mad": 946.648936766188,
  "summary_fg_mean": 3611.1224033646067,
  "summary_fg_median": 3468.1558837890625,
  "summary_fg_n": 51114.0,
  "summary_fg_p05": 2040.0247802734375,
  "summary_fg_p95": 5613.34130859375,
  "summary_fg_stdv": 1064.8960140365084,
  "tsnr": 56.003734652651474
}