{
  "aor": 0.0022236815920398012,
  "aqi": 0.00827867960199005,
  "bids_meta": {
    "EchoTime": 0.047,
    "RepetitionTime": 3.0,
    "SliceEncodingDirection": "k",
    "SliceTiming": [
      0.0,
      1.5,
      0.065,
      1.565,
      0.13,
      1.63,
      0.196,
      1.696,
      0.261,
      1.761,
      0.326,
      1.826,
      0.391,
      1.891,
      0.457,
      1.957,
      0.522,
      2.022,
      0.587,
      2.087,
      0.652,
      2.152,
      0.717,
      2.217,
      0.783,
      2.283,
      0.848,
      2.348,
      0.913,
      2.413,
      0.978,
      2.478,
      1.043,
      2.543,
      1.109,
      2.609,
      1.174,
      2.674,
      1.239,
      2.739,
      1.304,
      2.804,
      1.37,
      2.87,
      1.435,
      2.935
    ],
    "TaskName": "rest",
    "dataset": "ds003592",
    "modality": "bold",
    "session_id": "2",
    "subject_id": "188",
    "task_id": "rest"
  },
  "dummy_trs": 3,
  "dvars_nstd": 28.517866296599994,
  "dvars_std": 1.0522677100500009,
  "dvars_vstd": 0.9348088821999998,
  "efc": 0.42636572386516547,
  "fber": 9753.28515625,
  "fd_mean": 0.11992370659625681,
  "fd_num": 21,
  "fd_perc": 10.447761194029852,
  "fwhm_avg": 2.4769566666666667,
  "fwhm_x": 2.5143766666666667,
  "fwhm_y": 2.457123333333333,
  "fwhm_z": 2.4593700000000003,
  "gcor": 0.0142173,
  "gsr_x": -0.004228049889206886,
  "gsr_y": 0.012961859814822674,
  "provenance": {
    "md5sum": "e4e067e81d315527fea07b459ca2084b",
    "settings": {
      "fd_thres": 0.2,
      "testing": false
    },
    "software": "mriqc",
    "version": "23.1.0"
  },
  "size_t": 201,
  "size_x": 72,
  "size_y": 72,
  "size_z": 46,
  "snr": 2.643922746985674,
  "spacing_tr": 3.0,
  "spacing_x": 3.0,
  "spacing_y": 3.0,
  "spacing_z": 3.0,
  "summary_bg_k": 36.230722670403786,
  "summary_bg_mad": 32.58036812678391,
  "summary_bg_mean": 81.1851602146932,
  "summary_bg_median": 25.238805770874023,
  "summary_bg_n": 191241.0,
  "summary_bg_p05": 0.8308457732200623,
  "summary_bg_p95": 363.3482360839844,
  "summary_bg_stdv": 182.25271271075636,
  "summary_fg_k": 2.429006898501183,
  "summary_fg_mad": 790.2859825029429,
  "summary_fg_mean": 2652.0649849052334,
  "summary_fg_median": 2492.55224609375,
  "summary_fg_n": 47223.0,
  "summary_fg_p05": 1396.1243896484375,
  "summary_fg_p95": 4398.4677734375,
  "summary_fg_stdv": 942.7377776074459,
  "tsnr": 40.79274586215615
}