{
  "aor": 0.002304187192118227,
  "aqi": 0.0037685500985221673,
  "bids_meta": {
    "EchoTime": 0.03,
    "RepetitionTime": 3.0,
    "SliceEncodingDirection": "k",
    "SliceTiming": [
      0.0,
      1.5,
      0.065,
      1.565,
      0.13,
      1.63,
      0.196,
      1.696,
      0.261,
      1.761,
      0.326,
      1.826,
      0.391,
      1.891,
      0.457,
      1.957,
      0.522,
      2.022,
      0.587,
      2.087,
      0.652,
      2.152,
      0.717,
      2.217,
      0.783,
      2.283,
      0.848,
      2.348,
      0.913,
      2.413,
      0.978,
      2.478,
      1.043,
      2.543,
      1.109,
      2.609,
      1.174,
      2.674,
      1.239,
      2.739,
      1.304,
      2.804,
      1.37,
      2.87,
      1.435,
      2.935
    ],
    "TaskName": "rest",
    "dataset": "ds003592",
    "modality": "bold",
    "session_id": "2",
    "subject_id": "77",
    "task_id": "rest"
  },
  "dummy_trs": 1,
  "dvars_nstd": 20.59871523460396,
  "dvars_std": 1.1354715158910884,
  "dvars_vstd": 0.9848075889603958,
  "efc": 0.46216993296899733,
  "fber": 17855.05078125,
  "fd_mean": 0.08254621402274678,
  "fd_num": 8,
  "fd_perc": 3.9408866995073892,
  "fwhm_avg": 2.9638055555555556,
  "fwhm_x": 2.8953066666666665,
  "fwhm_y": 3.0249133333333336,
  "fwhm_z": 2.9711966666666663,
  "gcor": 0.0491929,
  "gsr_x": -0.011141449213027954,
  "gsr_y": 0.035088349133729935,
  "provenance": {
    "md5sum": "77668fe1995c88f3db317a3f55e0ba29",
    "settings": {
      "fd_thres": 0.2,
      "testing": false
    },
    "software": "mriqc",
    "version": "23.1.0"
  },
  "size_t": 203,
  "size_x": 72,
  "size_y": 72,
  "size_z": 46,
  "snr": 2.9698218045911053,
  "spacing_tr": 3.0,
  "spacing_x": 3.0,
  "spacing_y": 3.0,
  "spacing_z": 3.0,
  "summary_bg_k": 24.08321970397627,
  "summary_bg_mad": 35.48020546738149,
  "summary_bg_mean": 153.48207913767678,
  "summary_bg_median": 25.413793563842773,
  "summary_bg_n": 187325.0,
  "summary_bg_p05": 0.5763546824455261,
  "summary_bg_p95": 824.6009521484375,
  "summary_bg_stdv": 335.8841645174624,
  "summary_fg_k": 0.5431139580999766,
  "summary_fg_mad": 1040.96954892422,
  "summary_fg_mean": 3567.949682669374,
  "summary_fg_median": 3395.862060546875,
  "summary_fg_n": 51139.0,
  "summary_fg_p05": 1963.6304931640625,
  "summary_fg_p95": 5775.443359375,
  "summary_fg_stdv": 1143.445324854862,
  "tsnr": 59.48077740659937
}