{
  "aor": 0.0014374257425742573,
  "aqi": 0.0019113784108910892,
  "bids_meta": {
    "EchoTime": 0.0137,
    "RepetitionTime": 3.0,
    "SliceEncodingDirection": "k",
    "SliceTiming": [
      0.0,
      1.5,
      0.065,
      1.565,
      0.13,
      1.63,
      0.196,
      1.696,
      0.261,
      1.761,
      0.326,
      1.826,
      0.391,
      1.891,
      0.457,
      1.957,
      0.522,
      2.022,
      0.587,
      2.087,
      0.652,
      2.152,
      0.717,
      2.217,
      0.783,
      2.283,
      0.848,
      2.348,
      0.913,
      2.413,
      0.978,
      2.478,
      1.043,
      2.543,
      1.109,
      2.609,
      1.174,
      2.674,
      1.239,
      2.739,
      1.304,
      2.804,
      1.37,
      2.87,
      1.435,
      2.935
    ],
    "TaskName": "rest",
    "dataset": "ds003592",
    "modality": "bold",
    "session_id": "1",
    "subject_id": "98",
    "task_id": "rest"
  },
  "dummy_trs": 2,
  "dvars_nstd": 10.800928229999995,
  "dvars_std": 1.058540340348259,
  "dvars_vstd": 0.9640982674129353,
  "efc": 0.5435200138881227,
  "fber": 9368.791015625,
  "fd_mean": 0.03509792753345021,
  "fd_num": 0,
  "fd_perc": 0.0,
  "fwhm_avg": 3.1450444444444443,
  "fwhm_x": 2.66214,
  "fwhm_y": 3.21486,
  "fwhm_z": 3.5581333333333336,
  "gcor": 0.0116805,
  "gsr_x": 0.0038550132885575294,
  "gsr_y": 0.06686117500066757,
  "provenance": {
    "md5sum": "acc1aaf9e4490b474cd30962e8e0445d",
    "settings": {
      "fd_thres": 0.2,
      "testing": false
    },
    "software": "mriqc",
    "version": "23.1.0"
  },
  "size_t": 202,
  "size_x": 72,
  "size_y": 72,
  "size_z": 46,
  "snr": 3.0712963128866266,
  "spacing_tr": 3.0,
  "spacing_x": 3.0,
  "spacing_y": 3.0,
  "spacing_z": 3.0,
  "summary_bg_k": 10.852634691504957,
  "summary_bg_mad": 71.28600799995131,
  "summary_bg_mean": 455.16354354520774,
  "summary_bg_median": 49.319305419921875,
  "summary_bg_n": 177022.0,
  "summary_bg_p05": 0.6930692791938782,
  "summary_bg_p95": 2499.61376953125,
  "summary_bg_stdv": 943.0228723493461,
  "summary_fg_k": 0.440289975308199,
  "summary_fg_mad": 1409.3382860737017,
  "summary_fg_mean": 4981.078463188045,
  "summary_fg_median": 4773.739990234375,
  "summary_fg_n": 61442.0,
  "summary_fg_p05": 2728.549560546875,
  "summary_fg_p95": 7913.1484375,
  "summary_fg_stdv": 1554.2952083508715,
  "tsnr": 95.44821019470692
}