{
  "aor": 0.005910950000000001,
  "aqi": 0.0110379247,
  "bids_meta": {
    "EchoTime": 0.04592,
    "RepetitionTime": 3,
    "SliceEncodingDirection": "k",
    "SliceTiming": [
      0,
      1.54,
      0.07,
      1.61,
      0.14,
      1.68,
      0.21,
      1.75,
      0.28,
      1.82,
      0.35,
      1.89,
      0.42,
      1.96,
      0.49,
      2.03,
      0.56,
      2.1,
      0.63,
      2.17,
      0.7,
      2.24,
      0.77,
      2.31,
      0.84,
      2.38,
      0.91,
      2.45,
      0.98,
      2.52,
      1.05,
      2.5925,
      1.12,
      2.6625,
      1.19,
      2.7325,
      1.26,
      2.8025,
      1.33,
      2.8725,
      1.4,
      2.9425,
      1.47
    ],
    "TaskName": "rest",
    "dataset": "ds003592",
    "modality": "bold",
    "session_id": "1",
    "subject_id": "267",
    "task_id": "rest"
  },
  "dummy_trs": 0,
  "dvars_nstd": 39.457369828040214,
  "dvars_std": 1.0777874010050252,
  "dvars_vstd": 0.950175168743719,
  "efc": 0.45393551931082454,
  "fber": 879.611572265625,
  "fd_mean": 0.24170941989605152,
  "fd_num": 84,
  "fd_perc": 42.0,
  "fwhm_avg": 2.26635716234633,
  "fwhm_x": 2.100779259259259,
  "fwhm_y": 2.3331585185185184,
  "fwhm_z": 2.365133709261212,
  "gcor": 0.0233681,
  "gsr_x": -0.002408900298178196,
  "gsr_y": 0.03380550816655159,
  "provenance": {
    "md5sum": "675264cb5321af39748564e6d388dbe2",
    "settings": {
      "fd_thres": 0.2,
      "testing": false
    },
    "software": "mriqc",
    "version": "23.1.0"
  },
  "size_t": 200,
  "size_x": 64,
  "size_y": 64,
  "size_z": 43,
  "snr": 2.000358408969275,
  "spacing_tr": 3.0,
  "spacing_x": 3.375,
  "spacing_y": 3.375,
  "spacing_z": 2.999999523162842,
  "summary_bg_k": 132.81144863383912,
  "summary_bg_mad": 8.228441181570364,
  "summary_bg_mean": 29.038153648785926,
  "summary_bg_median": 15.339999198913574,
  "summary_bg_n": 143612.0,
  "summary_bg_p05": 8.414999961853027,
  "summary_bg_p95": 103.17499542236328,
  "summary_bg_stdv": 45.74097477551773,
  "summary_fg_k": 4.675792980543106,
  "summary_fg_mad": 165.8883387009687,
  "summary_fg_mean": 510.0732319670889,
  "summary_fg_median": 454.9574890136719,
  "summary_fg_n": 32516.0,
  "summary_fg_p05": 253.3199920654297,
  "summary_fg_p95": 954.5599975585938,
  "summary_fg_stdv": 227.4344892485826,
  "tsnr": 30.10530965984799
}