{
  "aor": 0.0005154000000000001,
  "aqi": 0.001532960695,
  "bids_meta": {
    "EchoTime": 0.02996,
    "RepetitionTime": 3,
    "SliceEncodingDirection": "k",
    "SliceTiming": [
      0,
      1.54,
      0.07,
      1.61,
      0.14,
      1.68,
      0.21,
      1.75,
      0.28,
      1.82,
      0.35,
      1.89,
      0.42,
      1.96,
      0.49,
      2.03,
      0.56,
      2.1,
      0.63,
      2.17,
      0.7,
      2.24,
      0.77,
      2.31,
      0.84,
      2.38,
      0.91,
      2.45,
      0.98,
      2.52,
      1.05,
      2.59,
      1.12,
      2.66,
      1.19,
      2.73,
      1.26,
      2.8,
      1.33,
      2.87,
      1.4,
      2.94,
      1.47
    ],
    "TaskName": "rest",
    "dataset": "ds003592",
    "modality": "bold",
    "session_id": "2",
    "subject_id": "293",
    "task_id": "rest"
  },
  "dummy_trs": 0,
  "dvars_nstd": 20.778967517035177,
  "dvars_std": 1.1529558452763822,
  "dvars_vstd": 0.9932839964321605,
  "efc": 0.4770250415366055,
  "fber": 1818.2054443359375,
  "fd_mean": 0.027975108518667736,
  "fd_num": 0,
  "fd_perc": 0.0,
  "fwhm_avg": 2.3882917561457764,
  "fwhm_x": 2.210906666666667,
  "fwhm_y": 2.361911111111111,
  "fwhm_z": 2.5920574906595517,
  "gcor": 0.0531482,
  "gsr_x": -0.011871268972754478,
  "gsr_y": 0.04251615330576897,
  "provenance": {
    "md5sum": "ad6fd61e1c535d1438999dccb8e1c4b3",
    "settings": {
      "fd_thres": 0.2,
      "testing": false
    },
    "software": "mriqc",
    "version": "23.1.0"
  },
  "size_t": 200,
  "size_x": 64,
  "size_y": 64,
  "size_z": 43,
  "snr": 2.495257799619703,
  "spacing_tr": 3.0,
  "spacing_x": 3.375,
  "spacing_y": 3.375,
  "spacing_z": 2.9999990463256836,
  "summary_bg_k": 53.32332745800491,
  "summary_bg_mad": 7.516792795369112,
  "summary_bg_mean": 34.167182915437905,
  "summary_bg_median": 13.619999885559082,
  "summary_bg_n": 138514.0,
  "summary_bg_p05": 7.824999809265137,
  "summary_bg_p95": 143.5,
  "summary_bg_stdv": 63.895859315181326,
  "summary_fg_k": 2.2425127122234008,
  "summary_fg_mad": 201.7673531096904,
  "summary_fg_mean": 621.5101745795321,
  "summary_fg_median": 580.7625122070312,
  "summary_fg_n": 37614.0,
  "summary_fg_p05": 319.94500732421875,
  "summary_fg_p95": 1056.1600341796875,
  "summary_fg_stdv": 232.74340319183196,
  "tsnr": 86.52581134333741
}