{
  "aor": 0.0016993596059113297,
  "aqi": 0.00418999275862069,
  "bids_meta": {
    "EchoTime": 0.03,
    "RepetitionTime": 3.0,
    "SliceEncodingDirection": "k",
    "SliceTiming": [
      0.0,
      1.5,
      0.065,
      1.565,
      0.13,
      1.63,
      0.196,
      1.696,
      0.261,
      1.761,
      0.326,
      1.826,
      0.391,
      1.891,
      0.457,
      1.957,
      0.522,
      2.022,
      0.587,
      2.087,
      0.652,
      2.152,
      0.717,
      2.217,
      0.783,
      2.283,
      0.848,
      2.348,
      0.913,
      2.413,
      0.978,
      2.478,
      1.043,
      2.543,
      1.109,
      2.609,
      1.174,
      2.674,
      1.239,
      2.739,
      1.304,
      2.804,
      1.37,
      2.87,
      1.435,
      2.935
    ],
    "TaskName": "rest",
    "dataset": "ds003592",
    "modality": "bold",
    "session_id": "2",
    "subject_id": "155",
    "task_id": "rest"
  },
  "dummy_trs": 1,
  "dvars_nstd": 21.21590847519802,
  "dvars_std": 1.1485354135148518,
  "dvars_vstd": 0.9702256964356437,
  "efc": 0.4174216770747957,
  "fber": 20108.580078125,
  "fd_mean": 0.07474334563979244,
  "fd_num": 5,
  "fd_perc": 2.4630541871921183,
  "fwhm_avg": 2.9428022222222228,
  "fwhm_x": 2.851406666666667,
  "fwhm_y": 3.04163,
  "fwhm_z": 2.9353700000000003,
  "gcor": 0.0859293,
  "gsr_x": -0.004849279765039682,
  "gsr_y": 0.013675511814653873,
  "provenance": {
    "md5sum": "34d947c1230e6bb6561ca83f452dd15b",
    "settings": {
      "fd_thres": 0.2,
      "testing": false
    },
    "software": "mriqc",
    "version": "23.1.0"
  },
  "size_t": 203,
  "size_x": 72,
  "size_y": 72,
  "size_z": 46,
  "snr": 3.204903509824601,
  "spacing_tr": 3.0,
  "spacing_x": 3.0,
  "spacing_y": 3.0,
  "spacing_z": 3.0,
  "summary_bg_k": 22.101635974652265,
  "summary_bg_mad": 33.03354493004419,
  "summary_bg_mean": 145.47073400214117,
  "summary_bg_median": 24.960590362548828,
  "summary_bg_n": 198790.0,
  "summary_bg_p05": 1.261083722114563,
  "summary_bg_p95": 806.0886840820312,
  "summary_bg_stdv": 329.63943916306243,
  "summary_fg_k": 1.064990323556577,
  "summary_fg_mad": 912.5197667025467,
  "summary_fg_mean": 3715.738091505493,
  "summary_fg_median": 3539.529541015625,
  "summary_fg_n": 39674.0,
  "summary_fg_p05": 2141.1181640625,
  "summary_fg_p95": 5868.85693359375,
  "summary_fg_stdv": 1104.3967227757366,
  "tsnr": 63.0607949977275
}