{
  "aor": 0.001995148514851485,
  "aqi": 0.004164769702970297,
  "bids_meta": {
    "EchoTime": 0.0137,
    "RepetitionTime": 3.0,
    "SliceEncodingDirection": "k",
    "SliceTiming": [
      0.0,
      1.5,
      0.065,
      1.565,
      0.13,
      1.63,
      0.196,
      1.696,
      0.261,
      1.761,
      0.326,
      1.826,
      0.391,
      1.891,
      0.457,
      1.957,
      0.522,
      2.022,
      0.587,
      2.087,
      0.652,
      2.152,
      0.717,
      2.217,
      0.783,
      2.283,
      0.848,
      2.348,
      0.913,
      2.413,
      0.978,
      2.478,
      1.043,
      2.543,
      1.109,
      2.609,
      1.174,
      2.674,
      1.239,
      2.739,
      1.304,
      2.804,
      1.37,
      2.87,
      1.435,
      2.935
    ],
    "TaskName": "rest",
    "dataset": "ds003592",
    "modality": "bold",
    "session_id": "1",
    "subject_id": "53",
    "task_id": "rest"
  },
  "dummy_trs": 2,
  "dvars_nstd": 19.654280904477616,
  "dvars_std": 1.2653821634328355,
  "dvars_vstd": 0.9466009066666661,
  "efc": 0.4798367985639283,
  "fber": 20824.921875,
  "fd_mean": 0.07730405106985609,
  "fd_num": 6,
  "fd_perc": 2.9702970297029703,
  "fwhm_avg": 3.755366666666667,
  "fwhm_x": 3.3808333333333334,
  "fwhm_y": 3.593166666666667,
  "fwhm_z": 4.2921000000000005,
  "gcor": 0.0390125,
  "gsr_x": -0.008816529996693134,
  "gsr_y": 0.047207061201334,
  "provenance": {
    "md5sum": "df90acef8cbff75777411b596d93c819",
    "settings": {
      "fd_thres": 0.2,
      "testing": false
    },
    "software": "mriqc",
    "version": "23.1.0"
  },
  "size_t": 202,
  "size_x": 72,
  "size_y": 72,
  "size_z": 46,
  "snr": 2.465863943509211,
  "spacing_tr": 3.0,
  "spacing_x": 3.0,
  "spacing_y": 3.0,
  "spacing_z": 3.0,
  "summary_bg_k": 14.336091418463393,
  "summary_bg_mad": 42.07067251085172,
  "summary_bg_mean": 269.9978096631485,
  "summary_bg_median": 29.613861083984375,
  "summary_bg_n": 185443.0,
  "summary_bg_p05": 0.6485148668289185,
  "summary_bg_p95": 1516.03955078125,
  "summary_bg_stdv": 569.156677979424,
  "summary_fg_k": 2.4939209712845347,
  "summary_fg_mad": 1202.6321907807878,
  "summary_fg_mean": 4656.304335108697,
  "summary_fg_median": 4273.52978515625,
  "summary_fg_n": 53021.0,
  "summary_fg_p05": 2479.742431640625,
  "summary_fg_p95": 8240.7724609375,
  "summary_fg_stdv": 1733.0597236982553,
  "tsnr": 67.07338483771309
}