{
  "aor": 0.0028697536945812806,
  "aqi": 0.004837171724137931,
  "bids_meta": {
    "EchoTime": 0.03,
    "RepetitionTime": 3.0,
    "SliceEncodingDirection": "k",
    "SliceTiming": [
      0.0,
      1.5,
      0.065,
      1.565,
      0.13,
      1.63,
      0.196,
      1.696,
      0.261,
      1.761,
      0.326,
      1.826,
      0.391,
      1.891,
      0.457,
      1.957,
      0.522,
      2.022,
      0.587,
      2.087,
      0.652,
      2.152,
      0.717,
      2.217,
      0.783,
      2.283,
      0.848,
      2.348,
      0.913,
      2.413,
      0.978,
      2.478,
      1.043,
      2.543,
      1.109,
      2.609,
      1.174,
      2.674,
      1.239,
      2.739,
      1.304,
      2.804,
      1.37,
      2.87,
      1.435,
      2.935
    ],
    "TaskName": "rest",
    "dataset": "ds003592",
    "modality": "bold",
    "session_id": "2",
    "subject_id": "80",
    "task_id": "rest"
  },
  "dummy_trs": 1,
  "dvars_nstd": 21.5845302541584,
  "dvars_std": 1.11241644940594,
  "dvars_vstd": 0.9696731888118815,
  "efc": 0.4680533295399341,
  "fber": 13998.6044921875,
  "fd_mean": 0.13810084667087688,
  "fd_num": 37,
  "fd_perc": 18.226600985221676,
  "fwhm_avg": 3.1183099999999997,
  "fwhm_x": 3.02626,
  "fwhm_y": 3.115403333333333,
  "fwhm_z": 3.2132666666666663,
  "gcor": 0.0130369,
  "gsr_x": 0.02257385291159153,
  "gsr_y": 0.031367044895887375,
  "provenance": {
    "md5sum": "aeea70f6d6e76a9ca69566f5856ee7da",
    "settings": {
      "fd_thres": 0.2,
      "testing": false
    },
    "software": "mriqc",
    "version": "23.1.0"
  },
  "size_t": 203,
  "size_x": 72,
  "size_y": 72,
  "size_z": 46,
  "snr": 2.7207323882984142,
  "spacing_tr": 3.0,
  "spacing_x": 3.0,
  "spacing_y": 3.0,
  "spacing_z": 3.0,
  "summary_bg_k": 18.180799988732073,
  "summary_bg_mad": 38.299338748303455,
  "summary_bg_mean": 168.1196698021391,
  "summary_bg_median": 27.369457244873047,
  "summary_bg_n": 186514.0,
  "summary_bg_p05": 0.5566502213478088,
  "summary_bg_p95": 944.1527099609375,
  "summary_bg_stdv": 378.3697251470129,
  "summary_fg_k": 1.519757893590068,
  "summary_fg_mad": 974.9095937027221,
  "summary_fg_mean": 3446.5111600470154,
  "summary_fg_median": 3238.2364501953125,
  "summary_fg_n": 51950.0,
  "summary_fg_p05": 1848.009765625,
  "summary_fg_p95": 5753.53662109375,
  "summary_fg_stdv": 1190.196175528116,
  "tsnr": 56.76580908102915
}