{
  "aor": 0.001410935960591133,
  "aqi": 0.0039264999999999994,
  "bids_meta": {
    "EchoTime": 0.047,
    "RepetitionTime": 3.0,
    "SliceEncodingDirection": "k",
    "SliceTiming": [
      0.0,
      1.5,
      0.065,
      1.565,
      0.13,
      1.63,
      0.196,
      1.696,
      0.261,
      1.761,
      0.326,
      1.826,
      0.391,
      1.891,
      0.457,
      1.957,
      0.522,
      2.022,
      0.587,
      2.087,
      0.652,
      2.152,
      0.717,
      2.217,
      0.783,
      2.283,
      0.848,
      2.348,
      0.913,
      2.413,
      0.978,
      2.478,
      1.043,
      2.543,
      1.109,
      2.609,
      1.174,
      2.674,
      1.239,
      2.739,
      1.304,
      2.804,
      1.37,
      2.87,
      1.435,
      2.935
    ],
    "TaskName": "rest",
    "dataset": "ds003592",
    "modality": "bold",
    "session_id": "2",
    "subject_id": "238",
    "task_id": "rest"
  },
  "dummy_trs": 1,
  "dvars_nstd": 24.47511435034654,
  "dvars_std": 1.0872204669306926,
  "dvars_vstd": 0.9949617239108918,
  "efc": 0.427129180473245,
  "fber": 7895.26904296875,
  "fd_mean": 0.05346462673289116,
  "fd_num": 3,
  "fd_perc": 1.477832512315271,
  "fwhm_avg": 2.4984720916677507,
  "fwhm_x": 2.5671500000000003,
  "fwhm_y": 2.6099031259168686,
  "fwhm_z": 2.3183631490863843,
  "gcor": 0.0152228,
  "gsr_x": 0.02034718543291092,
  "gsr_y": 0.009562376886606216,
  "provenance": {
    "md5sum": "928bec1a545310e9afabe5f4f7221650",
    "settings": {
      "fd_thres": 0.2,
      "testing": false
    },
    "software": "mriqc",
    "version": "23.1.0"
  },
  "size_t": 203,
  "size_x": 72,
  "size_y": 72,
  "size_z": 46,
  "snr": 3.0330470659073923,
  "spacing_tr": 3.0,
  "spacing_x": 3.0,
  "spacing_y": 3.000000238418579,
  "spacing_z": 3.000000238418579,
  "summary_bg_k": 23.408920433620956,
  "summary_bg_mad": 35.09312039435917,
  "summary_bg_mean": 100.30439957717627,
  "summary_bg_median": 26.354679107666016,
  "summary_bg_n": 197005.0,
  "summary_bg_p05": 0.41379308700561523,
  "summary_bg_p95": 524.4679565429688,
  "summary_bg_stdv": 215.40937002751915,
  "summary_fg_k": 0.3430320918322032,
  "summary_fg_mad": 718.2950754622742,
  "summary_fg_mean": 2427.574952522509,
  "summary_fg_median": 2341.753662109375,
  "summary_fg_n": 41459.0,
  "summary_fg_p05": 1298.50244140625,
  "summary_fg_p95": 3852.926025390625,
  "summary_fg_stdv": 772.070254517274,
  "tsnr": 53.3671737620607
}