{
  "aor": 0.002482512315270936,
  "aqi": 0.009204244926108374,
  "bids_meta": {
    "EchoTime": 0.047,
    "RepetitionTime": 3.0,
    "SliceEncodingDirection": "k",
    "SliceTiming": [
      0.0,
      1.5,
      0.065,
      1.565,
      0.13,
      1.63,
      0.196,
      1.696,
      0.261,
      1.761,
      0.326,
      1.826,
      0.391,
      1.891,
      0.457,
      1.957,
      0.522,
      2.022,
      0.587,
      2.087,
      0.652,
      2.152,
      0.717,
      2.217,
      0.783,
      2.283,
      0.848,
      2.348,
      0.913,
      2.413,
      0.978,
      2.478,
      1.043,
      2.543,
      1.109,
      2.609,
      1.174,
      2.674,
      1.239,
      2.739,
      1.304,
      2.804,
      1.37,
      2.87,
      1.435,
      2.935
    ],
    "TaskName": "rest",
    "dataset": "ds003592",
    "modality": "bold",
    "session_id": "2",
    "subject_id": "76",
    "task_id": "rest"
  },
  "dummy_trs": 1,
  "dvars_nstd": 26.506341905693073,
  "dvars_std": 1.0892847011881193,
  "dvars_vstd": 0.9633077058910887,
  "efc": 0.3999260521967499,
  "fber": 13523.400390625,
  "fd_mean": 0.12304272901782948,
  "fd_num": 20,
  "fd_perc": 9.852216748768473,
  "fwhm_avg": 2.515548888888889,
  "fwhm_x": 2.445396666666667,
  "fwhm_y": 2.613376666666667,
  "fwhm_z": 2.4878733333333334,
  "gcor": 0.0330779,
  "gsr_x": -0.017421802505850792,
  "gsr_y": 0.026390131562948227,
  "provenance": {
    "md5sum": "d54393c6602184a4db3bd1029562c6df",
    "settings": {
      "fd_thres": 0.2,
      "testing": false
    },
    "software": "mriqc",
    "version": "23.1.0"
  },
  "size_t": 203,
  "size_x": 72,
  "size_y": 72,
  "size_z": 46,
  "snr": 3.39816968945341,
  "spacing_tr": 3.0,
  "spacing_x": 3.0,
  "spacing_y": 3.0,
  "spacing_z": 3.0,
  "summary_bg_k": 81.77414667420145,
  "summary_bg_mad": 29.907665137544114,
  "summary_bg_mean": 77.9322681765938,
  "summary_bg_median": 20.916255950927734,
  "summary_bg_n": 199935.0,
  "summary_bg_p05": 0.08374384045600891,
  "summary_bg_p95": 354.2216796875,
  "summary_bg_stdv": 193.28619943072047,
  "summary_fg_k": 0.4353582187459435,
  "summary_fg_mad": 663.4022350709095,
  "summary_fg_mean": 2489.4063244745657,
  "summary_fg_median": 2432.354736328125,
  "summary_fg_n": 38529.0,
  "summary_fg_p05": 1381.5467529296875,
  "summary_fg_p95": 3804.84228515625,
  "summary_fg_stdv": 715.7744883741847,
  "tsnr": 41.74902322143316
}