{
  "aor": 0.00097465,
  "aqi": 0.0034356973999999994,
  "bids_meta": {
    "EchoTime": 0.014,
    "RepetitionTime": 3,
    "SliceEncodingDirection": "k",
    "SliceTiming": [
      0,
      1.5425,
      0.07,
      1.6125,
      0.14,
      1.6825,
      0.21,
      1.7525,
      0.28,
      1.8225,
      0.35,
      1.8925,
      0.42,
      1.9625,
      0.49,
      2.0325,
      0.56,
      2.1025,
      0.63,
      2.1725,
      0.7,
      2.2425,
      0.77,
      2.3125,
      0.84,
      2.3825,
      0.91,
      2.4525,
      0.98,
      2.5225,
      1.05,
      2.5925,
      1.12,
      2.6625,
      1.19,
      2.7325,
      1.26,
      2.8025,
      1.33,
      2.8725,
      1.4,
      2.9425,
      1.47
    ],
    "TaskName": "rest",
    "dataset": "ds003592",
    "modality": "bold",
    "session_id": "1",
    "subject_id": "281",
    "task_id": "rest"
  },
  "dummy_trs": 0,
  "dvars_nstd": 16.05502229693468,
  "dvars_std": 1.0517729967839198,
  "dvars_vstd": 0.9427783126633167,
  "efc": 0.4891531053872402,
  "fber": 2392.484375,
  "fd_mean": 0.08835524217076411,
  "fd_num": 6,
  "fd_perc": 3.0,
  "fwhm_avg": 2.5834638726694266,
  "fwhm_x": 2.317194074074074,
  "fwhm_y": 2.490764444444445,
  "fwhm_z": 2.9424330994897603,
  "gcor": 0.0208341,
  "gsr_x": -0.009478447027504444,
  "gsr_y": 0.048281263560056686,
  "provenance": {
    "md5sum": "26f781430e61e8f2a4886b5f68560a1b",
    "settings": {
      "fd_thres": 0.2,
      "testing": false
    },
    "software": "mriqc",
    "version": "23.1.0"
  },
  "size_t": 200,
  "size_x": 64,
  "size_y": 64,
  "size_z": 43,
  "snr": 3.309910106495711,
  "spacing_tr": 3.0,
  "spacing_x": 3.375,
  "spacing_y": 3.375,
  "spacing_z": 3.000000238418579,
  "summary_bg_k": 24.946349847031463,
  "summary_bg_mad": 10.911952526149982,
  "summary_bg_mean": 51.30002743380778,
  "summary_bg_median": 15.005000114440918,
  "summary_bg_n": 141685.0,
  "summary_bg_p05": 6.179999828338623,
  "summary_bg_p95": 238.25,
  "summary_bg_stdv": 96.27716428733775,
  "summary_fg_k": 1.7077302797136316,
  "summary_fg_mad": 187.97919319847443,
  "summary_fg_mean": 762.9413188382439,
  "summary_fg_median": 733.9400024414062,
  "summary_fg_n": 34443.0,
  "summary_fg_p05": 437.35498046875,
  "summary_fg_p95": 1166.9549560546875,
  "summary_fg_stdv": 221.7369427976781,
  "tsnr": 77.91063165664673
}