{
  "aor": 0.00177305,
  "aqi": 0.00783597935,
  "bids_meta": {
    "EchoTime": 0.04592,
    "RepetitionTime": 3,
    "SliceEncodingDirection": "k",
    "SliceTiming": [
      0,
      1.54,
      0.07,
      1.61,
      0.14,
      1.68,
      0.21,
      1.75,
      0.28,
      1.82,
      0.35,
      1.89,
      0.42,
      1.96,
      0.49,
      2.03,
      0.56,
      2.1,
      0.63,
      2.17,
      0.7,
      2.24,
      0.77,
      2.31,
      0.84,
      2.38,
      0.91,
      2.45,
      0.98,
      2.52,
      1.05,
      2.5925,
      1.12,
      2.6625,
      1.19,
      2.7325,
      1.26,
      2.8025,
      1.33,
      2.8725,
      1.4,
      2.9425,
      1.47
    ],
    "TaskName": "rest",
    "dataset": "ds003592",
    "modality": "bold",
    "session_id": "1",
    "subject_id": "281",
    "task_id": "rest"
  },
  "dummy_trs": 0,
  "dvars_nstd": 25.2348262843216,
  "dvars_std": 0.9709504571859293,
  "dvars_vstd": 0.9152230009045237,
  "efc": 0.4263740014021605,
  "fber": 1325.419677734375,
  "fd_mean": 0.0884238903106225,
  "fd_num": 6,
  "fd_perc": 3.0,
  "fwhm_avg": 2.0322227818042014,
  "fwhm_x": 1.8975970370370372,
  "fwhm_y": 2.020894814814815,
  "fwhm_z": 2.178176493560752,
  "gcor": 0.0109901,
  "gsr_x": -0.009346432983875275,
  "gsr_y": 0.024629103019833565,
  "provenance": {
    "md5sum": "f30c5bdfde7119f5b00b57586f07013d",
    "settings": {
      "fd_thres": 0.2,
      "testing": false
    },
    "software": "mriqc",
    "version": "23.1.0"
  },
  "size_t": 200,
  "size_x": 64,
  "size_y": 64,
  "size_z": 43,
  "snr": 2.164691021230217,
  "spacing_tr": 3.0,
  "spacing_x": 3.375,
  "spacing_y": 3.375,
  "spacing_z": 3.000000238418579,
  "summary_bg_k": 53.85396129633737,
  "summary_bg_mad": 5.051967455455343,
  "summary_bg_mean": 20.2478794565973,
  "summary_bg_median": 11.247499942779541,
  "summary_bg_n": 146442.0,
  "summary_bg_p05": 6.009999752044678,
  "summary_bg_p95": 67.75,
  "summary_bg_stdv": 30.61491886883263,
  "summary_fg_k": 4.99468609985063,
  "summary_fg_mad": 132.03315233282794,
  "summary_fg_mean": 450.5647388144837,
  "summary_fg_median": 409.47999572753906,
  "summary_fg_n": 29686.0,
  "summary_fg_p05": 231.114990234375,
  "summary_fg_p95": 818.4849853515625,
  "summary_fg_stdv": 189.1600670949726,
  "tsnr": 39.30669543822296
}