{
  "aor": 0.0006660098522167487,
  "aqi": 0.004227156847290641,
  "bids_meta": {
    "EchoTime": 0.03,
    "RepetitionTime": 3.0,
    "SliceEncodingDirection": "k",
    "SliceTiming": [
      0.0,
      1.5,
      0.065,
      1.565,
      0.13,
      1.63,
      0.196,
      1.696,
      0.261,
      1.761,
      0.326,
      1.826,
      0.391,
      1.891,
      0.457,
      1.957,
      0.522,
      2.022,
      0.587,
      2.087,
      0.652,
      2.152,
      0.717,
      2.217,
      0.783,
      2.283,
      0.848,
      2.348,
      0.913,
      2.413,
      0.978,
      2.478,
      1.043,
      2.543,
      1.109,
      2.609,
      1.174,
      2.674,
      1.239,
      2.739,
      1.304,
      2.804,
      1.37,
      2.87,
      1.435,
      2.935
    ],
    "TaskName": "rest",
    "dataset": "ds003592",
    "modality": "bold",
    "session_id": "2",
    "subject_id": "94",
    "task_id": "rest"
  },
  "dummy_trs": 1,
  "dvars_nstd": 19.895832330594057,
  "dvars_std": 1.1079717313861381,
  "dvars_vstd": 0.9685634017821775,
  "efc": 0.46173708682775483,
  "fber": 17362.958984375,
  "fd_mean": 0.08321815498287947,
  "fd_num": 7,
  "fd_perc": 3.4482758620689653,
  "fwhm_avg": 3.115936666666667,
  "fwhm_x": 3.0293533333333333,
  "fwhm_y": 3.1546033333333336,
  "fwhm_z": 3.1638533333333334,
  "gcor": 0.0639291,
  "gsr_x": -0.004249792546033859,
  "gsr_y": 0.02521633356809616,
  "provenance": {
    "md5sum": "f98c5faafab446ec5295a6341d52cff2",
    "settings": {
      "fd_thres": 0.2,
      "testing": false
    },
    "software": "mriqc",
    "version": "23.1.0"
  },
  "size_t": 203,
  "size_x": 72,
  "size_y": 72,
  "size_z": 46,
  "snr": 2.8474871213214765,
  "spacing_tr": 3.0,
  "spacing_x": 3.0,
  "spacing_y": 3.0,
  "spacing_z": 3.0,
  "summary_bg_k": 40.831965413844934,
  "summary_bg_mad": 35.81616461951783,
  "summary_bg_mean": 155.52810681649055,
  "summary_bg_median": 25.970443725585938,
  "summary_bg_n": 186636.0,
  "summary_bg_p05": 0.9507389068603516,
  "summary_bg_p95": 830.2857055664062,
  "summary_bg_stdv": 363.51650271112663,
  "summary_fg_k": 0.6858412749581748,
  "summary_fg_mad": 1118.4114442728928,
  "summary_fg_mean": 3620.068298590157,
  "summary_fg_median": 3422.088623046875,
  "summary_fg_n": 51828.0,
  "summary_fg_p05": 1988.802978515625,
  "summary_fg_p95": 5907.17236328125,
  "summary_fg_stdv": 1201.780890724937,
  "tsnr": 64.4189744729083
}