{
  "aor": 0.011799605911330049,
  "aqi": 0.014356311477832508,
  "bids_meta": {
    "EchoTime": 0.03,
    "RepetitionTime": 3.0,
    "SliceEncodingDirection": "k",
    "SliceTiming": [
      0.0,
      1.5,
      0.065,
      1.565,
      0.13,
      1.63,
      0.196,
      1.696,
      0.261,
      1.761,
      0.326,
      1.826,
      0.391,
      1.891,
      0.457,
      1.957,
      0.522,
      2.022,
      0.587,
      2.087,
      0.652,
      2.152,
      0.717,
      2.217,
      0.783,
      2.283,
      0.848,
      2.348,
      0.913,
      2.413,
      0.978,
      2.478,
      1.043,
      2.543,
      1.109,
      2.609,
      1.174,
      2.674,
      1.239,
      2.739,
      1.304,
      2.804,
      1.37,
      2.87,
      1.435,
      2.935
    ],
    "TaskName": "rest",
    "dataset": "ds003592",
    "modality": "bold",
    "session_id": "1",
    "subject_id": "76",
    "task_id": "rest"
  },
  "dummy_trs": 1,
  "dvars_nstd": 21.700326084158434,
  "dvars_std": 0.9001276140099009,
  "dvars_vstd": 0.8540226922772277,
  "efc": 0.42483053327410386,
  "fber": 20141.439453125,
  "fd_mean": 0.24213143232271384,
  "fd_num": 70,
  "fd_perc": 34.48275862068966,
  "fwhm_avg": 3.0152877777777776,
  "fwhm_x": 2.85897,
  "fwhm_y": 2.9950266666666665,
  "fwhm_z": 3.1918666666666664,
  "gcor": 0.053501,
  "gsr_x": -0.017163049429655075,
  "gsr_y": 0.022722387686371803,
  "provenance": {
    "md5sum": "e44ea4b86d24764e5ad7c8275c5a76f9",
    "settings": {
      "fd_thres": 0.2,
      "testing": false
    },
    "software": "mriqc",
    "version": "23.1.0"
  },
  "size_t": 203,
  "size_x": 72,
  "size_y": 72,
  "size_z": 46,
  "snr": 3.2612224155451175,
  "spacing_tr": 3.0,
  "spacing_x": 3.0,
  "spacing_y": 3.0,
  "spacing_z": 3.0,
  "summary_bg_k": 27.002424511058216,
  "summary_bg_mad": 34.45771877448407,
  "summary_bg_mean": 127.54016183974102,
  "summary_bg_median": 23.74384117126465,
  "summary_bg_n": 195682.0,
  "summary_bg_p05": 0.19704432785511017,
  "summary_bg_p95": 667.2659912109375,
  "summary_bg_stdv": 288.908433799697,
  "summary_fg_k": 1.2345292512358617,
  "summary_fg_mad": 901.3198941817947,
  "summary_fg_mean": 3519.952722868385,
  "summary_fg_median": 3369.7388916015625,
  "summary_fg_n": 42782.0,
  "summary_fg_p05": 2065.463134765625,
  "summary_fg_p95": 5473.142578125,
  "summary_fg_stdv": 1033.262709295104,
  "tsnr": 34.11518738884479
}