{
  "bids_meta": {
    "EchoTime": 0.0034,
    "FlipAngle": 7,
    "RepetitionTime": 2.53,
    "dataset": "ds003592",
    "modality": "T1w",
    "session_id": "1",
    "subject_id": "204"
  },
  "cjv": 0.793213705074931,
  "cnr": 1.094856629236451,
  "efc": 0.5893824591722076,
  "fber": -1.0,
  "fwhm_avg": 3.9915366666666667,
  "fwhm_x": 4.07916,
  "fwhm_y": 4.07332,
  "fwhm_z": 3.82213,
  "icvs_csf": 0.26000112947279014,
  "icvs_gm": 0.3588753569903844,
  "icvs_wm": 0.38112351353682533,
  "inu_med": 0.8945674896240234,
  "inu_range": 0.5789265125989913,
  "provenance": {
    "md5sum": "92889167982192791df2ff015693edcb",
    "settings": {
      "testing": false
    },
    "software": "mriqc",
    "version": "23.1.0",
    "warnings": {
      "large_rot_frame": true,
      "small_air_mask": false
    }
  },
  "qi_1": 0.0,
  "qi_2": 0.0007618624045452165,
  "rpve_csf": 7.53780360197256,
  "rpve_gm": 7.393896211347631,
  "rpve_wm": 7.471098558814384,
  "size_x": 176,
  "size_y": 256,
  "size_z": 256,
  "snr_csf": 1.5559314469576933,
  "snr_gm": 4.003567052661513,
  "snr_total": 5.149390435956145,
  "snr_wm": 9.888672808249229,
  "snrd_csf": 22.85376893827341,
  "snrd_gm": 58.40808829627964,
  "snrd_total": 52.58796012512784,
  "snrd_wm": 76.50202314083049,
  "spacing_x": 1.0,
  "spacing_y": 1.0,
  "spacing_z": 1.0,
  "summary_bg_k": 13684.2220418035,
  "summary_bg_mad": 0.0,
  "summary_bg_mean": 2.2572393621350213,
  "summary_bg_median": 0.0,
  "summary_bg_n": 2803125.0,
  "summary_bg_p05": 0.0,
  "summary_bg_p95": 14.420088976621628,
  "summary_bg_stdv": 8.269830588110544,
  "summary_csf_k": -0.7607861614376961,
  "summary_csf_mad": 156.10542891289595,
  "summary_csf_mean": 328.8614155878443,
  "summary_csf_median": 288.48465360701084,
  "summary_csf_n": 393626.6300548034,
  "summary_csf_p05": 86.9349042326212,
  "summary_csf_p95": 682.2193819284439,
  "summary_csf_stdv": 185.40938145206644,
  "summary_gm_k": 1.4574479708913062,
  "summary_gm_mad": 96.08378229821693,
  "summary_gm_mean": 733.8094585610685,
  "summary_gm_median": 737.2892044857144,
  "summary_gm_n": 543316.4758487063,
  "summary_gm_p05": 409.19074323028326,
  "summary_gm_p95": 1032.0308507233858,
  "summary_gm_stdv": 184.1579062569251,
  "summary_wm_k": -0.4331885473515751,
  "summary_wm_mad": 85.08698112725733,
  "summary_wm_mean": 950.5590443289722,
  "summary_wm_median": 965.6901540234685,
  "summary_wm_n": 576998.8944753675,
  "summary_wm_p05": 772.5935602560639,
  "summary_wm_p95": 1091.7830584943295,
  "summary_wm_stdv": 97.65610976591562,
  "tpm_overlap_csf": 0.19641326518623944,
  "tpm_overlap_gm": 0.5048498940740168,
  "tpm_overlap_wm": 0.5355418450739761,
  "wm2max": 0.4466099421256372
}