{
  "aor": 0.002717574257425743,
  "aqi": 0.003052376683168317,
  "bids_meta": {
    "EchoTime": 0.0137,
    "RepetitionTime": 3.0,
    "SliceEncodingDirection": "k",
    "SliceTiming": [
      0.0,
      1.5,
      0.065,
      1.565,
      0.13,
      1.63,
      0.196,
      1.696,
      0.261,
      1.761,
      0.326,
      1.826,
      0.391,
      1.891,
      0.457,
      1.957,
      0.522,
      2.022,
      0.587,
      2.087,
      0.652,
      2.152,
      0.717,
      2.217,
      0.783,
      2.283,
      0.848,
      2.348,
      0.913,
      2.413,
      0.978,
      2.478,
      1.043,
      2.543,
      1.109,
      2.609,
      1.174,
      2.674,
      1.239,
      2.739,
      1.304,
      2.804,
      1.37,
      2.87,
      1.435,
      2.935
    ],
    "TaskName": "rest",
    "dataset": "ds003592",
    "modality": "bold",
    "session_id": "2",
    "subject_id": "172",
    "task_id": "rest"
  },
  "dummy_trs": 2,
  "dvars_nstd": 15.960890509054725,
  "dvars_std": 1.2011527618407967,
  "dvars_vstd": 0.9588520973134327,
  "efc": 0.5133391706509737,
  "fber": 9757.2119140625,
  "fd_mean": 0.04267063935850278,
  "fd_num": 1,
  "fd_perc": 0.49504950495049505,
  "fwhm_avg": 3.2433300000000003,
  "fwhm_x": 2.96283,
  "fwhm_y": 3.1805266666666667,
  "fwhm_z": 3.5866333333333333,
  "gcor": 0.0178297,
  "gsr_x": -0.004270705860108137,
  "gsr_y": 0.04663296043872833,
  "provenance": {
    "md5sum": "50b4510d879b2ce6f38b15049d020ebf",
    "settings": {
      "fd_thres": 0.2,
      "testing": false
    },
    "software": "mriqc",
    "version": "23.1.0"
  },
  "size_t": 202,
  "size_x": 72,
  "size_y": 72,
  "size_z": 46,
  "snr": 3.0660450348007795,
  "spacing_tr": 3.0,
  "spacing_x": 3.0,
  "spacing_y": 3.0,
  "spacing_z": 3.0,
  "summary_bg_k": 10.974307751550736,
  "summary_bg_mad": 70.57406481150151,
  "summary_bg_mean": 414.1145176376099,
  "summary_bg_median": 48.93316650390625,
  "summary_bg_n": 185208.0,
  "summary_bg_p05": 0.48514851927757263,
  "summary_bg_p95": 2216.10400390625,
  "summary_bg_stdv": 849.1944700184987,
  "summary_fg_k": 0.5743083527461446,
  "summary_fg_mad": 1415.8224989990704,
  "summary_fg_mean": 5054.050361844223,
  "summary_fg_median": 4833.549560546875,
  "summary_fg_n": 53256.0,
  "summary_fg_p05": 2759.024658203125,
  "summary_fg_p95": 8037.34130859375,
  "summary_fg_stdv": 1576.462225813099,
  "tsnr": 84.74535737861879
}