{
  "aor": 0.0016135148514851486,
  "aqi": 0.0034330762376237624,
  "bids_meta": {
    "EchoTime": 0.03,
    "RepetitionTime": 3.0,
    "SliceEncodingDirection": "k",
    "SliceTiming": [
      0.0,
      1.5,
      0.065,
      1.565,
      0.13,
      1.63,
      0.196,
      1.696,
      0.261,
      1.761,
      0.326,
      1.826,
      0.391,
      1.891,
      0.457,
      1.957,
      0.522,
      2.022,
      0.587,
      2.087,
      0.652,
      2.152,
      0.717,
      2.217,
      0.783,
      2.283,
      0.848,
      2.348,
      0.913,
      2.413,
      0.978,
      2.478,
      1.043,
      2.543,
      1.109,
      2.609,
      1.174,
      2.674,
      1.239,
      2.739,
      1.304,
      2.804,
      1.37,
      2.87,
      1.435,
      2.935
    ],
    "TaskName": "rest",
    "dataset": "ds003592",
    "modality": "bold",
    "session_id": "2",
    "subject_id": "207",
    "task_id": "rest"
  },
  "dummy_trs": 2,
  "dvars_nstd": 19.905709831243776,
  "dvars_std": 1.2168650189552237,
  "dvars_vstd": 0.9904181813930357,
  "efc": 0.46072232104214794,
  "fber": 19453.865234375,
  "fd_mean": 0.06696382189625899,
  "fd_num": 0,
  "fd_perc": 0.0,
  "fwhm_avg": 3.2784333333333335,
  "fwhm_x": 3.09742,
  "fwhm_y": 3.253246666666667,
  "fwhm_z": 3.4846333333333335,
  "gcor": 0.0412242,
  "gsr_x": -0.008927003480494022,
  "gsr_y": 0.02966764010488987,
  "provenance": {
    "md5sum": "f8a3a2d14c55b4062e3ae8cf71286145",
    "settings": {
      "fd_thres": 0.2,
      "testing": false
    },
    "software": "mriqc",
    "version": "23.1.0"
  },
  "size_t": 202,
  "size_x": 72,
  "size_y": 72,
  "size_z": 46,
  "snr": 2.8140449745142995,
  "spacing_tr": 3.0,
  "spacing_x": 3.0,
  "spacing_y": 3.0,
  "spacing_z": 3.0,
  "summary_bg_k": 17.84070061467912,
  "summary_bg_mad": 36.55862107787055,
  "summary_bg_mean": 180.52705854833337,
  "summary_bg_median": 26.391088485717773,
  "summary_bg_n": 188292.0,
  "summary_bg_p05": 0.9455445408821106,
  "summary_bg_p95": 1037.554443359375,
  "summary_bg_stdv": 394.47881125379587,
  "summary_fg_k": 1.0808189785076223,
  "summary_fg_mad": 1066.9158116749327,
  "summary_fg_mean": 3941.97653256652,
  "summary_fg_median": 3680.952880859375,
  "summary_fg_n": 50172.0,
  "summary_fg_p05": 2235.32666015625,
  "summary_fg_p95": 6618.83154296875,
  "summary_fg_stdv": 1308.051658973141,
  "tsnr": 75.72697806172073
}