{
  "aor": 0.004252610837438424,
  "aqi": 0.003638176256157636,
  "bids_meta": {
    "EchoTime": 0.0137,
    "RepetitionTime": 3.0,
    "SliceEncodingDirection": "k",
    "SliceTiming": [
      0.0,
      1.5,
      0.065,
      1.565,
      0.13,
      1.63,
      0.196,
      1.696,
      0.261,
      1.761,
      0.326,
      1.826,
      0.391,
      1.891,
      0.457,
      1.957,
      0.522,
      2.022,
      0.587,
      2.087,
      0.652,
      2.152,
      0.717,
      2.217,
      0.783,
      2.283,
      0.848,
      2.348,
      0.913,
      2.413,
      0.978,
      2.478,
      1.043,
      2.543,
      1.109,
      2.609,
      1.174,
      2.674,
      1.239,
      2.739,
      1.304,
      2.804,
      1.37,
      2.87,
      1.435,
      2.935
    ],
    "TaskName": "rest",
    "dataset": "ds003592",
    "modality": "bold",
    "session_id": "2",
    "subject_id": "207",
    "task_id": "rest"
  },
  "dummy_trs": 1,
  "dvars_nstd": 17.78050285747526,
  "dvars_std": 1.3892353912871283,
  "dvars_vstd": 1.004199173267326,
  "efc": 0.5193359066919168,
  "fber": 18878.7578125,
  "fd_mean": 0.051683607414201374,
  "fd_num": 0,
  "fd_perc": 0.0,
  "fwhm_avg": 3.7181266666666666,
  "fwhm_x": 3.2111466666666666,
  "fwhm_y": 3.5241333333333333,
  "fwhm_z": 4.4191,
  "gcor": 0.019532,
  "gsr_x": -0.014020934700965881,
  "gsr_y": 0.09065667539834976,
  "provenance": {
    "md5sum": "0ddeebee0162f5b33bf2fb4bdf72b8fa",
    "settings": {
      "fd_thres": 0.2,
      "testing": false
    },
    "software": "mriqc",
    "version": "23.1.0"
  },
  "size_t": 203,
  "size_x": 72,
  "size_y": 72,
  "size_z": 46,
  "snr": 2.6751546185970896,
  "spacing_tr": 3.0,
  "spacing_x": 3.0,
  "spacing_y": 3.0,
  "spacing_z": 3.0,
  "summary_bg_k": 12.521863474301625,
  "summary_bg_mad": 50.123642374680074,
  "summary_bg_mean": 446.27295991172866,
  "summary_bg_median": 35.197044372558594,
  "summary_bg_n": 181180.0,
  "summary_bg_p05": 0.842364490032196,
  "summary_bg_p95": 2474.2708740234375,
  "summary_bg_stdv": 972.9165880194379,
  "summary_fg_k": 1.6894669058225187,
  "summary_fg_mad": 1417.4004785819743,
  "summary_fg_mean": 5190.784360963493,
  "summary_fg_median": 4836.07373046875,
  "summary_fg_n": 57284.0,
  "summary_fg_p05": 2792.33984375,
  "summary_fg_p95": 8797.75390625,
  "summary_fg_stdv": 1807.7577592272498,
  "tsnr": 96.01685555651784
}