{
  "aor": 0.001032216748768473,
  "aqi": 0.004024959950738917,
  "bids_meta": {
    "EchoTime": 0.047,
    "RepetitionTime": 3.0,
    "SliceEncodingDirection": "k",
    "SliceTiming": [
      0.0,
      1.5,
      0.065,
      1.565,
      0.13,
      1.63,
      0.196,
      1.696,
      0.261,
      1.761,
      0.326,
      1.826,
      0.391,
      1.891,
      0.457,
      1.957,
      0.522,
      2.022,
      0.587,
      2.087,
      0.652,
      2.152,
      0.717,
      2.217,
      0.783,
      2.283,
      0.848,
      2.348,
      0.913,
      2.413,
      0.978,
      2.478,
      1.043,
      2.543,
      1.109,
      2.609,
      1.174,
      2.674,
      1.239,
      2.739,
      1.304,
      2.804,
      1.37,
      2.87,
      1.435,
      2.935
    ],
    "TaskName": "rest",
    "dataset": "ds003592",
    "modality": "bold",
    "session_id": "2",
    "subject_id": "25",
    "task_id": "rest"
  },
  "dummy_trs": 1,
  "dvars_nstd": 25.052378286237634,
  "dvars_std": 1.0990802941089115,
  "dvars_vstd": 0.9866158507920795,
  "efc": 0.43306216053871965,
  "fber": 11173.466796875,
  "fd_mean": 0.09786769181989957,
  "fd_num": 15,
  "fd_perc": 7.389162561576355,
  "fwhm_avg": 2.755135410468148,
  "fwhm_x": 2.78854,
  "fwhm_y": 2.760659780602473,
  "fwhm_z": 2.7162064508019723,
  "gcor": 0.0285437,
  "gsr_x": -0.007350208703428507,
  "gsr_y": 0.02342899516224861,
  "provenance": {
    "md5sum": "d19f3e78c11a3d26b68209ac5e07cf9d",
    "settings": {
      "fd_thres": 0.2,
      "testing": false
    },
    "software": "mriqc",
    "version": "23.1.0"
  },
  "size_t": 203,
  "size_x": 72,
  "size_y": 72,
  "size_z": 46,
  "snr": 2.6345949528737007,
  "spacing_tr": 3.0,
  "spacing_x": 3.0,
  "spacing_y": 3.000000238418579,
  "spacing_z": 3.000000238418579,
  "summary_bg_k": 25.43042450472868,
  "summary_bg_mad": 34.78637591529057,
  "summary_bg_mean": 95.89363936814264,
  "summary_bg_median": 23.965517044067383,
  "summary_bg_n": 191139.0,
  "summary_bg_p05": 0.03940886631608009,
  "summary_bg_p95": 492.99505615234375,
  "summary_bg_stdv": 217.86448777683827,
  "summary_fg_k": 2.6794332814562,
  "summary_fg_mad": 784.9904574890912,
  "summary_fg_mean": 2713.686623464303,
  "summary_fg_median": 2533.265869140625,
  "summary_fg_n": 47325.0,
  "summary_fg_p05": 1457.61572265625,
  "summary_fg_p95": 4528.8720703125,
  "summary_fg_stdv": 961.5288686685174,
  "tsnr": 53.26876351982355
}