{
  "aor": 0.0031584236453201966,
  "aqi": 0.00406483709359606,
  "bids_meta": {
    "EchoTime": 0.03,
    "RepetitionTime": 3.0,
    "SliceEncodingDirection": "k",
    "SliceTiming": [
      0.0,
      1.5,
      0.065,
      1.565,
      0.13,
      1.63,
      0.196,
      1.696,
      0.261,
      1.761,
      0.326,
      1.826,
      0.391,
      1.891,
      0.457,
      1.957,
      0.522,
      2.022,
      0.587,
      2.087,
      0.652,
      2.152,
      0.717,
      2.217,
      0.783,
      2.283,
      0.848,
      2.348,
      0.913,
      2.413,
      0.978,
      2.478,
      1.043,
      2.543,
      1.109,
      2.609,
      1.174,
      2.674,
      1.239,
      2.739,
      1.304,
      2.804,
      1.37,
      2.87,
      1.435,
      2.935
    ],
    "TaskName": "rest",
    "dataset": "ds003592",
    "modality": "bold",
    "session_id": "2",
    "subject_id": "23",
    "task_id": "rest"
  },
  "dummy_trs": 1,
  "dvars_nstd": 21.353548635198017,
  "dvars_std": 1.0478193692574254,
  "dvars_vstd": 0.9588693587623754,
  "efc": 0.4847518634035892,
  "fber": 9095.4755859375,
  "fd_mean": 0.05946541433144634,
  "fd_num": 3,
  "fd_perc": 1.477832512315271,
  "fwhm_avg": 2.802922222222222,
  "fwhm_x": 2.7382666666666666,
  "fwhm_y": 2.9589966666666663,
  "fwhm_z": 2.7115033333333334,
  "gcor": 0.0868815,
  "gsr_x": -0.005740494932979345,
  "gsr_y": 0.055537257343530655,
  "provenance": {
    "md5sum": "058762b910371eeacc0c45d9fece88d4",
    "settings": {
      "fd_thres": 0.2,
      "testing": false
    },
    "software": "mriqc",
    "version": "23.1.0"
  },
  "size_t": 203,
  "size_x": 72,
  "size_y": 72,
  "size_z": 46,
  "snr": 2.996623895182157,
  "spacing_tr": 3.0,
  "spacing_x": 3.0,
  "spacing_y": 3.0,
  "spacing_z": 3.0,
  "summary_bg_k": 15.350049364660844,
  "summary_bg_mad": 45.836510014212394,
  "summary_bg_mean": 204.72556878875645,
  "summary_bg_median": 31.197044372558594,
  "summary_bg_n": 188868.0,
  "summary_bg_p05": 0.04926108196377754,
  "summary_bg_p95": 1144.61572265625,
  "summary_bg_stdv": 433.1179437697655,
  "summary_fg_k": 0.23990531069850052,
  "summary_fg_mad": 933.7910907440041,
  "summary_fg_mean": 3110.214007357415,
  "summary_fg_median": 2975.2684326171875,
  "summary_fg_n": 49596.0,
  "summary_fg_p05": 1671.7093505859375,
  "summary_fg_p95": 4981.3447265625,
  "summary_fg_stdv": 992.8634828698943,
  "tsnr": 57.92451806738973
}