{
  "aor": 0.0006330541871921183,
  "aqi": 0.005053409064039409,
  "bids_meta": {
    "EchoTime": 0.03,
    "RepetitionTime": 3.0,
    "SliceEncodingDirection": "k",
    "SliceTiming": [
      0.0,
      1.5,
      0.065,
      1.565,
      0.13,
      1.63,
      0.196,
      1.696,
      0.261,
      1.761,
      0.326,
      1.826,
      0.391,
      1.891,
      0.457,
      1.957,
      0.522,
      2.022,
      0.587,
      2.087,
      0.652,
      2.152,
      0.717,
      2.217,
      0.783,
      2.283,
      0.848,
      2.348,
      0.913,
      2.413,
      0.978,
      2.478,
      1.043,
      2.543,
      1.109,
      2.609,
      1.174,
      2.674,
      1.239,
      2.739,
      1.304,
      2.804,
      1.37,
      2.87,
      1.435,
      2.935
    ],
    "TaskName": "rest",
    "dataset": "ds003592",
    "modality": "bold",
    "session_id": "2",
    "subject_id": "132",
    "task_id": "rest"
  },
  "dummy_trs": 1,
  "dvars_nstd": 19.340613252079212,
  "dvars_std": 1.1302103177722769,
  "dvars_vstd": 0.9619805604455447,
  "efc": 0.4157881674208679,
  "fber": 31785.408203125,
  "fd_mean": 0.10952602533886092,
  "fd_num": 9,
  "fd_perc": 4.433497536945813,
  "fwhm_avg": 2.932553333333333,
  "fwhm_x": 2.8101599999999998,
  "fwhm_y": 2.988303333333333,
  "fwhm_z": 2.9991966666666667,
  "gcor": 0.0266446,
  "gsr_x": -0.011745493859052658,
  "gsr_y": 0.016657572239637375,
  "provenance": {
    "md5sum": "b9a543ac955c6ae7c8d6c69a823a2b3d",
    "settings": {
      "fd_thres": 0.2,
      "testing": false
    },
    "software": "mriqc",
    "version": "23.1.0"
  },
  "size_t": 203,
  "size_x": 72,
  "size_y": 72,
  "size_z": 46,
  "snr": 3.096893848985054,
  "spacing_tr": 3.0,
  "spacing_x": 3.0,
  "spacing_y": 3.0,
  "spacing_z": 3.0,
  "summary_bg_k": 26.355314568960228,
  "summary_bg_mad": 26.08065298629348,
  "summary_bg_mean": 138.41362184591895,
  "summary_bg_median": 19.59113311767578,
  "summary_bg_n": 197713.0,
  "summary_bg_p05": 0.8226600885391235,
  "summary_bg_p95": 801.3399047851562,
  "summary_bg_stdv": 336.3339561000095,
  "summary_fg_k": 1.037643143486286,
  "summary_fg_mad": 902.707480999334,
  "summary_fg_mean": 3706.1642233345488,
  "summary_fg_median": 3492.7978515625,
  "summary_fg_n": 40751.0,
  "summary_fg_p05": 2149.911376953125,
  "summary_fg_p95": 5976.6796875,
  "summary_fg_stdv": 1127.8252230313212,
  "tsnr": 68.29167728824541
}