{
  "aor": 0.0033525742574257423,
  "aqi": 0.007487621782178218,
  "bids_meta": {
    "EchoTime": 0.03,
    "RepetitionTime": 3.0,
    "SliceEncodingDirection": "k",
    "SliceTiming": [
      0.0,
      1.5,
      0.065,
      1.565,
      0.13,
      1.63,
      0.196,
      1.696,
      0.261,
      1.761,
      0.326,
      1.826,
      0.391,
      1.891,
      0.457,
      1.957,
      0.522,
      2.022,
      0.587,
      2.087,
      0.652,
      2.152,
      0.717,
      2.217,
      0.783,
      2.283,
      0.848,
      2.348,
      0.913,
      2.413,
      0.978,
      2.478,
      1.043,
      2.543,
      1.109,
      2.609,
      1.174,
      2.674,
      1.239,
      2.739,
      1.304,
      2.804,
      1.37,
      2.87,
      1.435,
      2.935
    ],
    "TaskName": "rest",
    "dataset": "ds003592",
    "modality": "bold",
    "session_id": "1",
    "subject_id": "125",
    "task_id": "rest"
  },
  "dummy_trs": 2,
  "dvars_nstd": 25.006664143283576,
  "dvars_std": 1.0779791482587067,
  "dvars_vstd": 0.9518415208955217,
  "efc": 0.46307745627781877,
  "fber": 14539.51171875,
  "fd_mean": 0.17072709822254778,
  "fd_num": 50,
  "fd_perc": 24.752475247524753,
  "fwhm_avg": 3.0276755555555557,
  "fwhm_x": 2.9084733333333332,
  "fwhm_y": 3.1066333333333334,
  "fwhm_z": 3.0679200000000004,
  "gcor": 0.0294056,
  "gsr_x": -0.00945248268544674,
  "gsr_y": 0.03656386584043503,
  "provenance": {
    "md5sum": "042d95831a384314ca15c7e47b1e1759",
    "settings": {
      "fd_thres": 0.2,
      "testing": false
    },
    "software": "mriqc",
    "version": "23.1.0"
  },
  "size_t": 202,
  "size_x": 72,
  "size_y": 72,
  "size_z": 46,
  "snr": 3.0506759314669676,
  "spacing_tr": 3.0,
  "spacing_x": 3.0,
  "spacing_y": 3.0,
  "spacing_z": 3.0,
  "summary_bg_k": 87.03481833766669,
  "summary_bg_mad": 40.07429572041603,
  "summary_bg_mean": 152.5521990950285,
  "summary_bg_median": 28.93564224243164,
  "summary_bg_n": 186868.0,
  "summary_bg_p05": 0.9009900689125061,
  "summary_bg_p95": 760.6732788085938,
  "summary_bg_stdv": 346.45927824371887,
  "summary_fg_k": 0.7723955417000692,
  "summary_fg_mad": 986.8551108939139,
  "summary_fg_mean": 3650.775396452217,
  "summary_fg_median": 3489.0567626953125,
  "summary_fg_n": 51596.0,
  "summary_fg_p05": 2001.32666015625,
  "summary_fg_p95": 5827.6337890625,
  "summary_fg_stdv": 1143.688490551383,
  "tsnr": 41.49868477601558
}