{
  "aor": 0.003597920792079208,
  "aqi": 0.004887736683168316,
  "bids_meta": {
    "EchoTime": 0.0137,
    "RepetitionTime": 3.0,
    "SliceEncodingDirection": "k",
    "SliceTiming": [
      0.0,
      1.5,
      0.065,
      1.565,
      0.13,
      1.63,
      0.196,
      1.696,
      0.261,
      1.761,
      0.326,
      1.826,
      0.391,
      1.891,
      0.457,
      1.957,
      0.522,
      2.022,
      0.587,
      2.087,
      0.652,
      2.152,
      0.717,
      2.217,
      0.783,
      2.283,
      0.848,
      2.348,
      0.913,
      2.413,
      0.978,
      2.478,
      1.043,
      2.543,
      1.109,
      2.609,
      1.174,
      2.674,
      1.239,
      2.739,
      1.304,
      2.804,
      1.37,
      2.87,
      1.435,
      2.935
    ],
    "TaskName": "rest",
    "dataset": "ds003592",
    "modality": "bold",
    "session_id": "1",
    "subject_id": "125",
    "task_id": "rest"
  },
  "dummy_trs": 2,
  "dvars_nstd": 20.244766126318403,
  "dvars_std": 1.0926414033333336,
  "dvars_vstd": 0.9506344917910443,
  "efc": 0.5143406926367365,
  "fber": 11693.435546875,
  "fd_mean": 0.1601256583605071,
  "fd_num": 47,
  "fd_perc": 23.26732673267327,
  "fwhm_avg": 3.4874244444444447,
  "fwhm_x": 3.1699066666666664,
  "fwhm_y": 3.4392333333333336,
  "fwhm_z": 3.8531333333333335,
  "gcor": 0.0378769,
  "gsr_x": -0.016459481790661812,
  "gsr_y": 0.07382126152515411,
  "provenance": {
    "md5sum": "a1e6b9350dfdf1e50a41f36afe9ae277",
    "settings": {
      "fd_thres": 0.2,
      "testing": false
    },
    "software": "mriqc",
    "version": "23.1.0"
  },
  "size_t": 202,
  "size_x": 72,
  "size_y": 72,
  "size_z": 46,
  "snr": 2.8688854069766885,
  "spacing_tr": 3.0,
  "spacing_x": 3.0,
  "spacing_y": 3.0,
  "spacing_z": 3.0,
  "summary_bg_k": 18.205329201543556,
  "summary_bg_mad": 63.18674428566557,
  "summary_bg_mean": 383.71240677133744,
  "summary_bg_median": 44.074256896972656,
  "summary_bg_n": 182192.0,
  "summary_bg_p05": 0.7920792102813721,
  "summary_bg_p95": 2012.3514404296875,
  "summary_bg_stdv": 803.2125952397473,
  "summary_fg_k": 2.0286490923086724,
  "summary_fg_mad": 1352.9110826930194,
  "summary_fg_mean": 5056.06080042899,
  "summary_fg_median": 4766.022216796875,
  "summary_fg_n": 56272.0,
  "summary_fg_p05": 2793.559326171875,
  "summary_fg_p95": 8193.603515625,
  "summary_fg_stdv": 1661.265332152856,
  "tsnr": 54.10419985419139
}