{
  "bids_meta": {
    "EchoTime": 0.0034,
    "FlipAngle": 7,
    "RepetitionTime": 2.53,
    "dataset": "ds003592",
    "modality": "T1w",
    "session_id": "1",
    "subject_id": "41"
  },
  "cjv": 0.4887699621447039,
  "cnr": 2.2283663989151132,
  "efc": 0.630645660772828,
  "fber": -1.0,
  "fwhm_avg": 4.490983333333333,
  "fwhm_x": 4.58604,
  "fwhm_y": 4.40629,
  "fwhm_z": 4.48062,
  "icvs_csf": 0.2658834941864545,
  "icvs_gm": 0.38943268593823077,
  "icvs_wm": 0.34468381987531466,
  "inu_med": 0.6923218667507172,
  "inu_range": 0.5946216613054277,
  "provenance": {
    "md5sum": "33b41eff146908952acf67f67bd8fe48",
    "settings": {
      "testing": false
    },
    "software": "mriqc",
    "version": "23.1.0",
    "warnings": {
      "large_rot_frame": true,
      "small_air_mask": false
    }
  },
  "qi_1": 0.0,
  "qi_2": 0.001930394928832995,
  "rpve_csf": 7.624739812859859,
  "rpve_gm": 7.574804177951697,
  "rpve_wm": 7.669024340563281,
  "size_x": 176,
  "size_y": 256,
  "size_z": 256,
  "snr_csf": 1.8279174617176936,
  "snr_gm": 5.940202089448278,
  "snr_total": 7.338005532376731,
  "snr_wm": 14.245897045964222,
  "snrd_csf": 54.69145617560824,
  "snrd_gm": 96.59141933777069,
  "snrd_total": 96.71529210395595,
  "snrd_wm": 138.8630007984889,
  "spacing_x": 1.0,
  "spacing_y": 1.0,
  "spacing_z": 1.0,
  "summary_bg_k": 24.440372217182933,
  "summary_bg_mad": 0.0,
  "summary_bg_mean": 1.5062874435526021,
  "summary_bg_median": 0.0,
  "summary_bg_n": 3281498.0,
  "summary_bg_p05": 0.0,
  "summary_bg_p95": 11.269747480750084,
  "summary_bg_stdv": 4.631746868187972,
  "summary_csf_k": -0.7011088673372039,
  "summary_csf_mad": 168.9818956383758,
  "summary_csf_mean": 397.3584988801647,
  "summary_csf_median": 386.6629618778825,
  "summary_csf_n": 396913.5391929344,
  "summary_csf_p05": 78.71538347750902,
  "summary_csf_p95": 737.9264715462923,
  "summary_csf_stdv": 211.53169269857963,
  "summary_gm_k": -0.6766729922164876,
  "summary_gm_mad": 92.76834428433732,
  "summary_gm_mean": 688.2918508283981,
  "summary_gm_median": 682.8913856893778,
  "summary_gm_n": 581349.0082417772,
  "summary_gm_p05": 505.75584553182125,
  "summary_gm_p95": 889.4112367630005,
  "summary_gm_stdv": 114.96086969309592,
  "summary_wm_k": -0.18252157940020908,
  "summary_wm_mad": 53.30335804182918,
  "summary_wm_mean": 968.4293426138217,
  "summary_wm_median": 981.7471125945449,
  "summary_wm_n": 514547.45345459966,
  "summary_wm_p05": 830.3660567104816,
  "summary_wm_p95": 1059.045135192573,
  "summary_wm_stdv": 68.9143095331695,
  "tpm_overlap_csf": 0.2082944223129573,
  "tpm_overlap_gm": 0.5219072351956449,
  "tpm_overlap_wm": 0.5344875178468548,
  "wm2max": 0.6812789759920238
}