{
  "aor": 0.0004288,
  "aqi": 0.00513874955,
  "bids_meta": {
    "EchoTime": 0.04592,
    "RepetitionTime": 3,
    "SliceEncodingDirection": "k",
    "SliceTiming": [
      0,
      1.54,
      0.07,
      1.61,
      0.14,
      1.68,
      0.21,
      1.75,
      0.28,
      1.82,
      0.35,
      1.89,
      0.42,
      1.96,
      0.49,
      2.03,
      0.56,
      2.1,
      0.63,
      2.17,
      0.7,
      2.24,
      0.77,
      2.31,
      0.84,
      2.38,
      0.91,
      2.45,
      0.98,
      2.52,
      1.05,
      2.5925,
      1.12,
      2.6625,
      1.19,
      2.7325,
      1.26,
      2.8025,
      1.33,
      2.8725,
      1.4,
      2.9425,
      1.47
    ],
    "TaskName": "rest",
    "dataset": "ds003592",
    "modality": "bold",
    "session_id": "2",
    "subject_id": "263",
    "task_id": "rest"
  },
  "dummy_trs": 0,
  "dvars_nstd": 23.83288496603015,
  "dvars_std": 1.0613452900502507,
  "dvars_vstd": 0.9710981520603019,
  "efc": 0.41106523634120157,
  "fber": 1926.14990234375,
  "fd_mean": 0.043964425862707386,
  "fd_num": 0,
  "fd_perc": 0.0,
  "fwhm_avg": 2.155385619982736,
  "fwhm_x": 2.0184681481481483,
  "fwhm_y": 2.2193955555555553,
  "fwhm_z": 2.228293156244504,
  "gcor": 0.0417059,
  "gsr_x": 0.0008974792435765266,
  "gsr_y": 0.008423293009400368,
  "provenance": {
    "md5sum": "0eb6284a77197ffe6379ad8edad5e674",
    "settings": {
      "fd_thres": 0.2,
      "testing": false
    },
    "software": "mriqc",
    "version": "23.1.0"
  },
  "size_t": 200,
  "size_x": 64,
  "size_y": 64,
  "size_z": 43,
  "snr": 3.065787098278585,
  "spacing_tr": 3.0,
  "spacing_x": 3.375,
  "spacing_y": 3.375,
  "spacing_z": 3.000000238418579,
  "summary_bg_k": 46.84193330960111,
  "summary_bg_mad": 3.7361568553958953,
  "summary_bg_mean": 20.1132472507001,
  "summary_bg_median": 10.34999942779541,
  "summary_bg_n": 151193.0,
  "summary_bg_p05": 7.105000019073486,
  "summary_bg_p95": 70.93499755859375,
  "summary_bg_stdv": 34.62302863946721,
  "summary_fg_k": 0.9932579429477038,
  "summary_fg_mad": 130.8544862838417,
  "summary_fg_mean": 474.8184832877187,
  "summary_fg_median": 454.239990234375,
  "summary_fg_n": 24935.0,
  "summary_fg_p05": 261.5,
  "summary_fg_p95": 747.4049682617188,
  "summary_fg_stdv": 148.16126074646226,
  "tsnr": 59.005975789390504
}