{
  "bids_meta": {
    "EchoTime": 0.0034,
    "FlipAngle": 7,
    "RepetitionTime": 2.53,
    "dataset": "ds003592",
    "modality": "T1w",
    "session_id": "1",
    "subject_id": "185"
  },
  "cjv": 0.7247680485502015,
  "cnr": 1.2743637688522331,
  "efc": 0.5484842417083418,
  "fber": -1.0,
  "fwhm_avg": 4.71321,
  "fwhm_x": 4.8504,
  "fwhm_y": 4.63888,
  "fwhm_z": 4.65035,
  "icvs_csf": 0.2647823665917154,
  "icvs_gm": 0.3714793079847365,
  "icvs_wm": 0.36373832542354806,
  "inu_med": 0.7670263946056366,
  "inu_range": 0.7056681871414188,
  "provenance": {
    "md5sum": "ccbbe4899154f4980c5ca768608a385c",
    "settings": {
      "testing": false
    },
    "software": "mriqc",
    "version": "23.1.0",
    "warnings": {
      "large_rot_frame": true,
      "small_air_mask": false
    }
  },
  "qi_1": 0.0,
  "qi_2": 0.001217958972715525,
  "rpve_csf": 7.730808426700838,
  "rpve_gm": 7.585362279788913,
  "rpve_wm": 7.646363358836771,
  "size_x": 176,
  "size_y": 256,
  "size_z": 256,
  "snr_csf": 1.3861931983521059,
  "snr_gm": 4.42985052328829,
  "snr_total": 4.858602180518123,
  "snr_wm": 8.759762819913973,
  "snrd_csf": 26.10016952163938,
  "snrd_gm": 77.80933571636383,
  "snrd_total": 69.60800856306737,
  "snrd_wm": 104.91452045119894,
  "spacing_x": 1.0,
  "spacing_y": 1.0,
  "spacing_z": 1.0,
  "summary_bg_k": 16.836283404898648,
  "summary_bg_mad": 0.0,
  "summary_bg_mean": 2.2792998091578967,
  "summary_bg_median": 0.0,
  "summary_bg_n": 3221739.0,
  "summary_bg_p05": 0.0,
  "summary_bg_p95": 14.636713299900293,
  "summary_bg_stdv": 5.888531825532147,
  "summary_csf_k": -0.6912732290668879,
  "summary_csf_mad": 129.49765551062893,
  "summary_csf_mean": 288.474208873866,
  "summary_csf_median": 234.5949314981699,
  "summary_csf_n": 391854.0719451399,
  "summary_csf_p05": 87.71840012446046,
  "summary_csf_p95": 624.4884474985301,
  "summary_csf_stdv": 169.23660600643558,
  "summary_gm_k": -0.04148660849921537,
  "summary_gm_mad": 91.83659550987059,
  "summary_gm_mean": 707.1573254798457,
  "summary_gm_median": 699.3700085803866,
  "summary_gm_n": 549755.9424024584,
  "summary_gm_p05": 451.90427814796567,
  "summary_gm_p95": 988.7422453053296,
  "summary_gm_stdv": 157.87651723918327,
  "summary_wm_k": -0.5441558466486232,
  "summary_wm_mad": 84.73738500170626,
  "summary_wm_mean": 916.8321588796913,
  "summary_wm_median": 942.9982712566853,
  "summary_wm_n": 538299.9849061071,
  "summary_wm_p05": 713.1577245891094,
  "summary_wm_p95": 1058.1562638320029,
  "summary_wm_stdv": 107.65101918153209,
  "tpm_overlap_csf": 0.16951454787002465,
  "tpm_overlap_gm": 0.5198740380680368,
  "tpm_overlap_wm": 0.5415564311329678,
  "wm2max": 0.5377539361310688
}