{
  "aor": 0.0011194059405940594,
  "aqi": 0.003860024653465346,
  "bids_meta": {
    "EchoTime": 0.03,
    "RepetitionTime": 3.0,
    "SliceEncodingDirection": "k",
    "SliceTiming": [
      0.0,
      1.5,
      0.065,
      1.565,
      0.13,
      1.63,
      0.196,
      1.696,
      0.261,
      1.761,
      0.326,
      1.826,
      0.391,
      1.891,
      0.457,
      1.957,
      0.522,
      2.022,
      0.587,
      2.087,
      0.652,
      2.152,
      0.717,
      2.217,
      0.783,
      2.283,
      0.848,
      2.348,
      0.913,
      2.413,
      0.978,
      2.478,
      1.043,
      2.543,
      1.109,
      2.609,
      1.174,
      2.674,
      1.239,
      2.739,
      1.304,
      2.804,
      1.37,
      2.87,
      1.435,
      2.935
    ],
    "TaskName": "rest",
    "dataset": "ds003592",
    "modality": "bold",
    "session_id": "2",
    "subject_id": "110",
    "task_id": "rest"
  },
  "dummy_trs": 2,
  "dvars_nstd": 24.941916641492536,
  "dvars_std": 1.1298909367661687,
  "dvars_vstd": 0.9533946942288558,
  "efc": 0.47242305669455575,
  "fber": 9957.9580078125,
  "fd_mean": 0.159789963985986,
  "fd_num": 36,
  "fd_perc": 17.821782178217823,
  "fwhm_avg": 3.1574311111111117,
  "fwhm_x": 3.0911633333333337,
  "fwhm_y": 3.0916933333333336,
  "fwhm_z": 3.2894366666666666,
  "gcor": 0.0103214,
  "gsr_x": 0.01505971234291792,
  "gsr_y": 0.015023448504507542,
  "provenance": {
    "md5sum": "8f1745d28f167905fd4d5df53f0b47f9",
    "settings": {
      "fd_thres": 0.2,
      "testing": false
    },
    "software": "mriqc",
    "version": "23.1.0"
  },
  "size_t": 202,
  "size_x": 72,
  "size_y": 72,
  "size_z": 46,
  "snr": 2.8653118835996763,
  "spacing_tr": 3.0,
  "spacing_x": 3.0,
  "spacing_y": 3.0,
  "spacing_z": 3.0,
  "summary_bg_k": 24.356749204337397,
  "summary_bg_mad": 47.498318772714505,
  "summary_bg_mean": 167.14014626672056,
  "summary_bg_median": 33.82920837402344,
  "summary_bg_n": 185588.0,
  "summary_bg_p05": 0.8465346693992615,
  "summary_bg_p95": 888.5989990234375,
  "summary_bg_stdv": 360.83279043585685,
  "summary_fg_k": 0.5424963425435494,
  "summary_fg_mad": 1041.249165675635,
  "summary_fg_mean": 3582.5268797041545,
  "summary_fg_median": 3375.802001953125,
  "summary_fg_n": 52876.0,
  "summary_fg_p05": 1959.0989990234375,
  "summary_fg_p95": 5860.97021484375,
  "summary_fg_stdv": 1178.151006614818,
  "tsnr": 59.949381451588124
}