{
  "aor": 0.0005532512315270936,
  "aqi": 0.006848698472906404,
  "bids_meta": {
    "EchoTime": 0.047,
    "RepetitionTime": 3.0,
    "SliceEncodingDirection": "k",
    "SliceTiming": [
      0.0,
      1.5,
      0.065,
      1.565,
      0.13,
      1.63,
      0.196,
      1.696,
      0.261,
      1.761,
      0.326,
      1.826,
      0.391,
      1.891,
      0.457,
      1.957,
      0.522,
      2.022,
      0.587,
      2.087,
      0.652,
      2.152,
      0.717,
      2.217,
      0.783,
      2.283,
      0.848,
      2.348,
      0.913,
      2.413,
      0.978,
      2.478,
      1.043,
      2.543,
      1.109,
      2.609,
      1.174,
      2.674,
      1.239,
      2.739,
      1.304,
      2.804,
      1.37,
      2.87,
      1.435,
      2.935
    ],
    "TaskName": "rest",
    "dataset": "ds003592",
    "modality": "bold",
    "session_id": "1",
    "subject_id": "51",
    "task_id": "rest"
  },
  "dummy_trs": 1,
  "dvars_nstd": 33.95847780391089,
  "dvars_std": 1.1468145916336634,
  "dvars_vstd": 0.9531889764356434,
  "efc": 0.408876963151673,
  "fber": 9850.4990234375,
  "fd_mean": 0.19317442287588618,
  "fd_num": 94,
  "fd_perc": 46.30541871921182,
  "fwhm_avg": 2.4729433333333337,
  "fwhm_x": 2.4754733333333334,
  "fwhm_y": 2.54822,
  "fwhm_z": 2.3951366666666667,
  "gcor": 0.0191471,
  "gsr_x": -0.01437657792121172,
  "gsr_y": 0.02758583426475525,
  "provenance": {
    "md5sum": "5abe0bcc759b6a0d425c92bca4b3c17b",
    "settings": {
      "fd_thres": 0.2,
      "testing": false
    },
    "software": "mriqc",
    "version": "23.1.0"
  },
  "size_t": 203,
  "size_x": 72,
  "size_y": 72,
  "size_z": 46,
  "snr": 3.0505785229256612,
  "spacing_tr": 3.0,
  "spacing_x": 3.0,
  "spacing_y": 3.0,
  "spacing_z": 3.0,
  "summary_bg_k": 103.74073920902804,
  "summary_bg_mad": 33.25995296854805,
  "summary_bg_mean": 77.42089081071585,
  "summary_bg_median": 23.01477813720703,
  "summary_bg_n": 197602.0,
  "summary_bg_p05": 0.02463054098188877,
  "summary_bg_p95": 336.1083679199219,
  "summary_bg_stdv": 188.13826371519468,
  "summary_fg_k": 1.3653677542727252,
  "summary_fg_mad": 642.9417091176974,
  "summary_fg_mean": 2395.2636364529844,
  "summary_fg_median": 2284.2093505859375,
  "summary_fg_n": 40862.0,
  "summary_fg_p05": 1326.468017578125,
  "summary_fg_p95": 3794.5712890625,
  "summary_fg_stdv": 748.7699080553782,
  "tsnr": 44.23686021659523
}