{
  "aor": 0.005209852216748767,
  "aqi": 0.003056338522167488,
  "bids_meta": {
    "EchoTime": 0.0137,
    "RepetitionTime": 3.0,
    "SliceEncodingDirection": "k",
    "SliceTiming": [
      0.0,
      1.5,
      0.065,
      1.565,
      0.13,
      1.63,
      0.196,
      1.696,
      0.261,
      1.761,
      0.326,
      1.826,
      0.391,
      1.891,
      0.457,
      1.957,
      0.522,
      2.022,
      0.587,
      2.087,
      0.652,
      2.152,
      0.717,
      2.217,
      0.783,
      2.283,
      0.848,
      2.348,
      0.913,
      2.413,
      0.978,
      2.478,
      1.043,
      2.543,
      1.109,
      2.609,
      1.174,
      2.674,
      1.239,
      2.739,
      1.304,
      2.804,
      1.37,
      2.87,
      1.435,
      2.935
    ],
    "TaskName": "rest",
    "dataset": "ds003592",
    "modality": "bold",
    "session_id": "1",
    "subject_id": "211",
    "task_id": "rest"
  },
  "dummy_trs": 1,
  "dvars_nstd": 19.3726869670297,
  "dvars_std": 1.1753670456435645,
  "dvars_vstd": 0.9887024237128716,
  "efc": 0.5594565851089245,
  "fber": 3437.870849609375,
  "fd_mean": 0.13027917808951975,
  "fd_num": 28,
  "fd_perc": 13.793103448275861,
  "fwhm_avg": 3.309113333333333,
  "fwhm_x": 2.9224533333333333,
  "fwhm_y": 3.2446866666666665,
  "fwhm_z": 3.7601999999999998,
  "gcor": 0.0235578,
  "gsr_x": -0.008983771316707134,
  "gsr_y": 0.0920240506529808,
  "provenance": {
    "md5sum": "736006d645be0dc80a7346a0fd95c48c",
    "settings": {
      "fd_thres": 0.2,
      "testing": false
    },
    "software": "mriqc",
    "version": "23.1.0"
  },
  "size_t": 203,
  "size_x": 72,
  "size_y": 72,
  "size_z": 46,
  "snr": 2.7033571047846645,
  "spacing_tr": 3.0,
  "spacing_x": 3.0,
  "spacing_y": 3.0,
  "spacing_z": 3.0,
  "summary_bg_k": 9.58212197907819,
  "summary_bg_mad": 116.22359349500218,
  "summary_bg_mean": 555.3264802811394,
  "summary_bg_median": 79.5394058227539,
  "summary_bg_n": 177272.0,
  "summary_bg_p05": 0.6847290396690369,
  "summary_bg_p95": 2770.807861328125,
  "summary_bg_stdv": 1038.0924923115228,
  "summary_fg_k": 1.3698331063202973,
  "summary_fg_mad": 1497.3406455400527,
  "summary_fg_mean": 4934.712003442802,
  "summary_fg_median": 4663.66259765625,
  "summary_fg_n": 61192.0,
  "summary_fg_p05": 2596.630615234375,
  "summary_fg_p95": 8183.87158203125,
  "summary_fg_stdv": 1725.1233595615383,
  "tsnr": 68.63275602867361
}