{
  "aor": 0.002612364532019704,
  "aqi": 0.01143545906403941,
  "bids_meta": {
    "EchoTime": 0.047,
    "RepetitionTime": 3.0,
    "SliceEncodingDirection": "k",
    "SliceTiming": [
      0.0,
      1.5,
      0.065,
      1.565,
      0.13,
      1.63,
      0.196,
      1.696,
      0.261,
      1.761,
      0.326,
      1.826,
      0.391,
      1.891,
      0.457,
      1.957,
      0.522,
      2.022,
      0.587,
      2.087,
      0.652,
      2.152,
      0.717,
      2.217,
      0.783,
      2.283,
      0.848,
      2.348,
      0.913,
      2.413,
      0.978,
      2.478,
      1.043,
      2.543,
      1.109,
      2.609,
      1.174,
      2.674,
      1.239,
      2.739,
      1.304,
      2.804,
      1.37,
      2.87,
      1.435,
      2.935
    ],
    "TaskName": "rest",
    "dataset": "ds003592",
    "modality": "bold",
    "session_id": "1",
    "subject_id": "05",
    "task_id": "rest"
  },
  "dummy_trs": 1,
  "dvars_nstd": 26.849838058564373,
  "dvars_std": 1.0553023066336638,
  "dvars_vstd": 0.9359721067821779,
  "efc": 0.42663924063389463,
  "fber": 9246.544921875,
  "fd_mean": 0.09493057826819933,
  "fd_num": 15,
  "fd_perc": 7.389162561576355,
  "fwhm_avg": 2.5195588888888887,
  "fwhm_x": 2.4978766666666665,
  "fwhm_y": 2.52826,
  "fwhm_z": 2.53254,
  "gcor": 0.0192599,
  "gsr_x": -0.008963178843259811,
  "gsr_y": 0.016448775306344032,
  "provenance": {
    "md5sum": "12cca14932f6e9e89a7abe962febf347",
    "settings": {
      "fd_thres": 0.2,
      "testing": false
    },
    "software": "mriqc",
    "version": "23.1.0"
  },
  "size_t": 203,
  "size_x": 72,
  "size_y": 72,
  "size_z": 46,
  "snr": 2.9255361570652147,
  "spacing_tr": 3.0,
  "spacing_x": 3.0,
  "spacing_y": 3.0,
  "spacing_z": 3.0,
  "summary_bg_k": 29.159915930649696,
  "summary_bg_mad": 33.49366407882149,
  "summary_bg_mean": 84.21417975317388,
  "summary_bg_median": 25.55172348022461,
  "summary_bg_n": 193260.0,
  "summary_bg_p05": 0.9901477694511414,
  "summary_bg_p95": 363.10589599609375,
  "summary_bg_stdv": 179.94739089879758,
  "summary_fg_k": 2.008821682707902,
  "summary_fg_mad": 710.820168622831,
  "summary_fg_mean": 2584.433452973629,
  "summary_fg_median": 2457.027099609375,
  "summary_fg_n": 45204.0,
  "summary_fg_p05": 1416.748779296875,
  "summary_fg_p95": 4139.73876953125,
  "summary_fg_stdv": 839.8460283688912,
  "tsnr": 33.687281590886414
}