{
  "aor": 0.0015144827586206899,
  "aqi": 0.0053534517733990145,
  "bids_meta": {
    "EchoTime": 0.03,
    "RepetitionTime": 3.0,
    "SliceEncodingDirection": "k",
    "SliceTiming": [
      0.0,
      1.5,
      0.065,
      1.565,
      0.13,
      1.63,
      0.196,
      1.696,
      0.261,
      1.761,
      0.326,
      1.826,
      0.391,
      1.891,
      0.457,
      1.957,
      0.522,
      2.022,
      0.587,
      2.087,
      0.652,
      2.152,
      0.717,
      2.217,
      0.783,
      2.283,
      0.848,
      2.348,
      0.913,
      2.413,
      0.978,
      2.478,
      1.043,
      2.543,
      1.109,
      2.609,
      1.174,
      2.674,
      1.239,
      2.739,
      1.304,
      2.804,
      1.37,
      2.87,
      1.435,
      2.935
    ],
    "TaskName": "rest",
    "dataset": "ds003592",
    "modality": "bold",
    "session_id": "1",
    "subject_id": "54",
    "task_id": "rest"
  },
  "dummy_trs": 1,
  "dvars_nstd": 30.61508978465345,
  "dvars_std": 1.1650240120297026,
  "dvars_vstd": 0.9739217311881188,
  "efc": 0.41468283504059616,
  "fber": 14119.4951171875,
  "fd_mean": 0.3211583545095033,
  "fd_num": 145,
  "fd_perc": 71.42857142857143,
  "fwhm_avg": 3.256019064374337,
  "fwhm_x": 3.1437033333333333,
  "fwhm_y": 3.327280264428478,
  "fwhm_z": 3.297073595361201,
  "gcor": 0.0332938,
  "gsr_x": -0.006925668567419052,
  "gsr_y": 0.015528124757111073,
  "provenance": {
    "md5sum": "425aedc97deb35f5d023c0e0807f263d",
    "settings": {
      "fd_thres": 0.2,
      "testing": false
    },
    "software": "mriqc",
    "version": "23.1.0"
  },
  "size_t": 203,
  "size_x": 72,
  "size_y": 72,
  "size_z": 46,
  "snr": 2.993240672979556,
  "spacing_tr": 3.0,
  "spacing_x": 3.0,
  "spacing_y": 2.999999761581421,
  "spacing_z": 2.999999761581421,
  "summary_bg_k": 24.568416291972344,
  "summary_bg_mad": 37.78809774365918,
  "summary_bg_mean": 128.38796659587427,
  "summary_bg_median": 27.40886688232422,
  "summary_bg_n": 198663.0,
  "summary_bg_p05": 0.7290640473365784,
  "summary_bg_p95": 624.9655151367188,
  "summary_bg_stdv": 277.14647377450063,
  "summary_fg_k": 1.0973274462401559,
  "summary_fg_mad": 840.2481570201663,
  "summary_fg_mean": 3430.159596411428,
  "summary_fg_median": 3256.871826171875,
  "summary_fg_n": 39801.0,
  "summary_fg_p05": 1890.5960693359375,
  "summary_fg_p95": 5614.462890625,
  "summary_fg_stdv": 1088.061825722064,
  "tsnr": 50.68933765171096
}