{
  "bids_meta": {
    "EchoTime": 0.0034,
    "FlipAngle": 7,
    "RepetitionTime": 2.53,
    "dataset": "ds003592",
    "modality": "T1w",
    "session_id": "1",
    "subject_id": "35"
  },
  "cjv": 0.5770386109273893,
  "cnr": 1.672841131962389,
  "efc": 0.6623113470874317,
  "fber": 6655.924732842097,
  "fwhm_avg": 4.2785866666666665,
  "fwhm_x": 4.31073,
  "fwhm_y": 4.41605,
  "fwhm_z": 4.10898,
  "icvs_csf": 0.26018121152714524,
  "icvs_gm": 0.38584840650536784,
  "icvs_wm": 0.3539703819674869,
  "inu_med": 0.8168844282627106,
  "inu_range": 0.6454459637403488,
  "provenance": {
    "md5sum": "feca88ddbf91a404f5d09c41d5913308",
    "settings": {
      "testing": false
    },
    "software": "mriqc",
    "version": "23.1.0",
    "warnings": {
      "large_rot_frame": true,
      "small_air_mask": false
    }
  },
  "qi_1": 0.0,
  "qi_2": 0.002064780321984863,
  "rpve_csf": 6.230003341572336,
  "rpve_gm": 6.144687464926187,
  "rpve_wm": 6.245409166454207,
  "size_x": 176,
  "size_y": 256,
  "size_z": 256,
  "snr_csf": 1.8835345470909695,
  "snr_gm": 5.293128666224904,
  "snr_total": 5.940784412017759,
  "snr_wm": 10.645690022737405,
  "snrd_csf": 5.81638568455352,
  "snrd_gm": 9.827466959912286,
  "snrd_total": 9.803966411691867,
  "snrd_wm": 13.768046590609798,
  "spacing_x": 1.0,
  "spacing_y": 1.0,
  "spacing_z": 1.0,
  "summary_bg_k": 536.9307822407532,
  "summary_bg_mad": 0.0,
  "summary_bg_mean": 4.1227167797753275,
  "summary_bg_median": 0.0,
  "summary_bg_n": 2823411.0,
  "summary_bg_p05": 0.0,
  "summary_bg_p95": 15.019126191735268,
  "summary_bg_stdv": 45.64867190250211,
  "summary_csf_k": 0.35118320309164996,
  "summary_csf_mad": 163.93097164458123,
  "summary_csf_mean": 412.2922650550331,
  "summary_csf_median": 405.2748126536608,
  "summary_csf_n": 473158.7868152119,
  "summary_csf_p05": 87.94040644168854,
  "summary_csf_p95": 752.0434849411249,
  "summary_csf_stdv": 215.16695035630653,
  "summary_gm_k": -0.43208461589100366,
  "summary_gm_mad": 92.89023739219533,
  "summary_gm_mean": 691.5909761462036,
  "summary_gm_median": 684.7594102323055,
  "summary_gm_n": 701693.8803731217,
  "summary_gm_p05": 487.90013958513737,
  "summary_gm_p95": 937.2659527212381,
  "summary_gm_stdv": 129.36751881139458,
  "summary_wm_k": 0.2224156089678857,
  "summary_wm_mad": 65.54850941942833,
  "summary_wm_mean": 943.0636330603035,
  "summary_wm_median": 959.3315858393908,
  "summary_wm_n": 643721.333747342,
  "summary_wm_p05": 764.9285261780024,
  "summary_wm_p95": 1064.546000689268,
  "summary_wm_stdv": 90.11448188375195,
  "tpm_overlap_csf": 0.21633655200144852,
  "tpm_overlap_gm": 0.5290911527263361,
  "tpm_overlap_wm": 0.5421365771394913,
  "wm2max": 0.58598553790152
}