{
  "aor": 0.0018530999999999997,
  "aqi": 0.00376640075,
  "bids_meta": {
    "EchoTime": 0.014,
    "RepetitionTime": 3,
    "SliceEncodingDirection": "k",
    "SliceTiming": [
      0,
      1.5425,
      0.07,
      1.6125,
      0.14,
      1.6825,
      0.21,
      1.7525,
      0.28,
      1.8225,
      0.35,
      1.8925,
      0.42,
      1.9625,
      0.49,
      2.0325,
      0.56,
      2.1025,
      0.63,
      2.1725,
      0.7,
      2.2425,
      0.77,
      2.3125,
      0.84,
      2.3825,
      0.91,
      2.4525,
      0.98,
      2.5225,
      1.05,
      2.5925,
      1.12,
      2.6625,
      1.19,
      2.7325,
      1.26,
      2.8025,
      1.33,
      2.8725,
      1.4,
      2.9425,
      1.47
    ],
    "TaskName": "rest",
    "dataset": "ds003592",
    "modality": "bold",
    "session_id": "2",
    "subject_id": "245",
    "task_id": "rest"
  },
  "dummy_trs": 0,
  "dvars_nstd": 22.593309881356777,
  "dvars_std": 1.3158271773869343,
  "dvars_vstd": 0.9742086338693471,
  "efc": 0.4896771459346039,
  "fber": 2582.417724609375,
  "fd_mean": 0.053995227158170504,
  "fd_num": 0,
  "fd_perc": 0.0,
  "fwhm_avg": 2.481927507989577,
  "fwhm_x": 2.262853333333333,
  "fwhm_y": 2.421016296296296,
  "fwhm_z": 2.7619128943391016,
  "gcor": 0.00475577,
  "gsr_x": -0.01725905016064644,
  "gsr_y": 0.04713348671793938,
  "provenance": {
    "md5sum": "2626d2a6c2814944d5c80c42b3a1ca77",
    "settings": {
      "fd_thres": 0.2,
      "testing": false
    },
    "software": "mriqc",
    "version": "23.1.0"
  },
  "size_t": 200,
  "size_x": 64,
  "size_y": 64,
  "size_z": 43,
  "snr": 3.377540505467658,
  "spacing_tr": 3.0,
  "spacing_x": 3.375,
  "spacing_y": 3.375,
  "spacing_z": 3.000000476837158,
  "summary_bg_k": 17.084371835085346,
  "summary_bg_mad": 9.762934958456347,
  "summary_bg_mean": 51.33483765685376,
  "summary_bg_median": 14.519999504089355,
  "summary_bg_n": 142064.0,
  "summary_bg_p05": 7.369999885559082,
  "summary_bg_p95": 249.4449920654297,
  "summary_bg_stdv": 90.95216899565396,
  "summary_fg_k": 1.0547216759310842,
  "summary_fg_mad": 201.08534613518344,
  "summary_fg_mean": 766.789932693658,
  "summary_fg_median": 737.8699951171875,
  "summary_fg_n": 34064.0,
  "summary_fg_p05": 457.1999816894531,
  "summary_fg_p95": 1163.77001953125,
  "summary_fg_stdv": 218.46049313131346,
  "tsnr": 75.57201767968945
}