{
  "bids_meta": {
    "EchoTime": 0.0034,
    "FlipAngle": 7,
    "RepetitionTime": 2.53,
    "dataset": "ds003592",
    "modality": "T1w",
    "session_id": "1",
    "subject_id": "207"
  },
  "cjv": 0.6090002560569813,
  "cnr": 1.5938478311668638,
  "efc": 0.611655339145171,
  "fber": -1.0,
  "fwhm_avg": 4.132966666666667,
  "fwhm_x": 4.13511,
  "fwhm_y": 4.17578,
  "fwhm_z": 4.08801,
  "icvs_csf": 0.2600785112875316,
  "icvs_gm": 0.384662100940946,
  "icvs_wm": 0.3552593877715224,
  "inu_med": 0.7494196891784668,
  "inu_range": 0.6973478347063066,
  "provenance": {
    "md5sum": "201f31d78dea7129176c1305c5a6bca7",
    "settings": {
      "testing": false
    },
    "software": "mriqc",
    "version": "23.1.0",
    "warnings": {
      "large_rot_frame": true,
      "small_air_mask": false
    }
  },
  "qi_1": 0.0,
  "qi_2": 0.001190322193358853,
  "rpve_csf": 7.365882728739421,
  "rpve_gm": 7.258674984366875,
  "rpve_wm": 7.356574277351782,
  "size_x": 176,
  "size_y": 256,
  "size_z": 256,
  "snr_csf": 1.9678250336015337,
  "snr_gm": 5.321560368624471,
  "snr_total": 5.6143508918352945,
  "snr_wm": 9.55366727327988,
  "snrd_csf": 49.04787359825301,
  "snrd_gm": 83.27097219497303,
  "snrd_total": 82.34841089067372,
  "snrd_wm": 114.72638687879511,
  "spacing_x": 1.0,
  "spacing_y": 1.0,
  "spacing_z": 1.0,
  "summary_bg_k": 21.586184732290388,
  "summary_bg_mad": 0.0,
  "summary_bg_mean": 1.986454811489171,
  "summary_bg_median": 0.0,
  "summary_bg_n": 2772637.0,
  "summary_bg_p05": 0.0,
  "summary_bg_p95": 12.887964561581612,
  "summary_bg_stdv": 5.4449211515556835,
  "summary_csf_k": -0.24951320987571757,
  "summary_csf_mad": 161.69005142922182,
  "summary_csf_mean": 414.7396502211424,
  "summary_csf_median": 407.643056306988,
  "summary_csf_n": 401303.2237871608,
  "summary_csf_p05": 110.32260803505778,
  "summary_csf_p95": 746.0744801424444,
  "summary_csf_stdv": 207.15385842080934,
  "summary_gm_k": -0.38269962134921665,
  "summary_gm_mad": 89.43140840082988,
  "summary_gm_mean": 699.3390341504087,
  "summary_gm_median": 692.0755400173366,
  "summary_gm_n": 593536.6994072159,
  "summary_gm_p05": 493.98426192998886,
  "summary_gm_p95": 946.939117692411,
  "summary_gm_stdv": 130.05113332691238,
  "summary_wm_k": 0.3708805668553308,
  "summary_wm_mad": 69.77947619645549,
  "summary_wm_mean": 929.3962673465102,
  "summary_wm_median": 953.5054540671408,
  "summary_wm_n": 548168.0777376848,
  "summary_wm_p05": 733.3496543727815,
  "summary_wm_p95": 1058.1997737810016,
  "summary_wm_stdv": 99.80508605460574,
  "tpm_overlap_csf": 0.22751218811282325,
  "tpm_overlap_gm": 0.5398946386188906,
  "tpm_overlap_wm": 0.5553690098393675,
  "wm2max": 0.5591746869590833
}