{
  "aor": 0.00047643564356435647,
  "aqi": 0.003354745891089109,
  "bids_meta": {
    "EchoTime": 0.03,
    "RepetitionTime": 3.0,
    "SliceEncodingDirection": "k",
    "SliceTiming": [
      0.0,
      1.5,
      0.065,
      1.565,
      0.13,
      1.63,
      0.196,
      1.696,
      0.261,
      1.761,
      0.326,
      1.826,
      0.391,
      1.891,
      0.457,
      1.957,
      0.522,
      2.022,
      0.587,
      2.087,
      0.652,
      2.152,
      0.717,
      2.217,
      0.783,
      2.283,
      0.848,
      2.348,
      0.913,
      2.413,
      0.978,
      2.478,
      1.043,
      2.543,
      1.109,
      2.609,
      1.174,
      2.674,
      1.239,
      2.739,
      1.304,
      2.804,
      1.37,
      2.87,
      1.435,
      2.935
    ],
    "TaskName": "rest",
    "dataset": "ds003592",
    "modality": "bold",
    "session_id": "2",
    "subject_id": "46",
    "task_id": "rest"
  },
  "dummy_trs": 2,
  "dvars_nstd": 17.859787020348264,
  "dvars_std": 1.0833113426368155,
  "dvars_vstd": 0.9647331945273631,
  "efc": 0.4515875312320739,
  "fber": 16675.33203125,
  "fd_mean": 0.08493730087206448,
  "fd_num": 4,
  "fd_perc": 1.9801980198019802,
  "fwhm_avg": 3.0137388888888883,
  "fwhm_x": 2.887653333333333,
  "fwhm_y": 3.065803333333333,
  "fwhm_z": 3.08776,
  "gcor": 0.0277965,
  "gsr_x": -0.0077611361630260944,
  "gsr_y": 0.02739529125392437,
  "provenance": {
    "md5sum": "e5929b73e91cb37da3bd4584d6806743",
    "settings": {
      "fd_thres": 0.2,
      "testing": false
    },
    "software": "mriqc",
    "version": "23.1.0"
  },
  "size_t": 202,
  "size_x": 72,
  "size_y": 72,
  "size_z": 46,
  "snr": 2.9610150379409337,
  "spacing_tr": 3.0,
  "spacing_x": 3.0,
  "spacing_y": 3.0,
  "spacing_z": 3.0,
  "summary_bg_k": 25.32024346487462,
  "summary_bg_mad": 36.53660281400824,
  "summary_bg_mean": 159.31964778993827,
  "summary_bg_median": 26.613861083984375,
  "summary_bg_n": 190815.0,
  "summary_bg_p05": 0.8811880946159363,
  "summary_bg_p95": 888.787109375,
  "summary_bg_stdv": 345.8138863817977,
  "summary_fg_k": 1.341359517401778,
  "summary_fg_mad": 1001.3287616776722,
  "summary_fg_mean": 3613.649500469408,
  "summary_fg_median": 3436.727783203125,
  "summary_fg_n": 47649.0,
  "summary_fg_p05": 2012.2078857421875,
  "summary_fg_p95": 5846.5146484375,
  "summary_fg_stdv": 1160.6464931855382,
  "tsnr": 69.2689979521092
}