{
  "aor": 0.00047985148514851484,
  "aqi": 0.004684760693069306,
  "bids_meta": {
    "EchoTime": 0.047,
    "RepetitionTime": 3.0,
    "SliceEncodingDirection": "k",
    "SliceTiming": [
      0.0,
      1.5,
      0.065,
      1.565,
      0.13,
      1.63,
      0.196,
      1.696,
      0.261,
      1.761,
      0.326,
      1.826,
      0.391,
      1.891,
      0.457,
      1.957,
      0.522,
      2.022,
      0.587,
      2.087,
      0.652,
      2.152,
      0.717,
      2.217,
      0.783,
      2.283,
      0.848,
      2.348,
      0.913,
      2.413,
      0.978,
      2.478,
      1.043,
      2.543,
      1.109,
      2.609,
      1.174,
      2.674,
      1.239,
      2.739,
      1.304,
      2.804,
      1.37,
      2.87,
      1.435,
      2.935
    ],
    "TaskName": "rest",
    "dataset": "ds003592",
    "modality": "bold",
    "session_id": "2",
    "subject_id": "46",
    "task_id": "rest"
  },
  "dummy_trs": 2,
  "dvars_nstd": 23.15713486756219,
  "dvars_std": 1.0573968062686567,
  "dvars_vstd": 0.9713776020895524,
  "efc": 0.4229388502780954,
  "fber": 10586.7763671875,
  "fd_mean": 0.08351023737549246,
  "fd_num": 4,
  "fd_perc": 1.9801980198019802,
  "fwhm_avg": 2.565796666666667,
  "fwhm_x": 2.55347,
  "fwhm_y": 2.656363333333333,
  "fwhm_z": 2.487556666666667,
  "gcor": 0.0267524,
  "gsr_x": -0.00757073936983943,
  "gsr_y": 0.022168032824993134,
  "provenance": {
    "md5sum": "82e020a43f79b44134e2d183456a09ce",
    "settings": {
      "fd_thres": 0.2,
      "testing": false
    },
    "software": "mriqc",
    "version": "23.1.0"
  },
  "size_t": 202,
  "size_x": 72,
  "size_y": 72,
  "size_z": 46,
  "snr": 2.9413207767699627,
  "spacing_tr": 3.0,
  "spacing_x": 3.0,
  "spacing_y": 3.0,
  "spacing_z": 3.0,
  "summary_bg_k": 58.5722912427322,
  "summary_bg_mad": 30.8410599575093,
  "summary_bg_mean": 84.91167569849658,
  "summary_bg_median": 23.43564224243164,
  "summary_bg_n": 194381.0,
  "summary_bg_p05": 0.6584158539772034,
  "summary_bg_p95": 418.60394287109375,
  "summary_bg_stdv": 191.6775041024313,
  "summary_fg_k": 1.1145363867888776,
  "summary_fg_mad": 709.1609282493863,
  "summary_fg_mean": 2531.70337887021,
  "summary_fg_median": 2411.341552734375,
  "summary_fg_n": 44083.0,
  "summary_fg_p05": 1382.97021484375,
  "summary_fg_p95": 4085.480224609375,
  "summary_fg_stdv": 819.806605796596,
  "tsnr": 52.139551647240296
}