{
  "aor": 0.0029413793103448284,
  "aqi": 0.004625838620689656,
  "bids_meta": {
    "EchoTime": 0.03,
    "RepetitionTime": 3.0,
    "SliceEncodingDirection": "k",
    "SliceTiming": [
      0.0,
      1.5,
      0.065,
      1.565,
      0.13,
      1.63,
      0.196,
      1.696,
      0.261,
      1.761,
      0.326,
      1.826,
      0.391,
      1.891,
      0.457,
      1.957,
      0.522,
      2.022,
      0.587,
      2.087,
      0.652,
      2.152,
      0.717,
      2.217,
      0.783,
      2.283,
      0.848,
      2.348,
      0.913,
      2.413,
      0.978,
      2.478,
      1.043,
      2.543,
      1.109,
      2.609,
      1.174,
      2.674,
      1.239,
      2.739,
      1.304,
      2.804,
      1.37,
      2.87,
      1.435,
      2.935
    ],
    "TaskName": "rest",
    "dataset": "ds003592",
    "modality": "bold",
    "session_id": "1",
    "subject_id": "160",
    "task_id": "rest"
  },
  "dummy_trs": 1,
  "dvars_nstd": 15.901449708762376,
  "dvars_std": 1.0162785294554462,
  "dvars_vstd": 0.968749075891089,
  "efc": 0.4762430046458978,
  "fber": 8998.1767578125,
  "fd_mean": 0.051425194073326706,
  "fd_num": 3,
  "fd_perc": 1.477832512315271,
  "fwhm_avg": 2.9387055555555555,
  "fwhm_x": 2.928873333333333,
  "fwhm_y": 3.1166866666666664,
  "fwhm_z": 2.7705566666666663,
  "gcor": 0.0218735,
  "gsr_x": -0.011828660033643246,
  "gsr_y": 0.03885633125901222,
  "provenance": {
    "md5sum": "1ccf1699565356605b80011b32909b29",
    "settings": {
      "fd_thres": 0.2,
      "testing": false
    },
    "software": "mriqc",
    "version": "23.1.0"
  },
  "size_t": 203,
  "size_x": 72,
  "size_y": 72,
  "size_z": 46,
  "snr": 2.987180661283191,
  "spacing_tr": 3.0,
  "spacing_x": 3.0,
  "spacing_y": 3.0,
  "spacing_z": 3.0,
  "summary_bg_k": 18.680242494264586,
  "summary_bg_mad": 47.88878169979797,
  "summary_bg_mean": 166.9029093539556,
  "summary_bg_median": 34.01477813720703,
  "summary_bg_n": 186518.0,
  "summary_bg_p05": 0.8866994976997375,
  "summary_bg_p95": 849.3694458007812,
  "summary_bg_stdv": 328.31565497298953,
  "summary_fg_k": 0.6948442585983834,
  "summary_fg_mad": 972.9595157114625,
  "summary_fg_mean": 3379.4969881564666,
  "summary_fg_median": 3226.598388671875,
  "summary_fg_n": 51946.0,
  "summary_fg_p05": 1835.6551513671875,
  "summary_fg_p95": 5403.546875,
  "summary_fg_stdv": 1080.1379953698984,
  "tsnr": 55.101245334371924
}