{
  "aor": 0.0024643499999999997,
  "aqi": 0.00808583275,
  "bids_meta": {
    "EchoTime": 0.02996,
    "RepetitionTime": 3,
    "SliceEncodingDirection": "k",
    "SliceTiming": [
      0,
      1.54,
      0.07,
      1.61,
      0.14,
      1.68,
      0.21,
      1.75,
      0.28,
      1.82,
      0.35,
      1.89,
      0.42,
      1.96,
      0.49,
      2.03,
      0.56,
      2.1,
      0.63,
      2.17,
      0.7,
      2.24,
      0.77,
      2.31,
      0.84,
      2.38,
      0.91,
      2.45,
      0.98,
      2.52,
      1.05,
      2.59,
      1.12,
      2.66,
      1.19,
      2.73,
      1.26,
      2.8,
      1.33,
      2.87,
      1.4,
      2.94,
      1.47
    ],
    "TaskName": "rest",
    "dataset": "ds003592",
    "modality": "bold",
    "session_id": "2",
    "subject_id": "256",
    "task_id": "rest"
  },
  "dummy_trs": 0,
  "dvars_nstd": 30.218643859346738,
  "dvars_std": 1.0770061708040202,
  "dvars_vstd": 0.9833581714070356,
  "efc": 0.4850499271394927,
  "fber": 1089.319091796875,
  "fd_mean": 0.1532361692411294,
  "fd_num": 46,
  "fd_perc": 23.0,
  "fwhm_avg": 2.514026221544167,
  "fwhm_x": 2.2688177777777776,
  "fwhm_y": 2.5641185185185185,
  "fwhm_z": 2.709142368336205,
  "gcor": 0.0351482,
  "gsr_x": 0.0035331223625689745,
  "gsr_y": 0.04371408000588417,
  "provenance": {
    "md5sum": "ec47f67cb18633b7bf44ed30804721a8",
    "settings": {
      "fd_thres": 0.2,
      "testing": false
    },
    "software": "mriqc",
    "version": "23.1.0"
  },
  "size_t": 200,
  "size_x": 64,
  "size_y": 64,
  "size_z": 43,
  "snr": 2.5787452988865054,
  "spacing_tr": 3.0,
  "spacing_x": 3.375,
  "spacing_y": 3.375,
  "spacing_z": 2.99999737739563,
  "summary_bg_k": 99.04400915874304,
  "summary_bg_mad": 11.378970895894769,
  "summary_bg_mean": 37.39510389587275,
  "summary_bg_median": 16.549999237060547,
  "summary_bg_n": 140267.0,
  "summary_bg_p05": 7.480000019073486,
  "summary_bg_p95": 136.08999633789062,
  "summary_bg_stdv": 68.0624926669545,
  "summary_fg_k": 1.8041452604504942,
  "summary_fg_mad": 178.23102026819944,
  "summary_fg_mean": 590.1987492439621,
  "summary_fg_median": 546.22998046875,
  "summary_fg_n": 35861.0,
  "summary_fg_p05": 326.5299987792969,
  "summary_fg_p95": 998.5599975585938,
  "summary_fg_stdv": 211.81710528683894,
  "tsnr": 43.564500734210014
}