{
  "aor": 0.039358817733990144,
  "aqi": 0.011244593349753695,
  "bids_meta": {
    "EchoTime": 0.0137,
    "RepetitionTime": 3.0,
    "SliceEncodingDirection": "k",
    "SliceTiming": [
      0.0,
      1.5,
      0.065,
      1.565,
      0.13,
      1.63,
      0.196,
      1.696,
      0.261,
      1.761,
      0.326,
      1.826,
      0.391,
      1.891,
      0.457,
      1.957,
      0.522,
      2.022,
      0.587,
      2.087,
      0.652,
      2.152,
      0.717,
      2.217,
      0.783,
      2.283,
      0.848,
      2.348,
      0.913,
      2.413,
      0.978,
      2.478,
      1.043,
      2.543,
      1.109,
      2.609,
      1.174,
      2.674,
      1.239,
      2.739,
      1.304,
      2.804,
      1.37,
      2.87,
      1.435,
      2.935
    ],
    "TaskName": "rest",
    "dataset": "ds003592",
    "modality": "bold",
    "session_id": "2",
    "subject_id": "22",
    "task_id": "rest"
  },
  "dummy_trs": 1,
  "dvars_nstd": 23.64622819544554,
  "dvars_std": 0.9855358357920794,
  "dvars_vstd": 0.9743905713366338,
  "efc": 0.452148010456569,
  "fber": 34473.7578125,
  "fd_mean": 0.3367063783786076,
  "fd_num": 40,
  "fd_perc": 19.704433497536947,
  "fwhm_avg": 3.554165555555556,
  "fwhm_x": 3.3655666666666666,
  "fwhm_y": 3.3061633333333336,
  "fwhm_z": 3.990766666666667,
  "gcor": 0.135847,
  "gsr_x": -0.011012433096766472,
  "gsr_y": 0.04818744957447052,
  "provenance": {
    "md5sum": "e1ff22fcb99aa4fc6e19bc4160109a7e",
    "settings": {
      "fd_thres": 0.2,
      "testing": false
    },
    "software": "mriqc",
    "version": "23.1.0"
  },
  "size_t": 203,
  "size_x": 72,
  "size_y": 72,
  "size_z": 46,
  "snr": 2.785474106721438,
  "spacing_tr": 3.0,
  "spacing_x": 3.0,
  "spacing_y": 3.0,
  "spacing_z": 3.0,
  "summary_bg_k": 13.890151972300302,
  "summary_bg_mad": 34.44311351464469,
  "summary_bg_mean": 284.062189333591,
  "summary_bg_median": 23.753694534301758,
  "summary_bg_n": 194541.0,
  "summary_bg_p05": 0.30049261450767517,
  "summary_bg_p95": 1725.635498046875,
  "summary_bg_stdv": 668.4129728126511,
  "summary_fg_k": 1.3807693896422286,
  "summary_fg_mad": 1180.9842437880718,
  "summary_fg_mean": 4783.731542452272,
  "summary_fg_median": 4410.37451171875,
  "summary_fg_n": 43923.0,
  "summary_fg_p05": 2800.192138671875,
  "summary_fg_p95": 8030.94580078125,
  "summary_fg_stdv": 1583.3298521923027,
  "tsnr": 38.01462810661178
}