{
  "aor": 0.0011616999999999999,
  "aqi": 0.0020696265,
  "bids_meta": {
    "EchoTime": 0.02996,
    "RepetitionTime": 3,
    "SliceEncodingDirection": "k",
    "SliceTiming": [
      0,
      1.54,
      0.07,
      1.61,
      0.14,
      1.68,
      0.21,
      1.75,
      0.28,
      1.82,
      0.35,
      1.89,
      0.42,
      1.96,
      0.49,
      2.03,
      0.56,
      2.1,
      0.63,
      2.17,
      0.7,
      2.24,
      0.77,
      2.31,
      0.84,
      2.38,
      0.91,
      2.45,
      0.98,
      2.52,
      1.05,
      2.59,
      1.12,
      2.66,
      1.19,
      2.73,
      1.26,
      2.8,
      1.33,
      2.87,
      1.4,
      2.94,
      1.47
    ],
    "TaskName": "rest",
    "dataset": "ds003592",
    "modality": "bold",
    "session_id": "1",
    "subject_id": "239",
    "task_id": "rest"
  },
  "dummy_trs": 0,
  "dvars_nstd": 20.756286170804028,
  "dvars_std": 1.15911678839196,
  "dvars_vstd": 0.9970529019597991,
  "efc": 0.4521495143794365,
  "fber": 2289.423828125,
  "fd_mean": 0.06554031951333002,
  "fd_num": 8,
  "fd_perc": 4.0,
  "fwhm_avg": 3.009371977356865,
  "fwhm_x": 2.861522962962963,
  "fwhm_y": 3.0468148148148146,
  "fwhm_z": 3.119778154292816,
  "gcor": 0.0428983,
  "gsr_x": -0.009636076167225838,
  "gsr_y": 0.031421367079019547,
  "provenance": {
    "md5sum": "b2ab2d2cfa1996c5ef4bd3e2319b4541",
    "settings": {
      "fd_thres": 0.2,
      "testing": false
    },
    "software": "mriqc",
    "version": "23.1.0"
  },
  "size_t": 200,
  "size_x": 64,
  "size_y": 64,
  "size_z": 43,
  "snr": 2.019521511748922,
  "spacing_tr": 3.0,
  "spacing_x": 3.375,
  "spacing_y": 3.375,
  "spacing_z": 2.9999985694885254,
  "summary_bg_k": 32.12650824472595,
  "summary_bg_mad": 7.709531253445198,
  "summary_bg_mean": 35.982861508422424,
  "summary_bg_median": 14.5649995803833,
  "summary_bg_n": 139307.0,
  "summary_bg_p05": 8.375,
  "summary_bg_p95": 145.03500366210938,
  "summary_bg_stdv": 62.37500400017877,
  "summary_fg_k": 3.702172373396947,
  "summary_fg_mad": 256.3048585241559,
  "summary_fg_mean": 782.1281578432992,
  "summary_fg_median": 696.9049682617188,
  "summary_fg_n": 36821.0,
  "summary_fg_p05": 403.2250061035156,
  "summary_fg_p95": 1496.72998046875,
  "summary_fg_stdv": 345.07951548224105,
  "tsnr": 73.61305673304014
}