{
  "aor": 0.0005486699507389163,
  "aqi": 0.004682505615763547,
  "bids_meta": {
    "EchoTime": 0.047,
    "RepetitionTime": 3.0,
    "SliceEncodingDirection": "k",
    "SliceTiming": [
      0.0,
      1.5,
      0.065,
      1.565,
      0.13,
      1.63,
      0.196,
      1.696,
      0.261,
      1.761,
      0.326,
      1.826,
      0.391,
      1.891,
      0.457,
      1.957,
      0.522,
      2.022,
      0.587,
      2.087,
      0.652,
      2.152,
      0.717,
      2.217,
      0.783,
      2.283,
      0.848,
      2.348,
      0.913,
      2.413,
      0.978,
      2.478,
      1.043,
      2.543,
      1.109,
      2.609,
      1.174,
      2.674,
      1.239,
      2.739,
      1.304,
      2.804,
      1.37,
      2.87,
      1.435,
      2.935
    ],
    "TaskName": "rest",
    "dataset": "ds003592",
    "modality": "bold",
    "session_id": "2",
    "subject_id": "33",
    "task_id": "rest"
  },
  "dummy_trs": 1,
  "dvars_nstd": 24.8313607980693,
  "dvars_std": 1.1192751873762377,
  "dvars_vstd": 0.9715701494554452,
  "efc": 0.4560842858083699,
  "fber": 10252.6279296875,
  "fd_mean": 0.06332296206566009,
  "fd_num": 7,
  "fd_perc": 3.4482758620689653,
  "fwhm_avg": 2.705732222222222,
  "fwhm_x": 2.6674233333333333,
  "fwhm_y": 2.804273333333333,
  "fwhm_z": 2.6454999999999997,
  "gcor": 0.0374125,
  "gsr_x": -0.007919644005596638,
  "gsr_y": 0.021130520850419998,
  "provenance": {
    "md5sum": "9149be0621e3d9f87856e7bb2a0b8696",
    "settings": {
      "fd_thres": 0.2,
      "testing": false
    },
    "software": "mriqc",
    "version": "23.1.0"
  },
  "size_t": 203,
  "size_x": 72,
  "size_y": 72,
  "size_z": 46,
  "snr": 2.862160096367979,
  "spacing_tr": 3.0,
  "spacing_x": 3.0,
  "spacing_y": 3.0,
  "spacing_z": 3.0,
  "summary_bg_k": 46.295207885887066,
  "summary_bg_mad": 37.34988940085023,
  "summary_bg_mean": 103.859947579768,
  "summary_bg_median": 25.50246238708496,
  "summary_bg_n": 186660.0,
  "summary_bg_p05": 0.009852216579020023,
  "summary_bg_p95": 541.6428527832031,
  "summary_bg_stdv": 235.48404007316674,
  "summary_fg_k": 0.29495636915983336,
  "summary_fg_mad": 835.8188104996943,
  "summary_fg_mean": 2729.926580513318,
  "summary_fg_median": 2582.258544921875,
  "summary_fg_n": 51804.0,
  "summary_fg_p05": 1480.862060546875,
  "summary_fg_p95": 4433.38916015625,
  "summary_fg_stdv": 902.1974783057906,
  "tsnr": 53.740837688557804
}