{
  "bids_meta": {
    "EchoTime": 0.00252,
    "FlipAngle": 9,
    "RepetitionTime": 1.9,
    "dataset": "ds003592",
    "modality": "T1w",
    "session_id": "1",
    "subject_id": "281"
  },
  "cjv": 0.7376013305768568,
  "cnr": 1.2859497690032995,
  "efc": 0.4636202062396644,
  "fber": -1.0,
  "fwhm_avg": 4.191066666666667,
  "fwhm_x": 4.24539,
  "fwhm_y": 4.15004,
  "fwhm_z": 4.17777,
  "icvs_csf": 0.26667625510608883,
  "icvs_gm": 0.3639170800142306,
  "icvs_wm": 0.3694066648796805,
  "inu_med": 0.3362540006637573,
  "inu_range": 0.0935047850012779,
  "provenance": {
    "md5sum": "d8f903b26c9a1d2e17109b98dbce2210",
    "settings": {
      "testing": false
    },
    "software": "mriqc",
    "version": "23.1.0",
    "warnings": {
      "large_rot_frame": true,
      "small_air_mask": false
    }
  },
  "qi_1": 0.0,
  "qi_2": 0.0035123073108259914,
  "rpve_csf": 9.781012406794291,
  "rpve_gm": 9.652222773584382,
  "rpve_wm": 9.71227733182081,
  "size_x": 192,
  "size_y": 256,
  "size_z": 256,
  "snr_csf": 2.3889060864111107,
  "snr_gm": 6.8805076143981205,
  "snr_total": 7.696442026716414,
  "snr_wm": 13.81991237934001,
  "snrd_csf": 58.894201927485376,
  "snrd_gm": 113.54022359539704,
  "snrd_total": 103.60338816064704,
  "snrd_wm": 138.37573895905874,
  "spacing_x": 1.0,
  "spacing_y": 1.0,
  "spacing_z": 1.0,
  "summary_bg_k": 75.9595069069714,
  "summary_bg_mad": 0.0,
  "summary_bg_mean": 2.194354584925643,
  "summary_bg_median": 0.0,
  "summary_bg_n": 4898400.0,
  "summary_bg_p05": 0.0,
  "summary_bg_p95": 8.922337181866169,
  "summary_bg_stdv": 4.510772610989403,
  "summary_csf_k": 0.02575543930181423,
  "summary_csf_mad": 142.29024804705293,
  "summary_csf_mean": 434.76355410707833,
  "summary_csf_median": 405.5008285306394,
  "summary_csf_n": 340827.72169761575,
  "summary_csf_p05": 191.63628555834293,
  "summary_csf_p95": 747.3039281368256,
  "summary_csf_stdv": 169.74306188103725,
  "summary_gm_k": 2.1432259842925356,
  "summary_gm_mad": 67.80929767480816,
  "summary_gm_mean": 783.3032736908408,
  "summary_gm_median": 781.7519082129002,
  "summary_gm_n": 465107.13606187573,
  "summary_gm_p05": 593.2578370533884,
  "summary_gm_p95": 980.8751984499395,
  "summary_gm_stdv": 113.61822580891244,
  "summary_wm_k": 0.08223414881733992,
  "summary_wm_mad": 58.31944685517852,
  "summary_wm_mean": 940.2136291784769,
  "summary_wm_median": 952.7504399418831,
  "summary_wm_n": 472123.14392509055,
  "summary_wm_p05": 810.22580165416,
  "summary_wm_p95": 1033.7109516747296,
  "summary_wm_stdv": 68.94033802698848,
  "tpm_overlap_csf": 0.201528855735281,
  "tpm_overlap_gm": 0.51117784193382,
  "tpm_overlap_wm": 0.5745148148917304,
  "wm2max": 0.4545959352904157
}