{
  "aor": 0.004905049504950495,
  "aqi": 0.005310682920792079,
  "bids_meta": {
    "EchoTime": 0.0137,
    "RepetitionTime": 3.0,
    "SliceEncodingDirection": "k",
    "SliceTiming": [
      0.0,
      1.5,
      0.065,
      1.565,
      0.13,
      1.63,
      0.196,
      1.696,
      0.261,
      1.761,
      0.326,
      1.826,
      0.391,
      1.891,
      0.457,
      1.957,
      0.522,
      2.022,
      0.587,
      2.087,
      0.652,
      2.152,
      0.717,
      2.217,
      0.783,
      2.283,
      0.848,
      2.348,
      0.913,
      2.413,
      0.978,
      2.478,
      1.043,
      2.543,
      1.109,
      2.609,
      1.174,
      2.674,
      1.239,
      2.739,
      1.304,
      2.804,
      1.37,
      2.87,
      1.435,
      2.935
    ],
    "TaskName": "rest",
    "dataset": "ds003592",
    "modality": "bold",
    "session_id": "2",
    "subject_id": "39",
    "task_id": "rest"
  },
  "dummy_trs": 2,
  "dvars_nstd": 23.84228242820895,
  "dvars_std": 1.0812615452238807,
  "dvars_vstd": 0.99138157159204,
  "efc": 0.47250312515519793,
  "fber": 27310.779296875,
  "fd_mean": 0.22661996902148096,
  "fd_num": 66,
  "fd_perc": 32.67326732673267,
  "fwhm_avg": 3.746344444444444,
  "fwhm_x": 3.4865999999999997,
  "fwhm_y": 3.6300333333333334,
  "fwhm_z": 4.1224,
  "gcor": 0.0474319,
  "gsr_x": -0.019585691392421722,
  "gsr_y": 0.040135301649570465,
  "provenance": {
    "md5sum": "ce16d0c519d7de58b384194141adbb65",
    "settings": {
      "fd_thres": 0.2,
      "testing": false
    },
    "software": "mriqc",
    "version": "23.1.0"
  },
  "size_t": 202,
  "size_x": 72,
  "size_y": 72,
  "size_z": 46,
  "snr": 2.801819681102884,
  "spacing_tr": 3.0,
  "spacing_x": 3.0,
  "spacing_y": 3.0,
  "spacing_z": 3.0,
  "summary_bg_k": 11.486176196866708,
  "summary_bg_mad": 42.100031624649446,
  "summary_bg_mean": 296.2137246741887,
  "summary_bg_median": 28.702970504760742,
  "summary_bg_n": 188887.0,
  "summary_bg_p05": 0.1435643583536148,
  "summary_bg_p95": 1770.5247802734375,
  "summary_bg_stdv": 644.7885155977608,
  "summary_fg_k": 1.8129894025921018,
  "summary_fg_mad": 1289.9077276751761,
  "summary_fg_mean": 5133.555461054579,
  "summary_fg_median": 4743.4453125,
  "summary_fg_n": 49577.0,
  "summary_fg_p05": 3019.920654296875,
  "summary_fg_p95": 8534.9697265625,
  "summary_fg_stdv": 1692.9702882303568,
  "tsnr": 54.18609659047797
}