{
  "aor": 0.004748226600985221,
  "aqi": 0.006739757980295567,
  "bids_meta": {
    "EchoTime": 0.0137,
    "RepetitionTime": 3.0,
    "SliceEncodingDirection": "k",
    "SliceTiming": [
      0.0,
      1.5,
      0.065,
      1.565,
      0.13,
      1.63,
      0.196,
      1.696,
      0.261,
      1.761,
      0.326,
      1.826,
      0.391,
      1.891,
      0.457,
      1.957,
      0.522,
      2.022,
      0.587,
      2.087,
      0.652,
      2.152,
      0.717,
      2.217,
      0.783,
      2.283,
      0.848,
      2.348,
      0.913,
      2.413,
      0.978,
      2.478,
      1.043,
      2.543,
      1.109,
      2.609,
      1.174,
      2.674,
      1.239,
      2.739,
      1.304,
      2.804,
      1.37,
      2.87,
      1.435,
      2.935
    ],
    "TaskName": "rest",
    "dataset": "ds003592",
    "modality": "bold",
    "session_id": "2",
    "subject_id": "66",
    "task_id": "rest"
  },
  "dummy_trs": 1,
  "dvars_nstd": 25.56644967054456,
  "dvars_std": 1.071671987920792,
  "dvars_vstd": 0.9590263635148517,
  "efc": 0.562804318916439,
  "fber": 3851.7333984375,
  "fd_mean": 0.20083080820680183,
  "fd_num": 66,
  "fd_perc": 32.51231527093596,
  "fwhm_avg": 3.4463820270386605,
  "fwhm_x": 2.971213333333333,
  "fwhm_y": 3.3851663976378124,
  "fwhm_z": 3.982766350144835,
  "gcor": 0.0750465,
  "gsr_x": 0.0019608973525464535,
  "gsr_y": 0.09958340972661972,
  "provenance": {
    "md5sum": "bb9a1f4b526032b918096b1b2bf09dbc",
    "settings": {
      "fd_thres": 0.2,
      "testing": false
    },
    "software": "mriqc",
    "version": "23.1.0"
  },
  "size_t": 203,
  "size_x": 72,
  "size_y": 72,
  "size_z": 46,
  "snr": 2.648930782462025,
  "spacing_tr": 3.0,
  "spacing_x": 3.0,
  "spacing_y": 3.000000238418579,
  "spacing_z": 3.000000238418579,
  "summary_bg_k": 10.434419902341595,
  "summary_bg_mad": 103.15405471477712,
  "summary_bg_mean": 508.00522952477286,
  "summary_bg_median": 70.96551513671875,
  "summary_bg_n": 173785.0,
  "summary_bg_p05": 0.5911329984664917,
  "summary_bg_p95": 2617.098388671875,
  "summary_bg_stdv": 979.983377647757,
  "summary_fg_k": 1.6945966519578892,
  "summary_fg_mad": 1439.979214540727,
  "summary_fg_mean": 4651.294448052525,
  "summary_fg_median": 4404.28564453125,
  "summary_fg_n": 64679.0,
  "summary_fg_p05": 2396.694580078125,
  "summary_fg_p95": 7749.708984375,
  "summary_fg_stdv": 1662.6525790321793,
  "tsnr": 51.8482360499911
}