{
  "aor": 0.0008500000000000001,
  "aqi": 0.006190355763546797,
  "bids_meta": {
    "EchoTime": 0.047,
    "RepetitionTime": 3.0,
    "SliceEncodingDirection": "k",
    "SliceTiming": [
      0.0,
      1.5,
      0.065,
      1.565,
      0.13,
      1.63,
      0.196,
      1.696,
      0.261,
      1.761,
      0.326,
      1.826,
      0.391,
      1.891,
      0.457,
      1.957,
      0.522,
      2.022,
      0.587,
      2.087,
      0.652,
      2.152,
      0.717,
      2.217,
      0.783,
      2.283,
      0.848,
      2.348,
      0.913,
      2.413,
      0.978,
      2.478,
      1.043,
      2.543,
      1.109,
      2.609,
      1.174,
      2.674,
      1.239,
      2.739,
      1.304,
      2.804,
      1.37,
      2.87,
      1.435,
      2.935
    ],
    "TaskName": "rest",
    "dataset": "ds003592",
    "modality": "bold",
    "session_id": "2",
    "subject_id": "222",
    "task_id": "rest"
  },
  "dummy_trs": 1,
  "dvars_nstd": 39.11259139381188,
  "dvars_std": 1.144501501138614,
  "dvars_vstd": 0.9803105460891084,
  "efc": 0.44940226388037763,
  "fber": 8454.4921875,
  "fd_mean": 0.17022100285595054,
  "fd_num": 58,
  "fd_perc": 28.571428571428573,
  "fwhm_avg": 2.604506666666667,
  "fwhm_x": 2.586,
  "fwhm_y": 2.7087833333333333,
  "fwhm_z": 2.518736666666667,
  "gcor": 0.0514759,
  "gsr_x": 0.003618658985942602,
  "gsr_y": 0.01234072633087635,
  "provenance": {
    "md5sum": "a718d12303807fa2349ff323044e090b",
    "settings": {
      "fd_thres": 0.2,
      "testing": false
    },
    "software": "mriqc",
    "version": "23.1.0"
  },
  "size_t": 203,
  "size_x": 72,
  "size_y": 72,
  "size_z": 46,
  "snr": 2.7724953075807814,
  "spacing_tr": 3.0,
  "spacing_x": 3.0,
  "spacing_y": 3.0,
  "spacing_z": 3.0,
  "summary_bg_k": 24.678487349695626,
  "summary_bg_mad": 38.262823566195515,
  "summary_bg_mean": 117.76459302210864,
  "summary_bg_median": 28.118227005004883,
  "summary_bg_n": 190533.0,
  "summary_bg_p05": 0.5812807679176331,
  "summary_bg_p95": 637.9260864257812,
  "summary_bg_stdv": 254.05552836264485,
  "summary_fg_k": 1.1486242808560565,
  "summary_fg_mad": 828.3218238908838,
  "summary_fg_mean": 2730.677860878801,
  "summary_fg_median": 2585.423583984375,
  "summary_fg_n": 47931.0,
  "summary_fg_p05": 1467.2708740234375,
  "summary_fg_p95": 4497.01953125,
  "summary_fg_stdv": 932.5161368205303,
  "tsnr": 43.7148190587759
}