{
  "aor": 0.0017272413793103449,
  "aqi": 0.007902702610837439,
  "bids_meta": {
    "EchoTime": 0.047,
    "RepetitionTime": 3.0,
    "SliceEncodingDirection": "k",
    "SliceTiming": [
      0.0,
      1.5,
      0.065,
      1.565,
      0.13,
      1.63,
      0.196,
      1.696,
      0.261,
      1.761,
      0.326,
      1.826,
      0.391,
      1.891,
      0.457,
      1.957,
      0.522,
      2.022,
      0.587,
      2.087,
      0.652,
      2.152,
      0.717,
      2.217,
      0.783,
      2.283,
      0.848,
      2.348,
      0.913,
      2.413,
      0.978,
      2.478,
      1.043,
      2.543,
      1.109,
      2.609,
      1.174,
      2.674,
      1.239,
      2.739,
      1.304,
      2.804,
      1.37,
      2.87,
      1.435,
      2.935
    ],
    "TaskName": "rest",
    "dataset": "ds003592",
    "modality": "bold",
    "session_id": "1",
    "subject_id": "54",
    "task_id": "rest"
  },
  "dummy_trs": 1,
  "dvars_nstd": 38.55049960435647,
  "dvars_std": 1.151750985,
  "dvars_vstd": 0.9816762681188116,
  "efc": 0.3886180678891057,
  "fber": 10169.9501953125,
  "fd_mean": 0.3088429540296278,
  "fd_num": 143,
  "fd_perc": 70.44334975369458,
  "fwhm_avg": 2.683069031469392,
  "fwhm_x": 2.6669733333333334,
  "fwhm_y": 2.8537868934652724,
  "fwhm_z": 2.52844686760957,
  "gcor": 0.0297334,
  "gsr_x": -0.009057543240487576,
  "gsr_y": 0.009097039699554443,
  "provenance": {
    "md5sum": "912c5d77ce4a4ad854ad88544bff8132",
    "settings": {
      "fd_thres": 0.2,
      "testing": false
    },
    "software": "mriqc",
    "version": "23.1.0"
  },
  "size_t": 203,
  "size_x": 72,
  "size_y": 72,
  "size_z": 46,
  "snr": 3.1543840005722537,
  "spacing_tr": 3.0,
  "spacing_x": 3.0,
  "spacing_y": 2.999999761581421,
  "spacing_z": 2.999999761581421,
  "summary_bg_k": 34.63560390631899,
  "summary_bg_mad": 30.338568464443956,
  "summary_bg_mean": 75.24874176257981,
  "summary_bg_median": 23.61576271057129,
  "summary_bg_n": 202436.0,
  "summary_bg_p05": 0.6600984930992126,
  "summary_bg_p95": 325.13299560546875,
  "summary_bg_stdv": 172.0261046662588,
  "summary_fg_k": 0.8243590093138802,
  "summary_fg_mad": 639.0746727892295,
  "summary_fg_mean": 2477.0968285322692,
  "summary_fg_median": 2381.55908203125,
  "summary_fg_n": 36028.0,
  "summary_fg_p05": 1355.7733154296875,
  "summary_fg_p95": 3878.246337890625,
  "summary_fg_stdv": 754.9892561803216,
  "tsnr": 40.105791869340464
}