{
  "aor": 0.0005876847290640394,
  "aqi": 0.0026796695566502467,
  "bids_meta": {
    "EchoTime": 0.0137,
    "RepetitionTime": 3.0,
    "SliceEncodingDirection": "k",
    "SliceTiming": [
      0.0,
      1.5,
      0.065,
      1.565,
      0.13,
      1.63,
      0.196,
      1.696,
      0.261,
      1.761,
      0.326,
      1.826,
      0.391,
      1.891,
      0.457,
      1.957,
      0.522,
      2.022,
      0.587,
      2.087,
      0.652,
      2.152,
      0.717,
      2.217,
      0.783,
      2.283,
      0.848,
      2.348,
      0.913,
      2.413,
      0.978,
      2.478,
      1.043,
      2.543,
      1.109,
      2.609,
      1.174,
      2.674,
      1.239,
      2.739,
      1.304,
      2.804,
      1.37,
      2.87,
      1.435,
      2.935
    ],
    "TaskName": "rest",
    "dataset": "ds003592",
    "modality": "bold",
    "session_id": "2",
    "subject_id": "145",
    "task_id": "rest"
  },
  "dummy_trs": 1,
  "dvars_nstd": 17.548220091831684,
  "dvars_std": 1.2957119442079208,
  "dvars_vstd": 0.9491409972772269,
  "efc": 0.5012783086241497,
  "fber": 15440.62890625,
  "fd_mean": 0.05959293647359538,
  "fd_num": 2,
  "fd_perc": 0.9852216748768473,
  "fwhm_avg": 2.996455555555556,
  "fwhm_x": 2.757986666666667,
  "fwhm_y": 2.9880566666666666,
  "fwhm_z": 3.243323333333333,
  "gcor": 0.0473162,
  "gsr_x": 0.003633928019553423,
  "gsr_y": 0.03298905864357948,
  "provenance": {
    "md5sum": "b25e3afe773e641278e5fc897d4a2d26",
    "settings": {
      "fd_thres": 0.2,
      "testing": false
    },
    "software": "mriqc",
    "version": "23.1.0"
  },
  "size_t": 203,
  "size_x": 72,
  "size_y": 72,
  "size_z": 46,
  "snr": 3.457459437640391,
  "spacing_tr": 3.0,
  "spacing_x": 3.0,
  "spacing_y": 3.0,
  "spacing_z": 3.0,
  "summary_bg_k": 13.784196298874772,
  "summary_bg_mad": 54.71751293994787,
  "summary_bg_mean": 314.2150169813884,
  "summary_bg_median": 38.78324890136719,
  "summary_bg_n": 184574.0,
  "summary_bg_p05": 1.1477832794189453,
  "summary_bg_p95": 1736.699462890625,
  "summary_bg_stdv": 644.7095491272547,
  "summary_fg_k": 0.26119010435378165,
  "summary_fg_mad": 1318.7051763817406,
  "summary_fg_mean": 4991.860840235007,
  "summary_fg_median": 4819.21923828125,
  "summary_fg_n": 53890.0,
  "summary_fg_p05": 2917.18212890625,
  "summary_fg_p95": 7525.62548828125,
  "summary_fg_stdv": 1393.8484634484619,
  "tsnr": 85.07647501118481
}