{
  "aor": 0.0019043349753694583,
  "aqi": 0.00712586827586207,
  "bids_meta": {
    "EchoTime": 0.03,
    "RepetitionTime": 3.0,
    "SliceEncodingDirection": "k",
    "SliceTiming": [
      0.0,
      1.5,
      0.065,
      1.565,
      0.13,
      1.63,
      0.196,
      1.696,
      0.261,
      1.761,
      0.326,
      1.826,
      0.391,
      1.891,
      0.457,
      1.957,
      0.522,
      2.022,
      0.587,
      2.087,
      0.652,
      2.152,
      0.717,
      2.217,
      0.783,
      2.283,
      0.848,
      2.348,
      0.913,
      2.413,
      0.978,
      2.478,
      1.043,
      2.543,
      1.109,
      2.609,
      1.174,
      2.674,
      1.239,
      2.739,
      1.304,
      2.804,
      1.37,
      2.87,
      1.435,
      2.935
    ],
    "TaskName": "rest",
    "dataset": "ds003592",
    "modality": "bold",
    "session_id": "1",
    "subject_id": "164",
    "task_id": "rest"
  },
  "dummy_trs": 1,
  "dvars_nstd": 24.357385625693077,
  "dvars_std": 1.0817304037623763,
  "dvars_vstd": 0.9495735124752476,
  "efc": 0.4481415994940089,
  "fber": 15629.51171875,
  "fd_mean": 0.19255570752114318,
  "fd_num": 65,
  "fd_perc": 32.01970443349754,
  "fwhm_avg": 3.035835555555556,
  "fwhm_x": 2.90333,
  "fwhm_y": 3.0770700000000004,
  "fwhm_z": 3.1271066666666667,
  "gcor": 0.0717107,
  "gsr_x": -0.015518555417656898,
  "gsr_y": 0.02663760632276535,
  "provenance": {
    "md5sum": "fab7618f80ab959adc2bb8222a003ac8",
    "settings": {
      "fd_thres": 0.2,
      "testing": false
    },
    "software": "mriqc",
    "version": "23.1.0"
  },
  "size_t": 203,
  "size_x": 72,
  "size_y": 72,
  "size_z": 46,
  "snr": 3.065051885685455,
  "spacing_tr": 3.0,
  "spacing_x": 3.0,
  "spacing_y": 3.0,
  "spacing_z": 3.0,
  "summary_bg_k": 22.242042706999605,
  "summary_bg_mad": 38.05102264330058,
  "summary_bg_mean": 145.24094705279305,
  "summary_bg_median": 27.29556655883789,
  "summary_bg_n": 191225.0,
  "summary_bg_p05": 0.8916255831718445,
  "summary_bg_p95": 730.8029174804688,
  "summary_bg_stdv": 295.73086121507305,
  "summary_fg_k": 0.1579340475442894,
  "summary_fg_mad": 1040.910910848195,
  "summary_fg_mean": 3577.3986829727287,
  "summary_fg_median": 3412.4384765625,
  "summary_fg_n": 47239.0,
  "summary_fg_p05": 1969.783203125,
  "summary_fg_p95": 5662.3203125,
  "summary_fg_stdv": 1113.3261310972941,
  "tsnr": 43.33529662992805
}