{
  "aor": 0.00168815,
  "aqi": 0.0048443544,
  "bids_meta": {
    "EchoTime": 0.014,
    "RepetitionTime": 3,
    "SliceEncodingDirection": "k",
    "SliceTiming": [
      0,
      1.5425,
      0.07,
      1.6125,
      0.14,
      1.6825,
      0.21,
      1.7525,
      0.28,
      1.8225,
      0.35,
      1.8925,
      0.42,
      1.9625,
      0.49,
      2.0325,
      0.56,
      2.1025,
      0.63,
      2.1725,
      0.7,
      2.2425,
      0.77,
      2.3125,
      0.84,
      2.3825,
      0.91,
      2.4525,
      0.98,
      2.5225,
      1.05,
      2.5925,
      1.12,
      2.6625,
      1.19,
      2.7325,
      1.26,
      2.8025,
      1.33,
      2.8725,
      1.4,
      2.9425,
      1.47
    ],
    "TaskName": "rest",
    "dataset": "ds003592",
    "modality": "bold",
    "session_id": "2",
    "subject_id": "271",
    "task_id": "rest"
  },
  "dummy_trs": 0,
  "dvars_nstd": 17.632489515829146,
  "dvars_std": 1.0427308803015076,
  "dvars_vstd": 0.9639012742211054,
  "efc": 0.5374552822246104,
  "fber": 1041.2139892578125,
  "fd_mean": 0.0751644595826782,
  "fd_num": 4,
  "fd_perc": 2.0,
  "fwhm_avg": 2.9460648515517107,
  "fwhm_x": 2.7150162962962963,
  "fwhm_y": 2.849611851851852,
  "fwhm_z": 3.273566406506983,
  "gcor": 0.0182981,
  "gsr_x": -0.018553951755166054,
  "gsr_y": 0.09215861558914185,
  "provenance": {
    "md5sum": "ae7ff7e5121205942f7b00c523d7b85d",
    "settings": {
      "fd_thres": 0.2,
      "testing": false
    },
    "software": "mriqc",
    "version": "23.1.0"
  },
  "size_t": 200,
  "size_x": 64,
  "size_y": 64,
  "size_z": 43,
  "snr": 2.9927123221938885,
  "spacing_tr": 3.0,
  "spacing_x": 3.375,
  "spacing_y": 3.375,
  "spacing_z": 3.000000238418579,
  "summary_bg_k": 21.38368876298779,
  "summary_bg_mad": 20.867625942682416,
  "summary_bg_mean": 77.04349216772907,
  "summary_bg_median": 23.184999465942383,
  "summary_bg_n": 138296.0,
  "summary_bg_p05": 7.994999885559082,
  "summary_bg_p95": 335.0749816894531,
  "summary_bg_stdv": 130.684040062847,
  "summary_fg_k": 1.1438088648119145,
  "summary_fg_mad": 225.2591644490143,
  "summary_fg_mean": 782.6863723592744,
  "summary_fg_median": 748.1275024414062,
  "summary_fg_n": 37832.0,
  "summary_fg_p05": 427.3849792480469,
  "summary_fg_p95": 1245.3399658203125,
  "summary_fg_stdv": 249.9797956963575,
  "tsnr": 69.39230072684586
}