{
  "aor": 0.00039457711442786065,
  "aqi": 0.003692736218905472,
  "bids_meta": {
    "EchoTime": 0.03,
    "RepetitionTime": 3.0,
    "SliceEncodingDirection": "k",
    "SliceTiming": [
      0.0,
      1.5,
      0.065,
      1.565,
      0.13,
      1.63,
      0.196,
      1.696,
      0.261,
      1.761,
      0.326,
      1.826,
      0.391,
      1.891,
      0.457,
      1.957,
      0.522,
      2.022,
      0.587,
      2.087,
      0.652,
      2.152,
      0.717,
      2.217,
      0.783,
      2.283,
      0.848,
      2.348,
      0.913,
      2.413,
      0.978,
      2.478,
      1.043,
      2.543,
      1.109,
      2.609,
      1.174,
      2.674,
      1.239,
      2.739,
      1.304,
      2.804,
      1.37,
      2.87,
      1.435,
      2.935
    ],
    "TaskName": "rest",
    "dataset": "ds003592",
    "modality": "bold",
    "session_id": "2",
    "subject_id": "64",
    "task_id": "rest"
  },
  "dummy_trs": 3,
  "dvars_nstd": 20.77683675795,
  "dvars_std": 1.095081393250001,
  "dvars_vstd": 0.9670590467000001,
  "efc": 0.44937953138247466,
  "fber": 12510.7529296875,
  "fd_mean": 0.12353835805838338,
  "fd_num": 32,
  "fd_perc": 15.92039800995025,
  "fwhm_avg": 3.106443333333333,
  "fwhm_x": 2.949343333333333,
  "fwhm_y": 3.195043333333333,
  "fwhm_z": 3.1749433333333332,
  "gcor": 0.0262288,
  "gsr_x": -0.014545369893312454,
  "gsr_y": 0.026291050016880035,
  "provenance": {
    "md5sum": "7b36303aca02a73a58a81ed2c8dfbbe7",
    "settings": {
      "fd_thres": 0.2,
      "testing": false
    },
    "software": "mriqc",
    "version": "23.1.0"
  },
  "size_t": 201,
  "size_x": 72,
  "size_y": 72,
  "size_z": 46,
  "snr": 3.1098144673859807,
  "spacing_tr": 3.0,
  "spacing_x": 3.0,
  "spacing_y": 3.0,
  "spacing_z": 3.0,
  "summary_bg_k": 41.17771513443214,
  "summary_bg_mad": 42.066071439547116,
  "summary_bg_mean": 162.11880361293126,
  "summary_bg_median": 30.11442756652832,
  "summary_bg_n": 192699.0,
  "summary_bg_p05": 0.5920397639274597,
  "summary_bg_p95": 861.1691284179688,
  "summary_bg_stdv": 356.74843120906183,
  "summary_fg_k": 0.5016861567461048,
  "summary_fg_mad": 943.9010913702443,
  "summary_fg_mean": 3522.8503858958256,
  "summary_fg_median": 3368.34326171875,
  "summary_fg_n": 45765.0,
  "summary_fg_p05": 1940.965087890625,
  "summary_fg_p95": 5595.0048828125,
  "summary_fg_stdv": 1083.1213554421686,
  "tsnr": 66.9635239946656
}