{
  "aor": 0.001066551724137931,
  "aqi": 0.004209513201970443,
  "bids_meta": {
    "EchoTime": 0.03,
    "RepetitionTime": 3.0,
    "SliceEncodingDirection": "k",
    "SliceTiming": [
      0.0,
      1.5,
      0.065,
      1.565,
      0.13,
      1.63,
      0.196,
      1.696,
      0.261,
      1.761,
      0.326,
      1.826,
      0.391,
      1.891,
      0.457,
      1.957,
      0.522,
      2.022,
      0.587,
      2.087,
      0.652,
      2.152,
      0.717,
      2.217,
      0.783,
      2.283,
      0.848,
      2.348,
      0.913,
      2.413,
      0.978,
      2.478,
      1.043,
      2.543,
      1.109,
      2.609,
      1.174,
      2.674,
      1.239,
      2.739,
      1.304,
      2.804,
      1.37,
      2.87,
      1.435,
      2.935
    ],
    "TaskName": "rest",
    "dataset": "ds003592",
    "modality": "bold",
    "session_id": "1",
    "subject_id": "132",
    "task_id": "rest"
  },
  "dummy_trs": 1,
  "dvars_nstd": 19.420797163762373,
  "dvars_std": 1.1273431157425746,
  "dvars_vstd": 0.9597591952970296,
  "efc": 0.417216478932091,
  "fber": 30228.193359375,
  "fd_mean": 0.09261834489748741,
  "fd_num": 7,
  "fd_perc": 3.4482758620689653,
  "fwhm_avg": 2.9162700000000004,
  "fwhm_x": 2.7939366666666667,
  "fwhm_y": 2.968906666666667,
  "fwhm_z": 2.9859666666666667,
  "gcor": 0.0251347,
  "gsr_x": -0.01178723480552435,
  "gsr_y": 0.017872387543320656,
  "provenance": {
    "md5sum": "6bbabd8b6d301d9294ff53b560763fed",
    "settings": {
      "fd_thres": 0.2,
      "testing": false
    },
    "software": "mriqc",
    "version": "23.1.0"
  },
  "size_t": 203,
  "size_x": 72,
  "size_y": 72,
  "size_z": 46,
  "snr": 3.100062724109031,
  "spacing_tr": 3.0,
  "spacing_x": 3.0,
  "spacing_y": 3.0,
  "spacing_z": 3.0,
  "summary_bg_k": 24.05154386381834,
  "summary_bg_mad": 26.94245999357308,
  "summary_bg_mean": 140.56819568602936,
  "summary_bg_median": 20.108373641967773,
  "summary_bg_n": 197793.0,
  "summary_bg_p05": 0.9556649923324585,
  "summary_bg_p95": 788.6798095703125,
  "summary_bg_stdv": 331.0747270049423,
  "summary_fg_k": 0.9799775161213198,
  "summary_fg_mad": 910.2229277431895,
  "summary_fg_mean": 3707.6819443803643,
  "summary_fg_median": 3496.093505859375,
  "summary_fg_n": 40671.0,
  "summary_fg_p05": 2155.61083984375,
  "summary_fg_p95": 5982.52685546875,
  "summary_fg_stdv": 1127.7354158772996,
  "tsnr": 61.13955718791112
}