{
  "aor": 0.0014717241379310344,
  "aqi": 0.007992214729064041,
  "bids_meta": {
    "EchoTime": 0.047,
    "RepetitionTime": 3.0,
    "SliceEncodingDirection": "k",
    "SliceTiming": [
      0.0,
      1.5,
      0.065,
      1.565,
      0.13,
      1.63,
      0.196,
      1.696,
      0.261,
      1.761,
      0.326,
      1.826,
      0.391,
      1.891,
      0.457,
      1.957,
      0.522,
      2.022,
      0.587,
      2.087,
      0.652,
      2.152,
      0.717,
      2.217,
      0.783,
      2.283,
      0.848,
      2.348,
      0.913,
      2.413,
      0.978,
      2.478,
      1.043,
      2.543,
      1.109,
      2.609,
      1.174,
      2.674,
      1.239,
      2.739,
      1.304,
      2.804,
      1.37,
      2.87,
      1.435,
      2.935
    ],
    "TaskName": "rest",
    "dataset": "ds003592",
    "modality": "bold",
    "session_id": "2",
    "subject_id": "03",
    "task_id": "rest"
  },
  "dummy_trs": 1,
  "dvars_nstd": 40.991296381039625,
  "dvars_std": 1.1648790374752473,
  "dvars_vstd": 0.9731345734653469,
  "efc": 0.42113082933476,
  "fber": 6423.35791015625,
  "fd_mean": 0.271522614879033,
  "fd_num": 133,
  "fd_perc": 65.51724137931035,
  "fwhm_avg": 2.4576411111111116,
  "fwhm_x": 2.441943333333333,
  "fwhm_y": 2.50584,
  "fwhm_z": 2.4251400000000003,
  "gcor": 0.0183085,
  "gsr_x": -0.004154618829488754,
  "gsr_y": 0.014980092644691467,
  "provenance": {
    "md5sum": "fd51110371d2cd08b683c1e8c708ba52",
    "settings": {
      "fd_thres": 0.2,
      "testing": false
    },
    "software": "mriqc",
    "version": "23.1.0"
  },
  "size_t": 203,
  "size_x": 72,
  "size_y": 72,
  "size_z": 46,
  "snr": 2.6912894390342132,
  "spacing_tr": 3.0,
  "spacing_x": 3.0,
  "spacing_y": 3.0,
  "spacing_z": 3.0,
  "summary_bg_k": 38.95481310043694,
  "summary_bg_mad": 40.40273511759531,
  "summary_bg_mean": 97.09695260176332,
  "summary_bg_median": 30.56650161743164,
  "summary_bg_n": 196219.0,
  "summary_bg_p05": 0.6896551847457886,
  "summary_bg_p95": 443.99505615234375,
  "summary_bg_stdv": 201.7980533640035,
  "summary_fg_k": 1.5923512235605886,
  "summary_fg_mad": 791.7971798325965,
  "summary_fg_mean": 2611.164850982348,
  "summary_fg_median": 2449.7783203125,
  "summary_fg_n": 42245.0,
  "summary_fg_p05": 1385.5220947265625,
  "summary_fg_p95": 4311.15771484375,
  "summary_fg_stdv": 910.2511568318191,
  "tsnr": 39.900499095674604
}