{
  "aor": 0.0021677832512315273,
  "aqi": 0.007386440492610838,
  "bids_meta": {
    "EchoTime": 0.047,
    "RepetitionTime": 3.0,
    "SliceEncodingDirection": "k",
    "SliceTiming": [
      0.0,
      1.5,
      0.065,
      1.565,
      0.13,
      1.63,
      0.196,
      1.696,
      0.261,
      1.761,
      0.326,
      1.826,
      0.391,
      1.891,
      0.457,
      1.957,
      0.522,
      2.022,
      0.587,
      2.087,
      0.652,
      2.152,
      0.717,
      2.217,
      0.783,
      2.283,
      0.848,
      2.348,
      0.913,
      2.413,
      0.978,
      2.478,
      1.043,
      2.543,
      1.109,
      2.609,
      1.174,
      2.674,
      1.239,
      2.739,
      1.304,
      2.804,
      1.37,
      2.87,
      1.435,
      2.935
    ],
    "TaskName": "rest",
    "dataset": "ds003592",
    "modality": "bold",
    "session_id": "1",
    "subject_id": "175",
    "task_id": "rest"
  },
  "dummy_trs": 1,
  "dvars_nstd": 26.26521664792079,
  "dvars_std": 1.0846214159405947,
  "dvars_vstd": 0.9884921771782177,
  "efc": 0.4462377628889973,
  "fber": 6807.5224609375,
  "fd_mean": 0.08271415228325352,
  "fd_num": 8,
  "fd_perc": 3.9408866995073892,
  "fwhm_avg": 2.560561111111111,
  "fwhm_x": 2.57014,
  "fwhm_y": 2.69392,
  "fwhm_z": 2.4176233333333332,
  "gcor": 0.0195397,
  "gsr_x": -0.009959397837519646,
  "gsr_y": 0.028854385018348694,
  "provenance": {
    "md5sum": "8c1194fdcbecc63c1e5f3a81e2ce90b6",
    "settings": {
      "fd_thres": 0.2,
      "testing": false
    },
    "software": "mriqc",
    "version": "23.1.0"
  },
  "size_t": 203,
  "size_x": 72,
  "size_y": 72,
  "size_z": 46,
  "snr": 3.0006504226310726,
  "spacing_tr": 3.0,
  "spacing_x": 3.0,
  "spacing_y": 3.0,
  "spacing_z": 3.0,
  "summary_bg_k": 33.41697596049461,
  "summary_bg_mad": 39.90610007975024,
  "summary_bg_mean": 103.96135751784556,
  "summary_bg_median": 29.059112548828125,
  "summary_bg_n": 192034.0,
  "summary_bg_p05": 0.6798029541969299,
  "summary_bg_p95": 510.62066650390625,
  "summary_bg_stdv": 213.89385525637172,
  "summary_fg_k": 0.7668704947962568,
  "summary_fg_mad": 690.5785400552736,
  "summary_fg_mean": 2509.8767942252357,
  "summary_fg_median": 2397.6009521484375,
  "summary_fg_n": 46430.0,
  "summary_fg_p05": 1348.49755859375,
  "summary_fg_p95": 4020.18701171875,
  "summary_fg_stdv": 799.0184775951465,
  "tsnr": 43.12800819799304
}