{
  "aor": 0.0021012871287128714,
  "aqi": 0.006152528811881187,
  "bids_meta": {
    "EchoTime": 0.03,
    "RepetitionTime": 3.0,
    "SliceEncodingDirection": "k",
    "SliceTiming": [
      0.0,
      1.5,
      0.065,
      1.565,
      0.13,
      1.63,
      0.196,
      1.696,
      0.261,
      1.761,
      0.326,
      1.826,
      0.391,
      1.891,
      0.457,
      1.957,
      0.522,
      2.022,
      0.587,
      2.087,
      0.652,
      2.152,
      0.717,
      2.217,
      0.783,
      2.283,
      0.848,
      2.348,
      0.913,
      2.413,
      0.978,
      2.478,
      1.043,
      2.543,
      1.109,
      2.609,
      1.174,
      2.674,
      1.239,
      2.739,
      1.304,
      2.804,
      1.37,
      2.87,
      1.435,
      2.935
    ],
    "TaskName": "rest",
    "dataset": "ds003592",
    "modality": "bold",
    "session_id": "2",
    "subject_id": "229",
    "task_id": "rest"
  },
  "dummy_trs": 2,
  "dvars_nstd": 19.2212350477612,
  "dvars_std": 1.083386261243781,
  "dvars_vstd": 0.9489056231840792,
  "efc": 0.4831847746360741,
  "fber": 12548.0703125,
  "fd_mean": 0.06429559132880974,
  "fd_num": 5,
  "fd_perc": 2.4752475247524752,
  "fwhm_avg": 2.8506311111111113,
  "fwhm_x": 2.7114066666666665,
  "fwhm_y": 2.9648833333333333,
  "fwhm_z": 2.8756033333333337,
  "gcor": 0.0318862,
  "gsr_x": -0.001992357661947608,
  "gsr_y": 0.031537629663944244,
  "provenance": {
    "md5sum": "bac7bbc8426b16abdce3800fb0716612",
    "settings": {
      "fd_thres": 0.2,
      "testing": false
    },
    "software": "mriqc",
    "version": "23.1.0"
  },
  "size_t": 202,
  "size_x": 72,
  "size_y": 72,
  "size_z": 46,
  "snr": 3.466928892760442,
  "spacing_tr": 3.0,
  "spacing_x": 3.0,
  "spacing_y": 3.0,
  "spacing_z": 3.0,
  "summary_bg_k": 16.85782799506825,
  "summary_bg_mad": 45.49827321424821,
  "summary_bg_mean": 182.18344287667244,
  "summary_bg_median": 32.69306945800781,
  "summary_bg_n": 185173.0,
  "summary_bg_p05": 1.0099009275436401,
  "summary_bg_p95": 972.0247192382812,
  "summary_bg_stdv": 369.98725477706955,
  "summary_fg_k": 0.3094343063287859,
  "summary_fg_mad": 1003.6630638522677,
  "summary_fg_mean": 3761.6839552946963,
  "summary_fg_median": 3662.2177734375,
  "summary_fg_n": 53291.0,
  "summary_fg_p05": 2135.267333984375,
  "summary_fg_p95": 5607.62841796875,
  "summary_fg_stdv": 1056.319159114646,
  "tsnr": 58.55793853243813
}