{
  "aor": 0.0025525247524752475,
  "aqi": 0.004786508811881188,
  "bids_meta": {
    "EchoTime": 0.0137,
    "RepetitionTime": 3.0,
    "SliceEncodingDirection": "k",
    "SliceTiming": [
      0.0,
      1.5,
      0.065,
      1.565,
      0.13,
      1.63,
      0.196,
      1.696,
      0.261,
      1.761,
      0.326,
      1.826,
      0.391,
      1.891,
      0.457,
      1.957,
      0.522,
      2.022,
      0.587,
      2.087,
      0.652,
      2.152,
      0.717,
      2.217,
      0.783,
      2.283,
      0.848,
      2.348,
      0.913,
      2.413,
      0.978,
      2.478,
      1.043,
      2.543,
      1.109,
      2.609,
      1.174,
      2.674,
      1.239,
      2.739,
      1.304,
      2.804,
      1.37,
      2.87,
      1.435,
      2.935
    ],
    "TaskName": "rest",
    "dataset": "ds003592",
    "modality": "bold",
    "session_id": "2",
    "subject_id": "229",
    "task_id": "rest"
  },
  "dummy_trs": 2,
  "dvars_nstd": 21.514848035621892,
  "dvars_std": 1.4943002662189058,
  "dvars_vstd": 0.9466634756716417,
  "efc": 0.5400840957548176,
  "fber": 9754.470703125,
  "fd_mean": 0.061790320402990664,
  "fd_num": 4,
  "fd_perc": 1.9801980198019802,
  "fwhm_avg": 3.1097811111111113,
  "fwhm_x": 2.7487066666666666,
  "fwhm_y": 3.123003333333333,
  "fwhm_z": 3.4576333333333333,
  "gcor": 0.0189977,
  "gsr_x": -0.0004914954188279808,
  "gsr_y": 0.07092506438493729,
  "provenance": {
    "md5sum": "2c3499b9cc558749f01e0757776e6f88",
    "settings": {
      "fd_thres": 0.2,
      "testing": false
    },
    "software": "mriqc",
    "version": "23.1.0"
  },
  "size_t": 202,
  "size_x": 72,
  "size_y": 72,
  "size_z": 46,
  "snr": 3.285679905147365,
  "spacing_tr": 3.0,
  "spacing_x": 3.0,
  "spacing_y": 3.0,
  "spacing_z": 3.0,
  "summary_bg_k": 8.535509267030129,
  "summary_bg_mad": 71.75207462502681,
  "summary_bg_mean": 446.0449888487535,
  "summary_bg_median": 50.03465270996094,
  "summary_bg_n": 178364.0,
  "summary_bg_p05": 0.8465346693992615,
  "summary_bg_p95": 2514.381103515625,
  "summary_bg_stdv": 904.3656463603381,
  "summary_fg_k": 0.39595833769473465,
  "summary_fg_mad": 1432.2379026151461,
  "summary_fg_mean": 5115.537275092395,
  "summary_fg_median": 4941.658447265625,
  "summary_fg_n": 60100.0,
  "summary_fg_p05": 2883.054443359375,
  "summary_fg_p95": 7783.638427734375,
  "summary_fg_stdv": 1503.9862304863987,
  "tsnr": 77.78651378815994
}