{
  "aor": 0.001824009900990099,
  "aqi": 0.008998529306930694,
  "bids_meta": {
    "EchoTime": 0.047,
    "RepetitionTime": 3.0,
    "SliceEncodingDirection": "k",
    "SliceTiming": [
      0.0,
      1.5,
      0.065,
      1.565,
      0.13,
      1.63,
      0.196,
      1.696,
      0.261,
      1.761,
      0.326,
      1.826,
      0.391,
      1.891,
      0.457,
      1.957,
      0.522,
      2.022,
      0.587,
      2.087,
      0.652,
      2.152,
      0.717,
      2.217,
      0.783,
      2.283,
      0.848,
      2.348,
      0.913,
      2.413,
      0.978,
      2.478,
      1.043,
      2.543,
      1.109,
      2.609,
      1.174,
      2.674,
      1.239,
      2.739,
      1.304,
      2.804,
      1.37,
      2.87,
      1.435,
      2.935
    ],
    "TaskName": "rest",
    "dataset": "ds003592",
    "modality": "bold",
    "session_id": "2",
    "subject_id": "229",
    "task_id": "rest"
  },
  "dummy_trs": 2,
  "dvars_nstd": 24.393423383980103,
  "dvars_std": 1.057834522039801,
  "dvars_vstd": 0.9498380332835827,
  "efc": 0.45347206742145924,
  "fber": 9509.16015625,
  "fd_mean": 0.06279569799273085,
  "fd_num": 3,
  "fd_perc": 1.4851485148514851,
  "fwhm_avg": 2.549394444444444,
  "fwhm_x": 2.50546,
  "fwhm_y": 2.67413,
  "fwhm_z": 2.468593333333333,
  "gcor": 0.030567,
  "gsr_x": -0.007398634217679501,
  "gsr_y": 0.024322403594851494,
  "provenance": {
    "md5sum": "c6f22f62b1f95a718514ca1177f20541",
    "settings": {
      "fd_thres": 0.2,
      "testing": false
    },
    "software": "mriqc",
    "version": "23.1.0"
  },
  "size_t": 202,
  "size_x": 72,
  "size_y": 72,
  "size_z": 46,
  "snr": 3.420786768901927,
  "spacing_tr": 3.0,
  "spacing_x": 3.0,
  "spacing_y": 3.0,
  "spacing_z": 3.0,
  "summary_bg_k": 21.07794627244808,
  "summary_bg_mad": 35.95677256679146,
  "summary_bg_mean": 101.05569348345169,
  "summary_bg_median": 26.881187438964844,
  "summary_bg_n": 189451.0,
  "summary_bg_p05": 0.9752475023269653,
  "summary_bg_p95": 496.5841369628906,
  "summary_bg_stdv": 206.69898448777357,
  "summary_fg_k": 0.40386013266694354,
  "summary_fg_mad": 707.957037873715,
  "summary_fg_mean": 2683.132106934954,
  "summary_fg_median": 2621.31689453125,
  "summary_fg_n": 49013.0,
  "summary_fg_p05": 1475.0,
  "summary_fg_p95": 4031.693115234375,
  "summary_fg_stdv": 766.2828262748659,
  "tsnr": 44.00390681345016
}