{
  "aor": 0.0017229500000000002,
  "aqi": 0.00636321115,
  "bids_meta": {
    "EchoTime": 0.04592,
    "RepetitionTime": 3,
    "SliceEncodingDirection": "k",
    "SliceTiming": [
      0,
      1.54,
      0.07,
      1.61,
      0.14,
      1.68,
      0.21,
      1.75,
      0.28,
      1.82,
      0.35,
      1.89,
      0.42,
      1.96,
      0.49,
      2.03,
      0.56,
      2.1,
      0.63,
      2.17,
      0.7,
      2.24,
      0.77,
      2.31,
      0.84,
      2.38,
      0.91,
      2.45,
      0.98,
      2.52,
      1.05,
      2.5925,
      1.12,
      2.6625,
      1.19,
      2.7325,
      1.26,
      2.8025,
      1.33,
      2.8725,
      1.4,
      2.9425,
      1.47
    ],
    "TaskName": "rest",
    "dataset": "ds003592",
    "modality": "bold",
    "session_id": "2",
    "subject_id": "253",
    "task_id": "rest"
  },
  "dummy_trs": 0,
  "dvars_nstd": 38.44030286311557,
  "dvars_std": 1.1599853435175884,
  "dvars_vstd": 0.9905769656783932,
  "efc": 0.4890159426743561,
  "fber": 958.8535766601562,
  "fd_mean": 0.1510984070519576,
  "fd_num": 36,
  "fd_perc": 18.0,
  "fwhm_avg": 2.222018085956284,
  "fwhm_x": 2.0539051851851853,
  "fwhm_y": 2.2994755555555555,
  "fwhm_z": 2.312673517128111,
  "gcor": 0.0226997,
  "gsr_x": -0.0049049584195017815,
  "gsr_y": 0.03780895471572876,
  "provenance": {
    "md5sum": "278e6bc56987aa9911658610bdc77a15",
    "settings": {
      "fd_thres": 0.2,
      "testing": false
    },
    "software": "mriqc",
    "version": "23.1.0"
  },
  "size_t": 200,
  "size_x": 64,
  "size_y": 64,
  "size_z": 43,
  "snr": 2.5142521677787353,
  "spacing_tr": 3.0,
  "spacing_x": 3.375,
  "spacing_y": 3.375,
  "spacing_z": 2.999999761581421,
  "summary_bg_k": 66.65300126838059,
  "summary_bg_mad": 7.561270466026776,
  "summary_bg_mean": 28.480918093062613,
  "summary_bg_median": 14.649999618530273,
  "summary_bg_n": 138218.0,
  "summary_bg_p05": 8.260000228881836,
  "summary_bg_p95": 103.77999877929688,
  "summary_bg_stdv": 43.82775574500876,
  "summary_fg_k": 2.440575793291633,
  "summary_fg_mad": 153.53830475152034,
  "summary_fg_mean": 487.4002565960996,
  "summary_fg_median": 453.6425018310547,
  "summary_fg_n": 37910.0,
  "summary_fg_p05": 259.2149963378906,
  "summary_fg_p95": 825.614990234375,
  "summary_fg_stdv": 180.426022677536,
  "tsnr": 43.193942243698984
}