{
  "aor": 0.010171527093596058,
  "aqi": 0.005047421280788177,
  "bids_meta": {
    "EchoTime": 0.0137,
    "RepetitionTime": 3.0,
    "SliceEncodingDirection": "k",
    "SliceTiming": [
      0.0,
      1.5,
      0.065,
      1.565,
      0.13,
      1.63,
      0.196,
      1.696,
      0.261,
      1.761,
      0.326,
      1.826,
      0.391,
      1.891,
      0.457,
      1.957,
      0.522,
      2.022,
      0.587,
      2.087,
      0.652,
      2.152,
      0.717,
      2.217,
      0.783,
      2.283,
      0.848,
      2.348,
      0.913,
      2.413,
      0.978,
      2.478,
      1.043,
      2.543,
      1.109,
      2.609,
      1.174,
      2.674,
      1.239,
      2.739,
      1.304,
      2.804,
      1.37,
      2.87,
      1.435,
      2.935
    ],
    "TaskName": "rest",
    "dataset": "ds003592",
    "modality": "bold",
    "session_id": "1",
    "subject_id": "96",
    "task_id": "rest"
  },
  "dummy_trs": 1,
  "dvars_nstd": 19.693329815643562,
  "dvars_std": 1.3236960143069312,
  "dvars_vstd": 0.9591699756435641,
  "efc": 0.5269999886802915,
  "fber": 14240.578125,
  "fd_mean": 0.06879682584903919,
  "fd_num": 10,
  "fd_perc": 4.926108374384237,
  "fwhm_avg": 2.937295555555556,
  "fwhm_x": 2.5896266666666667,
  "fwhm_y": 2.95806,
  "fwhm_z": 3.2642,
  "gcor": 0.0396782,
  "gsr_x": -0.025308527052402496,
  "gsr_y": 0.06740672886371613,
  "provenance": {
    "md5sum": "755ee4a513528a0922cf9f7a95a558bd",
    "settings": {
      "fd_thres": 0.2,
      "testing": false
    },
    "software": "mriqc",
    "version": "23.1.0"
  },
  "size_t": 203,
  "size_x": 72,
  "size_y": 72,
  "size_z": 46,
  "snr": 3.3282451023044324,
  "spacing_tr": 3.0,
  "spacing_x": 3.0,
  "spacing_y": 3.0,
  "spacing_z": 3.0,
  "summary_bg_k": 9.78682799578905,
  "summary_bg_mad": 54.724817072157194,
  "summary_bg_mean": 373.6313782213855,
  "summary_bg_median": 38.344825744628906,
  "summary_bg_n": 180967.0,
  "summary_bg_p05": 0.6896551847457886,
  "summary_bg_p95": 2021.7880859375,
  "summary_bg_stdv": 747.0689943688701,
  "summary_fg_k": 0.43700233574411795,
  "summary_fg_mad": 1281.2311022406552,
  "summary_fg_mean": 4735.717973061536,
  "summary_fg_median": 4575.83740234375,
  "summary_fg_n": 57497.0,
  "summary_fg_p05": 2704.650146484375,
  "summary_fg_p95": 7254.236328125,
  "summary_fg_stdv": 1374.8379309672691,
  "tsnr": 62.113174729282036
}