{
  "aor": 0.009176750000000001,
  "aqi": 0.019292193,
  "bids_meta": {
    "EchoTime": 0.014,
    "RepetitionTime": 3,
    "SliceEncodingDirection": "k",
    "SliceTiming": [
      0,
      1.5425,
      0.07,
      1.6125,
      0.14,
      1.6825,
      0.21,
      1.7525,
      0.28,
      1.8225,
      0.35,
      1.8925,
      0.42,
      1.9625,
      0.49,
      2.0325,
      0.56,
      2.1025,
      0.63,
      2.1725,
      0.7,
      2.2425,
      0.77,
      2.3125,
      0.84,
      2.3825,
      0.91,
      2.4525,
      0.98,
      2.5225,
      1.05,
      2.5925,
      1.12,
      2.6625,
      1.19,
      2.7325,
      1.26,
      2.8025,
      1.33,
      2.8725,
      1.4,
      2.9425,
      1.47
    ],
    "TaskName": "rest",
    "dataset": "ds003592",
    "modality": "bold",
    "session_id": "1",
    "subject_id": "269",
    "task_id": "rest"
  },
  "dummy_trs": 0,
  "dvars_nstd": 26.45491368603016,
  "dvars_std": 0.7339586453768845,
  "dvars_vstd": 0.777125372562814,
  "efc": 0.536863575381038,
  "fber": 1108.0413818359375,
  "fd_mean": 0.3073064210614077,
  "fd_num": 57,
  "fd_perc": 28.5,
  "fwhm_avg": 2.6362438754837125,
  "fwhm_x": 2.157383703703704,
  "fwhm_y": 2.6106192592592596,
  "fwhm_z": 3.1407286634881744,
  "gcor": 0.0603457,
  "gsr_x": -0.014012154191732407,
  "gsr_y": 0.08452392369508743,
  "provenance": {
    "md5sum": "b6ba545b5d2d11e37f3a7c1348c28f85",
    "settings": {
      "fd_thres": 0.2,
      "testing": false
    },
    "software": "mriqc",
    "version": "23.1.0"
  },
  "size_t": 200,
  "size_x": 64,
  "size_y": 64,
  "size_z": 43,
  "snr": 2.942666837191437,
  "spacing_tr": 3.0,
  "spacing_x": 3.375,
  "spacing_y": 3.375,
  "spacing_z": 2.999998092651367,
  "summary_bg_k": 33.78807284597107,
  "summary_bg_mad": 22.053708000270827,
  "summary_bg_mean": 69.11102736219142,
  "summary_bg_median": 23.184999465942383,
  "summary_bg_n": 134416.0,
  "summary_bg_p05": 5.210000038146973,
  "summary_bg_p95": 282.17999267578125,
  "summary_bg_stdv": 119.9698567628533,
  "summary_fg_k": 1.5216043684826452,
  "summary_fg_mad": 227.02712958842184,
  "summary_fg_mean": 813.2137866547888,
  "summary_fg_median": 771.7649841308594,
  "summary_fg_n": 41712.0,
  "summary_fg_p05": 454.7850036621094,
  "summary_fg_p95": 1302.824951171875,
  "summary_fg_stdv": 262.264053547224,
  "tsnr": 26.074930577538908
}