{
  "aor": 0.004043004926108374,
  "aqi": 0.0037757321182266008,
  "bids_meta": {
    "EchoTime": 0.0137,
    "RepetitionTime": 3.0,
    "SliceEncodingDirection": "k",
    "SliceTiming": [
      0.0,
      1.5,
      0.065,
      1.565,
      0.13,
      1.63,
      0.196,
      1.696,
      0.261,
      1.761,
      0.326,
      1.826,
      0.391,
      1.891,
      0.457,
      1.957,
      0.522,
      2.022,
      0.587,
      2.087,
      0.652,
      2.152,
      0.717,
      2.217,
      0.783,
      2.283,
      0.848,
      2.348,
      0.913,
      2.413,
      0.978,
      2.478,
      1.043,
      2.543,
      1.109,
      2.609,
      1.174,
      2.674,
      1.239,
      2.739,
      1.304,
      2.804,
      1.37,
      2.87,
      1.435,
      2.935
    ],
    "TaskName": "rest",
    "dataset": "ds003592",
    "modality": "bold",
    "session_id": "2",
    "subject_id": "202",
    "task_id": "rest"
  },
  "dummy_trs": 1,
  "dvars_nstd": 30.479009656386147,
  "dvars_std": 1.6624405326237635,
  "dvars_vstd": 0.9975953918811886,
  "efc": 0.5579931048487254,
  "fber": 13929.6484375,
  "fd_mean": 0.1558256443311786,
  "fd_num": 53,
  "fd_perc": 26.108374384236452,
  "fwhm_avg": 3.4168866666666666,
  "fwhm_x": 2.9696466666666663,
  "fwhm_y": 3.29818,
  "fwhm_z": 3.9828333333333332,
  "gcor": 0.0113007,
  "gsr_x": -0.00579530606046319,
  "gsr_y": 0.09813153743743896,
  "provenance": {
    "md5sum": "2b1b7cd5dd7e39622f7962a8c470f1ae",
    "settings": {
      "fd_thres": 0.2,
      "testing": false
    },
    "software": "mriqc",
    "version": "23.1.0"
  },
  "size_t": 203,
  "size_x": 72,
  "size_y": 72,
  "size_z": 46,
  "snr": 2.582647796610261,
  "spacing_tr": 3.0,
  "spacing_x": 3.0,
  "spacing_y": 3.0,
  "spacing_z": 3.0,
  "summary_bg_k": 10.448336080503198,
  "summary_bg_mad": 58.8731834691847,
  "summary_bg_mean": 467.36945079908065,
  "summary_bg_median": 40.86206817626953,
  "summary_bg_n": 167800.0,
  "summary_bg_p05": 0.5615763664245605,
  "summary_bg_p95": 2769.4678955078125,
  "summary_bg_stdv": 1017.156841192411,
  "summary_fg_k": 1.084622429998018,
  "summary_fg_mad": 1620.597519380918,
  "summary_fg_mean": 5163.686692753168,
  "summary_fg_median": 4822.697021484375,
  "summary_fg_n": 70664.0,
  "summary_fg_p05": 2765.487548828125,
  "summary_fg_p95": 8805.275390625,
  "summary_fg_stdv": 1867.332782870909,
  "tsnr": 78.60121505521238
}