{
  "aor": 0.0018583743842364533,
  "aqi": 0.00548016921182266,
  "bids_meta": {
    "EchoTime": 0.0137,
    "RepetitionTime": 3.0,
    "SliceEncodingDirection": "k",
    "SliceTiming": [
      0.0,
      1.5,
      0.065,
      1.565,
      0.13,
      1.63,
      0.196,
      1.696,
      0.261,
      1.761,
      0.326,
      1.826,
      0.391,
      1.891,
      0.457,
      1.957,
      0.522,
      2.022,
      0.587,
      2.087,
      0.652,
      2.152,
      0.717,
      2.217,
      0.783,
      2.283,
      0.848,
      2.348,
      0.913,
      2.413,
      0.978,
      2.478,
      1.043,
      2.543,
      1.109,
      2.609,
      1.174,
      2.674,
      1.239,
      2.739,
      1.304,
      2.804,
      1.37,
      2.87,
      1.435,
      2.935
    ],
    "TaskName": "rest",
    "dataset": "ds003592",
    "modality": "bold",
    "session_id": "2",
    "subject_id": "06",
    "task_id": "rest"
  },
  "dummy_trs": 1,
  "dvars_nstd": 20.477240439702964,
  "dvars_std": 1.2270551101485152,
  "dvars_vstd": 0.9288727714851487,
  "efc": 0.4619747888084913,
  "fber": 21365.19140625,
  "fd_mean": 0.19266760470929087,
  "fd_num": 94,
  "fd_perc": 46.30541871921182,
  "fwhm_avg": 3.601877584475956,
  "fwhm_x": 3.5087333333333333,
  "fwhm_y": 3.455399725389502,
  "fwhm_z": 3.8414996947050337,
  "gcor": 0.0212119,
  "gsr_x": -0.023543953895568848,
  "gsr_y": 0.04170604050159454,
  "provenance": {
    "md5sum": "10e2a2c92007ad0f9a3cbbf4ae4b8bde",
    "settings": {
      "fd_thres": 0.2,
      "testing": false
    },
    "software": "mriqc",
    "version": "23.1.0"
  },
  "size_t": 203,
  "size_x": 72,
  "size_y": 72,
  "size_z": 46,
  "snr": 2.804147247153574,
  "spacing_tr": 3.0,
  "spacing_x": 3.0,
  "spacing_y": 3.000000238418579,
  "spacing_z": 3.000000238418579,
  "summary_bg_k": 13.637166447927047,
  "summary_bg_mad": 46.77134950658736,
  "summary_bg_mean": 359.4963412166361,
  "summary_bg_median": 33.472904205322266,
  "summary_bg_n": 195747.0,
  "summary_bg_p05": 1.167487621307373,
  "summary_bg_p95": 2036.61572265625,
  "summary_bg_stdv": 788.6177114409921,
  "summary_fg_k": 1.7717300838032983,
  "summary_fg_mad": 1347.502987051737,
  "summary_fg_mean": 5261.344290361954,
  "summary_fg_median": 4892.6796875,
  "summary_fg_n": 42717.0,
  "summary_fg_p05": 2990.137939453125,
  "summary_fg_p95": 8770.349609375,
  "summary_fg_stdv": 1744.7808504350496,
  "tsnr": 65.67043819930404
}