{
  "aor": 0.002547192118226601,
  "aqi": 0.00731110315270936,
  "bids_meta": {
    "EchoTime": 0.047,
    "RepetitionTime": 3.0,
    "SliceEncodingDirection": "k",
    "SliceTiming": [
      0.0,
      1.5,
      0.065,
      1.565,
      0.13,
      1.63,
      0.196,
      1.696,
      0.261,
      1.761,
      0.326,
      1.826,
      0.391,
      1.891,
      0.457,
      1.957,
      0.522,
      2.022,
      0.587,
      2.087,
      0.652,
      2.152,
      0.717,
      2.217,
      0.783,
      2.283,
      0.848,
      2.348,
      0.913,
      2.413,
      0.978,
      2.478,
      1.043,
      2.543,
      1.109,
      2.609,
      1.174,
      2.674,
      1.239,
      2.739,
      1.304,
      2.804,
      1.37,
      2.87,
      1.435,
      2.935
    ],
    "TaskName": "rest",
    "dataset": "ds003592",
    "modality": "bold",
    "session_id": "1",
    "subject_id": "185",
    "task_id": "rest"
  },
  "dummy_trs": 1,
  "dvars_nstd": 30.823763544702967,
  "dvars_std": 1.1226466850990096,
  "dvars_vstd": 0.9765764109900992,
  "efc": 0.4201832112294596,
  "fber": 10506.4521484375,
  "fd_mean": 0.11792957893555275,
  "fd_num": 22,
  "fd_perc": 10.83743842364532,
  "fwhm_avg": 2.3737176526574832,
  "fwhm_x": 2.3980200000000003,
  "fwhm_y": 2.4518998051405108,
  "fwhm_z": 2.2712331528319396,
  "gcor": 0.0440676,
  "gsr_x": -0.013485550880432129,
  "gsr_y": 0.01861513964831829,
  "provenance": {
    "md5sum": "4e6329ea4d4b7b4d71db430de90df54b",
    "settings": {
      "fd_thres": 0.2,
      "testing": false
    },
    "software": "mriqc",
    "version": "23.1.0"
  },
  "size_t": 203,
  "size_x": 72,
  "size_y": 72,
  "size_z": 46,
  "snr": 2.7954282326863007,
  "spacing_tr": 3.0,
  "spacing_x": 3.0,
  "spacing_y": 3.000000238418579,
  "spacing_z": 3.000000238418579,
  "summary_bg_k": 34.88604317252654,
  "summary_bg_mad": 29.440242386777356,
  "summary_bg_mean": 86.23712541770011,
  "summary_bg_median": 22.694580078125,
  "summary_bg_n": 195389.0,
  "summary_bg_p05": 1.0886698961257935,
  "summary_bg_p95": 405.0049133300781,
  "summary_bg_stdv": 192.8643779908054,
  "summary_fg_k": 1.6874417795019703,
  "summary_fg_mad": 726.234200403581,
  "summary_fg_mean": 2450.571181395935,
  "summary_fg_median": 2326.216796875,
  "summary_fg_n": 43075.0,
  "summary_fg_p05": 1288.4925537109375,
  "summary_fg_p95": 3960.802978515625,
  "summary_fg_stdv": 832.1407674082127,
  "tsnr": 39.52239331137389
}