{
  "aor": 0.0010438118811881187,
  "aqi": 0.0020989336980198024,
  "bids_meta": {
    "EchoTime": 0.0137,
    "RepetitionTime": 3.0,
    "SliceEncodingDirection": "k",
    "SliceTiming": [
      0.0,
      1.5,
      0.065,
      1.565,
      0.13,
      1.63,
      0.196,
      1.696,
      0.261,
      1.761,
      0.326,
      1.826,
      0.391,
      1.891,
      0.457,
      1.957,
      0.522,
      2.022,
      0.587,
      2.087,
      0.652,
      2.152,
      0.717,
      2.217,
      0.783,
      2.283,
      0.848,
      2.348,
      0.913,
      2.413,
      0.978,
      2.478,
      1.043,
      2.543,
      1.109,
      2.609,
      1.174,
      2.674,
      1.239,
      2.739,
      1.304,
      2.804,
      1.37,
      2.87,
      1.435,
      2.935
    ],
    "TaskName": "rest",
    "dataset": "ds003592",
    "modality": "bold",
    "session_id": "1",
    "subject_id": "30",
    "task_id": "rest"
  },
  "dummy_trs": 2,
  "dvars_nstd": 10.969841107960194,
  "dvars_std": 1.0517619276119403,
  "dvars_vstd": 0.9298676453731349,
  "efc": 0.49844522564837734,
  "fber": 27271.751953125,
  "fd_mean": 0.03596282536668149,
  "fd_num": 0,
  "fd_perc": 0.0,
  "fwhm_avg": 3.4108544444444444,
  "fwhm_x": 3.17051,
  "fwhm_y": 3.3000866666666666,
  "fwhm_z": 3.7619666666666665,
  "gcor": 0.00442454,
  "gsr_x": -0.0063810450956225395,
  "gsr_y": 0.030338704586029053,
  "provenance": {
    "md5sum": "219da7a9db14a226e8ac6262824d7cda",
    "settings": {
      "fd_thres": 0.2,
      "testing": false
    },
    "software": "mriqc",
    "version": "23.1.0"
  },
  "size_t": 202,
  "size_x": 72,
  "size_y": 72,
  "size_z": 46,
  "snr": 3.0077849919373367,
  "spacing_tr": 3.0,
  "spacing_x": 3.0,
  "spacing_y": 3.0,
  "spacing_z": 3.0,
  "summary_bg_k": 14.092403235125829,
  "summary_bg_mad": 43.88355701616235,
  "summary_bg_mean": 295.43266050867254,
  "summary_bg_median": 29.74752426147461,
  "summary_bg_n": 181261.0,
  "summary_bg_p05": 0.044554453343153,
  "summary_bg_p95": 1726.4405517578125,
  "summary_bg_stdv": 641.3920658340404,
  "summary_fg_k": 1.302791380511061,
  "summary_fg_mad": 1469.3098353829992,
  "summary_fg_mean": 5193.471184127629,
  "summary_fg_median": 4912.55419921875,
  "summary_fg_n": 57203.0,
  "summary_fg_p05": 3091.89111328125,
  "summary_fg_p95": 8322.7822265625,
  "summary_fg_stdv": 1633.2654337142776,
  "tsnr": 84.5893696649
}