{
  "aor": 0.0013660098522167486,
  "aqi": 0.0030563517733990142,
  "bids_meta": {
    "EchoTime": 0.03,
    "RepetitionTime": 3.0,
    "SliceEncodingDirection": "k",
    "SliceTiming": [
      0.0,
      1.5,
      0.065,
      1.565,
      0.13,
      1.63,
      0.196,
      1.696,
      0.261,
      1.761,
      0.326,
      1.826,
      0.391,
      1.891,
      0.457,
      1.957,
      0.522,
      2.022,
      0.587,
      2.087,
      0.652,
      2.152,
      0.717,
      2.217,
      0.783,
      2.283,
      0.848,
      2.348,
      0.913,
      2.413,
      0.978,
      2.478,
      1.043,
      2.543,
      1.109,
      2.609,
      1.174,
      2.674,
      1.239,
      2.739,
      1.304,
      2.804,
      1.37,
      2.87,
      1.435,
      2.935
    ],
    "TaskName": "rest",
    "dataset": "ds003592",
    "modality": "bold",
    "session_id": "1",
    "subject_id": "30",
    "task_id": "rest"
  },
  "dummy_trs": 1,
  "dvars_nstd": 14.842524023712873,
  "dvars_std": 1.0468669477722772,
  "dvars_vstd": 0.9560581168316837,
  "efc": 0.4558572030939718,
  "fber": 23495.72265625,
  "fd_mean": 0.037530290607530145,
  "fd_num": 0,
  "fd_perc": 0.0,
  "fwhm_avg": 2.987832222222222,
  "fwhm_x": 2.93245,
  "fwhm_y": 3.0089566666666667,
  "fwhm_z": 3.02209,
  "gcor": 0.010313,
  "gsr_x": -0.0040590278804302216,
  "gsr_y": 0.016466230154037476,
  "provenance": {
    "md5sum": "6d235af7279a5433eb4686e3a6b3eb85",
    "settings": {
      "fd_thres": 0.2,
      "testing": false
    },
    "software": "mriqc",
    "version": "23.1.0"
  },
  "size_t": 203,
  "size_x": 72,
  "size_y": 72,
  "size_z": 46,
  "snr": 3.0696095310189433,
  "spacing_tr": 3.0,
  "spacing_x": 3.0,
  "spacing_y": 3.0,
  "spacing_z": 3.0,
  "summary_bg_k": 26.449476287230667,
  "summary_bg_mad": 34.10715458343331,
  "summary_bg_mean": 131.97651102143234,
  "summary_bg_median": 23.29556655883789,
  "summary_bg_n": 186031.0,
  "summary_bg_p05": 0.03940886631608009,
  "summary_bg_p95": 681.3497314453125,
  "summary_bg_stdv": 310.282517641411,
  "summary_fg_k": 0.6914839261351133,
  "summary_fg_mad": 1056.4159764321566,
  "summary_fg_mean": 3759.324912363207,
  "summary_fg_median": 3570.817626953125,
  "summary_fg_n": 52433.0,
  "summary_fg_p05": 2171.418701171875,
  "summary_fg_p95": 5995.8818359375,
  "summary_fg_stdv": 1163.269640475304,
  "tsnr": 67.93340605683625
}