{
  "aor": 0.00267920792079208,
  "aqi": 0.005336227772277228,
  "bids_meta": {
    "EchoTime": 0.0137,
    "RepetitionTime": 3.0,
    "SliceEncodingDirection": "k",
    "SliceTiming": [
      0.0,
      1.5,
      0.065,
      1.565,
      0.13,
      1.63,
      0.196,
      1.696,
      0.261,
      1.761,
      0.326,
      1.826,
      0.391,
      1.891,
      0.457,
      1.957,
      0.522,
      2.022,
      0.587,
      2.087,
      0.652,
      2.152,
      0.717,
      2.217,
      0.783,
      2.283,
      0.848,
      2.348,
      0.913,
      2.413,
      0.978,
      2.478,
      1.043,
      2.543,
      1.109,
      2.609,
      1.174,
      2.674,
      1.239,
      2.739,
      1.304,
      2.804,
      1.37,
      2.87,
      1.435,
      2.935
    ],
    "TaskName": "rest",
    "dataset": "ds003592",
    "modality": "bold",
    "session_id": "1",
    "subject_id": "40",
    "task_id": "rest"
  },
  "dummy_trs": 2,
  "dvars_nstd": 17.81429829771145,
  "dvars_std": 0.9944916334825877,
  "dvars_vstd": 0.9641759520398013,
  "efc": 0.5100951664830908,
  "fber": 14101.1181640625,
  "fd_mean": 0.13021203226841901,
  "fd_num": 32,
  "fd_perc": 15.841584158415841,
  "fwhm_avg": 3.4456244444444444,
  "fwhm_x": 3.1466600000000002,
  "fwhm_y": 3.2864133333333334,
  "fwhm_z": 3.9038,
  "gcor": 0.0380105,
  "gsr_x": -0.017990032210946083,
  "gsr_y": 0.07732237875461578,
  "provenance": {
    "md5sum": "94f3c062dcff2308412d794e29be55d4",
    "settings": {
      "fd_thres": 0.2,
      "testing": false
    },
    "software": "mriqc",
    "version": "23.1.0"
  },
  "size_t": 202,
  "size_x": 72,
  "size_y": 72,
  "size_z": 46,
  "snr": 2.814340817895087,
  "spacing_tr": 3.0,
  "spacing_x": 3.0,
  "spacing_y": 3.0,
  "spacing_z": 3.0,
  "summary_bg_k": 11.466430521063044,
  "summary_bg_mad": 59.45822206619887,
  "summary_bg_mean": 408.4021247423878,
  "summary_bg_median": 40.33168411254883,
  "summary_bg_n": 183993.0,
  "summary_bg_p05": 0.07425742596387863,
  "summary_bg_p95": 2305.42578125,
  "summary_bg_stdv": 865.1409390394884,
  "summary_fg_k": 1.0422378880421874,
  "summary_fg_mad": 1448.61276632681,
  "summary_fg_mean": 5106.834593557734,
  "summary_fg_median": 4789.31201171875,
  "summary_fg_n": 54471.0,
  "summary_fg_p05": 2813.876220703125,
  "summary_fg_p95": 8433.2177734375,
  "summary_fg_stdv": 1701.7370529643376,
  "tsnr": 57.86010014871135
}