{
  "bids_meta": {
    "EchoTime": 0.0034,
    "FlipAngle": 7,
    "RepetitionTime": 2.53,
    "dataset": "ds003592",
    "modality": "T1w",
    "session_id": "1",
    "subject_id": "160"
  },
  "cjv": 0.5623999224347012,
  "cnr": 1.80274624550891,
  "efc": 0.6064110772910454,
  "fber": -1.0,
  "fwhm_avg": 4.021793333333333,
  "fwhm_x": 4.09507,
  "fwhm_y": 4.08186,
  "fwhm_z": 3.88845,
  "icvs_csf": 0.2607019819942579,
  "icvs_gm": 0.38704667179586383,
  "icvs_wm": 0.35225134620987814,
  "inu_med": 0.7864066958427429,
  "inu_range": 0.6123405694961548,
  "provenance": {
    "md5sum": "fd3e27f679cc9b1c4b49a033a8fd1a84",
    "settings": {
      "testing": false
    },
    "software": "mriqc",
    "version": "23.1.0",
    "warnings": {
      "large_rot_frame": true,
      "small_air_mask": false
    }
  },
  "qi_1": 0.0,
  "qi_2": 0.0007585212408007757,
  "rpve_csf": 6.6923458938300415,
  "rpve_gm": 6.607898954983678,
  "rpve_wm": 6.700224298334315,
  "size_x": 176,
  "size_y": 256,
  "size_z": 256,
  "snr_csf": 1.826407827607489,
  "snr_gm": 5.566462069570911,
  "snr_total": 6.006934322346097,
  "snr_wm": 10.627933069859889,
  "snrd_csf": 38.838457880336364,
  "snrd_gm": 69.06600402666257,
  "snrd_total": 68.2490433200051,
  "snrd_wm": 96.84266805301637,
  "spacing_x": 1.0,
  "spacing_y": 1.0,
  "spacing_z": 1.0,
  "summary_bg_k": 765.0000082164314,
  "summary_bg_mad": 0.0,
  "summary_bg_mean": 2.6252661251054463,
  "summary_bg_median": 0.0,
  "summary_bg_n": 2732651.0,
  "summary_bg_p05": 0.0,
  "summary_bg_p95": 15.14383079111576,
  "summary_bg_stdv": 6.507857669533903,
  "summary_csf_k": -0.5551449443100398,
  "summary_csf_mad": 167.3178068239639,
  "summary_csf_mean": 400.30597796042656,
  "summary_csf_median": 385.80539257079363,
  "summary_csf_n": 442546.0466314438,
  "summary_csf_p05": 86.98645389825106,
  "summary_csf_p95": 740.7796846553683,
  "summary_csf_stdv": 211.23702540357414,
  "summary_gm_k": -0.6183085169877307,
  "summary_gm_mad": 89.91653567361655,
  "summary_gm_mean": 693.447024011839,
  "summary_gm_median": 686.0735016539693,
  "summary_gm_n": 657018.305556611,
  "summary_gm_p05": 501.1955865174532,
  "summary_gm_p95": 928.882003955543,
  "summary_gm_stdv": 123.251173001391,
  "summary_wm_k": -0.14808984434217543,
  "summary_wm_mad": 65.26200169859266,
  "summary_wm_mean": 943.7918254457189,
  "summary_wm_median": 961.9955478385091,
  "summary_wm_n": 597952.6488188305,
  "summary_wm_p05": 763.278055280447,
  "summary_wm_p95": 1063.7997691854835,
  "summary_wm_stdv": 90.51569454822096,
  "tpm_overlap_csf": 0.20650714284750282,
  "tpm_overlap_gm": 0.5351293101577416,
  "tpm_overlap_wm": 0.5445626913048063,
  "wm2max": 0.605074773266422
}