{
  "aor": 0.006188817733990148,
  "aqi": 0.005316951477832512,
  "bids_meta": {
    "EchoTime": 0.03,
    "RepetitionTime": 3.0,
    "SliceEncodingDirection": "k",
    "SliceTiming": [
      0.0,
      1.5,
      0.065,
      1.565,
      0.13,
      1.63,
      0.196,
      1.696,
      0.261,
      1.761,
      0.326,
      1.826,
      0.391,
      1.891,
      0.457,
      1.957,
      0.522,
      2.022,
      0.587,
      2.087,
      0.652,
      2.152,
      0.717,
      2.217,
      0.783,
      2.283,
      0.848,
      2.348,
      0.913,
      2.413,
      0.978,
      2.478,
      1.043,
      2.543,
      1.109,
      2.609,
      1.174,
      2.674,
      1.239,
      2.739,
      1.304,
      2.804,
      1.37,
      2.87,
      1.435,
      2.935
    ],
    "TaskName": "rest",
    "dataset": "ds003592",
    "modality": "bold",
    "session_id": "2",
    "subject_id": "140",
    "task_id": "rest"
  },
  "dummy_trs": 1,
  "dvars_nstd": 18.387377724801983,
  "dvars_std": 1.086284346980198,
  "dvars_vstd": 0.9907746182178223,
  "efc": 0.45826026634920003,
  "fber": 12198.154296875,
  "fd_mean": 0.1236389437559851,
  "fd_num": 26,
  "fd_perc": 12.807881773399014,
  "fwhm_avg": 3.1464766666666666,
  "fwhm_x": 3.0438233333333335,
  "fwhm_y": 3.1042433333333332,
  "fwhm_z": 3.2913633333333334,
  "gcor": 0.0221798,
  "gsr_x": -0.0026528865564614534,
  "gsr_y": 0.021484848111867905,
  "provenance": {
    "md5sum": "56b59ebb7c6e27750408cd00850f37d1",
    "settings": {
      "fd_thres": 0.2,
      "testing": false
    },
    "software": "mriqc",
    "version": "23.1.0"
  },
  "size_t": 203,
  "size_x": 72,
  "size_y": 72,
  "size_z": 46,
  "snr": 2.81949997198126,
  "spacing_tr": 3.0,
  "spacing_x": 3.0,
  "spacing_y": 3.0,
  "spacing_z": 3.0,
  "summary_bg_k": 37.77352171494311,
  "summary_bg_mad": 42.893215676209714,
  "summary_bg_mean": 152.8375319011196,
  "summary_bg_median": 30.866994857788086,
  "summary_bg_n": 188002.0,
  "summary_bg_p05": 0.9852216839790344,
  "summary_bg_p95": 776.4039306640625,
  "summary_bg_stdv": 322.9957947429227,
  "summary_fg_k": 0.9102661432298609,
  "summary_fg_mad": 1027.991169079096,
  "summary_fg_mean": 3647.1289700598113,
  "summary_fg_median": 3409.1131591796875,
  "summary_fg_n": 50462.0,
  "summary_fg_p05": 2049.94580078125,
  "summary_fg_p95": 6063.85693359375,
  "summary_fg_stdv": 1209.1077899898944,
  "tsnr": 53.34934129728936
}