{
  "aor": 0.0029358415841584163,
  "aqi": 0.0031060307425742574,
  "bids_meta": {
    "EchoTime": 0.03,
    "RepetitionTime": 3.0,
    "SliceEncodingDirection": "k",
    "SliceTiming": [
      0.0,
      1.5,
      0.065,
      1.565,
      0.13,
      1.63,
      0.196,
      1.696,
      0.261,
      1.761,
      0.326,
      1.826,
      0.391,
      1.891,
      0.457,
      1.957,
      0.522,
      2.022,
      0.587,
      2.087,
      0.652,
      2.152,
      0.717,
      2.217,
      0.783,
      2.283,
      0.848,
      2.348,
      0.913,
      2.413,
      0.978,
      2.478,
      1.043,
      2.543,
      1.109,
      2.609,
      1.174,
      2.674,
      1.239,
      2.739,
      1.304,
      2.804,
      1.37,
      2.87,
      1.435,
      2.935
    ],
    "TaskName": "rest",
    "dataset": "ds003592",
    "modality": "bold",
    "session_id": "1",
    "subject_id": "219",
    "task_id": "rest"
  },
  "dummy_trs": 2,
  "dvars_nstd": 15.522654936965168,
  "dvars_std": 1.1061911454228857,
  "dvars_vstd": 0.9826121809452738,
  "efc": 0.4476097478734449,
  "fber": 20354.92578125,
  "fd_mean": 0.04041520299035473,
  "fd_num": 0,
  "fd_perc": 0.0,
  "fwhm_avg": 2.916733176704614,
  "fwhm_x": 2.8376633333333334,
  "fwhm_y": 3.0353997587681008,
  "fwhm_z": 2.8771364380124065,
  "gcor": 0.0192529,
  "gsr_x": -0.013326575048267841,
  "gsr_y": 0.022656477987766266,
  "provenance": {
    "md5sum": "6f5df75a6a102296fed6e9b8d3f67c05",
    "settings": {
      "fd_thres": 0.2,
      "testing": false
    },
    "software": "mriqc",
    "version": "23.1.0"
  },
  "size_t": 202,
  "size_x": 72,
  "size_y": 72,
  "size_z": 46,
  "snr": 3.163497688319216,
  "spacing_tr": 3.0,
  "spacing_x": 3.0,
  "spacing_y": 3.000000238418579,
  "spacing_z": 3.000000238418579,
  "summary_bg_k": 21.386668546373055,
  "summary_bg_mad": 35.61914976143843,
  "summary_bg_mean": 157.44693449837266,
  "summary_bg_median": 25.811880111694336,
  "summary_bg_n": 191343.0,
  "summary_bg_p05": 0.7623762488365173,
  "summary_bg_p95": 815.4010009765625,
  "summary_bg_stdv": 342.8022819565396,
  "summary_fg_k": 0.9685164024694024,
  "summary_fg_mad": 1001.1014486422177,
  "summary_fg_mean": 3853.982932651962,
  "summary_fg_median": 3682.598876953125,
  "summary_fg_n": 47121.0,
  "summary_fg_p05": 2190.9951171875,
  "summary_fg_p95": 6072.91552734375,
  "summary_fg_stdv": 1164.078549625382,
  "tsnr": 70.33785246731713
}