{
  "aor": 0.0022533004926108377,
  "aqi": 0.005888685024630541,
  "bids_meta": {
    "EchoTime": 0.047,
    "RepetitionTime": 3.0,
    "SliceEncodingDirection": "k",
    "SliceTiming": [
      0.0,
      1.5,
      0.065,
      1.565,
      0.13,
      1.63,
      0.196,
      1.696,
      0.261,
      1.761,
      0.326,
      1.826,
      0.391,
      1.891,
      0.457,
      1.957,
      0.522,
      2.022,
      0.587,
      2.087,
      0.652,
      2.152,
      0.717,
      2.217,
      0.783,
      2.283,
      0.848,
      2.348,
      0.913,
      2.413,
      0.978,
      2.478,
      1.043,
      2.543,
      1.109,
      2.609,
      1.174,
      2.674,
      1.239,
      2.739,
      1.304,
      2.804,
      1.37,
      2.87,
      1.435,
      2.935
    ],
    "TaskName": "rest",
    "dataset": "ds003592",
    "modality": "bold",
    "session_id": "1",
    "subject_id": "159",
    "task_id": "rest"
  },
  "dummy_trs": 1,
  "dvars_nstd": 20.846404453514847,
  "dvars_std": 1.019110480891089,
  "dvars_vstd": 0.9528307365346527,
  "efc": 0.40414125489404557,
  "fber": 12923.8125,
  "fd_mean": 0.03971463851607164,
  "fd_num": 0,
  "fd_perc": 0.0,
  "fwhm_avg": 2.678537777777778,
  "fwhm_x": 2.6820533333333336,
  "fwhm_y": 2.7381166666666665,
  "fwhm_z": 2.6154433333333333,
  "gcor": 0.0251009,
  "gsr_x": -0.014014741405844688,
  "gsr_y": 0.022087981924414635,
  "provenance": {
    "md5sum": "a1d9acdd66481ad559631b771e23d105",
    "settings": {
      "fd_thres": 0.2,
      "testing": false
    },
    "software": "mriqc",
    "version": "23.1.0"
  },
  "size_t": 203,
  "size_x": 72,
  "size_y": 72,
  "size_z": 46,
  "snr": 2.98256508164866,
  "spacing_tr": 3.0,
  "spacing_x": 3.0,
  "spacing_y": 3.0,
  "spacing_z": 3.0,
  "summary_bg_k": 32.20221812851483,
  "summary_bg_mad": 28.563829589438512,
  "summary_bg_mean": 83.34930893541458,
  "summary_bg_median": 21.674877166748047,
  "summary_bg_n": 198840.0,
  "summary_bg_p05": 0.6009852290153503,
  "summary_bg_p95": 398.20689392089844,
  "summary_bg_stdv": 189.37287695607304,
  "summary_fg_k": 1.261953302470916,
  "summary_fg_mad": 706.0985366308154,
  "summary_fg_mean": 2574.79354815692,
  "summary_fg_median": 2464.06396484375,
  "summary_fg_n": 39624.0,
  "summary_fg_p05": 1387.3841552734375,
  "summary_fg_p95": 4129.4677734375,
  "summary_fg_stdv": 826.145550598037,
  "tsnr": 47.64761255122721
}