{
  "aor": 0.0009956157635467979,
  "aqi": 0.005595281724137931,
  "bids_meta": {
    "EchoTime": 0.047,
    "RepetitionTime": 3.0,
    "SliceEncodingDirection": "k",
    "SliceTiming": [
      0.0,
      1.5,
      0.065,
      1.565,
      0.13,
      1.63,
      0.196,
      1.696,
      0.261,
      1.761,
      0.326,
      1.826,
      0.391,
      1.891,
      0.457,
      1.957,
      0.522,
      2.022,
      0.587,
      2.087,
      0.652,
      2.152,
      0.717,
      2.217,
      0.783,
      2.283,
      0.848,
      2.348,
      0.913,
      2.413,
      0.978,
      2.478,
      1.043,
      2.543,
      1.109,
      2.609,
      1.174,
      2.674,
      1.239,
      2.739,
      1.304,
      2.804,
      1.37,
      2.87,
      1.435,
      2.935
    ],
    "TaskName": "rest",
    "dataset": "ds003592",
    "modality": "bold",
    "session_id": "2",
    "subject_id": "58",
    "task_id": "rest"
  },
  "dummy_trs": 1,
  "dvars_nstd": 22.452653091782178,
  "dvars_std": 1.0598801685148513,
  "dvars_vstd": 0.950615496782178,
  "efc": 0.4373432592157268,
  "fber": 8382.3876953125,
  "fd_mean": 0.07384274301367166,
  "fd_num": 6,
  "fd_perc": 2.955665024630542,
  "fwhm_avg": 2.641882222222222,
  "fwhm_x": 2.63807,
  "fwhm_y": 2.72348,
  "fwhm_z": 2.5640966666666665,
  "gcor": 0.0114459,
  "gsr_x": -0.017475174739956856,
  "gsr_y": 0.028135262429714203,
  "provenance": {
    "md5sum": "7a71918186b538af9ffe1517d6bb42ec",
    "settings": {
      "fd_thres": 0.2,
      "testing": false
    },
    "software": "mriqc",
    "version": "23.1.0"
  },
  "size_t": 203,
  "size_x": 72,
  "size_y": 72,
  "size_z": 46,
  "snr": 2.684559141745376,
  "spacing_tr": 3.0,
  "spacing_x": 3.0,
  "spacing_y": 3.0,
  "spacing_z": 3.0,
  "summary_bg_k": 29.871603512905104,
  "summary_bg_mad": 34.77907222493114,
  "summary_bg_mean": 93.73125809815447,
  "summary_bg_median": 26.684728622436523,
  "summary_bg_n": 190860.0,
  "summary_bg_p05": 0.9064038991928101,
  "summary_bg_p95": 451.7733917236328,
  "summary_bg_stdv": 202.10855740073202,
  "summary_fg_k": 1.4469085998438675,
  "summary_fg_mad": 765.9466564097147,
  "summary_fg_mean": 2597.8532581714344,
  "summary_fg_median": 2443.1304931640625,
  "summary_fg_n": 47604.0,
  "summary_fg_p05": 1360.0443115234375,
  "summary_fg_p95": 4308.15771484375,
  "summary_fg_stdv": 910.0581149655198,
  "tsnr": 47.41944161604624
}