{
  "aor": 0.0020261083743842367,
  "aqi": 0.008854847044334976,
  "bids_meta": {
    "EchoTime": 0.047,
    "RepetitionTime": 3.0,
    "SliceEncodingDirection": "k",
    "SliceTiming": [
      0.0,
      1.5,
      0.065,
      1.565,
      0.13,
      1.63,
      0.196,
      1.696,
      0.261,
      1.761,
      0.326,
      1.826,
      0.391,
      1.891,
      0.457,
      1.957,
      0.522,
      2.022,
      0.587,
      2.087,
      0.652,
      2.152,
      0.717,
      2.217,
      0.783,
      2.283,
      0.848,
      2.348,
      0.913,
      2.413,
      0.978,
      2.478,
      1.043,
      2.543,
      1.109,
      2.609,
      1.174,
      2.674,
      1.239,
      2.739,
      1.304,
      2.804,
      1.37,
      2.87,
      1.435,
      2.935
    ],
    "TaskName": "rest",
    "dataset": "ds003592",
    "modality": "bold",
    "session_id": "1",
    "subject_id": "203",
    "task_id": "rest"
  },
  "dummy_trs": 1,
  "dvars_nstd": 32.10579692717821,
  "dvars_std": 1.1054140091089115,
  "dvars_vstd": 0.9712797618811883,
  "efc": 0.4530704734176535,
  "fber": 9842.4443359375,
  "fd_mean": 0.17735162126936185,
  "fd_num": 72,
  "fd_perc": 35.467980295566505,
  "fwhm_avg": 2.55922,
  "fwhm_x": 2.566003333333333,
  "fwhm_y": 2.6666066666666666,
  "fwhm_z": 2.4450499999999997,
  "gcor": 0.0196755,
  "gsr_x": -0.006731060799211264,
  "gsr_y": 0.029039788991212845,
  "provenance": {
    "md5sum": "07dc61051dd2ab3b7d77ce29982046cf",
    "settings": {
      "fd_thres": 0.2,
      "testing": false
    },
    "software": "mriqc",
    "version": "23.1.0"
  },
  "size_t": 203,
  "size_x": 72,
  "size_y": 72,
  "size_z": 46,
  "snr": 2.799111778712643,
  "spacing_tr": 3.0,
  "spacing_x": 3.0,
  "spacing_y": 3.0,
  "spacing_z": 3.0,
  "summary_bg_k": 47.90150579052315,
  "summary_bg_mad": 34.03777288307791,
  "summary_bg_mean": 101.63409472576136,
  "summary_bg_median": 24.913792610168457,
  "summary_bg_n": 187888.0,
  "summary_bg_p05": 0.3497536778450012,
  "summary_bg_p95": 504.7783203125,
  "summary_bg_stdv": 224.17082693614498,
  "summary_fg_k": 2.2332747339301333,
  "summary_fg_mad": 720.3255093354937,
  "summary_fg_mean": 2592.4209882320765,
  "summary_fg_median": 2471.6748046875,
  "summary_fg_n": 50576.0,
  "summary_fg_p05": 1370.0491943359375,
  "summary_fg_p95": 4251.0,
  "summary_fg_stdv": 883.0123856109612,
  "tsnr": 37.72285536653362
}