{
  "aor": 0.00549384236453202,
  "aqi": 0.0029168556256157635,
  "bids_meta": {
    "EchoTime": 0.0137,
    "RepetitionTime": 3.0,
    "SliceEncodingDirection": "k",
    "SliceTiming": [
      0.0,
      1.5,
      0.065,
      1.565,
      0.13,
      1.63,
      0.196,
      1.696,
      0.261,
      1.761,
      0.326,
      1.826,
      0.391,
      1.891,
      0.457,
      1.957,
      0.522,
      2.022,
      0.587,
      2.087,
      0.652,
      2.152,
      0.717,
      2.217,
      0.783,
      2.283,
      0.848,
      2.348,
      0.913,
      2.413,
      0.978,
      2.478,
      1.043,
      2.543,
      1.109,
      2.609,
      1.174,
      2.674,
      1.239,
      2.739,
      1.304,
      2.804,
      1.37,
      2.87,
      1.435,
      2.935
    ],
    "TaskName": "rest",
    "dataset": "ds003592",
    "modality": "bold",
    "session_id": "1",
    "subject_id": "224",
    "task_id": "rest"
  },
  "dummy_trs": 1,
  "dvars_nstd": 18.098633747425744,
  "dvars_std": 1.0968123432178216,
  "dvars_vstd": 0.9800664252970297,
  "efc": 0.5076950507808767,
  "fber": 16094.1015625,
  "fd_mean": 0.18506559350971175,
  "fd_num": 62,
  "fd_perc": 30.541871921182267,
  "fwhm_avg": 3.337738888888889,
  "fwhm_x": 3.0234400000000003,
  "fwhm_y": 3.33041,
  "fwhm_z": 3.6593666666666667,
  "gcor": 0.0850859,
  "gsr_x": -0.010137543082237244,
  "gsr_y": 0.06500057131052017,
  "provenance": {
    "md5sum": "668f5ac920c3858267b9deab3e075ff3",
    "settings": {
      "fd_thres": 0.2,
      "testing": false
    },
    "software": "mriqc",
    "version": "23.1.0"
  },
  "size_t": 203,
  "size_x": 72,
  "size_y": 72,
  "size_z": 46,
  "snr": 2.9140769636010013,
  "spacing_tr": 3.0,
  "spacing_x": 3.0,
  "spacing_y": 3.0,
  "spacing_z": 3.0,
  "summary_bg_k": 12.680370918653058,
  "summary_bg_mad": 52.37310389090263,
  "summary_bg_mean": 351.6827920712842,
  "summary_bg_median": 36.51231384277344,
  "summary_bg_n": 183225.0,
  "summary_bg_p05": 0.5763546824455261,
  "summary_bg_p95": 1921.142822265625,
  "summary_bg_stdv": 733.7600798720275,
  "summary_fg_k": 1.380211680397629,
  "summary_fg_mad": 1323.284737726597,
  "summary_fg_mean": 4904.467965264309,
  "summary_fg_median": 4632.04443359375,
  "summary_fg_n": 55239.0,
  "summary_fg_p05": 2734.921142578125,
  "summary_fg_p95": 7957.87158203125,
  "summary_fg_stdv": 1589.5264826425312,
  "tsnr": 67.79314688639715
}