{
  "bids_meta": {
    "EchoTime": 0.0034,
    "FlipAngle": 7,
    "RepetitionTime": 2.53,
    "dataset": "ds003592",
    "modality": "T1w",
    "session_id": "1",
    "subject_id": "42"
  },
  "cjv": 0.5978132574546874,
  "cnr": 1.5947917970240932,
  "efc": 0.6431862448550285,
  "fber": 4930.380277777777,
  "fwhm_avg": 4.224283333333333,
  "fwhm_x": 4.31392,
  "fwhm_y": 4.21149,
  "fwhm_z": 4.14744,
  "icvs_csf": 0.2655440397895944,
  "icvs_gm": 0.37955184609887205,
  "icvs_wm": 0.3549041141115336,
  "inu_med": 0.8005676865577698,
  "inu_range": 0.6872361898422241,
  "provenance": {
    "md5sum": "90023fa175dd80f0b04b96ef8696377f",
    "settings": {
      "testing": false
    },
    "software": "mriqc",
    "version": "23.1.0",
    "warnings": {
      "large_rot_frame": true,
      "small_air_mask": false
    }
  },
  "qi_1": 0.0,
  "qi_2": 0.001897196207372969,
  "rpve_csf": 7.3291936364563455,
  "rpve_gm": 7.231029700372551,
  "rpve_wm": 7.326337185718057,
  "size_x": 176,
  "size_y": 256,
  "size_z": 256,
  "snr_csf": 1.7419411732101484,
  "snr_gm": 4.852985314092731,
  "snr_total": 5.671296534091264,
  "snr_wm": 10.418963114970914,
  "snrd_csf": 31.30471350532177,
  "snrd_gm": 60.16700087645499,
  "snrd_total": 58.408812416722746,
  "snrd_wm": 83.75472286839147,
  "spacing_x": 1.0,
  "spacing_y": 1.0,
  "spacing_z": 1.0,
  "summary_bg_k": 13.1416677723503,
  "summary_bg_mad": 0.0,
  "summary_bg_mean": 2.7794973663338514,
  "summary_bg_median": 0.0,
  "summary_bg_n": 2949605.0,
  "summary_bg_p05": 0.0,
  "summary_bg_p95": 20.304373305290937,
  "summary_bg_stdv": 7.513177976566711,
  "summary_csf_k": -0.7890121787877589,
  "summary_csf_mad": 168.56710547796789,
  "summary_csf_mean": 381.03540363549627,
  "summary_csf_median": 359.0059781000018,
  "summary_csf_n": 412084.7838465545,
  "summary_csf_p05": 89.80928685888648,
  "summary_csf_p95": 727.37431428954,
  "summary_csf_stdv": 206.0951012719419,
  "summary_gm_k": 0.11322186946942825,
  "summary_gm_mad": 95.1652991278531,
  "summary_gm_mean": 696.0919613060665,
  "summary_gm_median": 690.0019383765757,
  "summary_gm_n": 589007.9121419745,
  "summary_gm_p05": 465.99885223433375,
  "summary_gm_p95": 961.0094560794532,
  "summary_gm_stdv": 142.18080377047386,
  "summary_wm_k": 0.006419321007088197,
  "summary_wm_mad": 66.54716295555154,
  "summary_wm_mean": 942.2589793206628,
  "summary_wm_median": 960.5085891857743,
  "summary_wm_n": 550758.3045953013,
  "summary_wm_p05": 760.3159446045756,
  "summary_wm_p95": 1066.1144473068416,
  "summary_wm_stdv": 92.18841708133579,
  "tpm_overlap_csf": 0.2095072391035925,
  "tpm_overlap_gm": 0.5262671080936627,
  "tpm_overlap_wm": 0.548291886409809,
  "wm2max": 0.5692040732453537
}