{
  "aor": 0.0009207389162561577,
  "aqi": 0.009421552266009853,
  "bids_meta": {
    "EchoTime": 0.03,
    "RepetitionTime": 3.0,
    "SliceEncodingDirection": "k",
    "SliceTiming": [
      0.0,
      1.5,
      0.065,
      1.565,
      0.13,
      1.63,
      0.196,
      1.696,
      0.261,
      1.761,
      0.326,
      1.826,
      0.391,
      1.891,
      0.457,
      1.957,
      0.522,
      2.022,
      0.587,
      2.087,
      0.652,
      2.152,
      0.717,
      2.217,
      0.783,
      2.283,
      0.848,
      2.348,
      0.913,
      2.413,
      0.978,
      2.478,
      1.043,
      2.543,
      1.109,
      2.609,
      1.174,
      2.674,
      1.239,
      2.739,
      1.304,
      2.804,
      1.37,
      2.87,
      1.435,
      2.935
    ],
    "TaskName": "rest",
    "dataset": "ds003592",
    "modality": "bold",
    "session_id": "2",
    "subject_id": "226",
    "task_id": "rest"
  },
  "dummy_trs": 1,
  "dvars_nstd": 21.91398005920793,
  "dvars_std": 1.0126659336633665,
  "dvars_vstd": 0.9148463949009902,
  "efc": 0.43894264993408094,
  "fber": 17522.90234375,
  "fd_mean": 0.16124458704374697,
  "fd_num": 53,
  "fd_perc": 26.108374384236452,
  "fwhm_avg": 2.8693822222222223,
  "fwhm_x": 2.806953333333333,
  "fwhm_y": 2.8942266666666665,
  "fwhm_z": 2.906966666666667,
  "gcor": 0.0457339,
  "gsr_x": -0.011572943069040775,
  "gsr_y": 0.02758694812655449,
  "provenance": {
    "md5sum": "42b8488e9b661f75e97c8b30b0fdeb85",
    "settings": {
      "fd_thres": 0.2,
      "testing": false
    },
    "software": "mriqc",
    "version": "23.1.0"
  },
  "size_t": 203,
  "size_x": 72,
  "size_y": 72,
  "size_z": 46,
  "snr": 3.3800105484349245,
  "spacing_tr": 3.0,
  "spacing_x": 3.0,
  "spacing_y": 3.0,
  "spacing_z": 3.0,
  "summary_bg_k": 21.851833149526946,
  "summary_bg_mad": 35.64818424811985,
  "summary_bg_mean": 139.85079459015506,
  "summary_bg_median": 26.40886688232422,
  "summary_bg_n": 193418.0,
  "summary_bg_p05": 1.0738916397094727,
  "summary_bg_p95": 733.0393676757812,
  "summary_bg_stdv": 301.983339792775,
  "summary_fg_k": 0.3127314170953821,
  "summary_fg_mad": 940.7550861988232,
  "summary_fg_mean": 3632.8978331938933,
  "summary_fg_median": 3495.8497314453125,
  "summary_fg_n": 45046.0,
  "summary_fg_p05": 2079.8916015625,
  "summary_fg_p95": 5554.359375,
  "summary_fg_stdv": 1034.2603604415553,
  "tsnr": 42.63208092178684
}