{
  "aor": 0.0013983663366336633,
  "aqi": 0.008143303366336634,
  "bids_meta": {
    "EchoTime": 0.047,
    "RepetitionTime": 3.0,
    "SliceEncodingDirection": "k",
    "SliceTiming": [
      0.0,
      1.5,
      0.065,
      1.565,
      0.13,
      1.63,
      0.196,
      1.696,
      0.261,
      1.761,
      0.326,
      1.826,
      0.391,
      1.891,
      0.457,
      1.957,
      0.522,
      2.022,
      0.587,
      2.087,
      0.652,
      2.152,
      0.717,
      2.217,
      0.783,
      2.283,
      0.848,
      2.348,
      0.913,
      2.413,
      0.978,
      2.478,
      1.043,
      2.543,
      1.109,
      2.609,
      1.174,
      2.674,
      1.239,
      2.739,
      1.304,
      2.804,
      1.37,
      2.87,
      1.435,
      2.935
    ],
    "TaskName": "rest",
    "dataset": "ds003592",
    "modality": "bold",
    "session_id": "1",
    "subject_id": "232",
    "task_id": "rest"
  },
  "dummy_trs": 2,
  "dvars_nstd": 25.45287833502489,
  "dvars_std": 1.0568104774129357,
  "dvars_vstd": 0.9509361225373135,
  "efc": 0.4494976757676683,
  "fber": 9692.5576171875,
  "fd_mean": 0.09582019056140656,
  "fd_num": 15,
  "fd_perc": 7.425742574257426,
  "fwhm_avg": 2.591944444444444,
  "fwhm_x": 2.569383333333333,
  "fwhm_y": 2.750773333333333,
  "fwhm_z": 2.4556766666666667,
  "gcor": 0.0420692,
  "gsr_x": -0.006168396212160587,
  "gsr_y": 0.020836176350712776,
  "provenance": {
    "md5sum": "3c7795357421087c395843687e69ed47",
    "settings": {
      "fd_thres": 0.2,
      "testing": false
    },
    "software": "mriqc",
    "version": "23.1.0"
  },
  "size_t": 202,
  "size_x": 72,
  "size_y": 72,
  "size_z": 46,
  "snr": 3.025688682788158,
  "spacing_tr": 3.0,
  "spacing_x": 3.0,
  "spacing_y": 3.0,
  "spacing_z": 3.0,
  "summary_bg_k": 25.897434693723458,
  "summary_bg_mad": 33.40258821150022,
  "summary_bg_mean": 94.97043430933068,
  "summary_bg_median": 25.04950523376465,
  "summary_bg_n": 188948.0,
  "summary_bg_p05": 0.905940592288971,
  "summary_bg_p95": 466.2920837402344,
  "summary_bg_stdv": 205.99238470622743,
  "summary_fg_k": 0.1886884679910108,
  "summary_fg_mad": 780.733043598939,
  "summary_fg_mean": 2549.427193081122,
  "summary_fg_median": 2466.1435546875,
  "summary_fg_n": 49516.0,
  "summary_fg_p05": 1344.287109375,
  "summary_fg_p95": 4032.1484375,
  "summary_fg_stdv": 815.0602757312051,
  "tsnr": 38.6473709307611
}