{
  "aor": 0.0008312315270935961,
  "aqi": 0.006992557339901478,
  "bids_meta": {
    "EchoTime": 0.047,
    "RepetitionTime": 3.0,
    "SliceEncodingDirection": "k",
    "SliceTiming": [
      0.0,
      1.5,
      0.065,
      1.565,
      0.13,
      1.63,
      0.196,
      1.696,
      0.261,
      1.761,
      0.326,
      1.826,
      0.391,
      1.891,
      0.457,
      1.957,
      0.522,
      2.022,
      0.587,
      2.087,
      0.652,
      2.152,
      0.717,
      2.217,
      0.783,
      2.283,
      0.848,
      2.348,
      0.913,
      2.413,
      0.978,
      2.478,
      1.043,
      2.543,
      1.109,
      2.609,
      1.174,
      2.674,
      1.239,
      2.739,
      1.304,
      2.804,
      1.37,
      2.87,
      1.435,
      2.935
    ],
    "TaskName": "rest",
    "dataset": "ds003592",
    "modality": "bold",
    "session_id": "2",
    "subject_id": "73",
    "task_id": "rest"
  },
  "dummy_trs": 1,
  "dvars_nstd": 24.730574721039623,
  "dvars_std": 1.06303861079208,
  "dvars_vstd": 0.9549333449999996,
  "efc": 0.4271537703333212,
  "fber": 12355.7119140625,
  "fd_mean": 0.08746398757380427,
  "fd_num": 11,
  "fd_perc": 5.41871921182266,
  "fwhm_avg": 2.646281111111111,
  "fwhm_x": 2.627056666666667,
  "fwhm_y": 2.7574,
  "fwhm_z": 2.554386666666667,
  "gcor": 0.0512847,
  "gsr_x": -0.00793178379535675,
  "gsr_y": 0.017382996156811714,
  "provenance": {
    "md5sum": "923cefeaf48d85a69be2b5040a2153d7",
    "settings": {
      "fd_thres": 0.2,
      "testing": false
    },
    "software": "mriqc",
    "version": "23.1.0"
  },
  "size_t": 203,
  "size_x": 72,
  "size_y": 72,
  "size_z": 46,
  "snr": 2.9580405161230052,
  "spacing_tr": 3.0,
  "spacing_x": 3.0,
  "spacing_y": 3.0,
  "spacing_z": 3.0,
  "summary_bg_k": 36.230794703269844,
  "summary_bg_mad": 28.63686384193345,
  "summary_bg_mean": 87.31186331999304,
  "summary_bg_median": 21.689655303955078,
  "summary_bg_n": 193684.0,
  "summary_bg_p05": 0.6551724076271057,
  "summary_bg_p95": 438.7339782714844,
  "summary_bg_stdv": 196.16613897050354,
  "summary_fg_k": 0.8001099947273258,
  "summary_fg_mad": 719.6865533867103,
  "summary_fg_mean": 2533.1982508930687,
  "summary_fg_median": 2410.9407958984375,
  "summary_fg_n": 44780.0,
  "summary_fg_p05": 1403.2708740234375,
  "summary_fg_p95": 4114.765869140625,
  "summary_fg_stdv": 815.0374759128974,
  "tsnr": 45.44785918784328
}