{
  "aor": 0.0028546798029556652,
  "aqi": 0.006730461871921182,
  "bids_meta": {
    "EchoTime": 0.03,
    "RepetitionTime": 3.0,
    "SliceEncodingDirection": "k",
    "SliceTiming": [
      0.0,
      1.5,
      0.065,
      1.565,
      0.13,
      1.63,
      0.196,
      1.696,
      0.261,
      1.761,
      0.326,
      1.826,
      0.391,
      1.891,
      0.457,
      1.957,
      0.522,
      2.022,
      0.587,
      2.087,
      0.652,
      2.152,
      0.717,
      2.217,
      0.783,
      2.283,
      0.848,
      2.348,
      0.913,
      2.413,
      0.978,
      2.478,
      1.043,
      2.543,
      1.109,
      2.609,
      1.174,
      2.674,
      1.239,
      2.739,
      1.304,
      2.804,
      1.37,
      2.87,
      1.435,
      2.935
    ],
    "TaskName": "rest",
    "dataset": "ds003592",
    "modality": "bold",
    "session_id": "1",
    "subject_id": "221",
    "task_id": "rest"
  },
  "dummy_trs": 1,
  "dvars_nstd": 29.60372199618813,
  "dvars_std": 1.108045958415841,
  "dvars_vstd": 0.9808381993069304,
  "efc": 0.44298023227920064,
  "fber": 23013.9296875,
  "fd_mean": 0.2606285388092155,
  "fd_num": 111,
  "fd_perc": 54.679802955665025,
  "fwhm_avg": 3.0246177777777774,
  "fwhm_x": 2.9086866666666666,
  "fwhm_y": 3.0481766666666665,
  "fwhm_z": 3.11699,
  "gcor": 0.0513749,
  "gsr_x": -0.012818851508200169,
  "gsr_y": 0.02556729130446911,
  "provenance": {
    "md5sum": "bad06d6494ed77071aabc098b1807b55",
    "settings": {
      "fd_thres": 0.2,
      "testing": false
    },
    "software": "mriqc",
    "version": "23.1.0"
  },
  "size_t": 203,
  "size_x": 72,
  "size_y": 72,
  "size_z": 46,
  "snr": 3.104477667805125,
  "spacing_tr": 3.0,
  "spacing_x": 3.0,
  "spacing_y": 3.0,
  "spacing_z": 3.0,
  "summary_bg_k": 22.275018147298564,
  "summary_bg_mad": 32.73410484829485,
  "summary_bg_mean": 145.1738145294485,
  "summary_bg_median": 24.068965911865234,
  "summary_bg_n": 191043.0,
  "summary_bg_p05": 0.8620689511299133,
  "summary_bg_p95": 780.6305541992188,
  "summary_bg_stdv": 326.44194821531295,
  "summary_fg_k": 1.0502104281621998,
  "summary_fg_mad": 1024.3756973360435,
  "summary_fg_mean": 3840.215464421782,
  "summary_fg_median": 3651.3447265625,
  "summary_fg_n": 47421.0,
  "summary_fg_p05": 2204.034423828125,
  "summary_fg_p95": 6125.79296875,
  "summary_fg_stdv": 1176.141888533235,
  "tsnr": 44.84624026436359
}