{
  "aor": 0.004094088669950739,
  "aqi": 0.004868494729064039,
  "bids_meta": {
    "EchoTime": 0.0137,
    "RepetitionTime": 3.0,
    "SliceEncodingDirection": "k",
    "SliceTiming": [
      0.0,
      1.5,
      0.065,
      1.565,
      0.13,
      1.63,
      0.196,
      1.696,
      0.261,
      1.761,
      0.326,
      1.826,
      0.391,
      1.891,
      0.457,
      1.957,
      0.522,
      2.022,
      0.587,
      2.087,
      0.652,
      2.152,
      0.717,
      2.217,
      0.783,
      2.283,
      0.848,
      2.348,
      0.913,
      2.413,
      0.978,
      2.478,
      1.043,
      2.543,
      1.109,
      2.609,
      1.174,
      2.674,
      1.239,
      2.739,
      1.304,
      2.804,
      1.37,
      2.87,
      1.435,
      2.935
    ],
    "TaskName": "rest",
    "dataset": "ds003592",
    "modality": "bold",
    "session_id": "1",
    "subject_id": "221",
    "task_id": "rest"
  },
  "dummy_trs": 1,
  "dvars_nstd": 24.444551023960393,
  "dvars_std": 1.138598275148515,
  "dvars_vstd": 0.9864060753960399,
  "efc": 0.4909397058611835,
  "fber": 29062.75,
  "fd_mean": 0.24794380732039392,
  "fd_num": 103,
  "fd_perc": 50.73891625615764,
  "fwhm_avg": 3.4182277777777776,
  "fwhm_x": 3.20872,
  "fwhm_y": 3.2795966666666665,
  "fwhm_z": 3.7663666666666664,
  "gcor": 0.0674124,
  "gsr_x": -0.016767138615250587,
  "gsr_y": 0.06449661403894424,
  "provenance": {
    "md5sum": "2d01b5cd90c584e1346f7bfc378f1acf",
    "settings": {
      "fd_thres": 0.2,
      "testing": false
    },
    "software": "mriqc",
    "version": "23.1.0"
  },
  "size_t": 203,
  "size_x": 72,
  "size_y": 72,
  "size_z": 46,
  "snr": 2.960760334552392,
  "spacing_tr": 3.0,
  "spacing_x": 3.0,
  "spacing_y": 3.0,
  "spacing_z": 3.0,
  "summary_bg_k": 14.654631825793423,
  "summary_bg_mad": 41.892640584610454,
  "summary_bg_mean": 339.2321093234917,
  "summary_bg_median": 29.67980194091797,
  "summary_bg_n": 185107.0,
  "summary_bg_p05": 0.7241379022598267,
  "summary_bg_p95": 1963.0,
  "summary_bg_stdv": 760.8239798723729,
  "summary_fg_k": 1.8335666043329448,
  "summary_fg_mad": 1331.8372097038555,
  "summary_fg_mean": 5391.09342416507,
  "summary_fg_median": 5059.75341796875,
  "summary_fg_n": 53357.0,
  "summary_fg_p05": 3095.71923828125,
  "summary_fg_p95": 8731.3447265625,
  "summary_fg_stdv": 1708.9211661447275,
  "tsnr": 57.239707700908184
}