{
  "aor": 0.0026196551724137927,
  "aqi": 0.010165498571428571,
  "bids_meta": {
    "EchoTime": 0.047,
    "RepetitionTime": 3.0,
    "SliceEncodingDirection": "k",
    "SliceTiming": [
      0.0,
      1.5,
      0.065,
      1.565,
      0.13,
      1.63,
      0.196,
      1.696,
      0.261,
      1.761,
      0.326,
      1.826,
      0.391,
      1.891,
      0.457,
      1.957,
      0.522,
      2.022,
      0.587,
      2.087,
      0.652,
      2.152,
      0.717,
      2.217,
      0.783,
      2.283,
      0.848,
      2.348,
      0.913,
      2.413,
      0.978,
      2.478,
      1.043,
      2.543,
      1.109,
      2.609,
      1.174,
      2.674,
      1.239,
      2.739,
      1.304,
      2.804,
      1.37,
      2.87,
      1.435,
      2.935
    ],
    "TaskName": "rest",
    "dataset": "ds003592",
    "modality": "bold",
    "session_id": "1",
    "subject_id": "221",
    "task_id": "rest"
  },
  "dummy_trs": 1,
  "dvars_nstd": 36.05592511430694,
  "dvars_std": 1.0788611686633671,
  "dvars_vstd": 0.9847449557425741,
  "efc": 0.41949437212781815,
  "fber": 13903.0419921875,
  "fd_mean": 0.2544708480253954,
  "fd_num": 102,
  "fd_perc": 50.24630541871921,
  "fwhm_avg": 2.6224144444444444,
  "fwhm_x": 2.550663333333333,
  "fwhm_y": 2.7436333333333334,
  "fwhm_z": 2.5729466666666667,
  "gcor": 0.045754,
  "gsr_x": -0.01271002646535635,
  "gsr_y": 0.022059578448534012,
  "provenance": {
    "md5sum": "9d9f84a2b7d8df06961a3f235282d45b",
    "settings": {
      "fd_thres": 0.2,
      "testing": false
    },
    "software": "mriqc",
    "version": "23.1.0"
  },
  "size_t": 203,
  "size_x": 72,
  "size_y": 72,
  "size_z": 46,
  "snr": 3.1206977645877583,
  "spacing_tr": 3.0,
  "spacing_x": 3.0,
  "spacing_y": 3.0,
  "spacing_z": 3.0,
  "summary_bg_k": 28.89369048519329,
  "summary_bg_mad": 28.35933120809328,
  "summary_bg_mean": 83.99141525760476,
  "summary_bg_median": 21.403940200805664,
  "summary_bg_n": 195049.0,
  "summary_bg_p05": 0.6896551847457886,
  "summary_bg_p95": 403.5714111328125,
  "summary_bg_stdv": 188.57424216817793,
  "summary_fg_k": 0.7271346172154263,
  "summary_fg_mad": 709.8815974430007,
  "summary_fg_mean": 2637.7894700810066,
  "summary_fg_median": 2523.763427734375,
  "summary_fg_n": 43415.0,
  "summary_fg_p05": 1459.62060546875,
  "summary_fg_p95": 4179.6748046875,
  "summary_fg_stdv": 808.7083570332749,
  "tsnr": 35.0214714021422
}