{
  "aor": 0.0010366336633663366,
  "aqi": 0.0037460537128712872,
  "bids_meta": {
    "EchoTime": 0.0137,
    "RepetitionTime": 3.0,
    "SliceEncodingDirection": "k",
    "SliceTiming": [
      0.0,
      1.5,
      0.065,
      1.565,
      0.13,
      1.63,
      0.196,
      1.696,
      0.261,
      1.761,
      0.326,
      1.826,
      0.391,
      1.891,
      0.457,
      1.957,
      0.522,
      2.022,
      0.587,
      2.087,
      0.652,
      2.152,
      0.717,
      2.217,
      0.783,
      2.283,
      0.848,
      2.348,
      0.913,
      2.413,
      0.978,
      2.478,
      1.043,
      2.543,
      1.109,
      2.609,
      1.174,
      2.674,
      1.239,
      2.739,
      1.304,
      2.804,
      1.37,
      2.87,
      1.435,
      2.935
    ],
    "TaskName": "rest",
    "dataset": "ds003592",
    "modality": "bold",
    "session_id": "1",
    "subject_id": "39",
    "task_id": "rest"
  },
  "dummy_trs": 2,
  "dvars_nstd": 19.941894721094517,
  "dvars_std": 1.0478060738308457,
  "dvars_vstd": 0.9552988144776117,
  "efc": 0.4728819462836622,
  "fber": 23392.833984375,
  "fd_mean": 0.08216388129386162,
  "fd_num": 10,
  "fd_perc": 4.9504950495049505,
  "fwhm_avg": 3.7036,
  "fwhm_x": 3.460233333333333,
  "fwhm_y": 3.557733333333333,
  "fwhm_z": 4.092833333333333,
  "gcor": 0.0148393,
  "gsr_x": -0.019755227491259575,
  "gsr_y": 0.03954785689711571,
  "provenance": {
    "md5sum": "93a57fc97804857fcfad8eb01d1e2ee0",
    "settings": {
      "fd_thres": 0.2,
      "testing": false
    },
    "software": "mriqc",
    "version": "23.1.0"
  },
  "size_t": 202,
  "size_x": 72,
  "size_y": 72,
  "size_z": 46,
  "snr": 2.818623108145375,
  "spacing_tr": 3.0,
  "spacing_x": 3.0,
  "spacing_y": 3.0,
  "spacing_z": 3.0,
  "summary_bg_k": 11.54465066383436,
  "summary_bg_mad": 45.94598915049731,
  "summary_bg_mean": 299.09129831330233,
  "summary_bg_median": 31.287128448486328,
  "summary_bg_n": 188949.0,
  "summary_bg_p05": 0.11386138200759888,
  "summary_bg_p95": 1783.0048828125,
  "summary_bg_stdv": 648.0952300074636,
  "summary_fg_k": 1.8711259513946947,
  "summary_fg_mad": 1295.904737820733,
  "summary_fg_mean": 5168.334110346758,
  "summary_fg_median": 4785.27734375,
  "summary_fg_n": 49515.0,
  "summary_fg_p05": 3047.67333984375,
  "summary_fg_p95": 8581.4853515625,
  "summary_fg_stdv": 1697.7186514172683,
  "tsnr": 58.794702636078
}