{
  "aor": 0.0012129064039408867,
  "aqi": 0.016135909408866996,
  "bids_meta": {
    "EchoTime": 0.047,
    "RepetitionTime": 3.0,
    "SliceEncodingDirection": "k",
    "SliceTiming": [
      0.0,
      1.5,
      0.065,
      1.565,
      0.13,
      1.63,
      0.196,
      1.696,
      0.261,
      1.761,
      0.326,
      1.826,
      0.391,
      1.891,
      0.457,
      1.957,
      0.522,
      2.022,
      0.587,
      2.087,
      0.652,
      2.152,
      0.717,
      2.217,
      0.783,
      2.283,
      0.848,
      2.348,
      0.913,
      2.413,
      0.978,
      2.478,
      1.043,
      2.543,
      1.109,
      2.609,
      1.174,
      2.674,
      1.239,
      2.739,
      1.304,
      2.804,
      1.37,
      2.87,
      1.435,
      2.935
    ],
    "TaskName": "rest",
    "dataset": "ds003592",
    "modality": "bold",
    "session_id": "1",
    "subject_id": "39",
    "task_id": "rest"
  },
  "dummy_trs": 1,
  "dvars_nstd": 39.048641185891086,
  "dvars_std": 1.0064234365841584,
  "dvars_vstd": 0.9718651317821781,
  "efc": 0.4204145335749053,
  "fber": 6904.53076171875,
  "fd_mean": 0.08416073117756188,
  "fd_num": 11,
  "fd_perc": 5.41871921182266,
  "fwhm_avg": 2.0757444444444446,
  "fwhm_x": 2.1055033333333335,
  "fwhm_y": 2.3175333333333334,
  "fwhm_z": 1.8041966666666667,
  "gcor": 0.00606646,
  "gsr_x": -0.01179606094956398,
  "gsr_y": 0.022024765610694885,
  "provenance": {
    "md5sum": "386cd0ead1a0f417a33450fa827f8635",
    "settings": {
      "fd_thres": 0.2,
      "testing": false
    },
    "software": "mriqc",
    "version": "23.1.0"
  },
  "size_t": 203,
  "size_x": 72,
  "size_y": 72,
  "size_z": 46,
  "snr": 3.5821825983560505,
  "spacing_tr": 3.0,
  "spacing_x": 3.0,
  "spacing_y": 3.0,
  "spacing_z": 3.0,
  "summary_bg_k": 48.337783816898785,
  "summary_bg_mad": 37.40831662610622,
  "summary_bg_mean": 76.48400710979153,
  "summary_bg_median": 26.024629592895508,
  "summary_bg_n": 197019.0,
  "summary_bg_p05": 0.11822660267353058,
  "summary_bg_p95": 344.72906494140625,
  "summary_bg_stdv": 172.0653194328071,
  "summary_fg_k": 1.7430779364158573,
  "summary_fg_mad": 527.3535735342466,
  "summary_fg_mean": 2204.6701550972793,
  "summary_fg_median": 2162.477783203125,
  "summary_fg_n": 41445.0,
  "summary_fg_p05": 1270.256103515625,
  "summary_fg_p95": 3252.28564453125,
  "summary_fg_stdv": 603.6687508654104,
  "tsnr": 28.4632623384241
}