{
  "aor": 0.0004154726368159204,
  "aqi": 0.0023999557213930348,
  "bids_meta": {
    "EchoTime": 0.03,
    "RepetitionTime": 3.0,
    "SliceEncodingDirection": "k",
    "SliceTiming": [
      0.0,
      1.5,
      0.065,
      1.565,
      0.13,
      1.63,
      0.196,
      1.696,
      0.261,
      1.761,
      0.326,
      1.826,
      0.391,
      1.891,
      0.457,
      1.957,
      0.522,
      2.022,
      0.587,
      2.087,
      0.652,
      2.152,
      0.717,
      2.217,
      0.783,
      2.283,
      0.848,
      2.348,
      0.913,
      2.413,
      0.978,
      2.478,
      1.043,
      2.543,
      1.109,
      2.609,
      1.174,
      2.674,
      1.239,
      2.739,
      1.304,
      2.804,
      1.37,
      2.87,
      1.435,
      2.935
    ],
    "TaskName": "rest",
    "dataset": "ds003592",
    "modality": "bold",
    "session_id": "2",
    "subject_id": "231",
    "task_id": "rest"
  },
  "dummy_trs": 3,
  "dvars_nstd": 16.228823499750007,
  "dvars_std": 1.0527051662000004,
  "dvars_vstd": 0.9581918834499997,
  "efc": 0.506861458562038,
  "fber": 11303.4453125,
  "fd_mean": 0.054770150991684544,
  "fd_num": 1,
  "fd_perc": 0.4975124378109453,
  "fwhm_avg": 3.063756666666667,
  "fwhm_x": 2.973826666666667,
  "fwhm_y": 3.131266666666667,
  "fwhm_z": 3.086176666666667,
  "gcor": 0.0154452,
  "gsr_x": 0.002777503803372383,
  "gsr_y": 0.040127359330654144,
  "provenance": {
    "md5sum": "a331352610cbd3bafce75693fc2fe7ea",
    "settings": {
      "fd_thres": 0.2,
      "testing": false
    },
    "software": "mriqc",
    "version": "23.1.0"
  },
  "size_t": 201,
  "size_x": 72,
  "size_y": 72,
  "size_z": 46,
  "snr": 2.9147846739118757,
  "spacing_tr": 3.0,
  "spacing_x": 3.0,
  "spacing_y": 3.0,
  "spacing_z": 3.0,
  "summary_bg_k": 16.48890681089364,
  "summary_bg_mad": 46.41429962188387,
  "summary_bg_mean": 200.2285630943481,
  "summary_bg_median": 32.967660903930664,
  "summary_bg_n": 178102.0,
  "summary_bg_p05": 0.5820895433425903,
  "summary_bg_p95": 1095.845703125,
  "summary_bg_stdv": 407.07809500083437,
  "summary_fg_k": 0.5720173962118684,
  "summary_fg_mad": 1095.8866408655458,
  "summary_fg_mean": 3701.5797668675505,
  "summary_fg_median": 3505.044677734375,
  "summary_fg_n": 60362.0,
  "summary_fg_p05": 2045.8756103515625,
  "summary_fg_p95": 6004.83056640625,
  "summary_fg_stdv": 1202.4955652636493,
  "tsnr": 71.98517574649304
}