{
  "aor": 0.0006201980198019802,
  "aqi": 0.005109093019801981,
  "bids_meta": {
    "EchoTime": 0.047,
    "RepetitionTime": 3.0,
    "SliceEncodingDirection": "k",
    "SliceTiming": [
      0.0,
      1.5,
      0.065,
      1.565,
      0.13,
      1.63,
      0.196,
      1.696,
      0.261,
      1.761,
      0.326,
      1.826,
      0.391,
      1.891,
      0.457,
      1.957,
      0.522,
      2.022,
      0.587,
      2.087,
      0.652,
      2.152,
      0.717,
      2.217,
      0.783,
      2.283,
      0.848,
      2.348,
      0.913,
      2.413,
      0.978,
      2.478,
      1.043,
      2.543,
      1.109,
      2.609,
      1.174,
      2.674,
      1.239,
      2.739,
      1.304,
      2.804,
      1.37,
      2.87,
      1.435,
      2.935
    ],
    "TaskName": "rest",
    "dataset": "ds003592",
    "modality": "bold",
    "session_id": "2",
    "subject_id": "55",
    "task_id": "rest"
  },
  "dummy_trs": 2,
  "dvars_nstd": 28.276616366716414,
  "dvars_std": 1.108263953134329,
  "dvars_vstd": 0.9543645795522393,
  "efc": 0.45545128870424134,
  "fber": 9731.833984375,
  "fd_mean": 0.13399079671906408,
  "fd_num": 34,
  "fd_perc": 16.831683168316832,
  "fwhm_avg": 2.5333998637846773,
  "fwhm_x": 2.4582433333333333,
  "fwhm_y": 2.6129364590091337,
  "fwhm_z": 2.5290197990115644,
  "gcor": 0.0197658,
  "gsr_x": -0.014185167849063873,
  "gsr_y": 0.022513512521982193,
  "provenance": {
    "md5sum": "4048105725aec1b22108145161754e18",
    "settings": {
      "fd_thres": 0.2,
      "testing": false
    },
    "software": "mriqc",
    "version": "23.1.0"
  },
  "size_t": 202,
  "size_x": 72,
  "size_y": 72,
  "size_z": 46,
  "snr": 2.5580447242792723,
  "spacing_tr": 3.0,
  "spacing_x": 3.0,
  "spacing_y": 3.000000238418579,
  "spacing_z": 3.000000238418579,
  "summary_bg_k": 42.067084160806075,
  "summary_bg_mad": 37.02835629423671,
  "summary_bg_mean": 94.52015888200319,
  "summary_bg_median": 25.534652709960938,
  "summary_bg_n": 184456.0,
  "summary_bg_p05": 0.044554453343153,
  "summary_bg_p95": 448.19305419921875,
  "summary_bg_stdv": 212.15162461374243,
  "summary_fg_k": 1.7483475059317195,
  "summary_fg_mad": 845.5346329482118,
  "summary_fg_mean": 2699.429756288298,
  "summary_fg_median": 2518.9949951171875,
  "summary_fg_n": 54008.0,
  "summary_fg_p05": 1415.68310546875,
  "summary_fg_p95": 4543.361328125,
  "summary_fg_stdv": 984.7254234955268,
  "tsnr": 45.864345534704626
}