{
  "aor": 0.0024277832512315275,
  "aqi": 0.006446936403940885,
  "bids_meta": {
    "EchoTime": 0.0137,
    "RepetitionTime": 3.0,
    "SliceEncodingDirection": "k",
    "SliceTiming": [
      0.0,
      1.5,
      0.065,
      1.565,
      0.13,
      1.63,
      0.196,
      1.696,
      0.261,
      1.761,
      0.326,
      1.826,
      0.391,
      1.891,
      0.457,
      1.957,
      0.522,
      2.022,
      0.587,
      2.087,
      0.652,
      2.152,
      0.717,
      2.217,
      0.783,
      2.283,
      0.848,
      2.348,
      0.913,
      2.413,
      0.978,
      2.478,
      1.043,
      2.543,
      1.109,
      2.609,
      1.174,
      2.674,
      1.239,
      2.739,
      1.304,
      2.804,
      1.37,
      2.87,
      1.435,
      2.935
    ],
    "TaskName": "rest",
    "dataset": "ds003592",
    "modality": "bold",
    "session_id": "1",
    "subject_id": "12",
    "task_id": "rest"
  },
  "dummy_trs": 1,
  "dvars_nstd": 30.87233488613864,
  "dvars_std": 1.1737536453465343,
  "dvars_vstd": 0.9891985279702975,
  "efc": 0.5131209709730563,
  "fber": 4191.93505859375,
  "fd_mean": 0.23037413845662089,
  "fd_num": 99,
  "fd_perc": 48.76847290640394,
  "fwhm_avg": 3.7106788888888893,
  "fwhm_x": 3.3211033333333333,
  "fwhm_y": 3.7151333333333336,
  "fwhm_z": 4.0958,
  "gcor": 0.0320458,
  "gsr_x": -0.014195139519870281,
  "gsr_y": 0.07932167500257492,
  "provenance": {
    "md5sum": "bb98af15ee5d699f3d9f340a6cb28945",
    "settings": {
      "fd_thres": 0.2,
      "testing": false
    },
    "software": "mriqc",
    "version": "23.1.0"
  },
  "size_t": 203,
  "size_x": 72,
  "size_y": 72,
  "size_z": 46,
  "snr": 2.521955121639146,
  "spacing_tr": 3.0,
  "spacing_x": 3.0,
  "spacing_y": 3.0,
  "spacing_z": 3.0,
  "summary_bg_k": 15.233897189075766,
  "summary_bg_mad": 99.35626015280351,
  "summary_bg_mean": 381.6699110740171,
  "summary_bg_median": 68.13793182373047,
  "summary_bg_n": 184863.0,
  "summary_bg_p05": 0.49753692746162415,
  "summary_bg_p95": 1794.7880859375,
  "summary_bg_stdv": 679.0779479464969,
  "summary_fg_k": 2.3269004879331856,
  "summary_fg_mad": 1314.987811932509,
  "summary_fg_mean": 4784.8203238066435,
  "summary_fg_median": 4411.60107421875,
  "summary_fg_n": 53601.0,
  "summary_fg_p05": 2555.916259765625,
  "summary_fg_p95": 8303.0048828125,
  "summary_fg_stdv": 1749.2618659019533,
  "tsnr": 52.94676863215864
}