{
  "aor": 0.00073,
  "aqi": 0.005819974384236454,
  "bids_meta": {
    "EchoTime": 0.047,
    "RepetitionTime": 3.0,
    "SliceEncodingDirection": "k",
    "SliceTiming": [
      0.0,
      1.5,
      0.065,
      1.565,
      0.13,
      1.63,
      0.196,
      1.696,
      0.261,
      1.761,
      0.326,
      1.826,
      0.391,
      1.891,
      0.457,
      1.957,
      0.522,
      2.022,
      0.587,
      2.087,
      0.652,
      2.152,
      0.717,
      2.217,
      0.783,
      2.283,
      0.848,
      2.348,
      0.913,
      2.413,
      0.978,
      2.478,
      1.043,
      2.543,
      1.109,
      2.609,
      1.174,
      2.674,
      1.239,
      2.739,
      1.304,
      2.804,
      1.37,
      2.87,
      1.435,
      2.935
    ],
    "TaskName": "rest",
    "dataset": "ds003592",
    "modality": "bold",
    "session_id": "2",
    "subject_id": "52",
    "task_id": "rest"
  },
  "dummy_trs": 1,
  "dvars_nstd": 22.86500492643565,
  "dvars_std": 1.0102357787128708,
  "dvars_vstd": 0.9484709735148511,
  "efc": 0.42999993559918326,
  "fber": 8287.5126953125,
  "fd_mean": 0.06771609861634192,
  "fd_num": 5,
  "fd_perc": 2.4630541871921183,
  "fwhm_avg": 2.4957733333333336,
  "fwhm_x": 2.4690366666666668,
  "fwhm_y": 2.5819233333333336,
  "fwhm_z": 2.43636,
  "gcor": 0.0210437,
  "gsr_x": -0.01219221856445074,
  "gsr_y": 0.02802228555083275,
  "provenance": {
    "md5sum": "aeda3148fcfe601e46920689efeba446",
    "settings": {
      "fd_thres": 0.2,
      "testing": false
    },
    "software": "mriqc",
    "version": "23.1.0"
  },
  "size_t": 203,
  "size_x": 72,
  "size_y": 72,
  "size_z": 46,
  "snr": 3.0784363190046995,
  "spacing_tr": 3.0,
  "spacing_x": 3.0,
  "spacing_y": 3.0,
  "spacing_z": 3.0,
  "summary_bg_k": 64.52132355209962,
  "summary_bg_mad": 37.07966284335891,
  "summary_bg_mean": 84.26204620616616,
  "summary_bg_median": 25.674877166748047,
  "summary_bg_n": 193362.0,
  "summary_bg_p05": 0.02463054098188877,
  "summary_bg_p95": 403.3595886230469,
  "summary_bg_stdv": 189.1179672916021,
  "summary_fg_k": 1.59541528213368,
  "summary_fg_mad": 628.2763986965613,
  "summary_fg_mean": 2431.386491521521,
  "summary_fg_median": 2337.33251953125,
  "summary_fg_n": 45102.0,
  "summary_fg_p05": 1318.49755859375,
  "summary_fg_p95": 3834.6650390625,
  "summary_fg_stdv": 759.2512449680946,
  "tsnr": 50.41951343417168
}