{
  "aor": 0.0010862500000000002,
  "aqi": 0.00882359815,
  "bids_meta": {
    "EchoTime": 0.04592,
    "RepetitionTime": 3,
    "SliceEncodingDirection": "k",
    "SliceTiming": [
      0,
      1.54,
      0.07,
      1.61,
      0.14,
      1.68,
      0.21,
      1.75,
      0.28,
      1.82,
      0.35,
      1.89,
      0.42,
      1.96,
      0.49,
      2.03,
      0.56,
      2.1,
      0.63,
      2.17,
      0.7,
      2.24,
      0.77,
      2.31,
      0.84,
      2.38,
      0.91,
      2.45,
      0.98,
      2.52,
      1.05,
      2.5925,
      1.12,
      2.6625,
      1.19,
      2.7325,
      1.26,
      2.8025,
      1.33,
      2.8725,
      1.4,
      2.9425,
      1.47
    ],
    "TaskName": "rest",
    "dataset": "ds003592",
    "modality": "bold",
    "session_id": "1",
    "subject_id": "291",
    "task_id": "rest"
  },
  "dummy_trs": 0,
  "dvars_nstd": 29.06680867180905,
  "dvars_std": 1.031585747638191,
  "dvars_vstd": 0.9168221618592965,
  "efc": 0.4451479069228443,
  "fber": 1387.9075927734375,
  "fd_mean": 0.11653224868157373,
  "fd_num": 10,
  "fd_perc": 5.0,
  "fwhm_avg": 2.0554877859042784,
  "fwhm_x": 1.8914844444444443,
  "fwhm_y": 2.098192592592593,
  "fwhm_z": 2.176786320675799,
  "gcor": 0.00845204,
  "gsr_x": -0.007650757674127817,
  "gsr_y": 0.016693759709596634,
  "provenance": {
    "md5sum": "2ea52eec9450fbe180e40df72da7d268",
    "settings": {
      "fd_thres": 0.2,
      "testing": false
    },
    "software": "mriqc",
    "version": "23.1.0"
  },
  "size_t": 200,
  "size_x": 64,
  "size_y": 64,
  "size_z": 43,
  "snr": 2.615186556786249,
  "spacing_tr": 3.0,
  "spacing_x": 3.375,
  "spacing_y": 3.375,
  "spacing_z": 3.000000476837158,
  "summary_bg_k": 58.0663308300914,
  "summary_bg_mad": 6.2491671633086,
  "summary_bg_mean": 22.926669560896944,
  "summary_bg_median": 12.684999465942383,
  "summary_bg_n": 144347.0,
  "summary_bg_p05": 7.059999942779541,
  "summary_bg_p95": 76.94499969482422,
  "summary_bg_stdv": 34.33380875905348,
  "summary_fg_k": 1.7405711568215505,
  "summary_fg_mad": 152.60428073730768,
  "summary_fg_mean": 498.91089819463457,
  "summary_fg_median": 472.5749816894531,
  "summary_fg_n": 31781.0,
  "summary_fg_p05": 252.43499755859375,
  "summary_fg_p95": 840.0549926757812,
  "summary_fg_stdv": 180.70127560813089,
  "tsnr": 37.15467567136511
}