{
  "aor": 0.002858571428571429,
  "aqi": 0.011757212660098524,
  "bids_meta": {
    "EchoTime": 0.047,
    "RepetitionTime": 3.0,
    "SliceEncodingDirection": "k",
    "SliceTiming": [
      0.0,
      1.5,
      0.065,
      1.565,
      0.13,
      1.63,
      0.196,
      1.696,
      0.261,
      1.761,
      0.326,
      1.826,
      0.391,
      1.891,
      0.457,
      1.957,
      0.522,
      2.022,
      0.587,
      2.087,
      0.652,
      2.152,
      0.717,
      2.217,
      0.783,
      2.283,
      0.848,
      2.348,
      0.913,
      2.413,
      0.978,
      2.478,
      1.043,
      2.543,
      1.109,
      2.609,
      1.174,
      2.674,
      1.239,
      2.739,
      1.304,
      2.804,
      1.37,
      2.87,
      1.435,
      2.935
    ],
    "TaskName": "rest",
    "dataset": "ds003592",
    "modality": "bold",
    "session_id": "1",
    "subject_id": "204",
    "task_id": "rest"
  },
  "dummy_trs": 1,
  "dvars_nstd": 29.58137248752476,
  "dvars_std": 1.025269037178218,
  "dvars_vstd": 0.953685171732673,
  "efc": 0.4211519871125595,
  "fber": 8784.7275390625,
  "fd_mean": 0.19147515100277074,
  "fd_num": 58,
  "fd_perc": 28.571428571428573,
  "fwhm_avg": 2.5068066666666664,
  "fwhm_x": 2.510893333333333,
  "fwhm_y": 2.557026666666667,
  "fwhm_z": 2.4525,
  "gcor": 0.00717354,
  "gsr_x": -0.013325474224984646,
  "gsr_y": 0.028245626017451286,
  "provenance": {
    "md5sum": "1ad584d5aa68159fe27fc76f6867b12c",
    "settings": {
      "fd_thres": 0.2,
      "testing": false
    },
    "software": "mriqc",
    "version": "23.1.0"
  },
  "size_t": 203,
  "size_x": 72,
  "size_y": 72,
  "size_z": 46,
  "snr": 2.6502990455187394,
  "spacing_tr": 3.0,
  "spacing_x": 3.0,
  "spacing_y": 3.0,
  "spacing_z": 3.0,
  "summary_bg_k": 90.99408266465575,
  "summary_bg_mad": 36.04257203943184,
  "summary_bg_mean": 103.13145666464145,
  "summary_bg_median": 26.315271377563477,
  "summary_bg_n": 196401.0,
  "summary_bg_p05": 0.48275861144065857,
  "summary_bg_p95": 496.8916320800781,
  "summary_bg_stdv": 234.88167012180017,
  "summary_fg_k": 2.6084376208027003,
  "summary_fg_mad": 790.8624092688049,
  "summary_fg_mean": 2609.60329488523,
  "summary_fg_median": 2466.4482421875,
  "summary_fg_n": 42063.0,
  "summary_fg_p05": 1365.11328125,
  "summary_fg_p95": 4316.08837890625,
  "summary_fg_stdv": 930.6191041657239,
  "tsnr": 30.538244784926064
}