{
  "aor": 0.0031238916256157642,
  "aqi": 0.004312343497536945,
  "bids_meta": {
    "EchoTime": 0.03,
    "RepetitionTime": 3.0,
    "SliceEncodingDirection": "k",
    "SliceTiming": [
      0.0,
      1.5,
      0.065,
      1.565,
      0.13,
      1.63,
      0.196,
      1.696,
      0.261,
      1.761,
      0.326,
      1.826,
      0.391,
      1.891,
      0.457,
      1.957,
      0.522,
      2.022,
      0.587,
      2.087,
      0.652,
      2.152,
      0.717,
      2.217,
      0.783,
      2.283,
      0.848,
      2.348,
      0.913,
      2.413,
      0.978,
      2.478,
      1.043,
      2.543,
      1.109,
      2.609,
      1.174,
      2.674,
      1.239,
      2.739,
      1.304,
      2.804,
      1.37,
      2.87,
      1.435,
      2.935
    ],
    "TaskName": "rest",
    "dataset": "ds003592",
    "modality": "bold",
    "session_id": "1",
    "subject_id": "18",
    "task_id": "rest"
  },
  "dummy_trs": 1,
  "dvars_nstd": 20.77225896628714,
  "dvars_std": 1.13985376029703,
  "dvars_vstd": 0.9735685743564356,
  "efc": 0.48606384751435344,
  "fber": 12809.3779296875,
  "fd_mean": 0.13007469451619902,
  "fd_num": 20,
  "fd_perc": 9.852216748768473,
  "fwhm_avg": 3.131156666666666,
  "fwhm_x": 3.0501566666666666,
  "fwhm_y": 3.1587933333333336,
  "fwhm_z": 3.1845199999999996,
  "gcor": 0.0245174,
  "gsr_x": -0.004305374808609486,
  "gsr_y": 0.03214658796787262,
  "provenance": {
    "md5sum": "8aa01c9a20779e2638fc9cf479a29c2b",
    "settings": {
      "fd_thres": 0.2,
      "testing": false
    },
    "software": "mriqc",
    "version": "23.1.0"
  },
  "size_t": 203,
  "size_x": 72,
  "size_y": 72,
  "size_z": 46,
  "snr": 2.806655666055663,
  "spacing_tr": 3.0,
  "spacing_x": 3.0,
  "spacing_y": 3.0,
  "spacing_z": 3.0,
  "summary_bg_k": 18.882389007039908,
  "summary_bg_mad": 46.86629628826524,
  "summary_bg_mean": 197.9689333259656,
  "summary_bg_median": 31.92610740661621,
  "summary_bg_n": 182855.0,
  "summary_bg_p05": 0.06896551698446274,
  "summary_bg_p95": 1090.7783203125,
  "summary_bg_stdv": 421.2116933869628,
  "summary_fg_k": 1.0227505177624474,
  "summary_fg_mad": 1134.5631575285731,
  "summary_fg_mean": 3838.706393714475,
  "summary_fg_median": 3613.349609375,
  "summary_fg_n": 55609.0,
  "summary_fg_p05": 2112.39404296875,
  "summary_fg_p95": 6335.142578125,
  "summary_fg_stdv": 1287.4101957133732,
  "tsnr": 59.60850742086768
}