{
  "bids_meta": {
    "EchoTime": 0.0034,
    "FlipAngle": 7,
    "RepetitionTime": 2.53,
    "dataset": "ds003592",
    "modality": "T1w",
    "session_id": "1",
    "subject_id": "66"
  },
  "cjv": 0.8692781737166396,
  "cnr": 0.9294410962504109,
  "efc": 0.6041581593764976,
  "fber": 11407.241271972656,
  "fwhm_avg": 4.021433333333333,
  "fwhm_x": 4.05974,
  "fwhm_y": 4.10849,
  "fwhm_z": 3.89607,
  "icvs_csf": 0.2523975013643729,
  "icvs_gm": 0.3605155593460072,
  "icvs_wm": 0.3870869392896199,
  "inu_med": 0.9392279982566833,
  "inu_range": 0.7669508248567581,
  "provenance": {
    "md5sum": "0d9a2d4cdefeabb43f247ded455676a0",
    "settings": {
      "testing": false
    },
    "software": "mriqc",
    "version": "23.1.0",
    "warnings": {
      "large_rot_frame": true,
      "small_air_mask": false
    }
  },
  "qi_1": 0.0,
  "qi_2": 0.0018571706867379495,
  "rpve_csf": 6.585624096644667,
  "rpve_gm": 6.42418480026691,
  "rpve_wm": 6.509738067010192,
  "size_x": 176,
  "size_y": 256,
  "size_z": 256,
  "snr_csf": 1.6676176400739502,
  "snr_gm": 3.8944986370386343,
  "snr_total": 4.876337189644864,
  "snr_wm": 9.066895291822007,
  "snrd_csf": 4.141019736850973,
  "snrd_gm": 9.536104060396918,
  "snrd_total": 8.626883099850863,
  "snrd_wm": 12.2035255023047,
  "spacing_x": 1.0,
  "spacing_y": 1.0,
  "spacing_z": 1.0,
  "summary_bg_k": 862.0694498368438,
  "summary_bg_mad": 0.0,
  "summary_bg_mean": 6.8568894046106275,
  "summary_bg_median": 0.0,
  "summary_bg_n": 2509858.0,
  "summary_bg_p05": 0.0,
  "summary_bg_p95": 24.936136484146118,
  "summary_bg_stdv": 53.01359556468833,
  "summary_csf_k": -0.8218438977289879,
  "summary_csf_mad": 169.98031603792612,
  "summary_csf_mean": 373.76662622255736,
  "summary_csf_median": 335.09105211496353,
  "summary_csf_n": 435916.7343178665,
  "summary_csf_p05": 108.41594678163528,
  "summary_csf_p95": 746.115452170372,
  "summary_csf_stdv": 200.93974764368164,
  "summary_gm_k": 3.5898640132896444,
  "summary_gm_mad": 91.45302367371659,
  "summary_gm_mean": 768.4175119972865,
  "summary_gm_median": 771.6609303355217,
  "summary_gm_n": 622647.864782205,
  "summary_gm_p05": 416.41473031044006,
  "summary_gm_p95": 1086.6905794143677,
  "summary_gm_stdv": 198.14111714807413,
  "summary_wm_k": -0.43786237523555505,
  "summary_wm_mad": 96.17855985138584,
  "summary_wm_mean": 976.2420853870001,
  "summary_wm_median": 987.5085027217865,
  "summary_wm_n": 668539.4013811243,
  "summary_wm_p05": 783.4259120225906,
  "summary_wm_p95": 1140.4063922166824,
  "summary_wm_stdv": 108.91355115300699,
  "tpm_overlap_csf": 0.21645542851761762,
  "tpm_overlap_gm": 0.50703031794328,
  "tpm_overlap_wm": 0.5264901863351243,
  "wm2max": 0.3698930772337026
}