{
  "aor": 0.0024889499999999998,
  "aqi": 0.0106492174,
  "bids_meta": {
    "EchoTime": 0.04592,
    "RepetitionTime": 3,
    "SliceEncodingDirection": "k",
    "SliceTiming": [
      0,
      1.54,
      0.07,
      1.61,
      0.14,
      1.68,
      0.21,
      1.75,
      0.28,
      1.82,
      0.35,
      1.89,
      0.42,
      1.96,
      0.49,
      2.03,
      0.56,
      2.1,
      0.63,
      2.17,
      0.7,
      2.24,
      0.77,
      2.31,
      0.84,
      2.38,
      0.91,
      2.45,
      0.98,
      2.52,
      1.05,
      2.5925,
      1.12,
      2.6625,
      1.19,
      2.7325,
      1.26,
      2.8025,
      1.33,
      2.8725,
      1.4,
      2.9425,
      1.47
    ],
    "TaskName": "rest",
    "dataset": "ds003592",
    "modality": "bold",
    "session_id": "2",
    "subject_id": "256",
    "task_id": "rest"
  },
  "dummy_trs": 0,
  "dvars_nstd": 38.01311096170854,
  "dvars_std": 1.0604464201507537,
  "dvars_vstd": 0.9813502089949743,
  "efc": 0.4643946096178199,
  "fber": 801.2926025390625,
  "fd_mean": 0.1525957595725231,
  "fd_num": 47,
  "fd_perc": 23.5,
  "fwhm_avg": 2.2687990974336745,
  "fwhm_x": 2.0881244444444444,
  "fwhm_y": 2.3079407407407406,
  "fwhm_z": 2.4103321071158392,
  "gcor": 0.0352853,
  "gsr_x": 0.0012111782561987638,
  "gsr_y": 0.03389902040362358,
  "provenance": {
    "md5sum": "3c5824dc937e7137d99c5e05839cc3f9",
    "settings": {
      "fd_thres": 0.2,
      "testing": false
    },
    "software": "mriqc",
    "version": "23.1.0"
  },
  "size_t": 200,
  "size_x": 64,
  "size_y": 64,
  "size_z": 43,
  "snr": 2.302501368180945,
  "spacing_tr": 3.0,
  "spacing_x": 3.375,
  "spacing_y": 3.375,
  "spacing_z": 2.99999737739563,
  "summary_bg_k": 141.41591215818337,
  "summary_bg_mad": 7.642814040498874,
  "summary_bg_mean": 26.126301057084554,
  "summary_bg_median": 14.269999504089355,
  "summary_bg_n": 143492.0,
  "summary_bg_p05": 7.5,
  "summary_bg_p95": 88.60499572753906,
  "summary_bg_stdv": 42.49925030135055,
  "summary_fg_k": 2.445391877329879,
  "summary_fg_mad": 140.4987983317748,
  "summary_fg_mean": 446.0672239445781,
  "summary_fg_median": 403.94248962402344,
  "summary_fg_n": 32636.0,
  "summary_fg_p05": 235.6999969482422,
  "summary_fg_p95": 786.2949829101562,
  "summary_fg_stdv": 175.4336855368831,
  "tsnr": 33.33997639932204
}