{
  "aor": 0.0031468811881188116,
  "aqi": 0.003619004356435644,
  "bids_meta": {
    "EchoTime": 0.03,
    "RepetitionTime": 3.0,
    "SliceEncodingDirection": "k",
    "SliceTiming": [
      0.0,
      1.5,
      0.065,
      1.565,
      0.13,
      1.63,
      0.196,
      1.696,
      0.261,
      1.761,
      0.326,
      1.826,
      0.391,
      1.891,
      0.457,
      1.957,
      0.522,
      2.022,
      0.587,
      2.087,
      0.652,
      2.152,
      0.717,
      2.217,
      0.783,
      2.283,
      0.848,
      2.348,
      0.913,
      2.413,
      0.978,
      2.478,
      1.043,
      2.543,
      1.109,
      2.609,
      1.174,
      2.674,
      1.239,
      2.739,
      1.304,
      2.804,
      1.37,
      2.87,
      1.435,
      2.935
    ],
    "TaskName": "rest",
    "dataset": "ds003592",
    "modality": "bold",
    "session_id": "2",
    "subject_id": "13",
    "task_id": "rest"
  },
  "dummy_trs": 2,
  "dvars_nstd": 16.568810543482588,
  "dvars_std": 1.0251342245273625,
  "dvars_vstd": 0.9502625417910446,
  "efc": 0.4399516821234139,
  "fber": 14639.4443359375,
  "fd_mean": 0.07255848608889702,
  "fd_num": 3,
  "fd_perc": 1.4851485148514851,
  "fwhm_avg": 3.4844666666666666,
  "fwhm_x": 3.3523666666666667,
  "fwhm_y": 3.407766666666667,
  "fwhm_z": 3.6932666666666667,
  "gcor": 0.0229578,
  "gsr_x": -0.0009414247469976544,
  "gsr_y": 0.02368672750890255,
  "provenance": {
    "md5sum": "ee04c95c1e1eec722d0c4136532e372d",
    "settings": {
      "fd_thres": 0.2,
      "testing": false
    },
    "software": "mriqc",
    "version": "23.1.0"
  },
  "size_t": 202,
  "size_x": 72,
  "size_y": 72,
  "size_z": 46,
  "snr": 2.57230209555694,
  "spacing_tr": 3.0,
  "spacing_x": 3.0,
  "spacing_y": 3.0,
  "spacing_z": 3.0,
  "summary_bg_k": 33.271777813839826,
  "summary_bg_mad": 34.782433465436306,
  "summary_bg_mean": 132.4504856186471,
  "summary_bg_median": 25.792078018188477,
  "summary_bg_n": 190700.0,
  "summary_bg_p05": 1.133663296699524,
  "summary_bg_p95": 687.9084167480469,
  "summary_bg_stdv": 299.59756892116053,
  "summary_fg_k": 1.689572139110524,
  "summary_fg_mad": 896.1595625098892,
  "summary_fg_mean": 3396.560051774032,
  "summary_fg_median": 3120.6756591796875,
  "summary_fg_n": 47764.0,
  "summary_fg_p05": 1846.9010009765625,
  "summary_fg_p95": 5915.95556640625,
  "summary_fg_stdv": 1213.1712666038766,
  "tsnr": 64.9934670231305
}