{
  "aor": 0.0022678217821782178,
  "aqi": 0.005248486534653465,
  "bids_meta": {
    "EchoTime": 0.047,
    "RepetitionTime": 3.0,
    "SliceEncodingDirection": "k",
    "SliceTiming": [
      0.0,
      1.5,
      0.065,
      1.565,
      0.13,
      1.63,
      0.196,
      1.696,
      0.261,
      1.761,
      0.326,
      1.826,
      0.391,
      1.891,
      0.457,
      1.957,
      0.522,
      2.022,
      0.587,
      2.087,
      0.652,
      2.152,
      0.717,
      2.217,
      0.783,
      2.283,
      0.848,
      2.348,
      0.913,
      2.413,
      0.978,
      2.478,
      1.043,
      2.543,
      1.109,
      2.609,
      1.174,
      2.674,
      1.239,
      2.739,
      1.304,
      2.804,
      1.37,
      2.87,
      1.435,
      2.935
    ],
    "TaskName": "rest",
    "dataset": "ds003592",
    "modality": "bold",
    "session_id": "2",
    "subject_id": "13",
    "task_id": "rest"
  },
  "dummy_trs": 2,
  "dvars_nstd": 21.9027044762189,
  "dvars_std": 1.0196934890547267,
  "dvars_vstd": 0.95788651159204,
  "efc": 0.4153066664661742,
  "fber": 9223.1357421875,
  "fd_mean": 0.07191012026086963,
  "fd_num": 2,
  "fd_perc": 0.9900990099009901,
  "fwhm_avg": 2.9045133333333326,
  "fwhm_x": 2.8978066666666664,
  "fwhm_y": 2.8949,
  "fwhm_z": 2.920833333333333,
  "gcor": 0.0166275,
  "gsr_x": -0.005028665531426668,
  "gsr_y": 0.018642671406269073,
  "provenance": {
    "md5sum": "1f2aa83df5bbf84ae8e567099d2ac79b",
    "settings": {
      "fd_thres": 0.2,
      "testing": false
    },
    "software": "mriqc",
    "version": "23.1.0"
  },
  "size_t": 202,
  "size_x": 72,
  "size_y": 72,
  "size_z": 46,
  "snr": 2.513576788931969,
  "spacing_tr": 3.0,
  "spacing_x": 3.0,
  "spacing_y": 3.0,
  "spacing_z": 3.0,
  "summary_bg_k": 47.49498470316329,
  "summary_bg_mad": 29.54928846598226,
  "summary_bg_mean": 78.50969248228661,
  "summary_bg_median": 22.98514747619629,
  "summary_bg_n": 194618.0,
  "summary_bg_p05": 0.8267326354980469,
  "summary_bg_p95": 359.3415832519531,
  "summary_bg_stdv": 182.63250659048757,
  "summary_fg_k": 2.001802785617296,
  "summary_fg_mad": 675.8939550813701,
  "summary_fg_mean": 2405.408387765361,
  "summary_fg_median": 2207.42822265625,
  "summary_fg_n": 43846.0,
  "summary_fg_p05": 1293.7276611328125,
  "summary_fg_p95": 4186.916015625,
  "summary_fg_stdv": 878.1920089798535,
  "tsnr": 49.130881286691874
}