{
  "aor": 0.007489207920792078,
  "aqi": 0.004064777673267327,
  "bids_meta": {
    "EchoTime": 0.0137,
    "RepetitionTime": 3.0,
    "SliceEncodingDirection": "k",
    "SliceTiming": [
      0.0,
      1.5,
      0.065,
      1.565,
      0.13,
      1.63,
      0.196,
      1.696,
      0.261,
      1.761,
      0.326,
      1.826,
      0.391,
      1.891,
      0.457,
      1.957,
      0.522,
      2.022,
      0.587,
      2.087,
      0.652,
      2.152,
      0.717,
      2.217,
      0.783,
      2.283,
      0.848,
      2.348,
      0.913,
      2.413,
      0.978,
      2.478,
      1.043,
      2.543,
      1.109,
      2.609,
      1.174,
      2.674,
      1.239,
      2.739,
      1.304,
      2.804,
      1.37,
      2.87,
      1.435,
      2.935
    ],
    "TaskName": "rest",
    "dataset": "ds003592",
    "modality": "bold",
    "session_id": "2",
    "subject_id": "215",
    "task_id": "rest"
  },
  "dummy_trs": 2,
  "dvars_nstd": 19.59504543641791,
  "dvars_std": 1.3413536613930352,
  "dvars_vstd": 1.0280860630845763,
  "efc": 0.49868490612360267,
  "fber": 13398.501953125,
  "fd_mean": 0.08044998365791814,
  "fd_num": 13,
  "fd_perc": 6.435643564356436,
  "fwhm_avg": 3.399595745048891,
  "fwhm_x": 3.0456533333333335,
  "fwhm_y": 3.4998336114751187,
  "fwhm_z": 3.6533002903382212,
  "gcor": 0.0426805,
  "gsr_x": -0.02095114067196846,
  "gsr_y": 0.054823774844408035,
  "provenance": {
    "md5sum": "9f5ed572806fd582d2ae6c28156f8b35",
    "settings": {
      "fd_thres": 0.2,
      "testing": false
    },
    "software": "mriqc",
    "version": "23.1.0"
  },
  "size_t": 202,
  "size_x": 72,
  "size_y": 72,
  "size_z": 46,
  "snr": 2.827955044452451,
  "spacing_tr": 3.0,
  "spacing_x": 3.0,
  "spacing_y": 2.999999761581421,
  "spacing_z": 2.999999761581421,
  "summary_bg_k": 13.943881266539531,
  "summary_bg_mad": 56.98477234659584,
  "summary_bg_mean": 330.3125813919277,
  "summary_bg_median": 39.71782302856445,
  "summary_bg_n": 184910.0,
  "summary_bg_p05": 0.608910858631134,
  "summary_bg_p95": 1758.4949951171875,
  "summary_bg_stdv": 675.2366977197205,
  "summary_fg_k": 0.784534224800626,
  "summary_fg_mad": 1402.6224165516917,
  "summary_fg_mean": 4848.536764329457,
  "summary_fg_median": 4597.413330078125,
  "summary_fg_n": 53554.0,
  "summary_fg_p05": 2606.18310546875,
  "summary_fg_p95": 8001.55419921875,
  "summary_fg_stdv": 1625.6872313939064,
  "tsnr": 63.514064171817154
}