{
  "aor": 0.0012136999999999998,
  "aqi": 0.0020787817600000005,
  "bids_meta": {
    "EchoTime": 0.014,
    "RepetitionTime": 3,
    "SliceEncodingDirection": "k",
    "SliceTiming": [
      0,
      1.5425,
      0.07,
      1.6125,
      0.14,
      1.6825,
      0.21,
      1.7525,
      0.28,
      1.8225,
      0.35,
      1.8925,
      0.42,
      1.9625,
      0.49,
      2.0325,
      0.56,
      2.1025,
      0.63,
      2.1725,
      0.7,
      2.2425,
      0.77,
      2.3125,
      0.84,
      2.3825,
      0.91,
      2.4525,
      0.98,
      2.5225,
      1.05,
      2.5925,
      1.12,
      2.6625,
      1.19,
      2.7325,
      1.26,
      2.8025,
      1.33,
      2.8725,
      1.4,
      2.9425,
      1.47
    ],
    "TaskName": "rest",
    "dataset": "ds003592",
    "modality": "bold",
    "session_id": "2",
    "subject_id": "242",
    "task_id": "rest"
  },
  "dummy_trs": 0,
  "dvars_nstd": 16.593135973015077,
  "dvars_std": 1.1839788908040203,
  "dvars_vstd": 0.9969664530150752,
  "efc": 0.5458133460745944,
  "fber": 1138.681884765625,
  "fd_mean": 0.04418358186483488,
  "fd_num": 0,
  "fd_perc": 0.0,
  "fwhm_avg": 3.2882783056268576,
  "fwhm_x": 2.7348325925925927,
  "fwhm_y": 3.3813335721993325,
  "fwhm_z": 3.7486687520886472,
  "gcor": 0.0888508,
  "gsr_x": -0.04229198396205902,
  "gsr_y": 0.11590102314949036,
  "provenance": {
    "md5sum": "b31b77275e486f55e888470f980356e6",
    "settings": {
      "fd_thres": 0.2,
      "testing": false
    },
    "software": "mriqc",
    "version": "23.1.0"
  },
  "size_t": 200,
  "size_x": 64,
  "size_y": 64,
  "size_z": 43,
  "snr": 2.1384843947927763,
  "spacing_tr": 3.0,
  "spacing_x": 3.375,
  "spacing_y": 3.374999761581421,
  "spacing_z": 2.9999983310699463,
  "summary_bg_k": 17.17873614043079,
  "summary_bg_mad": 22.342814980425132,
  "summary_bg_mean": 111.47479976349375,
  "summary_bg_median": 26.15999984741211,
  "summary_bg_n": 131916.0,
  "summary_bg_p05": 9.484999656677246,
  "summary_bg_p95": 553.260009765625,
  "summary_bg_stdv": 217.43380900669686,
  "summary_fg_k": 3.26269542475816,
  "summary_fg_mad": 321.6060479007949,
  "summary_fg_mean": 971.1585843068037,
  "summary_fg_median": 882.7524719238281,
  "summary_fg_n": 44212.0,
  "summary_fg_p05": 502.7699890136719,
  "summary_fg_p95": 1788.294921875,
  "summary_fg_stdv": 412.78883813205937,
  "tsnr": 101.73527895705774
}