{
  "aor": 0.003900891089108911,
  "aqi": 0.0028685011881188116,
  "bids_meta": {
    "EchoTime": 0.0137,
    "RepetitionTime": 3.0,
    "SliceEncodingDirection": "k",
    "SliceTiming": [
      0.0,
      1.5,
      0.065,
      1.565,
      0.13,
      1.63,
      0.196,
      1.696,
      0.261,
      1.761,
      0.326,
      1.826,
      0.391,
      1.891,
      0.457,
      1.957,
      0.522,
      2.022,
      0.587,
      2.087,
      0.652,
      2.152,
      0.717,
      2.217,
      0.783,
      2.283,
      0.848,
      2.348,
      0.913,
      2.413,
      0.978,
      2.478,
      1.043,
      2.543,
      1.109,
      2.609,
      1.174,
      2.674,
      1.239,
      2.739,
      1.304,
      2.804,
      1.37,
      2.87,
      1.435,
      2.935
    ],
    "TaskName": "rest",
    "dataset": "ds003592",
    "modality": "bold",
    "session_id": "1",
    "subject_id": "196",
    "task_id": "rest"
  },
  "dummy_trs": 2,
  "dvars_nstd": 12.022102901194039,
  "dvars_std": 1.1201043154228856,
  "dvars_vstd": 0.9526923469154234,
  "efc": 0.4898653025988401,
  "fber": 22657.990234375,
  "fd_mean": 0.06673332926092322,
  "fd_num": 1,
  "fd_perc": 0.49504950495049505,
  "fwhm_avg": 3.2271055555555557,
  "fwhm_x": 2.9882933333333335,
  "fwhm_y": 3.2078233333333332,
  "fwhm_z": 3.4852000000000003,
  "gcor": 0.00714565,
  "gsr_x": -0.011423676274716854,
  "gsr_y": 0.0460066981613636,
  "provenance": {
    "md5sum": "eef1cce5b59251c945123bbe4a2b1eb1",
    "settings": {
      "fd_thres": 0.2,
      "testing": false
    },
    "software": "mriqc",
    "version": "23.1.0"
  },
  "size_t": 202,
  "size_x": 72,
  "size_y": 72,
  "size_z": 46,
  "snr": 3.3463035305167237,
  "spacing_tr": 3.0,
  "spacing_x": 3.0,
  "spacing_y": 3.0,
  "spacing_z": 3.0,
  "summary_bg_k": 12.852331566638215,
  "summary_bg_mad": 46.826742106779015,
  "summary_bg_mean": 297.26999156771166,
  "summary_bg_median": 33.01485061645508,
  "summary_bg_n": 185737.0,
  "summary_bg_p05": 0.6237623691558838,
  "summary_bg_p95": 1688.3861083984375,
  "summary_bg_stdv": 619.0050325369643,
  "summary_fg_k": 1.0486846587335261,
  "summary_fg_mad": 1294.135822527316,
  "summary_fg_mean": 5166.131626433175,
  "summary_fg_median": 4969.583984375,
  "summary_fg_n": 52727.0,
  "summary_fg_p05": 3012.47021484375,
  "summary_fg_p95": 7944.787109375,
  "summary_fg_stdv": 1485.0825136520289,
  "tsnr": 74.96759737003595
}