{
  "aor": 0.0021064532019704437,
  "aqi": 0.009044803300492612,
  "bids_meta": {
    "EchoTime": 0.03,
    "RepetitionTime": 3.0,
    "SliceEncodingDirection": "k",
    "SliceTiming": [
      0.0,
      1.5,
      0.065,
      1.565,
      0.13,
      1.63,
      0.196,
      1.696,
      0.261,
      1.761,
      0.326,
      1.826,
      0.391,
      1.891,
      0.457,
      1.957,
      0.522,
      2.022,
      0.587,
      2.087,
      0.652,
      2.152,
      0.717,
      2.217,
      0.783,
      2.283,
      0.848,
      2.348,
      0.913,
      2.413,
      0.978,
      2.478,
      1.043,
      2.543,
      1.109,
      2.609,
      1.174,
      2.674,
      1.239,
      2.739,
      1.304,
      2.804,
      1.37,
      2.87,
      1.435,
      2.935
    ],
    "TaskName": "rest",
    "dataset": "ds003592",
    "modality": "bold",
    "session_id": "2",
    "subject_id": "120",
    "task_id": "rest"
  },
  "dummy_trs": 1,
  "dvars_nstd": 27.652995610247505,
  "dvars_std": 1.1863489906435651,
  "dvars_vstd": 0.9817911365346538,
  "efc": 0.4638154347221741,
  "fber": 19406.560546875,
  "fd_mean": 0.14801458917068802,
  "fd_num": 39,
  "fd_perc": 19.211822660098523,
  "fwhm_avg": 3.176007777777778,
  "fwhm_x": 3.077733333333333,
  "fwhm_y": 3.1307899999999997,
  "fwhm_z": 3.3195,
  "gcor": 0.0343604,
  "gsr_x": -0.014790351502597332,
  "gsr_y": 0.051057301461696625,
  "provenance": {
    "md5sum": "9f0e894e8d0abbd949a93f9cc0c34364",
    "settings": {
      "fd_thres": 0.2,
      "testing": false
    },
    "software": "mriqc",
    "version": "23.1.0"
  },
  "size_t": 203,
  "size_x": 72,
  "size_y": 72,
  "size_z": 46,
  "snr": 2.8325350838775285,
  "spacing_tr": 3.0,
  "spacing_x": 3.0,
  "spacing_y": 3.0,
  "spacing_z": 3.0,
  "summary_bg_k": 74.6225389787281,
  "summary_bg_mad": 31.959936999869644,
  "summary_bg_mean": 136.89839521411076,
  "summary_bg_median": 23.586206436157227,
  "summary_bg_n": 184554.0,
  "summary_bg_p05": 0.9704433083534241,
  "summary_bg_p95": 651.6453247070312,
  "summary_bg_stdv": 334.2563556282297,
  "summary_fg_k": 0.7093321701461579,
  "summary_fg_mad": 1041.2468129133254,
  "summary_fg_mean": 3477.7289465526906,
  "summary_fg_median": 3285.73388671875,
  "summary_fg_n": 53910.0,
  "summary_fg_p05": 1885.0147705078125,
  "summary_fg_p95": 5720.9951171875,
  "summary_fg_stdv": 1159.9868368893115,
  "tsnr": 47.47638589586131
}