{
  "aor": 0.0006798522167487683,
  "aqi": 0.00310223842364532,
  "bids_meta": {
    "EchoTime": 0.03,
    "RepetitionTime": 3.0,
    "SliceEncodingDirection": "k",
    "SliceTiming": [
      0.0,
      1.5,
      0.065,
      1.565,
      0.13,
      1.63,
      0.196,
      1.696,
      0.261,
      1.761,
      0.326,
      1.826,
      0.391,
      1.891,
      0.457,
      1.957,
      0.522,
      2.022,
      0.587,
      2.087,
      0.652,
      2.152,
      0.717,
      2.217,
      0.783,
      2.283,
      0.848,
      2.348,
      0.913,
      2.413,
      0.978,
      2.478,
      1.043,
      2.543,
      1.109,
      2.609,
      1.174,
      2.674,
      1.239,
      2.739,
      1.304,
      2.804,
      1.37,
      2.87,
      1.435,
      2.935
    ],
    "TaskName": "rest",
    "dataset": "ds003592",
    "modality": "bold",
    "session_id": "2",
    "subject_id": "206",
    "task_id": "rest"
  },
  "dummy_trs": 1,
  "dvars_nstd": 19.46657940900989,
  "dvars_std": 1.1719280448019798,
  "dvars_vstd": 0.9617181049504954,
  "efc": 0.47924922607816706,
  "fber": 17480.697265625,
  "fd_mean": 0.057761049677918126,
  "fd_num": 1,
  "fd_perc": 0.49261083743842365,
  "fwhm_avg": 2.8414931787123634,
  "fwhm_x": 2.6877333333333335,
  "fwhm_y": 2.927436434014922,
  "fwhm_z": 2.909309768788833,
  "gcor": 0.0271458,
  "gsr_x": 0.009902033023536205,
  "gsr_y": 0.027903763577342033,
  "provenance": {
    "md5sum": "eb4355e52098c1ca1b7fd5dc85d6dca3",
    "settings": {
      "fd_thres": 0.2,
      "testing": false
    },
    "software": "mriqc",
    "version": "23.1.0"
  },
  "size_t": 203,
  "size_x": 72,
  "size_y": 72,
  "size_z": 46,
  "snr": 3.2434425371725863,
  "spacing_tr": 3.0,
  "spacing_x": 3.0,
  "spacing_y": 3.000000238418579,
  "spacing_z": 3.000000238418579,
  "summary_bg_k": 21.80375378145721,
  "summary_bg_mad": 39.241485730946934,
  "summary_bg_mean": 181.08840772785405,
  "summary_bg_median": 28.029556274414062,
  "summary_bg_n": 184457.0,
  "summary_bg_p05": 0.7093595862388611,
  "summary_bg_p95": 967.2561645507812,
  "summary_bg_stdv": 407.3918709960205,
  "summary_fg_k": 0.4673461364945508,
  "summary_fg_mad": 1061.791495364536,
  "summary_fg_mean": 3853.7082897879045,
  "summary_fg_median": 3705.916259765625,
  "summary_fg_n": 54007.0,
  "summary_fg_p05": 2195.93603515625,
  "summary_fg_p95": 5956.123046875,
  "summary_fg_stdv": 1142.5767244347228,
  "tsnr": 68.84615403134376
}