{
  "aor": 0.0010785221674876847,
  "aqi": 0.0028436571428571427,
  "bids_meta": {
    "EchoTime": 0.0137,
    "RepetitionTime": 3.0,
    "SliceEncodingDirection": "k",
    "SliceTiming": [
      0.0,
      1.5,
      0.065,
      1.565,
      0.13,
      1.63,
      0.196,
      1.696,
      0.261,
      1.761,
      0.326,
      1.826,
      0.391,
      1.891,
      0.457,
      1.957,
      0.522,
      2.022,
      0.587,
      2.087,
      0.652,
      2.152,
      0.717,
      2.217,
      0.783,
      2.283,
      0.848,
      2.348,
      0.913,
      2.413,
      0.978,
      2.478,
      1.043,
      2.543,
      1.109,
      2.609,
      1.174,
      2.674,
      1.239,
      2.739,
      1.304,
      2.804,
      1.37,
      2.87,
      1.435,
      2.935
    ],
    "TaskName": "rest",
    "dataset": "ds003592",
    "modality": "bold",
    "session_id": "2",
    "subject_id": "206",
    "task_id": "rest"
  },
  "dummy_trs": 1,
  "dvars_nstd": 26.00290377806931,
  "dvars_std": 1.9136006288613867,
  "dvars_vstd": 0.9652810205445536,
  "efc": 0.5343962874962109,
  "fber": 17192.177734375,
  "fd_mean": 0.07349019844359428,
  "fd_num": 2,
  "fd_perc": 0.9852216748768473,
  "fwhm_avg": 3.091932044177334,
  "fwhm_x": 2.5548266666666666,
  "fwhm_y": 3.128936418001142,
  "fwhm_z": 3.5920330478641946,
  "gcor": 0.0159395,
  "gsr_x": -0.0034872570540755987,
  "gsr_y": 0.07962872833013535,
  "provenance": {
    "md5sum": "87f3936e3ff2e6a2537087f246331c18",
    "settings": {
      "fd_thres": 0.2,
      "testing": false
    },
    "software": "mriqc",
    "version": "23.1.0"
  },
  "size_t": 203,
  "size_x": 72,
  "size_y": 72,
  "size_z": 46,
  "snr": 3.0682890381061196,
  "spacing_tr": 3.0,
  "spacing_x": 3.0,
  "spacing_y": 3.000000238418579,
  "spacing_z": 3.000000238418579,
  "summary_bg_k": 10.14870817790203,
  "summary_bg_mad": 55.75460409735486,
  "summary_bg_mean": 418.31380686227936,
  "summary_bg_median": 38.68472671508789,
  "summary_bg_n": 176710.0,
  "summary_bg_p05": 0.45812806487083435,
  "summary_bg_p95": 2359.349609375,
  "summary_bg_stdv": 871.2949759760482,
  "summary_fg_k": 0.5937143294097798,
  "summary_fg_mad": 1531.4479168160428,
  "summary_fg_mean": 5272.330440214022,
  "summary_fg_median": 5072.30029296875,
  "summary_fg_n": 61754.0,
  "summary_fg_p05": 2875.38916015625,
  "summary_fg_p95": 8303.5322265625,
  "summary_fg_stdv": 1653.123014556734,
  "tsnr": 93.11959336372092
}