{
  "aor": 0.0005344999999999999,
  "aqi": 0.0037955811500000004,
  "bids_meta": {
    "EchoTime": 0.014,
    "RepetitionTime": 3,
    "SliceEncodingDirection": "k",
    "SliceTiming": [
      0,
      1.5425,
      0.07,
      1.6125,
      0.14,
      1.6825,
      0.21,
      1.7525,
      0.28,
      1.8225,
      0.35,
      1.8925,
      0.42,
      1.9625,
      0.49,
      2.0325,
      0.56,
      2.1025,
      0.63,
      2.1725,
      0.7,
      2.2425,
      0.77,
      2.3125,
      0.84,
      2.3825,
      0.91,
      2.4525,
      0.98,
      2.5225,
      1.05,
      2.5925,
      1.12,
      2.6625,
      1.19,
      2.7325,
      1.26,
      2.8025,
      1.33,
      2.8725,
      1.4,
      2.9425,
      1.47
    ],
    "TaskName": "rest",
    "dataset": "ds003592",
    "modality": "bold",
    "session_id": "2",
    "subject_id": "239",
    "task_id": "rest"
  },
  "dummy_trs": 0,
  "dvars_nstd": 21.313988091407047,
  "dvars_std": 1.0515132801005025,
  "dvars_vstd": 0.909944596582914,
  "efc": 0.5022387075305579,
  "fber": 1783.8489990234375,
  "fd_mean": 0.14301351439396906,
  "fd_num": 40,
  "fd_perc": 20.0,
  "fwhm_avg": 3.3221684610840447,
  "fwhm_x": 3.1952592592592595,
  "fwhm_y": 3.2489777777777777,
  "fwhm_z": 3.5222683462150957,
  "gcor": 0.0163742,
  "gsr_x": -0.025555066764354706,
  "gsr_y": 0.05973051115870476,
  "provenance": {
    "md5sum": "909584e3f2497776b1600f3ab47575aa",
    "settings": {
      "fd_thres": 0.2,
      "testing": false
    },
    "software": "mriqc",
    "version": "23.1.0"
  },
  "size_t": 200,
  "size_x": 64,
  "size_y": 64,
  "size_z": 43,
  "snr": 2.267478581816035,
  "spacing_tr": 3.0,
  "spacing_x": 3.375,
  "spacing_y": 3.375,
  "spacing_z": 2.9999985694885254,
  "summary_bg_k": 15.65444630682024,
  "summary_bg_mad": 16.916491086921774,
  "summary_bg_mean": 73.66584243599569,
  "summary_bg_median": 21.494998931884766,
  "summary_bg_n": 136848.0,
  "summary_bg_p05": 8.569999694824219,
  "summary_bg_p95": 357.8999938964844,
  "summary_bg_stdv": 131.53678235339484,
  "summary_fg_k": 3.1806212893142254,
  "summary_fg_mad": 311.09811372622227,
  "summary_fg_mean": 998.8793944570538,
  "summary_fg_median": 907.85498046875,
  "summary_fg_n": 39280.0,
  "summary_fg_p05": 538.4649963378906,
  "summary_fg_p95": 1811.532470703125,
  "summary_fg_stdv": 400.3757439989875,
  "tsnr": 59.52052828040905
}