{
  "aor": 0.0019561083743842365,
  "aqi": 0.0058570284729064035,
  "bids_meta": {
    "EchoTime": 0.047,
    "RepetitionTime": 3.0,
    "SliceEncodingDirection": "k",
    "SliceTiming": [
      0.0,
      1.5,
      0.065,
      1.565,
      0.13,
      1.63,
      0.196,
      1.696,
      0.261,
      1.761,
      0.326,
      1.826,
      0.391,
      1.891,
      0.457,
      1.957,
      0.522,
      2.022,
      0.587,
      2.087,
      0.652,
      2.152,
      0.717,
      2.217,
      0.783,
      2.283,
      0.848,
      2.348,
      0.913,
      2.413,
      0.978,
      2.478,
      1.043,
      2.543,
      1.109,
      2.609,
      1.174,
      2.674,
      1.239,
      2.739,
      1.304,
      2.804,
      1.37,
      2.87,
      1.435,
      2.935
    ],
    "TaskName": "rest",
    "dataset": "ds003592",
    "modality": "bold",
    "session_id": "1",
    "subject_id": "209",
    "task_id": "rest"
  },
  "dummy_trs": 1,
  "dvars_nstd": 23.747341741633655,
  "dvars_std": 1.0635847383168313,
  "dvars_vstd": 0.9865965881683169,
  "efc": 0.47765819348959254,
  "fber": 8236.6484375,
  "fd_mean": 0.05324353553903108,
  "fd_num": 1,
  "fd_perc": 0.49261083743842365,
  "fwhm_avg": 2.53764,
  "fwhm_x": 2.5858966666666667,
  "fwhm_y": 2.6758366666666666,
  "fwhm_z": 2.3511866666666665,
  "gcor": 0.0310602,
  "gsr_x": -0.006310899276286364,
  "gsr_y": 0.03487348183989525,
  "provenance": {
    "md5sum": "093235bc92a656541b7c1d16c97faae7",
    "settings": {
      "fd_thres": 0.2,
      "testing": false
    },
    "software": "mriqc",
    "version": "23.1.0"
  },
  "size_t": 203,
  "size_x": 72,
  "size_y": 72,
  "size_z": 46,
  "snr": 2.8635338858104373,
  "spacing_tr": 3.0,
  "spacing_x": 3.0,
  "spacing_y": 3.0,
  "spacing_z": 3.0,
  "summary_bg_k": 23.600452827660014,
  "summary_bg_mad": 35.80155741553892,
  "summary_bg_mean": 109.04243261359059,
  "summary_bg_median": 26.133005142211914,
  "summary_bg_n": 183060.0,
  "summary_bg_p05": 0.6059113144874573,
  "summary_bg_p95": 562.9236145019531,
  "summary_bg_stdv": 228.97540850066824,
  "summary_fg_k": 1.5747022584754156,
  "summary_fg_mad": 753.7023384051986,
  "summary_fg_mean": 2471.0049356838576,
  "summary_fg_median": 2371.7265625,
  "summary_fg_n": 55404.0,
  "summary_fg_p05": 1317.2906494140625,
  "summary_fg_p95": 3968.763427734375,
  "summary_fg_stdv": 828.2441392528508,
  "tsnr": 43.2233448503539
}