{
  "aor": 0.0023898029556650244,
  "aqi": 0.00656818842364532,
  "bids_meta": {
    "EchoTime": 0.047,
    "RepetitionTime": 3.0,
    "SliceEncodingDirection": "k",
    "SliceTiming": [
      0.0,
      1.5,
      0.065,
      1.565,
      0.13,
      1.63,
      0.196,
      1.696,
      0.261,
      1.761,
      0.326,
      1.826,
      0.391,
      1.891,
      0.457,
      1.957,
      0.522,
      2.022,
      0.587,
      2.087,
      0.652,
      2.152,
      0.717,
      2.217,
      0.783,
      2.283,
      0.848,
      2.348,
      0.913,
      2.413,
      0.978,
      2.478,
      1.043,
      2.543,
      1.109,
      2.609,
      1.174,
      2.674,
      1.239,
      2.739,
      1.304,
      2.804,
      1.37,
      2.87,
      1.435,
      2.935
    ],
    "TaskName": "rest",
    "dataset": "ds003592",
    "modality": "bold",
    "session_id": "1",
    "subject_id": "108",
    "task_id": "rest"
  },
  "dummy_trs": 1,
  "dvars_nstd": 25.542125258069312,
  "dvars_std": 1.1036641066336645,
  "dvars_vstd": 0.9417244962376239,
  "efc": 0.42063572118327536,
  "fber": 10011.265625,
  "fd_mean": 0.0736443841526176,
  "fd_num": 9,
  "fd_perc": 4.433497536945813,
  "fwhm_avg": 2.6766598581987076,
  "fwhm_x": 2.67716,
  "fwhm_y": 2.6518764559144614,
  "fwhm_z": 2.70094311868166,
  "gcor": 0.0156677,
  "gsr_x": -0.0059248702600598335,
  "gsr_y": 0.015824848785996437,
  "provenance": {
    "md5sum": "ddfae323d72285f843ac3a14d41f70d3",
    "settings": {
      "fd_thres": 0.2,
      "testing": false
    },
    "software": "mriqc",
    "version": "23.1.0"
  },
  "size_t": 203,
  "size_x": 72,
  "size_y": 72,
  "size_z": 46,
  "snr": 2.7237747553962985,
  "spacing_tr": 3.0,
  "spacing_x": 3.0,
  "spacing_y": 3.000000238418579,
  "spacing_z": 3.000000238418579,
  "summary_bg_k": 28.10089410051117,
  "summary_bg_mad": 30.740259857745396,
  "summary_bg_mean": 84.42048647707428,
  "summary_bg_median": 23.753694534301758,
  "summary_bg_n": 194390.0,
  "summary_bg_p05": 0.9507389068603516,
  "summary_bg_p95": 390.472900390625,
  "summary_bg_stdv": 184.95938901648938,
  "summary_fg_k": 1.081295813127447,
  "summary_fg_mad": 750.8173993592893,
  "summary_fg_mean": 2537.0851880429404,
  "summary_fg_median": 2376.7069091796875,
  "summary_fg_n": 44074.0,
  "summary_fg_p05": 1352.2216796875,
  "summary_fg_p95": 4200.97998046875,
  "summary_fg_stdv": 872.5684609681413,
  "tsnr": 40.035880364943296
}