{
  "bids_meta": {
    "EchoTime": 0.00252,
    "FlipAngle": 9,
    "RepetitionTime": 1.9,
    "dataset": "ds003592",
    "modality": "T1w",
    "session_id": "1",
    "subject_id": "285"
  },
  "cjv": 0.7152905440158606,
  "cnr": 1.2015884212877057,
  "efc": 0.5568116909551512,
  "fber": -1.0,
  "fwhm_avg": 4.4396466666666665,
  "fwhm_x": 4.42444,
  "fwhm_y": 4.48379,
  "fwhm_z": 4.41071,
  "icvs_csf": 0.26835328948549575,
  "icvs_gm": 0.3618514319935364,
  "icvs_wm": 0.3697952785209678,
  "inu_med": 0.4962265193462372,
  "inu_range": 0.19422014802694315,
  "provenance": {
    "md5sum": "08ad1f2afc03c04dd0f28815646b7eff",
    "settings": {
      "testing": false
    },
    "software": "mriqc",
    "version": "23.1.0",
    "warnings": {
      "large_rot_frame": true,
      "small_air_mask": false
    }
  },
  "qi_1": 0.0,
  "qi_2": 0.0013330888972669808,
  "rpve_csf": 7.715580476161658,
  "rpve_gm": 7.58123376377178,
  "rpve_wm": 7.658670661520221,
  "size_x": 192,
  "size_y": 256,
  "size_z": 256,
  "snr_csf": 2.222069301101949,
  "snr_gm": 5.680086594533762,
  "snr_total": 6.6794669750885935,
  "snr_wm": 12.136245029630068,
  "snrd_csf": 47.19992273322941,
  "snrd_gm": 88.64519935451604,
  "snrd_total": 82.06939940239874,
  "snrd_wm": 110.36307611945081,
  "spacing_x": 1.0,
  "spacing_y": 1.0,
  "spacing_z": 1.0,
  "summary_bg_k": 82.88121389980735,
  "summary_bg_mad": 0.0,
  "summary_bg_mean": 2.288208538739143,
  "summary_bg_median": 0.0,
  "summary_bg_n": 3493043.0,
  "summary_bg_p05": 0.0,
  "summary_bg_p95": 10.304608449339867,
  "summary_bg_stdv": 5.646473847497506,
  "summary_csf_k": 0.19148900713512562,
  "summary_csf_mad": 135.2322557436408,
  "summary_csf_mean": 430.1181384986878,
  "summary_csf_median": 406.80555883795023,
  "summary_csf_n": 432868.3468243212,
  "summary_csf_p05": 116.35148551315069,
  "summary_csf_p95": 759.3137577697635,
  "summary_csf_stdv": 183.07488823174467,
  "summary_gm_k": 1.8029627484447923,
  "summary_gm_mad": 69.08513127064951,
  "summary_gm_mean": 760.3039713085288,
  "summary_gm_median": 764.0131121724844,
  "summary_gm_n": 583685.8995220974,
  "summary_gm_p05": 522.081288523972,
  "summary_gm_p95": 986.241618566215,
  "summary_gm_stdv": 134.50718487894767,
  "summary_wm_k": -0.4955847476657049,
  "summary_wm_mad": 64.80403565120464,
  "summary_wm_mean": 933.2653000588443,
  "summary_wm_median": 951.1946260929108,
  "summary_wm_n": 596499.7529328312,
  "summary_wm_p05": 785.8113223537803,
  "summary_wm_p95": 1036.6889049857855,
  "summary_wm_stdv": 78.3762874313076,
  "tpm_overlap_csf": 0.20140114319853344,
  "tpm_overlap_gm": 0.5052036773297175,
  "tpm_overlap_wm": 0.5459531132876381,
  "wm2max": 0.35320830880497855
}