{
  "aor": 0.005844088669950739,
  "aqi": 0.007930586650246305,
  "bids_meta": {
    "EchoTime": 0.03,
    "RepetitionTime": 3.0,
    "SliceEncodingDirection": "k",
    "SliceTiming": [
      0.0,
      1.5,
      0.065,
      1.565,
      0.13,
      1.63,
      0.196,
      1.696,
      0.261,
      1.761,
      0.326,
      1.826,
      0.391,
      1.891,
      0.457,
      1.957,
      0.522,
      2.022,
      0.587,
      2.087,
      0.652,
      2.152,
      0.717,
      2.217,
      0.783,
      2.283,
      0.848,
      2.348,
      0.913,
      2.413,
      0.978,
      2.478,
      1.043,
      2.543,
      1.109,
      2.609,
      1.174,
      2.674,
      1.239,
      2.739,
      1.304,
      2.804,
      1.37,
      2.87,
      1.435,
      2.935
    ],
    "TaskName": "rest",
    "dataset": "ds003592",
    "modality": "bold",
    "session_id": "2",
    "subject_id": "14",
    "task_id": "rest"
  },
  "dummy_trs": 1,
  "dvars_nstd": 27.99962053688119,
  "dvars_std": 1.0584102207425745,
  "dvars_vstd": 0.9742789215346533,
  "efc": 0.4186295681489812,
  "fber": 23793.177734375,
  "fd_mean": 0.2623409093689295,
  "fd_num": 97,
  "fd_perc": 47.783251231527096,
  "fwhm_avg": 3.0377533333333333,
  "fwhm_x": 2.9038866666666667,
  "fwhm_y": 3.1048233333333335,
  "fwhm_z": 3.10455,
  "gcor": 0.0715566,
  "gsr_x": -0.015520712360739708,
  "gsr_y": 0.03338056802749634,
  "provenance": {
    "md5sum": "060e1ab812fcfe4adbf3807f9ea07d84",
    "settings": {
      "fd_thres": 0.2,
      "testing": false
    },
    "software": "mriqc",
    "version": "23.1.0"
  },
  "size_t": 203,
  "size_x": 72,
  "size_y": 72,
  "size_z": 46,
  "snr": 3.1438474724138636,
  "spacing_tr": 3.0,
  "spacing_x": 3.0,
  "spacing_y": 3.0,
  "spacing_z": 3.0,
  "summary_bg_k": 36.179681928914285,
  "summary_bg_mad": 24.24018063294323,
  "summary_bg_mean": 105.16287307731996,
  "summary_bg_median": 19.733989715576172,
  "summary_bg_n": 195473.0,
  "summary_bg_p05": 1.4187191724777222,
  "summary_bg_p95": 508.3152770996094,
  "summary_bg_stdv": 254.47372205614374,
  "summary_fg_k": 1.8048168011950008,
  "summary_fg_mad": 767.1843903663016,
  "summary_fg_mean": 3190.453974901525,
  "summary_fg_median": 3043.975341796875,
  "summary_fg_n": 42991.0,
  "summary_fg_p05": 1803.305419921875,
  "summary_fg_p95": 5060.27587890625,
  "summary_fg_stdv": 968.2212530437785,
  "tsnr": 42.93129461584613
}