{
  "aor": 0.004167980295566503,
  "aqi": 0.012789419753694582,
  "bids_meta": {
    "EchoTime": 0.047,
    "RepetitionTime": 3.0,
    "SliceEncodingDirection": "k",
    "SliceTiming": [
      0.0,
      1.5,
      0.065,
      1.565,
      0.13,
      1.63,
      0.196,
      1.696,
      0.261,
      1.761,
      0.326,
      1.826,
      0.391,
      1.891,
      0.457,
      1.957,
      0.522,
      2.022,
      0.587,
      2.087,
      0.652,
      2.152,
      0.717,
      2.217,
      0.783,
      2.283,
      0.848,
      2.348,
      0.913,
      2.413,
      0.978,
      2.478,
      1.043,
      2.543,
      1.109,
      2.609,
      1.174,
      2.674,
      1.239,
      2.739,
      1.304,
      2.804,
      1.37,
      2.87,
      1.435,
      2.935
    ],
    "TaskName": "rest",
    "dataset": "ds003592",
    "modality": "bold",
    "session_id": "2",
    "subject_id": "14",
    "task_id": "rest"
  },
  "dummy_trs": 1,
  "dvars_nstd": 36.32752711212873,
  "dvars_std": 1.041877446831683,
  "dvars_vstd": 0.9626080765841585,
  "efc": 0.397719990464201,
  "fber": 12953.0576171875,
  "fd_mean": 0.26695734554709244,
  "fd_num": 98,
  "fd_perc": 48.275862068965516,
  "fwhm_avg": 2.5156311111111114,
  "fwhm_x": 2.4900433333333334,
  "fwhm_y": 2.6182633333333336,
  "fwhm_z": 2.4385866666666667,
  "gcor": 0.0502094,
  "gsr_x": -0.01568501628935337,
  "gsr_y": 0.028901435434818268,
  "provenance": {
    "md5sum": "116d7c01b6f541696283cc0290977d2c",
    "settings": {
      "fd_thres": 0.2,
      "testing": false
    },
    "software": "mriqc",
    "version": "23.1.0"
  },
  "size_t": 203,
  "size_x": 72,
  "size_y": 72,
  "size_z": 46,
  "snr": 3.03096093558275,
  "spacing_tr": 3.0,
  "spacing_x": 3.0,
  "spacing_y": 3.0,
  "spacing_z": 3.0,
  "summary_bg_k": 43.99508113057573,
  "summary_bg_mad": 22.107570562653397,
  "summary_bg_mean": 66.80892670894798,
  "summary_bg_median": 18.945812225341797,
  "summary_bg_n": 199317.0,
  "summary_bg_p05": 1.3349753618240356,
  "summary_bg_p95": 297.94580078125,
  "summary_bg_stdv": 158.92633991454144,
  "summary_fg_k": 1.9751700825735625,
  "summary_fg_mad": 589.3962776028919,
  "summary_fg_mean": 2263.697883254179,
  "summary_fg_median": 2156.251220703125,
  "summary_fg_n": 39147.0,
  "summary_fg_p05": 1260.2955322265625,
  "summary_fg_p95": 3589.6845703125,
  "summary_fg_stdv": 711.3993634076752,
  "tsnr": 32.2582984395558
}