{
  "bids_meta": {
    "EchoTime": 0.0034,
    "FlipAngle": 7,
    "RepetitionTime": 2.53,
    "dataset": "ds003592",
    "modality": "T1w",
    "session_id": "1",
    "subject_id": "121"
  },
  "cjv": 0.6682517640409932,
  "cnr": 1.2272345280536494,
  "efc": 0.6052756002989615,
  "fber": 3187.628946280992,
  "fwhm_avg": 4.45236,
  "fwhm_x": 4.5206,
  "fwhm_y": 4.54676,
  "fwhm_z": 4.28972,
  "icvs_csf": 0.25877778505268983,
  "icvs_gm": 0.373872679797969,
  "icvs_wm": 0.36734953514934104,
  "inu_med": 0.8329793810844421,
  "inu_range": 0.7275975108146666,
  "provenance": {
    "md5sum": "3268ad7fc503d98de6b9877925ad9b2c",
    "settings": {
      "testing": false
    },
    "software": "mriqc",
    "version": "23.1.0",
    "warnings": {
      "large_rot_frame": true,
      "small_air_mask": false
    }
  },
  "qi_1": 0.0,
  "qi_2": 0.0013147260437823768,
  "rpve_csf": 7.525412262942373,
  "rpve_gm": 7.392552847289012,
  "rpve_wm": 7.471704597132819,
  "size_x": 176,
  "size_y": 256,
  "size_z": 256,
  "snr_csf": 1.6041355901124166,
  "snr_gm": 4.4145361734175905,
  "snr_total": 5.073623072906571,
  "snr_wm": 9.202197455189705,
  "snrd_csf": 2.560691694303817,
  "snrd_gm": 5.934348828760116,
  "snrd_total": 5.518775042946875,
  "snrd_wm": 8.061284605776693,
  "spacing_x": 1.0,
  "spacing_y": 1.0,
  "spacing_z": 1.0,
  "summary_bg_k": 254.482018137792,
  "summary_bg_mad": 0.0,
  "summary_bg_mean": 9.194482239602722,
  "summary_bg_median": 0.0,
  "summary_bg_n": 2691860.0,
  "summary_bg_p05": 0.0,
  "summary_bg_p95": 20.706401746720076,
  "summary_bg_stdv": 77.41949433984733,
  "summary_csf_k": -0.7895133923692521,
  "summary_csf_mad": 159.1260922662446,
  "summary_csf_mean": 337.10756154549796,
  "summary_csf_median": 302.60485623031855,
  "summary_csf_n": 392283.05582686624,
  "summary_csf_p05": 81.54525378718972,
  "summary_csf_p95": 685.4746130481362,
  "summary_csf_stdv": 188.64020747260471,
  "summary_gm_k": 0.13802215869872514,
  "summary_gm_mad": 90.26527405806306,
  "summary_gm_mean": 705.8240587466996,
  "summary_gm_median": 701.2803525477648,
  "summary_gm_n": 566756.2124448374,
  "summary_gm_p05": 439.1169973835349,
  "summary_gm_p95": 988.5209703817964,
  "summary_gm_stdv": 158.85694585340028,
  "summary_wm_k": -0.3296395986519598,
  "summary_wm_mad": 77.69752016455463,
  "summary_wm_mean": 928.9223822033396,
  "summary_wm_median": 952.626930680126,
  "summary_wm_n": 556867.7318094404,
  "summary_wm_p05": 730.1103745959699,
  "summary_wm_p95": 1066.0485641285777,
  "summary_wm_stdv": 103.52158600971005,
  "tpm_overlap_csf": 0.2048566113464314,
  "tpm_overlap_gm": 0.5203680951637654,
  "tpm_overlap_wm": 0.5415463579951264,
  "wm2max": 0.411721124340026
}