{
  "aor": 0.0011986699507389163,
  "aqi": 0.00579041315270936,
  "bids_meta": {
    "EchoTime": 0.03,
    "RepetitionTime": 3.0,
    "SliceEncodingDirection": "k",
    "SliceTiming": [
      0.0,
      1.5,
      0.065,
      1.565,
      0.13,
      1.63,
      0.196,
      1.696,
      0.261,
      1.761,
      0.326,
      1.826,
      0.391,
      1.891,
      0.457,
      1.957,
      0.522,
      2.022,
      0.587,
      2.087,
      0.652,
      2.152,
      0.717,
      2.217,
      0.783,
      2.283,
      0.848,
      2.348,
      0.913,
      2.413,
      0.978,
      2.478,
      1.043,
      2.543,
      1.109,
      2.609,
      1.174,
      2.674,
      1.239,
      2.739,
      1.304,
      2.804,
      1.37,
      2.87,
      1.435,
      2.935
    ],
    "TaskName": "rest",
    "dataset": "ds003592",
    "modality": "bold",
    "session_id": "2",
    "subject_id": "65",
    "task_id": "rest"
  },
  "dummy_trs": 1,
  "dvars_nstd": 18.033695777920798,
  "dvars_std": 1.0419424339603955,
  "dvars_vstd": 0.9586702322772281,
  "efc": 0.43482318214358434,
  "fber": 13617.89453125,
  "fd_mean": 0.13800495348682876,
  "fd_num": 38,
  "fd_perc": 18.7192118226601,
  "fwhm_avg": 2.89233,
  "fwhm_x": 2.8055766666666666,
  "fwhm_y": 2.9018599999999997,
  "fwhm_z": 2.9695533333333333,
  "gcor": 0.0320104,
  "gsr_x": -0.006458723451942205,
  "gsr_y": 0.02147602289915085,
  "provenance": {
    "md5sum": "228e7f03e41b6fe852b4908b3cea1f23",
    "settings": {
      "fd_thres": 0.2,
      "testing": false
    },
    "software": "mriqc",
    "version": "23.1.0"
  },
  "size_t": 203,
  "size_x": 72,
  "size_y": 72,
  "size_z": 46,
  "snr": 3.4243419097582546,
  "spacing_tr": 3.0,
  "spacing_x": 3.0,
  "spacing_y": 3.0,
  "spacing_z": 3.0,
  "summary_bg_k": 69.80509580612723,
  "summary_bg_mad": 38.45271156224261,
  "summary_bg_mean": 133.51596440490584,
  "summary_bg_median": 27.960590362548828,
  "summary_bg_n": 194678.0,
  "summary_bg_p05": 0.7536945939064026,
  "summary_bg_p95": 646.581298828125,
  "summary_bg_stdv": 315.82327894204906,
  "summary_fg_k": 0.9961961331483971,
  "summary_fg_mad": 788.2769044722263,
  "summary_fg_mean": 3383.0367249147444,
  "summary_fg_median": 3262.8817138671875,
  "summary_fg_n": 43786.0,
  "summary_fg_p05": 1962.9063720703125,
  "summary_fg_p95": 5205.17236328125,
  "summary_fg_stdv": 952.8383964635241,
  "tsnr": 56.70263358135708
}