{
  "aor": 0.0013135467980295566,
  "aqi": 0.003751702807881773,
  "bids_meta": {
    "EchoTime": 0.047,
    "RepetitionTime": 3.0,
    "SliceEncodingDirection": "k",
    "SliceTiming": [
      0.0,
      1.5,
      0.065,
      1.565,
      0.13,
      1.63,
      0.196,
      1.696,
      0.261,
      1.761,
      0.326,
      1.826,
      0.391,
      1.891,
      0.457,
      1.957,
      0.522,
      2.022,
      0.587,
      2.087,
      0.652,
      2.152,
      0.717,
      2.217,
      0.783,
      2.283,
      0.848,
      2.348,
      0.913,
      2.413,
      0.978,
      2.478,
      1.043,
      2.543,
      1.109,
      2.609,
      1.174,
      2.674,
      1.239,
      2.739,
      1.304,
      2.804,
      1.37,
      2.87,
      1.435,
      2.935
    ],
    "TaskName": "rest",
    "dataset": "ds003592",
    "modality": "bold",
    "session_id": "2",
    "subject_id": "17",
    "task_id": "rest"
  },
  "dummy_trs": 1,
  "dvars_nstd": 25.872607514653456,
  "dvars_std": 1.0818106902475244,
  "dvars_vstd": 0.9877670339108909,
  "efc": 0.4743524118407302,
  "fber": 7456.5419921875,
  "fd_mean": 0.14526575292200952,
  "fd_num": 37,
  "fd_perc": 18.226600985221676,
  "fwhm_avg": 2.8162944444444444,
  "fwhm_x": 2.754773333333333,
  "fwhm_y": 2.9279733333333335,
  "fwhm_z": 2.7661366666666667,
  "gcor": 0.0253208,
  "gsr_x": 0.023770155385136604,
  "gsr_y": 0.02001885324716568,
  "provenance": {
    "md5sum": "e8f3e06f032ab145b97db077abc8aa5e",
    "settings": {
      "fd_thres": 0.2,
      "testing": false
    },
    "software": "mriqc",
    "version": "23.1.0"
  },
  "size_t": 203,
  "size_x": 72,
  "size_y": 72,
  "size_z": 46,
  "snr": 2.723342318196497,
  "spacing_tr": 3.0,
  "spacing_x": 3.0,
  "spacing_y": 3.0,
  "spacing_z": 3.0,
  "summary_bg_k": 27.21408844327609,
  "summary_bg_mad": 40.59993025043101,
  "summary_bg_mean": 124.88438391616324,
  "summary_bg_median": 27.822660446166992,
  "summary_bg_n": 184762.0,
  "summary_bg_p05": 0.04433497413992882,
  "summary_bg_p95": 683.2315063476562,
  "summary_bg_stdv": 281.3271889199362,
  "summary_fg_k": 0.7653164267912387,
  "summary_fg_mad": 776.8579535841036,
  "summary_fg_mean": 2548.432455243862,
  "summary_fg_median": 2402.5220947265625,
  "summary_fg_n": 53702.0,
  "summary_fg_p05": 1308.9556884765625,
  "summary_fg_p95": 4218.2119140625,
  "summary_fg_stdv": 882.1879311869466,
  "tsnr": 53.597212145105004
}