{
  "aor": 0.0016966336633663368,
  "aqi": 0.00392683603960396,
  "bids_meta": {
    "EchoTime": 0.03,
    "RepetitionTime": 3.0,
    "SliceEncodingDirection": "k",
    "SliceTiming": [
      0.0,
      1.5,
      0.065,
      1.565,
      0.13,
      1.63,
      0.196,
      1.696,
      0.261,
      1.761,
      0.326,
      1.826,
      0.391,
      1.891,
      0.457,
      1.957,
      0.522,
      2.022,
      0.587,
      2.087,
      0.652,
      2.152,
      0.717,
      2.217,
      0.783,
      2.283,
      0.848,
      2.348,
      0.913,
      2.413,
      0.978,
      2.478,
      1.043,
      2.543,
      1.109,
      2.609,
      1.174,
      2.674,
      1.239,
      2.739,
      1.304,
      2.804,
      1.37,
      2.87,
      1.435,
      2.935
    ],
    "TaskName": "rest",
    "dataset": "ds003592",
    "modality": "bold",
    "session_id": "2",
    "subject_id": "230",
    "task_id": "rest"
  },
  "dummy_trs": 2,
  "dvars_nstd": 25.295701192736328,
  "dvars_std": 1.1344124848756219,
  "dvars_vstd": 0.9950349270149255,
  "efc": 0.48497159742417145,
  "fber": 11546.6962890625,
  "fd_mean": 0.14588897447594212,
  "fd_num": 40,
  "fd_perc": 19.801980198019802,
  "fwhm_avg": 2.9291433333333337,
  "fwhm_x": 2.8226133333333334,
  "fwhm_y": 3.0320699999999996,
  "fwhm_z": 2.9327466666666666,
  "gcor": 0.0404711,
  "gsr_x": 0.00043342538992874324,
  "gsr_y": 0.03506556153297424,
  "provenance": {
    "md5sum": "f3c7de98615041d903ff8334e319cea1",
    "settings": {
      "fd_thres": 0.2,
      "testing": false
    },
    "software": "mriqc",
    "version": "23.1.0"
  },
  "size_t": 202,
  "size_x": 72,
  "size_y": 72,
  "size_z": 46,
  "snr": 3.0573877889799714,
  "spacing_tr": 3.0,
  "spacing_x": 3.0,
  "spacing_y": 3.0,
  "spacing_z": 3.0,
  "summary_bg_k": 24.361321922092113,
  "summary_bg_mad": 42.830322232236426,
  "summary_bg_mean": 174.93047983875445,
  "summary_bg_median": 30.824256896972656,
  "summary_bg_n": 183772.0,
  "summary_bg_p05": 0.8564356565475464,
  "summary_bg_p95": 931.57421875,
  "summary_bg_stdv": 376.32043698369955,
  "summary_fg_k": 0.3685167559401852,
  "summary_fg_mad": 994.8371285019425,
  "summary_fg_mean": 3483.892919678089,
  "summary_fg_median": 3312.2376708984375,
  "summary_fg_n": 54692.0,
  "summary_fg_p05": 1949.46533203125,
  "summary_fg_p95": 5533.32177734375,
  "summary_fg_stdv": 1083.3455284522136,
  "tsnr": 57.19109785882756
}