{
  "aor": 0.0003,
  "aqi": 0.003817044378109453,
  "bids_meta": {
    "EchoTime": 0.047,
    "RepetitionTime": 3.0,
    "SliceEncodingDirection": "k",
    "SliceTiming": [
      0.0,
      1.5,
      0.065,
      1.565,
      0.13,
      1.63,
      0.196,
      1.696,
      0.261,
      1.761,
      0.326,
      1.826,
      0.391,
      1.891,
      0.457,
      1.957,
      0.522,
      2.022,
      0.587,
      2.087,
      0.652,
      2.152,
      0.717,
      2.217,
      0.783,
      2.283,
      0.848,
      2.348,
      0.913,
      2.413,
      0.978,
      2.478,
      1.043,
      2.543,
      1.109,
      2.609,
      1.174,
      2.674,
      1.239,
      2.739,
      1.304,
      2.804,
      1.37,
      2.87,
      1.435,
      2.935
    ],
    "TaskName": "rest",
    "dataset": "ds003592",
    "modality": "bold",
    "session_id": "2",
    "subject_id": "119",
    "task_id": "rest"
  },
  "dummy_trs": 3,
  "dvars_nstd": 22.3042177679,
  "dvars_std": 1.0679774190499995,
  "dvars_vstd": 0.9663279782499999,
  "efc": 0.46947501915123524,
  "fber": 9509.8505859375,
  "fd_mean": 0.04406957869454919,
  "fd_num": 0,
  "fd_perc": 0.0,
  "fwhm_avg": 2.603552222222222,
  "fwhm_x": 2.5504433333333334,
  "fwhm_y": 2.679486666666667,
  "fwhm_z": 2.5807266666666666,
  "gcor": 0.0128622,
  "gsr_x": -0.013551987707614899,
  "gsr_y": 0.025970881804823875,
  "provenance": {
    "md5sum": "2482ff7035bd00650367424dc2298f34",
    "settings": {
      "fd_thres": 0.2,
      "testing": false
    },
    "software": "mriqc",
    "version": "23.1.0"
  },
  "size_t": 201,
  "size_x": 72,
  "size_y": 72,
  "size_z": 46,
  "snr": 2.730129426787757,
  "spacing_tr": 3.0,
  "spacing_x": 3.0,
  "spacing_y": 3.0,
  "spacing_z": 3.0,
  "summary_bg_k": 54.99018549512023,
  "summary_bg_mad": 35.90331403195095,
  "summary_bg_mean": 107.77143228830461,
  "summary_bg_median": 26.335820198059082,
  "summary_bg_n": 183006.0,
  "summary_bg_p05": 0.711442768573761,
  "summary_bg_p95": 560.2935180664062,
  "summary_bg_stdv": 241.92637978060742,
  "summary_fg_k": 2.129334936736611,
  "summary_fg_mad": 843.9029922864763,
  "summary_fg_mean": 2698.0708772741923,
  "summary_fg_median": 2568.228759765625,
  "summary_fg_n": 55458.0,
  "summary_fg_p05": 1432.437744140625,
  "summary_fg_p95": 4403.3681640625,
  "summary_fg_stdv": 940.6900565752467,
  "tsnr": 54.938325711060315
}