{
  "bids_meta": {
    "EchoTime": 0.0034,
    "FlipAngle": 7,
    "RepetitionTime": 2.53,
    "dataset": "ds003592",
    "modality": "T1w",
    "session_id": "1",
    "subject_id": "38"
  },
  "cjv": 0.7181195281730742,
  "cnr": 1.359345454518369,
  "efc": 0.6567459699977414,
  "fber": -1.0,
  "fwhm_avg": 4.166846666666667,
  "fwhm_x": 4.23515,
  "fwhm_y": 4.22859,
  "fwhm_z": 4.0368,
  "icvs_csf": 0.25611322034691486,
  "icvs_gm": 0.3802856822943101,
  "icvs_wm": 0.3636010973587751,
  "inu_med": 0.8094475865364075,
  "inu_range": 0.6979833900928496,
  "provenance": {
    "md5sum": "757bab16c84d408d2c0df40f649e5341",
    "settings": {
      "testing": false
    },
    "software": "mriqc",
    "version": "23.1.0",
    "warnings": {
      "large_rot_frame": true,
      "small_air_mask": false
    }
  },
  "qi_1": 0.0,
  "qi_2": 0.0014715737497892401,
  "rpve_csf": 7.268206137474746,
  "rpve_gm": 7.149094380502327,
  "rpve_wm": 7.252102247994181,
  "size_x": 176,
  "size_y": 256,
  "size_z": 256,
  "snr_csf": 2.1490726232873656,
  "snr_gm": 5.118882506344636,
  "snr_total": 5.657834733549666,
  "snr_wm": 9.705549071016994,
  "snrd_csf": 46.01099028087726,
  "snrd_gm": 71.47666815133684,
  "snrd_total": 70.71101257678339,
  "snrd_wm": 94.64537929813608,
  "spacing_x": 1.0,
  "spacing_y": 1.0,
  "spacing_z": 1.0,
  "summary_bg_k": 14.944401039414213,
  "summary_bg_mad": 0.0,
  "summary_bg_mean": 2.389089640235323,
  "summary_bg_median": 0.0,
  "summary_bg_n": 2610584.0,
  "summary_bg_p05": 0.0,
  "summary_bg_p95": 16.535433009266853,
  "summary_bg_stdv": 6.4791662131426895,
  "summary_csf_k": -0.2831573579973532,
  "summary_csf_mad": 149.4859947814223,
  "summary_csf_mean": 453.80614462134247,
  "summary_csf_median": 455.0393683835864,
  "summary_csf_n": 399725.89159894665,
  "summary_csf_p05": 119.37007829546928,
  "summary_csf_p95": 791.7322805151343,
  "summary_csf_stdv": 211.7372834510884,
  "summary_gm_k": -0.36679376628289573,
  "summary_gm_mad": 92.3416023991449,
  "summary_gm_mean": 714.5599318021159,
  "summary_gm_median": 706.889761146158,
  "summary_gm_n": 593526.6957773739,
  "summary_gm_p05": 497.2440926358104,
  "summary_gm_p95": 960.3936972096562,
  "summary_gm_stdv": 138.09443072197845,
  "summary_wm_k": 0.10558091187358176,
  "summary_wm_mad": 72.203895175564,
  "summary_wm_mean": 923.8856509297598,
  "summary_wm_median": 936.0236185602844,
  "summary_wm_n": 567486.4133574296,
  "summary_wm_p05": 745.2755877748132,
  "summary_wm_p95": 1065.7480275258422,
  "summary_wm_stdv": 96.44202373309754,
  "tpm_overlap_csf": 0.21436280983528047,
  "tpm_overlap_gm": 0.5391751324577095,
  "tpm_overlap_wm": 0.5382964206589103,
  "wm2max": 0.5857955482371631
}