{
  "aor": 0.001019651741293532,
  "aqi": 0.0021018060696517413,
  "bids_meta": {
    "EchoTime": 0.0137,
    "RepetitionTime": 3.0,
    "SliceEncodingDirection": "k",
    "SliceTiming": [
      0.0,
      1.5,
      0.065,
      1.565,
      0.13,
      1.63,
      0.196,
      1.696,
      0.261,
      1.761,
      0.326,
      1.826,
      0.391,
      1.891,
      0.457,
      1.957,
      0.522,
      2.022,
      0.587,
      2.087,
      0.652,
      2.152,
      0.717,
      2.217,
      0.783,
      2.283,
      0.848,
      2.348,
      0.913,
      2.413,
      0.978,
      2.478,
      1.043,
      2.543,
      1.109,
      2.609,
      1.174,
      2.674,
      1.239,
      2.739,
      1.304,
      2.804,
      1.37,
      2.87,
      1.435,
      2.935
    ],
    "TaskName": "rest",
    "dataset": "ds003592",
    "modality": "bold",
    "session_id": "1",
    "subject_id": "179",
    "task_id": "rest"
  },
  "dummy_trs": 3,
  "dvars_nstd": 12.052045302449999,
  "dvars_std": 1.1045197638999995,
  "dvars_vstd": 0.9378377067999998,
  "efc": 0.48404214916621807,
  "fber": 40034.01171875,
  "fd_mean": 0.032915262304981915,
  "fd_num": 0,
  "fd_perc": 0.0,
  "fwhm_avg": 2.932152222222222,
  "fwhm_x": 2.76205,
  "fwhm_y": 2.9383366666666664,
  "fwhm_z": 3.0960699999999997,
  "gcor": 0.00996857,
  "gsr_x": -0.019505616277456284,
  "gsr_y": 0.07060594111680984,
  "provenance": {
    "md5sum": "6068f016353a01ab7d3c50c5c94a5040",
    "settings": {
      "fd_thres": 0.2,
      "testing": false
    },
    "software": "mriqc",
    "version": "23.1.0"
  },
  "size_t": 201,
  "size_x": 72,
  "size_y": 72,
  "size_z": 46,
  "snr": 3.3841905412518156,
  "spacing_tr": 3.0,
  "spacing_x": 3.0,
  "spacing_y": 3.0,
  "spacing_z": 3.0,
  "summary_bg_k": 14.598580854464664,
  "summary_bg_mad": 32.21893774224234,
  "summary_bg_mean": 296.7204529761361,
  "summary_bg_median": 23.43781089782715,
  "summary_bg_n": 187694.0,
  "summary_bg_p05": 0.9353233575820923,
  "summary_bg_p95": 1792.92041015625,
  "summary_bg_stdv": 666.6443264590575,
  "summary_fg_k": 0.7116908079472681,
  "summary_fg_mad": 1235.457568561456,
  "summary_fg_mean": 4880.024571053099,
  "summary_fg_median": 4689.5546875,
  "summary_fg_n": 50770.0,
  "summary_fg_p05": 2863.9501953125,
  "summary_fg_p95": 7444.2138671875,
  "summary_fg_stdv": 1385.710540172304,
  "tsnr": 92.4291069956962
}