{
  "aor": 0.0039026600985221684,
  "aqi": 0.009416759950738917,
  "bids_meta": {
    "EchoTime": 0.047,
    "RepetitionTime": 3.0,
    "SliceEncodingDirection": "k",
    "SliceTiming": [
      0.0,
      1.5,
      0.065,
      1.565,
      0.13,
      1.63,
      0.196,
      1.696,
      0.261,
      1.761,
      0.326,
      1.826,
      0.391,
      1.891,
      0.457,
      1.957,
      0.522,
      2.022,
      0.587,
      2.087,
      0.652,
      2.152,
      0.717,
      2.217,
      0.783,
      2.283,
      0.848,
      2.348,
      0.913,
      2.413,
      0.978,
      2.478,
      1.043,
      2.543,
      1.109,
      2.609,
      1.174,
      2.674,
      1.239,
      2.739,
      1.304,
      2.804,
      1.37,
      2.87,
      1.435,
      2.935
    ],
    "TaskName": "rest",
    "dataset": "ds003592",
    "modality": "bold",
    "session_id": "1",
    "subject_id": "04",
    "task_id": "rest"
  },
  "dummy_trs": 1,
  "dvars_nstd": 26.79302619717821,
  "dvars_std": 1.0282188090099016,
  "dvars_vstd": 0.9475011617326728,
  "efc": 0.44689551136295624,
  "fber": 6358.42626953125,
  "fd_mean": 0.14122323603167256,
  "fd_num": 49,
  "fd_perc": 24.137931034482758,
  "fwhm_avg": 2.5144688888888886,
  "fwhm_x": 2.495013333333333,
  "fwhm_y": 2.56185,
  "fwhm_z": 2.486543333333333,
  "gcor": 0.0159862,
  "gsr_x": -0.01166439801454544,
  "gsr_y": 0.024928990751504898,
  "provenance": {
    "md5sum": "daab2af5f4f9b12affc05e1725716159",
    "settings": {
      "fd_thres": 0.2,
      "testing": false
    },
    "software": "mriqc",
    "version": "23.1.0"
  },
  "size_t": 203,
  "size_x": 72,
  "size_y": 72,
  "size_z": 46,
  "snr": 2.9418001808747065,
  "spacing_tr": 3.0,
  "spacing_x": 3.0,
  "spacing_y": 3.0,
  "spacing_z": 3.0,
  "summary_bg_k": 23.952556495680756,
  "summary_bg_mad": 43.38985142101462,
  "summary_bg_mean": 106.3469464097037,
  "summary_bg_median": 31.34482765197754,
  "summary_bg_n": 191661.0,
  "summary_bg_p05": 0.6108373999595642,
  "summary_bg_p95": 482.7684631347656,
  "summary_bg_stdv": 206.28949597907757,
  "summary_fg_k": 1.0377831918551887,
  "summary_fg_mad": 767.4620163188391,
  "summary_fg_mean": 2602.3517759244996,
  "summary_fg_median": 2499.428466796875,
  "summary_fg_n": 46803.0,
  "summary_fg_p05": 1371.024658203125,
  "summary_fg_p95": 4163.94580078125,
  "summary_fg_stdv": 849.6164291917119,
  "tsnr": 35.92271541245282
}