{
  "aor": 0.00290549504950495,
  "aqi": 0.00426474599009901,
  "bids_meta": {
    "EchoTime": 0.0137,
    "RepetitionTime": 3.0,
    "SliceEncodingDirection": "k",
    "SliceTiming": [
      0.0,
      1.5,
      0.065,
      1.565,
      0.13,
      1.63,
      0.196,
      1.696,
      0.261,
      1.761,
      0.326,
      1.826,
      0.391,
      1.891,
      0.457,
      1.957,
      0.522,
      2.022,
      0.587,
      2.087,
      0.652,
      2.152,
      0.717,
      2.217,
      0.783,
      2.283,
      0.848,
      2.348,
      0.913,
      2.413,
      0.978,
      2.478,
      1.043,
      2.543,
      1.109,
      2.609,
      1.174,
      2.674,
      1.239,
      2.739,
      1.304,
      2.804,
      1.37,
      2.87,
      1.435,
      2.935
    ],
    "TaskName": "rest",
    "dataset": "ds003592",
    "modality": "bold",
    "session_id": "1",
    "subject_id": "175",
    "task_id": "rest"
  },
  "dummy_trs": 2,
  "dvars_nstd": 23.08462490741293,
  "dvars_std": 1.566336466019901,
  "dvars_vstd": 0.9913630752238808,
  "efc": 0.547258601300789,
  "fber": 5375.76513671875,
  "fd_mean": 0.07842786085147214,
  "fd_num": 6,
  "fd_perc": 2.9702970297029703,
  "fwhm_avg": 3.362297777777778,
  "fwhm_x": 3.010006666666667,
  "fwhm_y": 3.2226866666666667,
  "fwhm_z": 3.8542,
  "gcor": 0.0114937,
  "gsr_x": -0.013311091810464859,
  "gsr_y": 0.08902259171009064,
  "provenance": {
    "md5sum": "5e3c0695c032c918a6d98838d84bc190",
    "settings": {
      "fd_thres": 0.2,
      "testing": false
    },
    "software": "mriqc",
    "version": "23.1.0"
  },
  "size_t": 202,
  "size_x": 72,
  "size_y": 72,
  "size_z": 46,
  "snr": 2.7071836191691356,
  "spacing_tr": 3.0,
  "spacing_x": 3.0,
  "spacing_y": 3.0,
  "spacing_z": 3.0,
  "summary_bg_k": 11.259974555681033,
  "summary_bg_mad": 93.53605164664619,
  "summary_bg_mean": 536.461711773321,
  "summary_bg_median": 64.18811798095703,
  "summary_bg_n": 179387.0,
  "summary_bg_p05": 0.5594059228897095,
  "summary_bg_p95": 2724.5791015625,
  "summary_bg_stdv": 1049.261230410539,
  "summary_fg_k": 1.9217698618302856,
  "summary_fg_mad": 1397.5361064016818,
  "summary_fg_mean": 5007.576361838362,
  "summary_fg_median": 4706.24755859375,
  "summary_fg_n": 59077.0,
  "summary_fg_p05": 2690.75244140625,
  "summary_fg_p95": 8400.583984375,
  "summary_fg_stdv": 1738.414673327233,
  "tsnr": 75.72165874764323
}