{
  "aor": 0.0013543842364532018,
  "aqi": 0.00420523960591133,
  "bids_meta": {
    "EchoTime": 0.03,
    "RepetitionTime": 3.0,
    "SliceEncodingDirection": "k",
    "SliceTiming": [
      0.0,
      1.5,
      0.065,
      1.565,
      0.13,
      1.63,
      0.196,
      1.696,
      0.261,
      1.761,
      0.326,
      1.826,
      0.391,
      1.891,
      0.457,
      1.957,
      0.522,
      2.022,
      0.587,
      2.087,
      0.652,
      2.152,
      0.717,
      2.217,
      0.783,
      2.283,
      0.848,
      2.348,
      0.913,
      2.413,
      0.978,
      2.478,
      1.043,
      2.543,
      1.109,
      2.609,
      1.174,
      2.674,
      1.239,
      2.739,
      1.304,
      2.804,
      1.37,
      2.87,
      1.435,
      2.935
    ],
    "TaskName": "rest",
    "dataset": "ds003592",
    "modality": "bold",
    "session_id": "1",
    "subject_id": "230",
    "task_id": "rest"
  },
  "dummy_trs": 1,
  "dvars_nstd": 25.042466012574266,
  "dvars_std": 1.123596114356436,
  "dvars_vstd": 0.9775176274257426,
  "efc": 0.48685677965257357,
  "fber": 12017.1923828125,
  "fd_mean": 0.14469147041455735,
  "fd_num": 46,
  "fd_perc": 22.660098522167488,
  "fwhm_avg": 2.902146666666667,
  "fwhm_x": 2.80709,
  "fwhm_y": 3.003,
  "fwhm_z": 2.89635,
  "gcor": 0.0539692,
  "gsr_x": 0.00038081116508692503,
  "gsr_y": 0.03804202377796173,
  "provenance": {
    "md5sum": "4b07e935ac6011801ba762c84935c70c",
    "settings": {
      "fd_thres": 0.2,
      "testing": false
    },
    "software": "mriqc",
    "version": "23.1.0"
  },
  "size_t": 203,
  "size_x": 72,
  "size_y": 72,
  "size_z": 46,
  "snr": 3.0739423410126605,
  "spacing_tr": 3.0,
  "spacing_x": 3.0,
  "spacing_y": 3.0,
  "spacing_z": 3.0,
  "summary_bg_k": 24.28362411034656,
  "summary_bg_mad": 44.36851323228612,
  "summary_bg_mean": 187.2771784952921,
  "summary_bg_median": 31.669950485229492,
  "summary_bg_n": 183803.0,
  "summary_bg_p05": 0.9064038991928101,
  "summary_bg_p95": 989.2610473632812,
  "summary_bg_stdv": 395.71899934606824,
  "summary_fg_k": 0.39271137291268765,
  "summary_fg_mad": 1036.434147118098,
  "summary_fg_mean": 3653.418354078879,
  "summary_fg_median": 3471.753662109375,
  "summary_fg_n": 54661.0,
  "summary_fg_p05": 2047.17236328125,
  "summary_fg_p95": 5792.216796875,
  "summary_fg_stdv": 1129.403716689122,
  "tsnr": 54.18691648123786
}