{
  "aor": 0.001068423645320197,
  "aqi": 0.0028643415763546795,
  "bids_meta": {
    "EchoTime": 0.03,
    "RepetitionTime": 3.0,
    "SliceEncodingDirection": "k",
    "SliceTiming": [
      0.0,
      1.5,
      0.065,
      1.565,
      0.13,
      1.63,
      0.196,
      1.696,
      0.261,
      1.761,
      0.326,
      1.826,
      0.391,
      1.891,
      0.457,
      1.957,
      0.522,
      2.022,
      0.587,
      2.087,
      0.652,
      2.152,
      0.717,
      2.217,
      0.783,
      2.283,
      0.848,
      2.348,
      0.913,
      2.413,
      0.978,
      2.478,
      1.043,
      2.543,
      1.109,
      2.609,
      1.174,
      2.674,
      1.239,
      2.739,
      1.304,
      2.804,
      1.37,
      2.87,
      1.435,
      2.935
    ],
    "TaskName": "rest",
    "dataset": "ds003592",
    "modality": "bold",
    "session_id": "2",
    "subject_id": "25",
    "task_id": "rest"
  },
  "dummy_trs": 1,
  "dvars_nstd": 19.734491877128708,
  "dvars_std": 1.1329895928217821,
  "dvars_vstd": 0.9792358541584147,
  "efc": 0.46435055691526056,
  "fber": 17729.296875,
  "fd_mean": 0.09838367975704017,
  "fd_num": 13,
  "fd_perc": 6.403940886699507,
  "fwhm_avg": 3.19011205204135,
  "fwhm_x": 3.1462233333333334,
  "fwhm_y": 3.1360797507667737,
  "fwhm_z": 3.2880330720239423,
  "gcor": 0.0284862,
  "gsr_x": -0.003795514116063714,
  "gsr_y": 0.03555281460285187,
  "provenance": {
    "md5sum": "57631f85852f4688e4c0e0b079328a01",
    "settings": {
      "fd_thres": 0.2,
      "testing": false
    },
    "software": "mriqc",
    "version": "23.1.0"
  },
  "size_t": 203,
  "size_x": 72,
  "size_y": 72,
  "size_z": 46,
  "snr": 2.744457069488352,
  "spacing_tr": 3.0,
  "spacing_x": 3.0,
  "spacing_y": 3.000000238418579,
  "spacing_z": 3.000000238418579,
  "summary_bg_k": 20.43579841537159,
  "summary_bg_mad": 38.71563621886657,
  "summary_bg_mean": 173.27348394132375,
  "summary_bg_median": 26.354679107666016,
  "summary_bg_n": 186705.0,
  "summary_bg_p05": 0.03448275849223137,
  "summary_bg_p95": 986.4482421875,
  "summary_bg_stdv": 392.8116310616496,
  "summary_fg_k": 1.4566242790234591,
  "summary_fg_mad": 1051.6326296749419,
  "summary_fg_mean": 3756.8679895712203,
  "summary_fg_median": 3509.16259765625,
  "summary_fg_n": 51759.0,
  "summary_fg_p05": 2069.876708984375,
  "summary_fg_p95": 6279.7734375,
  "summary_fg_stdv": 1278.6240081684255,
  "tsnr": 70.90859022876248
}