{
  "aor": 0.00050265,
  "aqi": 0.0023097859000000003,
  "bids_meta": {
    "EchoTime": 0.014,
    "RepetitionTime": 3,
    "SliceEncodingDirection": "k",
    "SliceTiming": [
      0,
      1.5425,
      0.07,
      1.6125,
      0.14,
      1.6825,
      0.21,
      1.7525,
      0.28,
      1.8225,
      0.35,
      1.8925,
      0.42,
      1.9625,
      0.49,
      2.0325,
      0.56,
      2.1025,
      0.63,
      2.1725,
      0.7,
      2.2425,
      0.77,
      2.3125,
      0.84,
      2.3825,
      0.91,
      2.4525,
      0.98,
      2.5225,
      1.05,
      2.5925,
      1.12,
      2.6625,
      1.19,
      2.7325,
      1.26,
      2.8025,
      1.33,
      2.8725,
      1.4,
      2.9425,
      1.47
    ],
    "TaskName": "rest",
    "dataset": "ds003592",
    "modality": "bold",
    "session_id": "2",
    "subject_id": "262",
    "task_id": "rest"
  },
  "dummy_trs": 0,
  "dvars_nstd": 22.102105231809055,
  "dvars_std": 1.0994333947236177,
  "dvars_vstd": 0.9836737820100504,
  "efc": 0.5187103215039417,
  "fber": 1655.0201416015625,
  "fd_mean": 0.15846559306089306,
  "fd_num": 50,
  "fd_perc": 25.0,
  "fwhm_avg": 2.6465314944324323,
  "fwhm_x": 2.210968888888889,
  "fwhm_y": 2.714337969525512,
  "fwhm_z": 3.0142876248828965,
  "gcor": 0.0754648,
  "gsr_x": 0.0017102367710322142,
  "gsr_y": 0.047810912132263184,
  "provenance": {
    "md5sum": "950350050767c3cd51e6df0328a21d0e",
    "settings": {
      "fd_thres": 0.2,
      "testing": false
    },
    "software": "mriqc",
    "version": "23.1.0"
  },
  "size_t": 200,
  "size_x": 64,
  "size_y": 64,
  "size_z": 43,
  "snr": 3.070134640564259,
  "spacing_tr": 3.0,
  "spacing_x": 3.375,
  "spacing_y": 3.374999761581421,
  "spacing_z": 2.9999990463256836,
  "summary_bg_k": 20.467153194528102,
  "summary_bg_mad": 12.980182592686903,
  "summary_bg_mean": 55.4682940174024,
  "summary_bg_median": 16.75,
  "summary_bg_n": 137370.0,
  "summary_bg_p05": 7.019999980926514,
  "summary_bg_p95": 259.66998291015625,
  "summary_bg_stdv": 96.91447069521917,
  "summary_fg_k": 0.8760237987270321,
  "summary_fg_mad": 198.50934287870157,
  "summary_fg_mean": 713.7762469623817,
  "summary_fg_median": 681.4224853515625,
  "summary_fg_n": 38758.0,
  "summary_fg_p05": 404.0950012207031,
  "summary_fg_p95": 1135.114990234375,
  "summary_fg_stdv": 221.9491241714029,
  "tsnr": 72.62963044457138
}