{
  "aor": 0.005767128712871287,
  "aqi": 0.00457905391089109,
  "bids_meta": {
    "EchoTime": 0.03,
    "RepetitionTime": 3.0,
    "SliceEncodingDirection": "k",
    "SliceTiming": [
      0.0,
      1.5,
      0.065,
      1.565,
      0.13,
      1.63,
      0.196,
      1.696,
      0.261,
      1.761,
      0.326,
      1.826,
      0.391,
      1.891,
      0.457,
      1.957,
      0.522,
      2.022,
      0.587,
      2.087,
      0.652,
      2.152,
      0.717,
      2.217,
      0.783,
      2.283,
      0.848,
      2.348,
      0.913,
      2.413,
      0.978,
      2.478,
      1.043,
      2.543,
      1.109,
      2.609,
      1.174,
      2.674,
      1.239,
      2.739,
      1.304,
      2.804,
      1.37,
      2.87,
      1.435,
      2.935
    ],
    "TaskName": "rest",
    "dataset": "ds003592",
    "modality": "bold",
    "session_id": "1",
    "subject_id": "36",
    "task_id": "rest"
  },
  "dummy_trs": 2,
  "dvars_nstd": 22.48425481323383,
  "dvars_std": 1.0710058377114422,
  "dvars_vstd": 0.9800413326368159,
  "efc": 0.49006315204772893,
  "fber": 11450.751953125,
  "fd_mean": 0.14745761594803738,
  "fd_num": 36,
  "fd_perc": 17.821782178217823,
  "fwhm_avg": 3.01994,
  "fwhm_x": 2.8556633333333337,
  "fwhm_y": 3.0702966666666662,
  "fwhm_z": 3.13386,
  "gcor": 0.0655644,
  "gsr_x": -0.003948917146772146,
  "gsr_y": 0.03209996595978737,
  "provenance": {
    "md5sum": "dad3b3a428b15260d9d07a6a93213a51",
    "settings": {
      "fd_thres": 0.2,
      "testing": false
    },
    "software": "mriqc",
    "version": "23.1.0"
  },
  "size_t": 202,
  "size_x": 72,
  "size_y": 72,
  "size_z": 46,
  "snr": 3.022196187255043,
  "spacing_tr": 3.0,
  "spacing_x": 3.0,
  "spacing_y": 3.0,
  "spacing_z": 3.0,
  "summary_bg_k": 23.512950075910187,
  "summary_bg_mad": 49.461661738440796,
  "summary_bg_mean": 188.55192313353496,
  "summary_bg_median": 33.60395812988281,
  "summary_bg_n": 182092.0,
  "summary_bg_p05": 0.039603959769010544,
  "summary_bg_p95": 1000.7128295898438,
  "summary_bg_stdv": 393.5138147951684,
  "summary_fg_k": 0.8703692017779963,
  "summary_fg_mad": 1080.5527839850397,
  "summary_fg_mean": 3787.144684511614,
  "summary_fg_median": 3595.8984375,
  "summary_fg_n": 56372.0,
  "summary_fg_p05": 2175.935546875,
  "summary_fg_p95": 6052.97998046875,
  "summary_fg_stdv": 1189.8190323170993,
  "tsnr": 54.71088101004716
}