{
  "aor": 0.0010806930693069306,
  "aqi": 0.0020067361386138616,
  "bids_meta": {
    "EchoTime": 0.0137,
    "RepetitionTime": 3.0,
    "SliceEncodingDirection": "k",
    "SliceTiming": [
      0.0,
      1.5,
      0.065,
      1.565,
      0.13,
      1.63,
      0.196,
      1.696,
      0.261,
      1.761,
      0.326,
      1.826,
      0.391,
      1.891,
      0.457,
      1.957,
      0.522,
      2.022,
      0.587,
      2.087,
      0.652,
      2.152,
      0.717,
      2.217,
      0.783,
      2.283,
      0.848,
      2.348,
      0.913,
      2.413,
      0.978,
      2.478,
      1.043,
      2.543,
      1.109,
      2.609,
      1.174,
      2.674,
      1.239,
      2.739,
      1.304,
      2.804,
      1.37,
      2.87,
      1.435,
      2.935
    ],
    "TaskName": "rest",
    "dataset": "ds003592",
    "modality": "bold",
    "session_id": "2",
    "subject_id": "137",
    "task_id": "rest"
  },
  "dummy_trs": 2,
  "dvars_nstd": 17.143666770447755,
  "dvars_std": 1.3820937686567165,
  "dvars_vstd": 0.9671207152238811,
  "efc": 0.48356125387310256,
  "fber": 44793.50390625,
  "fd_mean": 0.041097372353069504,
  "fd_num": 0,
  "fd_perc": 0.0,
  "fwhm_avg": 3.321441111111111,
  "fwhm_x": 3.201916666666667,
  "fwhm_y": 3.2126066666666664,
  "fwhm_z": 3.5498,
  "gcor": 0.0178898,
  "gsr_x": -0.03349851816892624,
  "gsr_y": 0.05595378577709198,
  "provenance": {
    "md5sum": "99dc926f92e825d3daebde44b024d7bc",
    "settings": {
      "fd_thres": 0.2,
      "testing": false
    },
    "software": "mriqc",
    "version": "23.1.0"
  },
  "size_t": 202,
  "size_x": 72,
  "size_y": 72,
  "size_z": 46,
  "snr": 2.992129813760424,
  "spacing_tr": 3.0,
  "spacing_x": 3.0,
  "spacing_y": 3.0,
  "spacing_z": 3.0,
  "summary_bg_k": 13.665805336536543,
  "summary_bg_mad": 31.824569569065595,
  "summary_bg_mean": 305.5095496509426,
  "summary_bg_median": 23.064355850219727,
  "summary_bg_n": 186259.0,
  "summary_bg_p05": 0.9851484894752502,
  "summary_bg_p95": 1845.772216796875,
  "summary_bg_stdv": 677.7286128707274,
  "summary_fg_k": 1.5225188423292924,
  "summary_fg_mad": 1366.563257467281,
  "summary_fg_mean": 5186.417926882081,
  "summary_fg_median": 4881.4501953125,
  "summary_fg_n": 52205.0,
  "summary_fg_p05": 3044.76220703125,
  "summary_fg_p95": 8382.51953125,
  "summary_fg_stdv": 1631.4143256526188,
  "tsnr": 98.85100258048624
}