{
  "aor": 0.007145467980295567,
  "aqi": 0.005435229950738916,
  "bids_meta": {
    "EchoTime": 0.03,
    "RepetitionTime": 3.0,
    "SliceEncodingDirection": "k",
    "SliceTiming": [
      0.0,
      1.5,
      0.065,
      1.565,
      0.13,
      1.63,
      0.196,
      1.696,
      0.261,
      1.761,
      0.326,
      1.826,
      0.391,
      1.891,
      0.457,
      1.957,
      0.522,
      2.022,
      0.587,
      2.087,
      0.652,
      2.152,
      0.717,
      2.217,
      0.783,
      2.283,
      0.848,
      2.348,
      0.913,
      2.413,
      0.978,
      2.478,
      1.043,
      2.543,
      1.109,
      2.609,
      1.174,
      2.674,
      1.239,
      2.739,
      1.304,
      2.804,
      1.37,
      2.87,
      1.435,
      2.935
    ],
    "TaskName": "rest",
    "dataset": "ds003592",
    "modality": "bold",
    "session_id": "2",
    "subject_id": "177",
    "task_id": "rest"
  },
  "dummy_trs": 1,
  "dvars_nstd": 19.717954130099002,
  "dvars_std": 1.10247930440594,
  "dvars_vstd": 1.0462925899009907,
  "efc": 0.48349495411900556,
  "fber": 7678.6103515625,
  "fd_mean": 0.1035789086360882,
  "fd_num": 25,
  "fd_perc": 12.31527093596059,
  "fwhm_avg": 2.884553333333333,
  "fwhm_x": 2.75648,
  "fwhm_y": 3.0731466666666667,
  "fwhm_z": 2.824033333333333,
  "gcor": 0.0362331,
  "gsr_x": 0.010850523598492146,
  "gsr_y": 0.0558856725692749,
  "provenance": {
    "md5sum": "56a6e1145f47d8565c8d4ebe358cb121",
    "settings": {
      "fd_thres": 0.2,
      "testing": false
    },
    "software": "mriqc",
    "version": "23.1.0"
  },
  "size_t": 203,
  "size_x": 72,
  "size_y": 72,
  "size_z": 46,
  "snr": 2.9185010156358246,
  "spacing_tr": 3.0,
  "spacing_x": 3.0,
  "spacing_y": 3.0,
  "spacing_z": 3.0,
  "summary_bg_k": 15.402041227275113,
  "summary_bg_mad": 50.06520967048541,
  "summary_bg_mean": 209.04828663168635,
  "summary_bg_median": 35.66994857788086,
  "summary_bg_n": 189035.0,
  "summary_bg_p05": 0.8522167205810547,
  "summary_bg_p95": 1116.078857421875,
  "summary_bg_stdv": 423.27523318758716,
  "summary_fg_k": 0.30180448841832597,
  "summary_fg_mad": 992.7809952250332,
  "summary_fg_mean": 3275.8373671269733,
  "summary_fg_median": 3125.6748046875,
  "summary_fg_n": 49429.0,
  "summary_fg_p05": 1710.7684326171875,
  "summary_fg_p95": 5269.359375,
  "summary_fg_stdv": 1070.9755350292514,
  "tsnr": 49.73553537623957
}