{
  "aor": 0.002034729064039409,
  "aqi": 0.010702152561576356,
  "bids_meta": {
    "EchoTime": 0.03,
    "RepetitionTime": 3.0,
    "SliceEncodingDirection": "k",
    "SliceTiming": [
      0.0,
      1.5,
      0.065,
      1.565,
      0.13,
      1.63,
      0.196,
      1.696,
      0.261,
      1.761,
      0.326,
      1.826,
      0.391,
      1.891,
      0.457,
      1.957,
      0.522,
      2.022,
      0.587,
      2.087,
      0.652,
      2.152,
      0.717,
      2.217,
      0.783,
      2.283,
      0.848,
      2.348,
      0.913,
      2.413,
      0.978,
      2.478,
      1.043,
      2.543,
      1.109,
      2.609,
      1.174,
      2.674,
      1.239,
      2.739,
      1.304,
      2.804,
      1.37,
      2.87,
      1.435,
      2.935
    ],
    "TaskName": "rest",
    "dataset": "ds003592",
    "modality": "bold",
    "session_id": "1",
    "subject_id": "177",
    "task_id": "rest"
  },
  "dummy_trs": 1,
  "dvars_nstd": 24.86742365722773,
  "dvars_std": 0.9652385854455448,
  "dvars_vstd": 0.8986569809405937,
  "efc": 0.48597465375259924,
  "fber": 6842.36328125,
  "fd_mean": 0.22022854164184896,
  "fd_num": 72,
  "fd_perc": 35.467980295566505,
  "fwhm_avg": 2.8830244444444446,
  "fwhm_x": 2.7544500000000003,
  "fwhm_y": 3.092836666666667,
  "fwhm_z": 2.8017866666666666,
  "gcor": 0.0551868,
  "gsr_x": 0.005988322664052248,
  "gsr_y": 0.048237502574920654,
  "provenance": {
    "md5sum": "07ffce1f9d130a2b28d15caea9a1dc0c",
    "settings": {
      "fd_thres": 0.2,
      "testing": false
    },
    "software": "mriqc",
    "version": "23.1.0"
  },
  "size_t": 203,
  "size_x": 72,
  "size_y": 72,
  "size_z": 46,
  "snr": 2.9784459811132584,
  "spacing_tr": 3.0,
  "spacing_x": 3.0,
  "spacing_y": 3.0,
  "spacing_z": 3.0,
  "summary_bg_k": 14.700492733164072,
  "summary_bg_mad": 52.73827674403694,
  "summary_bg_mean": 210.93895461199446,
  "summary_bg_median": 37.625614166259766,
  "summary_bg_n": 188938.0,
  "summary_bg_p05": 0.9014778137207031,
  "summary_bg_p95": 1136.1527099609375,
  "summary_bg_stdv": 425.9300932436407,
  "summary_fg_k": 0.3313130268887101,
  "summary_fg_mad": 973.5401050567953,
  "summary_fg_mean": 3247.8041768709677,
  "summary_fg_median": 3112.33740234375,
  "summary_fg_n": 49526.0,
  "summary_fg_p05": 1697.6551513671875,
  "summary_fg_p95": 5175.26123046875,
  "summary_fg_stdv": 1044.942899979807,
  "tsnr": 36.11765284370631
}