{
  "aor": 0.001062807881773399,
  "aqi": 0.0022311095073891626,
  "bids_meta": {
    "EchoTime": 0.0137,
    "RepetitionTime": 3.0,
    "SliceEncodingDirection": "k",
    "SliceTiming": [
      0.0,
      1.5,
      0.065,
      1.565,
      0.13,
      1.63,
      0.196,
      1.696,
      0.261,
      1.761,
      0.326,
      1.826,
      0.391,
      1.891,
      0.457,
      1.957,
      0.522,
      2.022,
      0.587,
      2.087,
      0.652,
      2.152,
      0.717,
      2.217,
      0.783,
      2.283,
      0.848,
      2.348,
      0.913,
      2.413,
      0.978,
      2.478,
      1.043,
      2.543,
      1.109,
      2.609,
      1.174,
      2.674,
      1.239,
      2.739,
      1.304,
      2.804,
      1.37,
      2.87,
      1.435,
      2.935
    ],
    "TaskName": "rest",
    "dataset": "ds003592",
    "modality": "bold",
    "session_id": "2",
    "subject_id": "33",
    "task_id": "rest"
  },
  "dummy_trs": 1,
  "dvars_nstd": 22.425183881287115,
  "dvars_std": 1.5588751735643562,
  "dvars_vstd": 0.9614498929207921,
  "efc": 0.5443538079941541,
  "fber": 13354.16015625,
  "fd_mean": 0.06504127605702513,
  "fd_num": 7,
  "fd_perc": 3.4482758620689653,
  "fwhm_avg": 3.2647633333333332,
  "fwhm_x": 3.004903333333333,
  "fwhm_y": 3.2476866666666666,
  "fwhm_z": 3.5417,
  "gcor": 0.0192367,
  "gsr_x": -0.0031201106030493975,
  "gsr_y": 0.05939188227057457,
  "provenance": {
    "md5sum": "0c6d01bd3884af2e4fab377d323d8617",
    "settings": {
      "fd_thres": 0.2,
      "testing": false
    },
    "software": "mriqc",
    "version": "23.1.0"
  },
  "size_t": 203,
  "size_x": 72,
  "size_y": 72,
  "size_z": 46,
  "snr": 2.767450371204732,
  "spacing_tr": 3.0,
  "spacing_x": 3.0,
  "spacing_y": 3.0,
  "spacing_z": 3.0,
  "summary_bg_k": 8.719365874080635,
  "summary_bg_mad": 62.30946067398845,
  "summary_bg_mean": 416.3383742745735,
  "summary_bg_median": 42.08127975463867,
  "summary_bg_n": 172650.0,
  "summary_bg_p05": 0.009852216579020023,
  "summary_bg_p95": 2316.758544921875,
  "summary_bg_stdv": 842.9989178916178,
  "summary_fg_k": 0.6431780409132064,
  "summary_fg_mad": 1617.8770022241092,
  "summary_fg_mean": 5169.273031824178,
  "summary_fg_median": 4862.921142578125,
  "summary_fg_n": 65814.0,
  "summary_fg_p05": 2773.66015625,
  "summary_fg_p95": 8483.537109375,
  "summary_fg_stdv": 1757.1712391333924,
  "tsnr": 94.06240747007541
}