{
  "aor": 0.001210841584158416,
  "aqi": 0.0037326577722772277,
  "bids_meta": {
    "EchoTime": 0.0137,
    "RepetitionTime": 3.0,
    "SliceEncodingDirection": "k",
    "SliceTiming": [
      0.0,
      1.5,
      0.065,
      1.565,
      0.13,
      1.63,
      0.196,
      1.696,
      0.261,
      1.761,
      0.326,
      1.826,
      0.391,
      1.891,
      0.457,
      1.957,
      0.522,
      2.022,
      0.587,
      2.087,
      0.652,
      2.152,
      0.717,
      2.217,
      0.783,
      2.283,
      0.848,
      2.348,
      0.913,
      2.413,
      0.978,
      2.478,
      1.043,
      2.543,
      1.109,
      2.609,
      1.174,
      2.674,
      1.239,
      2.739,
      1.304,
      2.804,
      1.37,
      2.87,
      1.435,
      2.935
    ],
    "TaskName": "rest",
    "dataset": "ds003592",
    "modality": "bold",
    "session_id": "2",
    "subject_id": "42",
    "task_id": "rest"
  },
  "dummy_trs": 2,
  "dvars_nstd": 24.240125390597,
  "dvars_std": 1.200111771592039,
  "dvars_vstd": 0.9975517855223875,
  "efc": 0.521328977436121,
  "fber": 11725.0,
  "fd_mean": 0.10844221858708909,
  "fd_num": 20,
  "fd_perc": 9.900990099009901,
  "fwhm_avg": 3.283166666666667,
  "fwhm_x": 2.5855200000000003,
  "fwhm_y": 3.291846666666667,
  "fwhm_z": 3.9721333333333333,
  "gcor": 0.027431,
  "gsr_x": -0.029002942144870758,
  "gsr_y": 0.0846337154507637,
  "provenance": {
    "md5sum": "de6eec0441eedad8be38f6c306be028b",
    "settings": {
      "fd_thres": 0.2,
      "testing": false
    },
    "software": "mriqc",
    "version": "23.1.0"
  },
  "size_t": 202,
  "size_x": 72,
  "size_y": 72,
  "size_z": 46,
  "snr": 2.594950544402139,
  "spacing_tr": 3.0,
  "spacing_x": 3.0,
  "spacing_y": 3.0,
  "spacing_z": 3.0,
  "summary_bg_k": 15.153626208632062,
  "summary_bg_mad": 61.939012017147476,
  "summary_bg_mean": 397.444399127788,
  "summary_bg_median": 42.178218841552734,
  "summary_bg_n": 177629.0,
  "summary_bg_p05": 0.10396039485931396,
  "summary_bg_p95": 2283.296875,
  "summary_bg_stdv": 918.1540475781753,
  "summary_fg_k": 1.962296075183727,
  "summary_fg_mad": 1411.048563291094,
  "summary_fg_mean": 4846.716717897595,
  "summary_fg_median": 4567.1435546875,
  "summary_fg_n": 60835.0,
  "summary_fg_p05": 2468.093994140625,
  "summary_fg_p95": 8155.0244140625,
  "summary_fg_stdv": 1759.9973252853215,
  "tsnr": 62.630401961971074
}