{
  "aor": 0.0021308866995073893,
  "aqi": 0.007762164778325123,
  "bids_meta": {
    "EchoTime": 0.047,
    "RepetitionTime": 3.0,
    "SliceEncodingDirection": "k",
    "SliceTiming": [
      0.0,
      1.5,
      0.065,
      1.565,
      0.13,
      1.63,
      0.196,
      1.696,
      0.261,
      1.761,
      0.326,
      1.826,
      0.391,
      1.891,
      0.457,
      1.957,
      0.522,
      2.022,
      0.587,
      2.087,
      0.652,
      2.152,
      0.717,
      2.217,
      0.783,
      2.283,
      0.848,
      2.348,
      0.913,
      2.413,
      0.978,
      2.478,
      1.043,
      2.543,
      1.109,
      2.609,
      1.174,
      2.674,
      1.239,
      2.739,
      1.304,
      2.804,
      1.37,
      2.87,
      1.435,
      2.935
    ],
    "TaskName": "rest",
    "dataset": "ds003592",
    "modality": "bold",
    "session_id": "1",
    "subject_id": "07",
    "task_id": "rest"
  },
  "dummy_trs": 1,
  "dvars_nstd": 20.187322111138606,
  "dvars_std": 1.0032786503465339,
  "dvars_vstd": 0.9445490995049509,
  "efc": 0.4011523150054751,
  "fber": 11041.6025390625,
  "fd_mean": 0.0638915646723166,
  "fd_num": 7,
  "fd_perc": 3.4482758620689653,
  "fwhm_avg": 2.3654200000000003,
  "fwhm_x": 2.3334699999999997,
  "fwhm_y": 2.440906666666667,
  "fwhm_z": 2.3218833333333335,
  "gcor": 0.0169203,
  "gsr_x": -0.014997659251093864,
  "gsr_y": 0.022716771811246872,
  "provenance": {
    "md5sum": "b0a56b3540ecfd8a98583eb7ed55f0f7",
    "settings": {
      "fd_thres": 0.2,
      "testing": false
    },
    "software": "mriqc",
    "version": "23.1.0"
  },
  "size_t": 203,
  "size_x": 72,
  "size_y": 72,
  "size_z": 46,
  "snr": 3.368300635085089,
  "spacing_tr": 3.0,
  "spacing_x": 3.0,
  "spacing_y": 3.0,
  "spacing_z": 3.0,
  "summary_bg_k": 43.523202456263164,
  "summary_bg_mad": 29.907665137544114,
  "summary_bg_mean": 72.74760568462936,
  "summary_bg_median": 22.71921157836914,
  "summary_bg_n": 199388.0,
  "summary_bg_p05": 0.8817734122276306,
  "summary_bg_p95": 303.5172424316406,
  "summary_bg_stdv": 164.08550458333508,
  "summary_fg_k": 1.189757749371691,
  "summary_fg_mad": 616.6968265353767,
  "summary_fg_mean": 2462.104322132209,
  "summary_fg_median": 2387.312744140625,
  "summary_fg_n": 39076.0,
  "summary_fg_p05": 1379.7733154296875,
  "summary_fg_p95": 3745.655029296875,
  "summary_fg_stdv": 708.7497392698785,
  "tsnr": 46.36393319047056
}