{
  "aor": 0.0028050738916256157,
  "aqi": 0.0032834066009852217,
  "bids_meta": {
    "EchoTime": 0.0137,
    "RepetitionTime": 3.0,
    "SliceEncodingDirection": "k",
    "SliceTiming": [
      0.0,
      1.5,
      0.065,
      1.565,
      0.13,
      1.63,
      0.196,
      1.696,
      0.261,
      1.761,
      0.326,
      1.826,
      0.391,
      1.891,
      0.457,
      1.957,
      0.522,
      2.022,
      0.587,
      2.087,
      0.652,
      2.152,
      0.717,
      2.217,
      0.783,
      2.283,
      0.848,
      2.348,
      0.913,
      2.413,
      0.978,
      2.478,
      1.043,
      2.543,
      1.109,
      2.609,
      1.174,
      2.674,
      1.239,
      2.739,
      1.304,
      2.804,
      1.37,
      2.87,
      1.435,
      2.935
    ],
    "TaskName": "rest",
    "dataset": "ds003592",
    "modality": "bold",
    "session_id": "1",
    "subject_id": "07",
    "task_id": "rest"
  },
  "dummy_trs": 1,
  "dvars_nstd": 12.043451063712878,
  "dvars_std": 1.0500893054950493,
  "dvars_vstd": 0.9436820407920795,
  "efc": 0.4751837429230102,
  "fber": 17740.2265625,
  "fd_mean": 0.06320260552586326,
  "fd_num": 10,
  "fd_perc": 4.926108374384237,
  "fwhm_avg": 3.465418888888889,
  "fwhm_x": 3.2814633333333334,
  "fwhm_y": 3.30626,
  "fwhm_z": 3.808533333333333,
  "gcor": 0.0154945,
  "gsr_x": -0.029728667810559273,
  "gsr_y": 0.05379592627286911,
  "provenance": {
    "md5sum": "1204dee7fd7e7fa0893a4dd9316f994a",
    "settings": {
      "fd_thres": 0.2,
      "testing": false
    },
    "software": "mriqc",
    "version": "23.1.0"
  },
  "size_t": 203,
  "size_x": 72,
  "size_y": 72,
  "size_z": 46,
  "snr": 3.0591689022043456,
  "spacing_tr": 3.0,
  "spacing_x": 3.0,
  "spacing_y": 3.0,
  "spacing_z": 3.0,
  "summary_bg_k": 14.004403845966152,
  "summary_bg_mad": 49.42250559743058,
  "summary_bg_mean": 313.30871833070404,
  "summary_bg_median": 34.55664825439453,
  "summary_bg_n": 192550.0,
  "summary_bg_p05": 0.8029556274414062,
  "summary_bg_p95": 1655.477783203125,
  "summary_bg_stdv": 625.1243969066295,
  "summary_fg_k": 2.049967611744025,
  "summary_fg_mad": 1155.4289015441918,
  "summary_fg_mean": 4891.707476065934,
  "summary_fg_median": 4602.6845703125,
  "summary_fg_n": 45914.0,
  "summary_fg_p05": 2902.039306640625,
  "summary_fg_p95": 7866.01953125,
  "summary_fg_stdv": 1504.5375375759536,
  "tsnr": 83.1313562230207
}