{
  "aor": 0.0016614285714285713,
  "aqi": 0.004228890344827586,
  "bids_meta": {
    "EchoTime": 0.0137,
    "RepetitionTime": 3.0,
    "SliceEncodingDirection": "k",
    "SliceTiming": [
      0.0,
      1.5,
      0.065,
      1.565,
      0.13,
      1.63,
      0.196,
      1.696,
      0.261,
      1.761,
      0.326,
      1.826,
      0.391,
      1.891,
      0.457,
      1.957,
      0.522,
      2.022,
      0.587,
      2.087,
      0.652,
      2.152,
      0.717,
      2.217,
      0.783,
      2.283,
      0.848,
      2.348,
      0.913,
      2.413,
      0.978,
      2.478,
      1.043,
      2.543,
      1.109,
      2.609,
      1.174,
      2.674,
      1.239,
      2.739,
      1.304,
      2.804,
      1.37,
      2.87,
      1.435,
      2.935
    ],
    "TaskName": "rest",
    "dataset": "ds003592",
    "modality": "bold",
    "session_id": "1",
    "subject_id": "42",
    "task_id": "rest"
  },
  "dummy_trs": 1,
  "dvars_nstd": 22.439797491287123,
  "dvars_std": 1.223806333861387,
  "dvars_vstd": 0.9585136216336635,
  "efc": 0.5218778683357527,
  "fber": 10792.3720703125,
  "fd_mean": 0.09135234338913915,
  "fd_num": 11,
  "fd_perc": 5.41871921182266,
  "fwhm_avg": 3.291233333333334,
  "fwhm_x": 2.6094133333333334,
  "fwhm_y": 3.2862533333333332,
  "fwhm_z": 3.9780333333333338,
  "gcor": 0.0339178,
  "gsr_x": -0.029148047789931297,
  "gsr_y": 0.08507657796144485,
  "provenance": {
    "md5sum": "6e9820297f70bda7c10a3c6f5acf52ef",
    "settings": {
      "fd_thres": 0.2,
      "testing": false
    },
    "software": "mriqc",
    "version": "23.1.0"
  },
  "size_t": 203,
  "size_x": 72,
  "size_y": 72,
  "size_z": 46,
  "snr": 2.5785802059435183,
  "spacing_tr": 3.0,
  "spacing_x": 3.0,
  "spacing_y": 3.0,
  "spacing_z": 3.0,
  "summary_bg_k": 14.804206288264982,
  "summary_bg_mad": 64.9277489817889,
  "summary_bg_mean": 401.5194380357524,
  "summary_bg_median": 44.07881546020508,
  "summary_bg_n": 177943.0,
  "summary_bg_p05": 0.07389162480831146,
  "summary_bg_p95": 2268.862060546875,
  "summary_bg_stdv": 908.3611571027645,
  "summary_fg_k": 1.9435115026582883,
  "summary_fg_mad": 1405.5069031433106,
  "summary_fg_mean": 4865.014761392714,
  "summary_fg_median": 4579.18701171875,
  "summary_fg_n": 60521.0,
  "summary_fg_p05": 2470.123046875,
  "summary_fg_p95": 8210.650390625,
  "summary_fg_stdv": 1775.8412825858697,
  "tsnr": 60.78852997906506
}