{
  "aor": 0.010008400000000002,
  "aqi": 0.011143820300000001,
  "bids_meta": {
    "EchoTime": 0.04592,
    "RepetitionTime": 3,
    "SliceEncodingDirection": "k",
    "SliceTiming": [
      0,
      1.54,
      0.07,
      1.61,
      0.14,
      1.68,
      0.21,
      1.75,
      0.28,
      1.82,
      0.35,
      1.89,
      0.42,
      1.96,
      0.49,
      2.03,
      0.56,
      2.1,
      0.63,
      2.17,
      0.7,
      2.24,
      0.77,
      2.31,
      0.84,
      2.38,
      0.91,
      2.45,
      0.98,
      2.52,
      1.05,
      2.5925,
      1.12,
      2.6625,
      1.19,
      2.7325,
      1.26,
      2.8025,
      1.33,
      2.8725,
      1.4,
      2.9425,
      1.47
    ],
    "TaskName": "rest",
    "dataset": "ds003592",
    "modality": "bold",
    "session_id": "1",
    "subject_id": "276",
    "task_id": "rest"
  },
  "dummy_trs": 0,
  "dvars_nstd": 41.47682821603015,
  "dvars_std": 1.0625627381407037,
  "dvars_vstd": 0.9839400521105522,
  "efc": 0.4583449056093154,
  "fber": 1021.7697143554688,
  "fd_mean": 0.21381646691247003,
  "fd_num": 62,
  "fd_perc": 31.0,
  "fwhm_avg": 2.468119372165249,
  "fwhm_x": 2.300488888888889,
  "fwhm_y": 2.5210609188348925,
  "fwhm_z": 2.5828083087719658,
  "gcor": 0.00952585,
  "gsr_x": -0.019081488251686096,
  "gsr_y": 0.04473647475242615,
  "provenance": {
    "md5sum": "7609098f8460a7d3041a4cc3150a11e8",
    "settings": {
      "fd_thres": 0.2,
      "testing": false
    },
    "software": "mriqc",
    "version": "23.1.0"
  },
  "size_t": 200,
  "size_x": 64,
  "size_y": 64,
  "size_z": 43,
  "snr": 1.628179688032063,
  "spacing_tr": 3.0,
  "spacing_x": 3.375,
  "spacing_y": 3.374999761581421,
  "spacing_z": 2.999998092651367,
  "summary_bg_k": 74.82464629440824,
  "summary_bg_mad": 7.316642570449795,
  "summary_bg_mean": 27.007674880197676,
  "summary_bg_median": 14.34000015258789,
  "summary_bg_n": 136493.0,
  "summary_bg_p05": 8.014999389648438,
  "summary_bg_p95": 93.375,
  "summary_bg_stdv": 42.76297344352511,
  "summary_fg_k": 4.3364766685816445,
  "summary_fg_mad": 204.76963617579295,
  "summary_fg_mean": 539.347551634081,
  "summary_fg_median": 458.3800048828125,
  "summary_fg_n": 39635.0,
  "summary_fg_p05": 247.4099884033203,
  "summary_fg_p95": 1094.989990234375,
  "summary_fg_stdv": 281.5255746648258,
  "tsnr": 25.909059970173985
}