{
  "aor": 0.0019432673267326733,
  "aqi": 0.012805992475247524,
  "bids_meta": {
    "EchoTime": 0.047,
    "RepetitionTime": 3.0,
    "SliceEncodingDirection": "k",
    "SliceTiming": [
      0.0,
      1.5,
      0.065,
      1.565,
      0.13,
      1.63,
      0.196,
      1.696,
      0.261,
      1.761,
      0.326,
      1.826,
      0.391,
      1.891,
      0.457,
      1.957,
      0.522,
      2.022,
      0.587,
      2.087,
      0.652,
      2.152,
      0.717,
      2.217,
      0.783,
      2.283,
      0.848,
      2.348,
      0.913,
      2.413,
      0.978,
      2.478,
      1.043,
      2.543,
      1.109,
      2.609,
      1.174,
      2.674,
      1.239,
      2.739,
      1.304,
      2.804,
      1.37,
      2.87,
      1.435,
      2.935
    ],
    "TaskName": "rest",
    "dataset": "ds003592",
    "modality": "bold",
    "session_id": "2",
    "subject_id": "90",
    "task_id": "rest"
  },
  "dummy_trs": 2,
  "dvars_nstd": 61.7375819076617,
  "dvars_std": 1.1361441975621895,
  "dvars_vstd": 0.9912882969651738,
  "efc": 0.44606906595074064,
  "fber": 7840.61572265625,
  "fd_mean": 0.3849177302425409,
  "fd_num": 169,
  "fd_perc": 83.66336633663366,
  "fwhm_avg": 2.590982222222222,
  "fwhm_x": 2.5893833333333336,
  "fwhm_y": 2.6536133333333334,
  "fwhm_z": 2.52995,
  "gcor": 0.0571849,
  "gsr_x": -0.010628345422446728,
  "gsr_y": 0.02802252769470215,
  "provenance": {
    "md5sum": "1a06b70fb921cd99d5a1165db7f61630",
    "settings": {
      "fd_thres": 0.2,
      "testing": false
    },
    "software": "mriqc",
    "version": "23.1.0"
  },
  "size_t": 202,
  "size_x": 72,
  "size_y": 72,
  "size_z": 46,
  "snr": 3.0459255678626804,
  "spacing_tr": 3.0,
  "spacing_x": 3.0,
  "spacing_y": 3.0,
  "spacing_z": 3.0,
  "summary_bg_k": 45.02870874611448,
  "summary_bg_mad": 36.57330021501201,
  "summary_bg_mean": 103.77330121130943,
  "summary_bg_median": 27.034652709960938,
  "summary_bg_n": 191964.0,
  "summary_bg_p05": 0.8663366436958313,
  "summary_bg_p95": 539.4851684570312,
  "summary_bg_stdv": 223.23148929631006,
  "summary_fg_k": 0.5965816480717758,
  "summary_fg_mad": 712.7792956998969,
  "summary_fg_mean": 2495.384672738024,
  "summary_fg_median": 2393.8441162109375,
  "summary_fg_n": 46500.0,
  "summary_fg_p05": 1356.6683349609375,
  "summary_fg_p95": 3979.4554443359375,
  "summary_fg_stdv": 785.9083626567312,
  "tsnr": 30.37152473581955
}