{
  "aor": 0.0029656435643564353,
  "aqi": 0.008508664059405941,
  "bids_meta": {
    "EchoTime": 0.03,
    "RepetitionTime": 3.0,
    "SliceEncodingDirection": "k",
    "SliceTiming": [
      0.0,
      1.5,
      0.065,
      1.565,
      0.13,
      1.63,
      0.196,
      1.696,
      0.261,
      1.761,
      0.326,
      1.826,
      0.391,
      1.891,
      0.457,
      1.957,
      0.522,
      2.022,
      0.587,
      2.087,
      0.652,
      2.152,
      0.717,
      2.217,
      0.783,
      2.283,
      0.848,
      2.348,
      0.913,
      2.413,
      0.978,
      2.478,
      1.043,
      2.543,
      1.109,
      2.609,
      1.174,
      2.674,
      1.239,
      2.739,
      1.304,
      2.804,
      1.37,
      2.87,
      1.435,
      2.935
    ],
    "TaskName": "rest",
    "dataset": "ds003592",
    "modality": "bold",
    "session_id": "2",
    "subject_id": "90",
    "task_id": "rest"
  },
  "dummy_trs": 2,
  "dvars_nstd": 50.72579592601993,
  "dvars_std": 1.1498251203482583,
  "dvars_vstd": 1.0002799934328361,
  "efc": 0.47747193236556723,
  "fber": 11055.103515625,
  "fd_mean": 0.39947705951795776,
  "fd_num": 169,
  "fd_perc": 83.66336633663366,
  "fwhm_avg": 3.057702222222222,
  "fwhm_x": 2.9719766666666665,
  "fwhm_y": 3.10066,
  "fwhm_z": 3.10047,
  "gcor": 0.0732336,
  "gsr_x": -0.011275402270257473,
  "gsr_y": 0.03838329017162323,
  "provenance": {
    "md5sum": "f0497706133d2ee38b7d9b8ed903b3f7",
    "settings": {
      "fd_thres": 0.2,
      "testing": false
    },
    "software": "mriqc",
    "version": "23.1.0"
  },
  "size_t": 202,
  "size_x": 72,
  "size_y": 72,
  "size_z": 46,
  "snr": 3.024772551931079,
  "spacing_tr": 3.0,
  "spacing_x": 3.0,
  "spacing_y": 3.0,
  "spacing_z": 3.0,
  "summary_bg_k": 20.239860200666982,
  "summary_bg_mad": 45.623043317221274,
  "summary_bg_mean": 200.2955400102868,
  "summary_bg_median": 32.45049285888672,
  "summary_bg_n": 187907.0,
  "summary_bg_p05": 0.8267326354980469,
  "summary_bg_p95": 1117.3514404296875,
  "summary_bg_stdv": 429.35889747966803,
  "summary_fg_k": 0.6451019505882103,
  "summary_fg_mad": 1014.4521078774133,
  "summary_fg_mean": 3585.7661482502767,
  "summary_fg_median": 3411.950439453125,
  "summary_fg_n": 50557.0,
  "summary_fg_p05": 2001.7276611328125,
  "summary_fg_p95": 5746.84130859375,
  "summary_fg_stdv": 1127.9911587095503,
  "tsnr": 37.34437692677602
}