{
  "aor": 0.01627147783251232,
  "aqi": 0.006969713940886698,
  "bids_meta": {
    "EchoTime": 0.0137,
    "RepetitionTime": 3.0,
    "SliceEncodingDirection": "k",
    "SliceTiming": [
      0.0,
      1.5,
      0.065,
      1.565,
      0.13,
      1.63,
      0.196,
      1.696,
      0.261,
      1.761,
      0.326,
      1.826,
      0.391,
      1.891,
      0.457,
      1.957,
      0.522,
      2.022,
      0.587,
      2.087,
      0.652,
      2.152,
      0.717,
      2.217,
      0.783,
      2.283,
      0.848,
      2.348,
      0.913,
      2.413,
      0.978,
      2.478,
      1.043,
      2.543,
      1.109,
      2.609,
      1.174,
      2.674,
      1.239,
      2.739,
      1.304,
      2.804,
      1.37,
      2.87,
      1.435,
      2.935
    ],
    "TaskName": "rest",
    "dataset": "ds003592",
    "modality": "bold",
    "session_id": "1",
    "subject_id": "158",
    "task_id": "rest"
  },
  "dummy_trs": 1,
  "dvars_nstd": 37.99874199480196,
  "dvars_std": 1.5399348086633657,
  "dvars_vstd": 1.0507270911881188,
  "efc": 0.5194651144952728,
  "fber": 3537.87841796875,
  "fd_mean": 0.3242516835035146,
  "fd_num": 73,
  "fd_perc": 35.960591133004925,
  "fwhm_avg": 3.28846,
  "fwhm_x": 3.0888299999999997,
  "fwhm_y": 3.1719166666666667,
  "fwhm_z": 3.6046333333333336,
  "gcor": 0.104908,
  "gsr_x": 0.008459326811134815,
  "gsr_y": 0.04430661350488663,
  "provenance": {
    "md5sum": "fd6171ffc4f03f37fcd6345fb2a97b0f",
    "settings": {
      "fd_thres": 0.2,
      "testing": false
    },
    "software": "mriqc",
    "version": "23.1.0"
  },
  "size_t": 203,
  "size_x": 72,
  "size_y": 72,
  "size_z": 46,
  "snr": 3.0979076040913425,
  "spacing_tr": 3.0,
  "spacing_x": 3.0,
  "spacing_y": 3.0,
  "spacing_z": 3.0,
  "summary_bg_k": 10.758856413884029,
  "summary_bg_mad": 111.80500036374339,
  "summary_bg_mean": 470.2408007715415,
  "summary_bg_median": 77.16009521484375,
  "summary_bg_n": 190708.0,
  "summary_bg_p05": 0.9753694534301758,
  "summary_bg_p95": 2211.71923828125,
  "summary_bg_stdv": 871.4752622276645,
  "summary_fg_k": 0.7481506390688031,
  "summary_fg_mad": 1241.0694496150963,
  "summary_fg_mean": 4828.610153430051,
  "summary_fg_median": 4589.487548828125,
  "summary_fg_n": 47756.0,
  "summary_fg_p05": 2674.083740234375,
  "summary_fg_p95": 7726.85693359375,
  "summary_fg_stdv": 1481.4642925734868,
  "tsnr": 51.563084186054766
}