{
  "bids_meta": {
    "EchoTime": 0.0034,
    "FlipAngle": 7,
    "RepetitionTime": 2.53,
    "dataset": "ds003592",
    "modality": "T1w",
    "session_id": "1",
    "subject_id": "192"
  },
  "cjv": 0.7028889610943254,
  "cnr": 1.3347918201951419,
  "efc": 0.5502014367537243,
  "fber": -1.0,
  "fwhm_avg": 4.614349999999999,
  "fwhm_x": 4.63606,
  "fwhm_y": 4.68652,
  "fwhm_z": 4.52047,
  "icvs_csf": 0.2604367452437258,
  "icvs_gm": 0.37569898566991433,
  "icvs_wm": 0.36386426908636,
  "inu_med": 0.7985426187515259,
  "inu_range": 0.8157336115837097,
  "provenance": {
    "md5sum": "b455dfc32595977171ddeae3b7b996cd",
    "settings": {
      "testing": false
    },
    "software": "mriqc",
    "version": "23.1.0",
    "warnings": {
      "large_rot_frame": true,
      "small_air_mask": false
    }
  },
  "qi_1": 0.0,
  "qi_2": 0.0009332872604064912,
  "rpve_csf": 7.879441047985289,
  "rpve_gm": 7.746672077783413,
  "rpve_wm": 7.81954610301993,
  "size_x": 176,
  "size_y": 256,
  "size_z": 256,
  "snr_csf": 1.719516339329351,
  "snr_gm": 5.492631600676791,
  "snr_total": 5.801775369802054,
  "snr_wm": 10.193178169400017,
  "snrd_csf": 28.437457467063783,
  "snrd_gm": 59.2415391203051,
  "snrd_total": 54.835230809320365,
  "snrd_wm": 76.82669584059221,
  "spacing_x": 1.0,
  "spacing_y": 1.0,
  "spacing_z": 1.0,
  "summary_bg_k": 10.20932851579068,
  "summary_bg_mad": 0.0,
  "summary_bg_mean": 3.5754588833981047,
  "summary_bg_median": 0.0,
  "summary_bg_n": 2834702.0,
  "summary_bg_p05": 0.0,
  "summary_bg_p95": 20.99962943047285,
  "summary_bg_stdv": 8.082270558277115,
  "summary_csf_k": -0.9694886322978729,
  "summary_csf_mad": 184.2583000476283,
  "summary_csf_mean": 375.96796477175525,
  "summary_csf_median": 350.82652290165424,
  "summary_csf_n": 377379.8756731263,
  "summary_csf_p05": 94.7325290478766,
  "summary_csf_p95": 734.9479972980917,
  "summary_csf_stdv": 204.02601013920858,
  "summary_gm_k": -0.3195786197975563,
  "summary_gm_mad": 82.52271855148176,
  "summary_gm_mean": 737.2658433410018,
  "summary_gm_median": 730.8495566099882,
  "summary_gm_n": 544397.9741412761,
  "summary_gm_p05": 520.8142295368016,
  "summary_gm_p95": 977.4585877284408,
  "summary_gm_stdv": 133.05987703125123,
  "summary_wm_k": -0.32304525284872776,
  "summary_wm_mad": 69.96491355451715,
  "summary_wm_mean": 928.8356138143608,
  "summary_wm_median": 947.7936837002635,
  "summary_wm_n": 527249.1502733199,
  "summary_wm_p05": 751.536923892796,
  "summary_wm_p95": 1055.914452329278,
  "summary_wm_stdv": 92.98304897044322,
  "tpm_overlap_csf": 0.19989577466736685,
  "tpm_overlap_gm": 0.5302214753715312,
  "tpm_overlap_wm": 0.5485252169053351,
  "wm2max": 0.5209183347024569
}