{
  "aor": 0.0022905499999999997,
  "aqi": 0.0071832605,
  "bids_meta": {
    "EchoTime": 0.02996,
    "RepetitionTime": 3,
    "SliceEncodingDirection": "k",
    "SliceTiming": [
      0,
      1.54,
      0.07,
      1.61,
      0.14,
      1.68,
      0.21,
      1.75,
      0.28,
      1.82,
      0.35,
      1.89,
      0.42,
      1.96,
      0.49,
      2.03,
      0.56,
      2.1,
      0.63,
      2.17,
      0.7,
      2.24,
      0.77,
      2.31,
      0.84,
      2.38,
      0.91,
      2.45,
      0.98,
      2.52,
      1.05,
      2.59,
      1.12,
      2.66,
      1.19,
      2.73,
      1.26,
      2.8,
      1.33,
      2.87,
      1.4,
      2.94,
      1.47
    ],
    "TaskName": "rest",
    "dataset": "ds003592",
    "modality": "bold",
    "session_id": "2",
    "subject_id": "258",
    "task_id": "rest"
  },
  "dummy_trs": 0,
  "dvars_nstd": 31.715015334723628,
  "dvars_std": 1.0789523067839195,
  "dvars_vstd": 1.0039362790452255,
  "efc": 0.5232941471795625,
  "fber": 707.0175170898438,
  "fd_mean": 0.1770991962343451,
  "fd_num": 64,
  "fd_perc": 32.0,
  "fwhm_avg": 2.5352364715748124,
  "fwhm_x": 2.266082962962963,
  "fwhm_y": 2.6354933333333332,
  "fwhm_z": 2.704133118428141,
  "gcor": 0.0248277,
  "gsr_x": 0.0013970748987048864,
  "gsr_y": 0.0899166464805603,
  "provenance": {
    "md5sum": "0481ba5fac35b2fe975c3ad2307da84b",
    "settings": {
      "fd_thres": 0.2,
      "testing": false
    },
    "software": "mriqc",
    "version": "23.1.0"
  },
  "size_t": 200,
  "size_x": 64,
  "size_y": 64,
  "size_z": 43,
  "snr": 2.5138843695755555,
  "spacing_tr": 3.0,
  "spacing_x": 3.375,
  "spacing_y": 3.375,
  "spacing_z": 3.000000238418579,
  "summary_bg_k": 45.054839406597836,
  "summary_bg_mad": 11.749622864440827,
  "summary_bg_mean": 40.51780309392997,
  "summary_bg_median": 15.979999542236328,
  "summary_bg_n": 138363.0,
  "summary_bg_p05": 6.484999656677246,
  "summary_bg_p95": 162.26998901367188,
  "summary_bg_stdv": 67.21225491321462,
  "summary_fg_k": 1.8869730931105746,
  "summary_fg_mad": 145.37654967666384,
  "summary_fg_mean": 456.59791128834587,
  "summary_fg_median": 424.9049987792969,
  "summary_fg_n": 37765.0,
  "summary_fg_p05": 238.1199951171875,
  "summary_fg_p95": 776.9299926757812,
  "summary_fg_stdv": 169.02104895475864,
  "tsnr": 45.294985270127654
}