{
  "aor": 0.0036957635467980295,
  "aqi": 0.004356399950738916,
  "bids_meta": {
    "EchoTime": 0.03,
    "RepetitionTime": 3.0,
    "SliceEncodingDirection": "k",
    "SliceTiming": [
      0.0,
      1.5,
      0.065,
      1.565,
      0.13,
      1.63,
      0.196,
      1.696,
      0.261,
      1.761,
      0.326,
      1.826,
      0.391,
      1.891,
      0.457,
      1.957,
      0.522,
      2.022,
      0.587,
      2.087,
      0.652,
      2.152,
      0.717,
      2.217,
      0.783,
      2.283,
      0.848,
      2.348,
      0.913,
      2.413,
      0.978,
      2.478,
      1.043,
      2.543,
      1.109,
      2.609,
      1.174,
      2.674,
      1.239,
      2.739,
      1.304,
      2.804,
      1.37,
      2.87,
      1.435,
      2.935
    ],
    "TaskName": "rest",
    "dataset": "ds003592",
    "modality": "bold",
    "session_id": "1",
    "subject_id": "224",
    "task_id": "rest"
  },
  "dummy_trs": 1,
  "dvars_nstd": 23.012715840198027,
  "dvars_std": 1.0497186402970295,
  "dvars_vstd": 0.9713575318316832,
  "efc": 0.4546943328637681,
  "fber": 16147.0322265625,
  "fd_mean": 0.1851819660048086,
  "fd_num": 66,
  "fd_perc": 32.51231527093596,
  "fwhm_avg": 3.04983,
  "fwhm_x": 2.984446666666667,
  "fwhm_y": 3.1311166666666668,
  "fwhm_z": 3.0339266666666664,
  "gcor": 0.0881326,
  "gsr_x": 0.00038897176273167133,
  "gsr_y": 0.02653818391263485,
  "provenance": {
    "md5sum": "f3baf1d39c80005c9a35addf95ff1f1b",
    "settings": {
      "fd_thres": 0.2,
      "testing": false
    },
    "software": "mriqc",
    "version": "23.1.0"
  },
  "size_t": 203,
  "size_x": 72,
  "size_y": 72,
  "size_z": 46,
  "snr": 2.9883978365223096,
  "spacing_tr": 3.0,
  "spacing_x": 3.0,
  "spacing_y": 3.0,
  "spacing_z": 3.0,
  "summary_bg_k": 20.99561519274278,
  "summary_bg_mad": 36.765614320450965,
  "summary_bg_mean": 151.68252097735964,
  "summary_bg_median": 26.51231575012207,
  "summary_bg_n": 189771.0,
  "summary_bg_p05": 0.7733989953994751,
  "summary_bg_p95": 778.669921875,
  "summary_bg_stdv": 320.3128868599907,
  "summary_fg_k": 0.8144258916892397,
  "summary_fg_mad": 1016.8750910929105,
  "summary_fg_mean": 3551.037733768547,
  "summary_fg_median": 3368.94580078125,
  "summary_fg_n": 48693.0,
  "summary_fg_p05": 1988.2265625,
  "summary_fg_p95": 5689.4580078125,
  "summary_fg_stdv": 1127.330225478216,
  "tsnr": 48.356939940713346
}