{
  "aor": 0.003535320197044335,
  "aqi": 0.0027788591133004925,
  "bids_meta": {
    "EchoTime": 0.0137,
    "RepetitionTime": 3.0,
    "SliceEncodingDirection": "k",
    "SliceTiming": [
      0.0,
      1.5,
      0.065,
      1.565,
      0.13,
      1.63,
      0.196,
      1.696,
      0.261,
      1.761,
      0.326,
      1.826,
      0.391,
      1.891,
      0.457,
      1.957,
      0.522,
      2.022,
      0.587,
      2.087,
      0.652,
      2.152,
      0.717,
      2.217,
      0.783,
      2.283,
      0.848,
      2.348,
      0.913,
      2.413,
      0.978,
      2.478,
      1.043,
      2.543,
      1.109,
      2.609,
      1.174,
      2.674,
      1.239,
      2.739,
      1.304,
      2.804,
      1.37,
      2.87,
      1.435,
      2.935
    ],
    "TaskName": "rest",
    "dataset": "ds003592",
    "modality": "bold",
    "session_id": "1",
    "subject_id": "227",
    "task_id": "rest"
  },
  "dummy_trs": 1,
  "dvars_nstd": 16.200593183762372,
  "dvars_std": 1.2151532454455443,
  "dvars_vstd": 0.9625069940594063,
  "efc": 0.5025781391259107,
  "fber": 13621.166015625,
  "fd_mean": 0.05329990472614134,
  "fd_num": 0,
  "fd_perc": 0.0,
  "fwhm_avg": 3.161312222222222,
  "fwhm_x": 2.913346666666667,
  "fwhm_y": 3.1840566666666668,
  "fwhm_z": 3.386533333333333,
  "gcor": 0.048997,
  "gsr_x": -0.021720100194215775,
  "gsr_y": 0.04518337547779083,
  "provenance": {
    "md5sum": "ee60a824cee165c98b8d38eaecfa22e2",
    "settings": {
      "fd_thres": 0.2,
      "testing": false
    },
    "software": "mriqc",
    "version": "23.1.0"
  },
  "size_t": 203,
  "size_x": 72,
  "size_y": 72,
  "size_z": 46,
  "snr": 3.182387096717254,
  "spacing_tr": 3.0,
  "spacing_x": 3.0,
  "spacing_y": 3.0,
  "spacing_z": 3.0,
  "summary_bg_k": 8.995747540680648,
  "summary_bg_mad": 58.27429782674736,
  "summary_bg_mean": 348.5624825225768,
  "summary_bg_median": 40.86699295043945,
  "summary_bg_n": 186500.0,
  "summary_bg_p05": 0.8325123190879822,
  "summary_bg_p95": 1883.1674194335938,
  "summary_bg_stdv": 670.0235357774197,
  "summary_fg_k": 0.9158946846633635,
  "summary_fg_mad": 1242.2963246687157,
  "summary_fg_mean": 4979.840568598676,
  "summary_fg_median": 4769.576416015625,
  "summary_fg_n": 51964.0,
  "summary_fg_p05": 2832.8818359375,
  "summary_fg_p95": 7859.9111328125,
  "summary_fg_stdv": 1498.7273319549795,
  "tsnr": 77.95301144546829
}