{
  "aor": 0.002905467980295566,
  "aqi": 0.0044988279310344825,
  "bids_meta": {
    "EchoTime": 0.03,
    "RepetitionTime": 3.0,
    "SliceEncodingDirection": "k",
    "SliceTiming": [
      0.0,
      1.5,
      0.065,
      1.565,
      0.13,
      1.63,
      0.196,
      1.696,
      0.261,
      1.761,
      0.326,
      1.826,
      0.391,
      1.891,
      0.457,
      1.957,
      0.522,
      2.022,
      0.587,
      2.087,
      0.652,
      2.152,
      0.717,
      2.217,
      0.783,
      2.283,
      0.848,
      2.348,
      0.913,
      2.413,
      0.978,
      2.478,
      1.043,
      2.543,
      1.109,
      2.609,
      1.174,
      2.674,
      1.239,
      2.739,
      1.304,
      2.804,
      1.37,
      2.87,
      1.435,
      2.935
    ],
    "TaskName": "rest",
    "dataset": "ds003592",
    "modality": "bold",
    "session_id": "1",
    "subject_id": "99",
    "task_id": "rest"
  },
  "dummy_trs": 1,
  "dvars_nstd": 15.976795489455442,
  "dvars_std": 1.0391872569801972,
  "dvars_vstd": 0.974725264257426,
  "efc": 0.43804877419948896,
  "fber": 22565.9375,
  "fd_mean": 0.050869804776639965,
  "fd_num": 1,
  "fd_perc": 0.49261083743842365,
  "fwhm_avg": 3.1362612782338943,
  "fwhm_x": 3.1001100000000004,
  "fwhm_y": 3.1581302509856424,
  "fwhm_z": 3.1505435837160416,
  "gcor": 0.0247614,
  "gsr_x": -0.006022288464009762,
  "gsr_y": 0.029162712395191193,
  "provenance": {
    "md5sum": "e89a9989517206b380bdd976a53f58d7",
    "settings": {
      "fd_thres": 0.2,
      "testing": false
    },
    "software": "mriqc",
    "version": "23.1.0"
  },
  "size_t": 203,
  "size_x": 72,
  "size_y": 72,
  "size_z": 46,
  "snr": 2.7534572921376235,
  "spacing_tr": 3.0,
  "spacing_x": 3.0,
  "spacing_y": 2.999999761581421,
  "spacing_z": 2.999999761581421,
  "summary_bg_k": 41.01887050254645,
  "summary_bg_mad": 30.87172009831663,
  "summary_bg_mean": 124.44805477139407,
  "summary_bg_median": 23.10344696044922,
  "summary_bg_n": 189422.0,
  "summary_bg_p05": 0.9064038991928101,
  "summary_bg_p95": 573.83251953125,
  "summary_bg_stdv": 299.4169924336142,
  "summary_fg_k": 3.7308112716236232,
  "summary_fg_mad": 1022.9591534439239,
  "summary_fg_mean": 3680.497575529257,
  "summary_fg_median": 3470.5911865234375,
  "summary_fg_n": 49042.0,
  "summary_fg_p05": 2064.423583984375,
  "summary_fg_p95": 5959.20703125,
  "summary_fg_stdv": 1260.4356756817433,
  "tsnr": 58.473764676600695
}