{
  "aor": 0.002635693069306931,
  "aqi": 0.0028453300990099006,
  "bids_meta": {
    "EchoTime": 0.0137,
    "RepetitionTime": 3.0,
    "SliceEncodingDirection": "k",
    "SliceTiming": [
      0.0,
      1.5,
      0.065,
      1.565,
      0.13,
      1.63,
      0.196,
      1.696,
      0.261,
      1.761,
      0.326,
      1.826,
      0.391,
      1.891,
      0.457,
      1.957,
      0.522,
      2.022,
      0.587,
      2.087,
      0.652,
      2.152,
      0.717,
      2.217,
      0.783,
      2.283,
      0.848,
      2.348,
      0.913,
      2.413,
      0.978,
      2.478,
      1.043,
      2.543,
      1.109,
      2.609,
      1.174,
      2.674,
      1.239,
      2.739,
      1.304,
      2.804,
      1.37,
      2.87,
      1.435,
      2.935
    ],
    "TaskName": "rest",
    "dataset": "ds003592",
    "modality": "bold",
    "session_id": "2",
    "subject_id": "230",
    "task_id": "rest"
  },
  "dummy_trs": 2,
  "dvars_nstd": 18.97883284283583,
  "dvars_std": 1.1694508508955228,
  "dvars_vstd": 1.0080407716417914,
  "efc": 0.5407141856833707,
  "fber": 11261.873046875,
  "fd_mean": 0.14352778627132984,
  "fd_num": 40,
  "fd_perc": 19.801980198019802,
  "fwhm_avg": 3.1041411111111112,
  "fwhm_x": 2.6829733333333334,
  "fwhm_y": 3.191383333333333,
  "fwhm_z": 3.4380666666666664,
  "gcor": 0.0261311,
  "gsr_x": -0.01849512942135334,
  "gsr_y": 0.08132986724376678,
  "provenance": {
    "md5sum": "15c5cf6fb23067e29310c13e2216ac80",
    "settings": {
      "fd_thres": 0.2,
      "testing": false
    },
    "software": "mriqc",
    "version": "23.1.0"
  },
  "size_t": 202,
  "size_x": 72,
  "size_y": 72,
  "size_z": 46,
  "snr": 3.031682411424606,
  "spacing_tr": 3.0,
  "spacing_x": 3.0,
  "spacing_y": 3.0,
  "spacing_z": 3.0,
  "summary_bg_k": 9.49418317425956,
  "summary_bg_mad": 63.51702690385802,
  "summary_bg_mean": 434.4786994852414,
  "summary_bg_median": 44.4009895324707,
  "summary_bg_n": 177062.0,
  "summary_bg_p05": 0.7821782231330872,
  "summary_bg_p95": 2484.61865234375,
  "summary_bg_stdv": 893.4554937122607,
  "summary_fg_k": 0.4010959458975951,
  "summary_fg_mad": 1438.1607102570915,
  "summary_fg_mean": 4944.455269495821,
  "summary_fg_median": 4711.920654296875,
  "summary_fg_n": 61402.0,
  "summary_fg_p05": 2772.7919921875,
  "summary_fg_p95": 7868.55908203125,
  "summary_fg_stdv": 1554.213682457247,
  "tsnr": 80.27562268916517
}