{
  "aor": 0.004718324873096447,
  "aqi": 0.005663018426395939,
  "bids_meta": {
    "EchoTime": 0.04592,
    "RepetitionTime": 3,
    "SliceEncodingDirection": "k",
    "SliceTiming": [
      0,
      1.54,
      0.07,
      1.61,
      0.14,
      1.68,
      0.21,
      1.75,
      0.28,
      1.82,
      0.35,
      1.89,
      0.42,
      1.96,
      0.49,
      2.03,
      0.56,
      2.1,
      0.63,
      2.17,
      0.7,
      2.24,
      0.77,
      2.31,
      0.84,
      2.38,
      0.91,
      2.45,
      0.98,
      2.52,
      1.05,
      2.5925,
      1.12,
      2.6625,
      1.19,
      2.7325,
      1.26,
      2.8025,
      1.33,
      2.8725,
      1.4,
      2.9425,
      1.47
    ],
    "TaskName": "rest",
    "dataset": "ds003592",
    "modality": "bold",
    "session_id": "1",
    "subject_id": "248",
    "task_id": "rest"
  },
  "dummy_trs": 3,
  "dvars_nstd": 31.692099911632656,
  "dvars_std": 1.1062930899999996,
  "dvars_vstd": 1.0074689027551025,
  "efc": 0.4505038026301521,
  "fber": 1176.6583251953125,
  "fd_mean": 0.09500449507802813,
  "fd_num": 15,
  "fd_perc": 7.614213197969543,
  "fwhm_avg": 2.2013719135100804,
  "fwhm_x": 2.035054814814815,
  "fwhm_y": 2.241540740740741,
  "fwhm_z": 2.327520184974685,
  "gcor": 0.0370423,
  "gsr_x": -0.011878208257257938,
  "gsr_y": 0.03195315599441528,
  "provenance": {
    "md5sum": "6a41d3c56ace04deb25a8c70097ad214",
    "settings": {
      "fd_thres": 0.2,
      "testing": false
    },
    "software": "mriqc",
    "version": "23.1.0"
  },
  "size_t": 197,
  "size_x": 64,
  "size_y": 64,
  "size_z": 43,
  "snr": 2.3651507313178874,
  "spacing_tr": 3.0,
  "spacing_x": 3.375,
  "spacing_y": 3.375,
  "spacing_z": 2.999999761581421,
  "summary_bg_k": 96.37191019927783,
  "summary_bg_mad": 4.816575283079426,
  "summary_bg_mean": 23.006252414214945,
  "summary_bg_median": 11.588831901550293,
  "summary_bg_n": 144618.0,
  "summary_bg_p05": 7.543147087097168,
  "summary_bg_p95": 83.54822540283203,
  "summary_bg_stdv": 39.05801051815282,
  "summary_fg_k": 1.968214834831632,
  "summary_fg_mad": 142.87545022794367,
  "summary_fg_mean": 432.72469693204783,
  "summary_fg_median": 397.52537536621094,
  "summary_fg_n": 31510.0,
  "summary_fg_p05": 226.9187774658203,
  "summary_fg_p95": 758.852783203125,
  "summary_fg_stdv": 168.073460235908,
  "tsnr": 45.17308927664999
}