{
  "bids_meta": {
    "EchoTime": 0.0034,
    "FlipAngle": 7,
    "RepetitionTime": 2.53,
    "dataset": "ds003592",
    "modality": "T1w",
    "session_id": "1",
    "subject_id": "110"
  },
  "cjv": 0.767378444337754,
  "cnr": 0.9761089144412864,
  "efc": 0.562727274307842,
  "fber": -1.0,
  "fwhm_avg": 4.38093,
  "fwhm_x": 4.60301,
  "fwhm_y": 4.35205,
  "fwhm_z": 4.18773,
  "icvs_csf": 0.2487339095737587,
  "icvs_gm": 0.36149328803356845,
  "icvs_wm": 0.38977280239267287,
  "inu_med": 0.9365575313568115,
  "inu_range": 0.8506190180778503,
  "provenance": {
    "md5sum": "e3a0e9bf7f867822f86e641a575825fb",
    "settings": {
      "testing": false
    },
    "software": "mriqc",
    "version": "23.1.0",
    "warnings": {
      "large_rot_frame": true,
      "small_air_mask": false
    }
  },
  "qi_1": 0.0,
  "qi_2": 0.0023125405957648212,
  "rpve_csf": 7.034329834306724,
  "rpve_gm": 6.878264310797748,
  "rpve_wm": 6.974381648093525,
  "size_x": 176,
  "size_y": 256,
  "size_z": 256,
  "snr_csf": 1.5564934231664607,
  "snr_gm": 2.970979534169854,
  "snr_total": 4.132117928681429,
  "snr_wm": 7.868880828707972,
  "snrd_csf": 2.983719209107868,
  "snrd_gm": 8.211285088245955,
  "snrd_total": 7.504702873743419,
  "snrd_wm": 11.319104323876433,
  "spacing_x": 1.0,
  "spacing_y": 1.0,
  "spacing_z": 1.0,
  "summary_bg_k": 665.6528190006475,
  "summary_bg_mad": 0.0,
  "summary_bg_mean": 6.781248491745408,
  "summary_bg_median": 0.0,
  "summary_bg_n": 2902616.0,
  "summary_bg_p05": 0.0,
  "summary_bg_p95": 21.436819076538086,
  "summary_bg_stdv": 55.65595226919462,
  "summary_csf_k": -0.422493913668899,
  "summary_csf_mad": 118.34617816796238,
  "summary_csf_mean": 301.92470517267833,
  "summary_csf_median": 253.4765796661377,
  "summary_csf_n": 402188.05650262546,
  "summary_csf_p05": 107.88694190979004,
  "summary_csf_p95": 631.4071979522705,
  "summary_csf_stdv": 162.85084200890364,
  "summary_gm_k": 3.750185669066256,
  "summary_gm_mad": 94.37921629998509,
  "summary_gm_mean": 676.7240453594432,
  "summary_gm_median": 697.5751781463623,
  "summary_gm_n": 584513.3186790189,
  "summary_gm_p05": 213.66534423828125,
  "summary_gm_p95": 1046.3878688812256,
  "summary_gm_stdv": 234.7961584415607,
  "summary_wm_k": -0.5984450072034235,
  "summary_wm_mad": 108.2234861988788,
  "summary_wm_mean": 937.8797465244284,
  "summary_wm_median": 961.5944557189941,
  "summary_wm_n": 630239.6249089042,
  "summary_wm_p05": 717.4556941986084,
  "summary_wm_p95": 1109.4934463500977,
  "summary_wm_stdv": 122.20209122121675,
  "tpm_overlap_csf": 0.20600264873152457,
  "tpm_overlap_gm": 0.4968387628860971,
  "tpm_overlap_wm": 0.5086597687582683,
  "wm2max": 0.3610238609554688
}