{
  "aor": 0.007072524752475248,
  "aqi": 0.0041835253960396035,
  "bids_meta": {
    "EchoTime": 0.0137,
    "RepetitionTime": 3.0,
    "SliceEncodingDirection": "k",
    "SliceTiming": [
      0.0,
      1.5,
      0.065,
      1.565,
      0.13,
      1.63,
      0.196,
      1.696,
      0.261,
      1.761,
      0.326,
      1.826,
      0.391,
      1.891,
      0.457,
      1.957,
      0.522,
      2.022,
      0.587,
      2.087,
      0.652,
      2.152,
      0.717,
      2.217,
      0.783,
      2.283,
      0.848,
      2.348,
      0.913,
      2.413,
      0.978,
      2.478,
      1.043,
      2.543,
      1.109,
      2.609,
      1.174,
      2.674,
      1.239,
      2.739,
      1.304,
      2.804,
      1.37,
      2.87,
      1.435,
      2.935
    ],
    "TaskName": "rest",
    "dataset": "ds003592",
    "modality": "bold",
    "session_id": "1",
    "subject_id": "36",
    "task_id": "rest"
  },
  "dummy_trs": 2,
  "dvars_nstd": 22.302578252238796,
  "dvars_std": 1.2656194049253722,
  "dvars_vstd": 0.9654274524875626,
  "efc": 0.5520999773150984,
  "fber": 6668.5810546875,
  "fd_mean": 0.14393337920307012,
  "fd_num": 35,
  "fd_perc": 17.326732673267326,
  "fwhm_avg": 3.305783333333333,
  "fwhm_x": 2.9463566666666665,
  "fwhm_y": 3.20946,
  "fwhm_z": 3.761533333333333,
  "gcor": 0.0789599,
  "gsr_x": -0.012977712787687778,
  "gsr_y": 0.08981829136610031,
  "provenance": {
    "md5sum": "60cfd339f7ac26acfb89b751e8ab9fd3",
    "settings": {
      "fd_thres": 0.2,
      "testing": false
    },
    "software": "mriqc",
    "version": "23.1.0"
  },
  "size_t": 202,
  "size_x": 72,
  "size_y": 72,
  "size_z": 46,
  "snr": 2.872413738305228,
  "spacing_tr": 3.0,
  "spacing_x": 3.0,
  "spacing_y": 3.0,
  "spacing_z": 3.0,
  "summary_bg_k": 8.5936353645971,
  "summary_bg_mad": 88.55245200068953,
  "summary_bg_mean": 497.9583843247305,
  "summary_bg_median": 59.89603805541992,
  "summary_bg_n": 175622.0,
  "summary_bg_p05": 0.044554453343153,
  "summary_bg_p95": 2635.92578125,
  "summary_bg_stdv": 968.8527867099124,
  "summary_fg_k": 1.5750567136569709,
  "summary_fg_mad": 1476.102984097795,
  "summary_fg_mean": 5188.488595446454,
  "summary_fg_median": 4891.193115234375,
  "summary_fg_n": 62842.0,
  "summary_fg_p05": 2930.22265625,
  "summary_fg_p95": 8365.12890625,
  "summary_fg_stdv": 1702.802814671153,
  "tsnr": 65.46545643080026
}