{
  "aor": 0.002033743842364532,
  "aqi": 0.0036102141379310347,
  "bids_meta": {
    "EchoTime": 0.03,
    "RepetitionTime": 3.0,
    "SliceEncodingDirection": "k",
    "SliceTiming": [
      0.0,
      1.5,
      0.065,
      1.565,
      0.13,
      1.63,
      0.196,
      1.696,
      0.261,
      1.761,
      0.326,
      1.826,
      0.391,
      1.891,
      0.457,
      1.957,
      0.522,
      2.022,
      0.587,
      2.087,
      0.652,
      2.152,
      0.717,
      2.217,
      0.783,
      2.283,
      0.848,
      2.348,
      0.913,
      2.413,
      0.978,
      2.478,
      1.043,
      2.543,
      1.109,
      2.609,
      1.174,
      2.674,
      1.239,
      2.739,
      1.304,
      2.804,
      1.37,
      2.87,
      1.435,
      2.935
    ],
    "TaskName": "rest",
    "dataset": "ds003592",
    "modality": "bold",
    "session_id": "1",
    "subject_id": "78",
    "task_id": "rest"
  },
  "dummy_trs": 1,
  "dvars_nstd": 17.94943440816832,
  "dvars_std": 1.0635400020792078,
  "dvars_vstd": 0.9718917096039607,
  "efc": 0.4654285941470733,
  "fber": 17739.671875,
  "fd_mean": 0.10477301759043436,
  "fd_num": 22,
  "fd_perc": 10.83743842364532,
  "fwhm_avg": 3.134158888888889,
  "fwhm_x": 3.02604,
  "fwhm_y": 3.1607833333333333,
  "fwhm_z": 3.2156533333333335,
  "gcor": 0.0404326,
  "gsr_x": -0.0019801876042038202,
  "gsr_y": 0.02718844823539257,
  "provenance": {
    "md5sum": "5cbbea2ec8052340455f2eee028b047f",
    "settings": {
      "fd_thres": 0.2,
      "testing": false
    },
    "software": "mriqc",
    "version": "23.1.0"
  },
  "size_t": 203,
  "size_x": 72,
  "size_y": 72,
  "size_z": 46,
  "snr": 2.943570703471901,
  "spacing_tr": 3.0,
  "spacing_x": 3.0,
  "spacing_y": 3.0,
  "spacing_z": 3.0,
  "summary_bg_k": 20.920769995897352,
  "summary_bg_mad": 36.195941848791726,
  "summary_bg_mean": 158.0961998213845,
  "summary_bg_median": 25.955663681030273,
  "summary_bg_n": 186519.0,
  "summary_bg_p05": 0.7192118167877197,
  "summary_bg_p95": 838.4482421875,
  "summary_bg_stdv": 342.9070948630824,
  "summary_fg_k": 0.4673819061734896,
  "summary_fg_mad": 1082.8617487193774,
  "summary_fg_mean": 3635.852200596444,
  "summary_fg_median": 3457.044189453125,
  "summary_fg_n": 51945.0,
  "summary_fg_p05": 1982.1231689453125,
  "summary_fg_p95": 5877.41845703125,
  "summary_fg_stdv": 1174.4276803713897,
  "tsnr": 57.353435803204775
}