{
  "aor": 0.0023582266009852214,
  "aqi": 0.01029601118226601,
  "bids_meta": {
    "EchoTime": 0.047,
    "RepetitionTime": 3.0,
    "SliceEncodingDirection": "k",
    "SliceTiming": [
      0.0,
      1.5,
      0.065,
      1.565,
      0.13,
      1.63,
      0.196,
      1.696,
      0.261,
      1.761,
      0.326,
      1.826,
      0.391,
      1.891,
      0.457,
      1.957,
      0.522,
      2.022,
      0.587,
      2.087,
      0.652,
      2.152,
      0.717,
      2.217,
      0.783,
      2.283,
      0.848,
      2.348,
      0.913,
      2.413,
      0.978,
      2.478,
      1.043,
      2.543,
      1.109,
      2.609,
      1.174,
      2.674,
      1.239,
      2.739,
      1.304,
      2.804,
      1.37,
      2.87,
      1.435,
      2.935
    ],
    "TaskName": "rest",
    "dataset": "ds003592",
    "modality": "bold",
    "session_id": "1",
    "subject_id": "48",
    "task_id": "rest"
  },
  "dummy_trs": 1,
  "dvars_nstd": 25.46282839089109,
  "dvars_std": 1.0055886768316828,
  "dvars_vstd": 0.944388277970297,
  "efc": 0.4492287216494951,
  "fber": 8075.583984375,
  "fd_mean": 0.10664199350185444,
  "fd_num": 18,
  "fd_perc": 8.866995073891626,
  "fwhm_avg": 2.621605417574699,
  "fwhm_x": 2.656213333333333,
  "fwhm_y": 2.748126448265199,
  "fwhm_z": 2.460476471125565,
  "gcor": 0.0191186,
  "gsr_x": -0.007807549089193344,
  "gsr_y": 0.02741323970258236,
  "provenance": {
    "md5sum": "cdda3cc2ecfaf69d90a0f923ee8ab14f",
    "settings": {
      "fd_thres": 0.2,
      "testing": false
    },
    "software": "mriqc",
    "version": "23.1.0"
  },
  "size_t": 203,
  "size_x": 72,
  "size_y": 72,
  "size_z": 46,
  "snr": 2.930478837858999,
  "spacing_tr": 3.0,
  "spacing_x": 3.0,
  "spacing_y": 3.000000238418579,
  "spacing_z": 3.000000238418579,
  "summary_bg_k": 22.183873950771957,
  "summary_bg_mad": 36.298191746424166,
  "summary_bg_mean": 98.99886933996088,
  "summary_bg_median": 26.635467529296875,
  "summary_bg_n": 190051.0,
  "summary_bg_p05": 0.6945812702178955,
  "summary_bg_p95": 489.2118225097656,
  "summary_bg_stdv": 201.94153205267327,
  "summary_fg_k": 0.6085693092072324,
  "summary_fg_mad": 746.7711006409984,
  "summary_fg_mean": 2507.770960870698,
  "summary_fg_median": 2393.576416015625,
  "summary_fg_n": 48413.0,
  "summary_fg_p05": 1335.536865234375,
  "summary_fg_p95": 4029.18212890625,
  "summary_fg_stdv": 816.7783587365457,
  "tsnr": 34.703597530024126
}