{
  "aor": 0.00709505,
  "aqi": 0.005616882750000001,
  "bids_meta": {
    "EchoTime": 0.03,
    "RepetitionTime": 3.0,
    "SliceEncodingDirection": "k",
    "SliceTiming": [
      0.0,
      1.5,
      0.065,
      1.565,
      0.13,
      1.63,
      0.196,
      1.696,
      0.261,
      1.761,
      0.326,
      1.826,
      0.391,
      1.891,
      0.457,
      1.957,
      0.522,
      2.022,
      0.587,
      2.087,
      0.652,
      2.152,
      0.717,
      2.217,
      0.783,
      2.283,
      0.848,
      2.348,
      0.913,
      2.413,
      0.978,
      2.478,
      1.043,
      2.543,
      1.109,
      2.609,
      1.174,
      2.674,
      1.239,
      2.739,
      1.304,
      2.804,
      1.37,
      2.87,
      1.435,
      2.935
    ],
    "TaskName": "rest",
    "dataset": "ds003592",
    "modality": "bold",
    "session_id": "2",
    "subject_id": "36",
    "task_id": "rest"
  },
  "dummy_trs": 4,
  "dvars_nstd": 21.798542722814062,
  "dvars_std": 0.9668832185929652,
  "dvars_vstd": 0.9352869398994974,
  "efc": 0.489041320210376,
  "fber": 11101.2099609375,
  "fd_mean": 0.14834573143451021,
  "fd_num": 25,
  "fd_perc": 12.5,
  "fwhm_avg": 3.072605555555555,
  "fwhm_x": 2.88674,
  "fwhm_y": 3.124226666666667,
  "fwhm_z": 3.2068499999999998,
  "gcor": 0.0525721,
  "gsr_x": -0.0014829339925199747,
  "gsr_y": 0.03822879493236542,
  "provenance": {
    "md5sum": "3b6d3afe329a5bdb8e84667c24bdb120",
    "settings": {
      "fd_thres": 0.2,
      "testing": false
    },
    "software": "mriqc",
    "version": "23.1.0"
  },
  "size_t": 200,
  "size_x": 72,
  "size_y": 72,
  "size_z": 46,
  "snr": 2.9915331142407715,
  "spacing_tr": 3.0,
  "spacing_x": 3.0,
  "spacing_y": 3.0,
  "spacing_z": 3.0,
  "summary_bg_k": 26.370908928105873,
  "summary_bg_mad": 48.629354375317355,
  "summary_bg_mean": 180.5803563360458,
  "summary_bg_median": 33.130001068115234,
  "summary_bg_n": 182006.0,
  "summary_bg_p05": 0.07999999821186066,
  "summary_bg_p95": 946.875,
  "summary_bg_stdv": 379.57670064403186,
  "summary_fg_k": 1.007026824878543,
  "summary_fg_mad": 1064.6160770081174,
  "summary_fg_mean": 3689.889067140555,
  "summary_fg_median": 3490.6524658203125,
  "summary_fg_n": 56458.0,
  "summary_fg_p05": 2144.425048828125,
  "summary_fg_p95": 5897.6650390625,
  "summary_fg_stdv": 1166.8336664424417,
  "tsnr": 47.519562422297895
}