{
  "aor": 0.0052255999999999995,
  "aqi": 0.006861461200000001,
  "bids_meta": {
    "EchoTime": 0.02996,
    "RepetitionTime": 3,
    "SliceEncodingDirection": "k",
    "SliceTiming": [
      0,
      1.54,
      0.07,
      1.61,
      0.14,
      1.68,
      0.21,
      1.75,
      0.28,
      1.82,
      0.35,
      1.89,
      0.42,
      1.96,
      0.49,
      2.03,
      0.56,
      2.1,
      0.63,
      2.17,
      0.7,
      2.24,
      0.77,
      2.31,
      0.84,
      2.38,
      0.91,
      2.45,
      0.98,
      2.52,
      1.05,
      2.59,
      1.12,
      2.66,
      1.19,
      2.73,
      1.26,
      2.8,
      1.33,
      2.87,
      1.4,
      2.94,
      1.47
    ],
    "TaskName": "rest",
    "dataset": "ds003592",
    "modality": "bold",
    "session_id": "2",
    "subject_id": "280",
    "task_id": "rest"
  },
  "dummy_trs": 0,
  "dvars_nstd": 43.73239685909549,
  "dvars_std": 1.2085274305025127,
  "dvars_vstd": 1.0268173362311563,
  "efc": 0.49378937846255583,
  "fber": 1136.413818359375,
  "fd_mean": 0.3726137764866738,
  "fd_num": 146,
  "fd_perc": 73.0,
  "fwhm_avg": 2.4643965582561598,
  "fwhm_x": 2.318325925925926,
  "fwhm_y": 2.4226785185185182,
  "fwhm_z": 2.6521852303240356,
  "gcor": 0.028865,
  "gsr_x": -0.0058807507157325745,
  "gsr_y": 0.04801991209387779,
  "provenance": {
    "md5sum": "2d542c7ca4729ad13540366f14f5f712",
    "settings": {
      "fd_thres": 0.2,
      "testing": false
    },
    "software": "mriqc",
    "version": "23.1.0"
  },
  "size_t": 200,
  "size_x": 64,
  "size_y": 64,
  "size_z": 43,
  "snr": 2.595624358798214,
  "spacing_tr": 3.0,
  "spacing_x": 3.375,
  "spacing_y": 3.375,
  "spacing_z": 2.999997854232788,
  "summary_bg_k": 113.98517270592748,
  "summary_bg_mad": 12.364901314644207,
  "summary_bg_mean": 39.36238683136076,
  "summary_bg_median": 18.209999084472656,
  "summary_bg_n": 137106.0,
  "summary_bg_p05": 8.0649995803833,
  "summary_bg_p95": 142.45999145507812,
  "summary_bg_stdv": 70.67892820230607,
  "summary_fg_k": 0.97311925112417,
  "summary_fg_mad": 226.53420326183772,
  "summary_fg_mean": 646.9221446374214,
  "summary_fg_median": 613.8724975585938,
  "summary_fg_n": 39022.0,
  "summary_fg_p05": 328.125,
  "summary_fg_p95": 1088.4000244140625,
  "summary_fg_stdv": 236.49979616822208,
  "tsnr": 42.75854292185977
}