{
  "aor": 0.00258970297029703,
  "aqi": 0.003032187277227723,
  "bids_meta": {
    "EchoTime": 0.0137,
    "RepetitionTime": 3.0,
    "SliceEncodingDirection": "k",
    "SliceTiming": [
      0.0,
      1.5,
      0.065,
      1.565,
      0.13,
      1.63,
      0.196,
      1.696,
      0.261,
      1.761,
      0.326,
      1.826,
      0.391,
      1.891,
      0.457,
      1.957,
      0.522,
      2.022,
      0.587,
      2.087,
      0.652,
      2.152,
      0.717,
      2.217,
      0.783,
      2.283,
      0.848,
      2.348,
      0.913,
      2.413,
      0.978,
      2.478,
      1.043,
      2.543,
      1.109,
      2.609,
      1.174,
      2.674,
      1.239,
      2.739,
      1.304,
      2.804,
      1.37,
      2.87,
      1.435,
      2.935
    ],
    "TaskName": "rest",
    "dataset": "ds003592",
    "modality": "bold",
    "session_id": "1",
    "subject_id": "153",
    "task_id": "rest"
  },
  "dummy_trs": 2,
  "dvars_nstd": 19.439592950000005,
  "dvars_std": 1.224175271791045,
  "dvars_vstd": 0.9727412371144284,
  "efc": 0.5450994581518337,
  "fber": 11972.4169921875,
  "fd_mean": 0.14126565488454634,
  "fd_num": 36,
  "fd_perc": 17.821782178217823,
  "fwhm_avg": 3.1219288888888888,
  "fwhm_x": 2.62704,
  "fwhm_y": 3.2117466666666665,
  "fwhm_z": 3.5269999999999997,
  "gcor": 0.03296,
  "gsr_x": -0.029022611677646637,
  "gsr_y": 0.0800662711262703,
  "provenance": {
    "md5sum": "b3c44973abd9ce046d4be8d60a0537cb",
    "settings": {
      "fd_thres": 0.2,
      "testing": false
    },
    "software": "mriqc",
    "version": "23.1.0"
  },
  "size_t": 202,
  "size_x": 72,
  "size_y": 72,
  "size_z": 46,
  "snr": 2.8092997609645356,
  "spacing_tr": 3.0,
  "spacing_x": 3.0,
  "spacing_y": 3.0,
  "spacing_z": 3.0,
  "summary_bg_k": 10.64298853500197,
  "summary_bg_mad": 60.29493394370207,
  "summary_bg_mean": 409.38423250763395,
  "summary_bg_median": 41.836631774902344,
  "summary_bg_n": 174067.0,
  "summary_bg_p05": 0.6435643434524536,
  "summary_bg_p95": 2169.10400390625,
  "summary_bg_stdv": 821.4583518711361,
  "summary_fg_k": 0.64168883038321,
  "summary_fg_mad": 1429.9104777457637,
  "summary_fg_mean": 4809.6314279772505,
  "summary_fg_median": 4577.703125,
  "summary_fg_n": 64397.0,
  "summary_fg_p05": 2472.8662109375,
  "summary_fg_p95": 7877.04931640625,
  "summary_fg_stdv": 1629.4692526728734,
  "tsnr": 70.86047124303877
}