{
  "aor": 0.0012088177339901476,
  "aqi": 0.004908705320197044,
  "bids_meta": {
    "EchoTime": 0.03,
    "RepetitionTime": 3.0,
    "SliceEncodingDirection": "k",
    "SliceTiming": [
      0.0,
      1.5,
      0.065,
      1.565,
      0.13,
      1.63,
      0.196,
      1.696,
      0.261,
      1.761,
      0.326,
      1.826,
      0.391,
      1.891,
      0.457,
      1.957,
      0.522,
      2.022,
      0.587,
      2.087,
      0.652,
      2.152,
      0.717,
      2.217,
      0.783,
      2.283,
      0.848,
      2.348,
      0.913,
      2.413,
      0.978,
      2.478,
      1.043,
      2.543,
      1.109,
      2.609,
      1.174,
      2.674,
      1.239,
      2.739,
      1.304,
      2.804,
      1.37,
      2.87,
      1.435,
      2.935
    ],
    "TaskName": "rest",
    "dataset": "ds003592",
    "modality": "bold",
    "session_id": "1",
    "subject_id": "153",
    "task_id": "rest"
  },
  "dummy_trs": 1,
  "dvars_nstd": 22.892690729603967,
  "dvars_std": 1.0881797894554457,
  "dvars_vstd": 0.9491342122772273,
  "efc": 0.48826651754206424,
  "fber": 9620.20703125,
  "fd_mean": 0.14866607289383826,
  "fd_num": 38,
  "fd_perc": 18.7192118226601,
  "fwhm_avg": 2.91925,
  "fwhm_x": 2.7775766666666666,
  "fwhm_y": 3.0402733333333334,
  "fwhm_z": 2.9398999999999997,
  "gcor": 0.050618,
  "gsr_x": -0.007802649401128292,
  "gsr_y": 0.021980024874210358,
  "provenance": {
    "md5sum": "9653fe300b31df8f33170cfa06400bfb",
    "settings": {
      "fd_thres": 0.2,
      "testing": false
    },
    "software": "mriqc",
    "version": "23.1.0"
  },
  "size_t": 203,
  "size_x": 72,
  "size_y": 72,
  "size_z": 46,
  "snr": 2.957625168010598,
  "spacing_tr": 3.0,
  "spacing_x": 3.0,
  "spacing_y": 3.0,
  "spacing_z": 3.0,
  "summary_bg_k": 17.68687258019451,
  "summary_bg_mad": 48.63008157187107,
  "summary_bg_mean": 188.7338755449977,
  "summary_bg_median": 34.17980194091797,
  "summary_bg_n": 184202.0,
  "summary_bg_p05": 0.7290640473365784,
  "summary_bg_p95": 955.7191772460938,
  "summary_bg_stdv": 376.4237478043633,
  "summary_fg_k": 0.43600171562370527,
  "summary_fg_mad": 1039.1472440245457,
  "summary_fg_mean": 3527.337560357109,
  "summary_fg_median": 3352.44580078125,
  "summary_fg_n": 54262.0,
  "summary_fg_p05": 1945.88671875,
  "summary_fg_p95": 5686.64501953125,
  "summary_fg_stdv": 1133.4820063114998,
  "tsnr": 50.124500224832445
}