{
  "aor": 0.0011720689655172413,
  "aqi": 0.007149611527093596,
  "bids_meta": {
    "EchoTime": 0.047,
    "RepetitionTime": 3.0,
    "SliceEncodingDirection": "k",
    "SliceTiming": [
      0.0,
      1.5,
      0.065,
      1.565,
      0.13,
      1.63,
      0.196,
      1.696,
      0.261,
      1.761,
      0.326,
      1.826,
      0.391,
      1.891,
      0.457,
      1.957,
      0.522,
      2.022,
      0.587,
      2.087,
      0.652,
      2.152,
      0.717,
      2.217,
      0.783,
      2.283,
      0.848,
      2.348,
      0.913,
      2.413,
      0.978,
      2.478,
      1.043,
      2.543,
      1.109,
      2.609,
      1.174,
      2.674,
      1.239,
      2.739,
      1.304,
      2.804,
      1.37,
      2.87,
      1.435,
      2.935
    ],
    "TaskName": "rest",
    "dataset": "ds003592",
    "modality": "bold",
    "session_id": "1",
    "subject_id": "153",
    "task_id": "rest"
  },
  "dummy_trs": 1,
  "dvars_nstd": 29.719048811831676,
  "dvars_std": 1.0748973165841584,
  "dvars_vstd": 0.9614031432673265,
  "efc": 0.4560760891883445,
  "fber": 7598.87158203125,
  "fd_mean": 0.14581725638584175,
  "fd_num": 35,
  "fd_perc": 17.24137931034483,
  "fwhm_avg": 2.5450522222222225,
  "fwhm_x": 2.550056666666667,
  "fwhm_y": 2.6943366666666666,
  "fwhm_z": 2.3907633333333336,
  "gcor": 0.0517251,
  "gsr_x": -0.00346660939976573,
  "gsr_y": 0.017519844695925713,
  "provenance": {
    "md5sum": "cbdd61f3ea7900b75bd916238cfd1c52",
    "settings": {
      "fd_thres": 0.2,
      "testing": false
    },
    "software": "mriqc",
    "version": "23.1.0"
  },
  "size_t": 203,
  "size_x": 72,
  "size_y": 72,
  "size_z": 46,
  "snr": 2.8641067981660964,
  "spacing_tr": 3.0,
  "spacing_x": 3.0,
  "spacing_y": 3.0,
  "spacing_z": 3.0,
  "summary_bg_k": 25.651106717615257,
  "summary_bg_mad": 36.99202368450451,
  "summary_bg_mean": 103.34376956039203,
  "summary_bg_median": 27.172412872314453,
  "summary_bg_n": 188709.0,
  "summary_bg_p05": 0.778325080871582,
  "summary_bg_p95": 511.2906188964844,
  "summary_bg_stdv": 212.70109125611458,
  "summary_fg_k": 0.9838830609275035,
  "summary_fg_mad": 736.590517145469,
  "summary_fg_mean": 2480.8662240022345,
  "summary_fg_median": 2368.66015625,
  "summary_fg_n": 49755.0,
  "summary_fg_p05": 1331.0443115234375,
  "summary_fg_p95": 4046.38916015625,
  "summary_fg_stdv": 827.006993736973,
  "tsnr": 39.40106155490503
}