{
  "aor": 0.0019015270935960596,
  "aqi": 0.0035970663546798036,
  "bids_meta": {
    "EchoTime": 0.03,
    "RepetitionTime": 3.0,
    "SliceEncodingDirection": "k",
    "SliceTiming": [
      0.0,
      1.5,
      0.065,
      1.565,
      0.13,
      1.63,
      0.196,
      1.696,
      0.261,
      1.761,
      0.326,
      1.826,
      0.391,
      1.891,
      0.457,
      1.957,
      0.522,
      2.022,
      0.587,
      2.087,
      0.652,
      2.152,
      0.717,
      2.217,
      0.783,
      2.283,
      0.848,
      2.348,
      0.913,
      2.413,
      0.978,
      2.478,
      1.043,
      2.543,
      1.109,
      2.609,
      1.174,
      2.674,
      1.239,
      2.739,
      1.304,
      2.804,
      1.37,
      2.87,
      1.435,
      2.935
    ],
    "TaskName": "rest",
    "dataset": "ds003592",
    "modality": "bold",
    "session_id": "1",
    "subject_id": "143",
    "task_id": "rest"
  },
  "dummy_trs": 1,
  "dvars_nstd": 14.792391262475245,
  "dvars_std": 1.0377954229207924,
  "dvars_vstd": 0.9563382267326727,
  "efc": 0.4526429167208609,
  "fber": 11355.103515625,
  "fd_mean": 0.04974010593816549,
  "fd_num": 1,
  "fd_perc": 0.49261083743842365,
  "fwhm_avg": 3.1927268396064226,
  "fwhm_x": 3.0499233333333335,
  "fwhm_y": 3.1892569201260343,
  "fwhm_z": 3.3390002653598994,
  "gcor": 0.013792,
  "gsr_x": -0.0037958864122629166,
  "gsr_y": 0.035595979541540146,
  "provenance": {
    "md5sum": "c865f1c19f2ae05f5a9e667c696bd794",
    "settings": {
      "fd_thres": 0.2,
      "testing": false
    },
    "software": "mriqc",
    "version": "23.1.0"
  },
  "size_t": 203,
  "size_x": 72,
  "size_y": 72,
  "size_z": 46,
  "snr": 2.7765966887835236,
  "spacing_tr": 3.0,
  "spacing_x": 3.0,
  "spacing_y": 2.999999761581421,
  "spacing_z": 2.999999761581421,
  "summary_bg_k": 38.439472808115816,
  "summary_bg_mad": 45.763473640837965,
  "summary_bg_mean": 179.27427005325882,
  "summary_bg_median": 32.497535705566406,
  "summary_bg_n": 191636.0,
  "summary_bg_p05": 0.9162561297416687,
  "summary_bg_p95": 913.7093505859375,
  "summary_bg_stdv": 398.2851996743513,
  "summary_fg_k": 1.4779131790520523,
  "summary_fg_mad": 956.4901795439808,
  "summary_fg_mean": 3738.757838812597,
  "summary_fg_median": 3462.9482421875,
  "summary_fg_n": 46828.0,
  "summary_fg_p05": 2150.743896484375,
  "summary_fg_p95": 6290.4775390625,
  "summary_fg_stdv": 1247.178346351371,
  "tsnr": 66.71845859242603
}