{
  "aor": 0.002836386138613861,
  "aqi": 0.0022689137722772274,
  "bids_meta": {
    "EchoTime": 0.0137,
    "RepetitionTime": 3.0,
    "SliceEncodingDirection": "k",
    "SliceTiming": [
      0.0,
      1.5,
      0.065,
      1.565,
      0.13,
      1.63,
      0.196,
      1.696,
      0.261,
      1.761,
      0.326,
      1.826,
      0.391,
      1.891,
      0.457,
      1.957,
      0.522,
      2.022,
      0.587,
      2.087,
      0.652,
      2.152,
      0.717,
      2.217,
      0.783,
      2.283,
      0.848,
      2.348,
      0.913,
      2.413,
      0.978,
      2.478,
      1.043,
      2.543,
      1.109,
      2.609,
      1.174,
      2.674,
      1.239,
      2.739,
      1.304,
      2.804,
      1.37,
      2.87,
      1.435,
      2.935
    ],
    "TaskName": "rest",
    "dataset": "ds003592",
    "modality": "bold",
    "session_id": "1",
    "subject_id": "143",
    "task_id": "rest"
  },
  "dummy_trs": 2,
  "dvars_nstd": 14.187718481641788,
  "dvars_std": 1.3447102908457713,
  "dvars_vstd": 0.9689387609452734,
  "efc": 0.5052684878564131,
  "fber": 9613.4365234375,
  "fd_mean": 0.04086500676715957,
  "fd_num": 1,
  "fd_perc": 0.49504950495049505,
  "fwhm_avg": 3.4931901942511114,
  "fwhm_x": 3.1468366666666667,
  "fwhm_y": 3.3697002677997165,
  "fwhm_z": 3.96303364828695,
  "gcor": 0.0188453,
  "gsr_x": -0.0052473535761237144,
  "gsr_y": 0.05697328969836235,
  "provenance": {
    "md5sum": "f49a1ea7f6bb0b3dfe275d33aaf3fd3d",
    "settings": {
      "fd_thres": 0.2,
      "testing": false
    },
    "software": "mriqc",
    "version": "23.1.0"
  },
  "size_t": 202,
  "size_x": 72,
  "size_y": 72,
  "size_z": 46,
  "snr": 2.665132755738937,
  "spacing_tr": 3.0,
  "spacing_x": 3.0,
  "spacing_y": 2.999999761581421,
  "spacing_z": 2.999999761581421,
  "summary_bg_k": 13.13261398776028,
  "summary_bg_mad": 68.88962662236526,
  "summary_bg_mean": 384.5251447382971,
  "summary_bg_median": 47.925743103027344,
  "summary_bg_n": 184457.0,
  "summary_bg_p05": 0.8861386179924011,
  "summary_bg_p95": 2007.302001953125,
  "summary_bg_stdv": 798.6916424593868,
  "summary_fg_k": 1.93319788104181,
  "summary_fg_mad": 1304.7120320542972,
  "summary_fg_mean": 5076.4654765509495,
  "summary_fg_median": 4699.02978515625,
  "summary_fg_n": 54007.0,
  "summary_fg_p05": 2809.17822265625,
  "summary_fg_p95": 8617.4697265625,
  "summary_fg_stdv": 1763.1340393609653,
  "tsnr": 87.98797430936247
}