{
  "aor": 0.001184088669950739,
  "aqi": 0.004626994236453202,
  "bids_meta": {
    "EchoTime": 0.047,
    "RepetitionTime": 3.0,
    "SliceEncodingDirection": "k",
    "SliceTiming": [
      0.0,
      1.5,
      0.065,
      1.565,
      0.13,
      1.63,
      0.196,
      1.696,
      0.261,
      1.761,
      0.326,
      1.826,
      0.391,
      1.891,
      0.457,
      1.957,
      0.522,
      2.022,
      0.587,
      2.087,
      0.652,
      2.152,
      0.717,
      2.217,
      0.783,
      2.283,
      0.848,
      2.348,
      0.913,
      2.413,
      0.978,
      2.478,
      1.043,
      2.543,
      1.109,
      2.609,
      1.174,
      2.674,
      1.239,
      2.739,
      1.304,
      2.804,
      1.37,
      2.87,
      1.435,
      2.935
    ],
    "TaskName": "rest",
    "dataset": "ds003592",
    "modality": "bold",
    "session_id": "1",
    "subject_id": "143",
    "task_id": "rest"
  },
  "dummy_trs": 1,
  "dvars_nstd": 19.505848690841592,
  "dvars_std": 1.0257118346039606,
  "dvars_vstd": 0.9650658920297032,
  "efc": 0.42632029924679815,
  "fber": 8895.154296875,
  "fd_mean": 0.052062232341474904,
  "fd_num": 1,
  "fd_perc": 0.49261083743842365,
  "fwhm_avg": 2.7790345921156256,
  "fwhm_x": 2.762703333333333,
  "fwhm_y": 2.8725135616202007,
  "fwhm_z": 2.7018868813933437,
  "gcor": 0.0111225,
  "gsr_x": -0.006722921039909124,
  "gsr_y": 0.03136366605758667,
  "provenance": {
    "md5sum": "4de6755361735133bfc62dcd9539eae0",
    "settings": {
      "fd_thres": 0.2,
      "testing": false
    },
    "software": "mriqc",
    "version": "23.1.0"
  },
  "size_t": 203,
  "size_x": 72,
  "size_y": 72,
  "size_z": 46,
  "snr": 2.7777035852715453,
  "spacing_tr": 3.0,
  "spacing_x": 3.0,
  "spacing_y": 2.999999761581421,
  "spacing_z": 2.999999761581421,
  "summary_bg_k": 109.08268794266313,
  "summary_bg_mad": 35.3414379132817,
  "summary_bg_mean": 100.8392133737344,
  "summary_bg_median": 26.157634735107422,
  "summary_bg_n": 194963.0,
  "summary_bg_p05": 0.7487684488296509,
  "summary_bg_p95": 459.083740234375,
  "summary_bg_stdv": 238.1161887196761,
  "summary_fg_k": 1.095291535514983,
  "summary_fg_mad": 727.2272470799653,
  "summary_fg_mean": 2634.460080638765,
  "summary_fg_median": 2467.034423828125,
  "summary_fg_n": 43501.0,
  "summary_fg_p05": 1438.8472900390625,
  "summary_fg_p95": 4387.94091796875,
  "summary_fg_stdv": 888.1459060932657,
  "tsnr": 53.789969820994884
}