{
  "aor": 0.0014712315270935963,
  "aqi": 0.004114293645320196,
  "bids_meta": {
    "EchoTime": 0.0137,
    "RepetitionTime": 3.0,
    "SliceEncodingDirection": "k",
    "SliceTiming": [
      0.0,
      1.5,
      0.065,
      1.565,
      0.13,
      1.63,
      0.196,
      1.696,
      0.261,
      1.761,
      0.326,
      1.826,
      0.391,
      1.891,
      0.457,
      1.957,
      0.522,
      2.022,
      0.587,
      2.087,
      0.652,
      2.152,
      0.717,
      2.217,
      0.783,
      2.283,
      0.848,
      2.348,
      0.913,
      2.413,
      0.978,
      2.478,
      1.043,
      2.543,
      1.109,
      2.609,
      1.174,
      2.674,
      1.239,
      2.739,
      1.304,
      2.804,
      1.37,
      2.87,
      1.435,
      2.935
    ],
    "TaskName": "rest",
    "dataset": "ds003592",
    "modality": "bold",
    "session_id": "2",
    "subject_id": "175",
    "task_id": "rest"
  },
  "dummy_trs": 1,
  "dvars_nstd": 21.246133629603968,
  "dvars_std": 1.4009456890594056,
  "dvars_vstd": 0.9649647830198017,
  "efc": 0.545745093394228,
  "fber": 5584.9228515625,
  "fd_mean": 0.07910537970534567,
  "fd_num": 11,
  "fd_perc": 5.41871921182266,
  "fwhm_avg": 3.372698888888889,
  "fwhm_x": 3.02286,
  "fwhm_y": 3.26507,
  "fwhm_z": 3.830166666666667,
  "gcor": 0.0182972,
  "gsr_x": -0.01313751470297575,
  "gsr_y": 0.0971674993634224,
  "provenance": {
    "md5sum": "0cbe13b819627e90f51da95877282465",
    "settings": {
      "fd_thres": 0.2,
      "testing": false
    },
    "software": "mriqc",
    "version": "23.1.0"
  },
  "size_t": 203,
  "size_x": 72,
  "size_y": 72,
  "size_z": 46,
  "snr": 2.7250325081725673,
  "spacing_tr": 3.0,
  "spacing_x": 3.0,
  "spacing_y": 3.0,
  "spacing_z": 3.0,
  "summary_bg_k": 10.522154212085828,
  "summary_bg_mad": 91.59268270416027,
  "summary_bg_mean": 536.0392305685851,
  "summary_bg_median": 62.75862121582031,
  "summary_bg_n": 179941.0,
  "summary_bg_p05": 0.4088670015335083,
  "summary_bg_p95": 2783.133056640625,
  "summary_bg_stdv": 1053.094464429937,
  "summary_fg_k": 1.393570743327066,
  "summary_fg_mad": 1441.9146330129804,
  "summary_fg_mean": 4993.602453260524,
  "summary_fg_median": 4690.0986328125,
  "summary_fg_n": 58523.0,
  "summary_fg_p05": 2649.645263671875,
  "summary_fg_p95": 8257.5419921875,
  "summary_fg_stdv": 1721.1018760387772,
  "tsnr": 82.47286784322932
}