{
  "aor": 0.004216009852216749,
  "aqi": 0.0025758187142857145,
  "bids_meta": {
    "EchoTime": 0.0137,
    "RepetitionTime": 3.0,
    "SliceEncodingDirection": "k",
    "SliceTiming": [
      0.0,
      1.5,
      0.065,
      1.565,
      0.13,
      1.63,
      0.196,
      1.696,
      0.261,
      1.761,
      0.326,
      1.826,
      0.391,
      1.891,
      0.457,
      1.957,
      0.522,
      2.022,
      0.587,
      2.087,
      0.652,
      2.152,
      0.717,
      2.217,
      0.783,
      2.283,
      0.848,
      2.348,
      0.913,
      2.413,
      0.978,
      2.478,
      1.043,
      2.543,
      1.109,
      2.609,
      1.174,
      2.674,
      1.239,
      2.739,
      1.304,
      2.804,
      1.37,
      2.87,
      1.435,
      2.935
    ],
    "TaskName": "rest",
    "dataset": "ds003592",
    "modality": "bold",
    "session_id": "1",
    "subject_id": "167",
    "task_id": "rest"
  },
  "dummy_trs": 1,
  "dvars_nstd": 12.350431031336635,
  "dvars_std": 1.0833081050990092,
  "dvars_vstd": 0.9896221943069307,
  "efc": 0.49940330151026185,
  "fber": 7783.14404296875,
  "fd_mean": 0.06714036355958224,
  "fd_num": 2,
  "fd_perc": 0.9852216748768473,
  "fwhm_avg": 3.0155022222222225,
  "fwhm_x": 2.6080466666666666,
  "fwhm_y": 3.1190033333333336,
  "fwhm_z": 3.319456666666667,
  "gcor": 0.0221403,
  "gsr_x": -0.004334087949246168,
  "gsr_y": 0.04766957461833954,
  "provenance": {
    "md5sum": "728227b0671e7f7a805f66931fb17674",
    "settings": {
      "fd_thres": 0.2,
      "testing": false
    },
    "software": "mriqc",
    "version": "23.1.0"
  },
  "size_t": 203,
  "size_x": 72,
  "size_y": 72,
  "size_z": 46,
  "snr": 3.1072099817956325,
  "spacing_tr": 3.0,
  "spacing_x": 3.0,
  "spacing_y": 3.0,
  "spacing_z": 3.0,
  "summary_bg_k": 13.725741061592839,
  "summary_bg_mad": 78.19083480539402,
  "summary_bg_mean": 397.977658481724,
  "summary_bg_median": 54.57635498046875,
  "summary_bg_n": 190047.0,
  "summary_bg_p05": 0.9655172228813171,
  "summary_bg_p95": 2041.2611083984375,
  "summary_bg_stdv": 795.3622647283947,
  "summary_fg_k": 0.9690580402436826,
  "summary_fg_mad": 1302.2727604843485,
  "summary_fg_mean": 5008.162375006712,
  "summary_fg_median": 4814.84228515625,
  "summary_fg_n": 48417.0,
  "summary_fg_p05": 2680.251220703125,
  "summary_fg_p95": 7918.1181640625,
  "summary_fg_stdv": 1549.5549352848652,
  "tsnr": 83.65212600957602
}