{
  "aor": 0.0022327586206896555,
  "aqi": 0.003689015320197044,
  "bids_meta": {
    "EchoTime": 0.03,
    "RepetitionTime": 3.0,
    "SliceEncodingDirection": "k",
    "SliceTiming": [
      0.0,
      1.5,
      0.065,
      1.565,
      0.13,
      1.63,
      0.196,
      1.696,
      0.261,
      1.761,
      0.326,
      1.826,
      0.391,
      1.891,
      0.457,
      1.957,
      0.522,
      2.022,
      0.587,
      2.087,
      0.652,
      2.152,
      0.717,
      2.217,
      0.783,
      2.283,
      0.848,
      2.348,
      0.913,
      2.413,
      0.978,
      2.478,
      1.043,
      2.543,
      1.109,
      2.609,
      1.174,
      2.674,
      1.239,
      2.739,
      1.304,
      2.804,
      1.37,
      2.87,
      1.435,
      2.935
    ],
    "TaskName": "rest",
    "dataset": "ds003592",
    "modality": "bold",
    "session_id": "1",
    "subject_id": "167",
    "task_id": "rest"
  },
  "dummy_trs": 1,
  "dvars_nstd": 16.072290500445547,
  "dvars_std": 1.034804279009901,
  "dvars_vstd": 0.9761646579702966,
  "efc": 0.4379458521086282,
  "fber": 10242.9482421875,
  "fd_mean": 0.0683378490803181,
  "fd_num": 4,
  "fd_perc": 1.9704433497536946,
  "fwhm_avg": 2.6831777777777783,
  "fwhm_x": 2.5749666666666666,
  "fwhm_y": 2.834046666666667,
  "fwhm_z": 2.64052,
  "gcor": 0.020638,
  "gsr_x": -0.0008641545427963138,
  "gsr_y": 0.019812818616628647,
  "provenance": {
    "md5sum": "1e1dd03365b3708c092cca9a81a1b6c9",
    "settings": {
      "fd_thres": 0.2,
      "testing": false
    },
    "software": "mriqc",
    "version": "23.1.0"
  },
  "size_t": 203,
  "size_x": 72,
  "size_y": 72,
  "size_z": 46,
  "snr": 3.3930927621821816,
  "spacing_tr": 3.0,
  "spacing_x": 3.0,
  "spacing_y": 3.0,
  "spacing_z": 3.0,
  "summary_bg_k": 22.96650512953334,
  "summary_bg_mad": 47.44326816433995,
  "summary_bg_mean": 157.49149219147287,
  "summary_bg_median": 34.14778137207031,
  "summary_bg_n": 196429.0,
  "summary_bg_p05": 0.935960590839386,
  "summary_bg_p95": 761.748779296875,
  "summary_bg_stdv": 331.44702798547803,
  "summary_fg_k": 0.5963214131195143,
  "summary_fg_mad": 918.9723078275931,
  "summary_fg_mean": 3544.1337132215813,
  "summary_fg_median": 3456.009765625,
  "summary_fg_n": 42035.0,
  "summary_fg_p05": 1983.28564453125,
  "summary_fg_p95": 5412.8125,
  "summary_fg_stdv": 1018.5305557168883,
  "tsnr": 62.30901641934179
}