{
  "aor": 0.00225685,
  "aqi": 0.0034198997999999995,
  "bids_meta": {
    "EchoTime": 0.014,
    "RepetitionTime": 3,
    "SliceEncodingDirection": "k",
    "SliceTiming": [
      0,
      1.5425,
      0.07,
      1.6125,
      0.14,
      1.6825,
      0.21,
      1.7525,
      0.28,
      1.8225,
      0.35,
      1.8925,
      0.42,
      1.9625,
      0.49,
      2.0325,
      0.56,
      2.1025,
      0.63,
      2.1725,
      0.7,
      2.2425,
      0.77,
      2.3125,
      0.84,
      2.3825,
      0.91,
      2.4525,
      0.98,
      2.5225,
      1.05,
      2.5925,
      1.12,
      2.6625,
      1.19,
      2.7325,
      1.26,
      2.8025,
      1.33,
      2.8725,
      1.4,
      2.9425,
      1.47
    ],
    "TaskName": "rest",
    "dataset": "ds003592",
    "modality": "bold",
    "session_id": "2",
    "subject_id": "290",
    "task_id": "rest"
  },
  "dummy_trs": 0,
  "dvars_nstd": 22.070094736130663,
  "dvars_std": 1.1851050322613061,
  "dvars_vstd": 0.9977050165829138,
  "efc": 0.5695872370328483,
  "fber": 947.5299682617188,
  "fd_mean": 0.07834478590547525,
  "fd_num": 6,
  "fd_perc": 3.0,
  "fwhm_avg": 3.229362771980881,
  "fwhm_x": 2.8236,
  "fwhm_y": 3.259822222222222,
  "fwhm_z": 3.604666093720421,
  "gcor": 0.0188306,
  "gsr_x": -0.033602096140384674,
  "gsr_y": 0.15864135324954987,
  "provenance": {
    "md5sum": "ab72a82a913497e217e424c8bfb7beb2",
    "settings": {
      "fd_thres": 0.2,
      "testing": false
    },
    "software": "mriqc",
    "version": "23.1.0"
  },
  "size_t": 200,
  "size_x": 64,
  "size_y": 64,
  "size_z": 43,
  "snr": 2.3534319783686684,
  "spacing_tr": 3.0,
  "spacing_x": 3.375,
  "spacing_y": 3.375,
  "spacing_z": 3.000000476837158,
  "summary_bg_k": 15.72210658425681,
  "summary_bg_mad": 24.574130075026762,
  "summary_bg_mean": 102.86250239656648,
  "summary_bg_median": 26.26999855041504,
  "summary_bg_n": 129944.0,
  "summary_bg_p05": 8.559999465942383,
  "summary_bg_p95": 458.1199951171875,
  "summary_bg_stdv": 172.9429338188593,
  "summary_fg_k": 2.261241439211177,
  "summary_fg_mad": 270.2820764605802,
  "summary_fg_mean": 884.1857320798573,
  "summary_fg_median": 808.6424560546875,
  "summary_fg_n": 46184.0,
  "summary_fg_p05": 457.30999755859375,
  "summary_fg_p95": 1583.02001953125,
  "summary_fg_stdv": 343.59765179794994,
  "tsnr": 78.01222540531307
}