{
  "aor": 0.001554679802955665,
  "aqi": 0.01678047881773399,
  "bids_meta": {
    "EchoTime": 0.047,
    "RepetitionTime": 3.0,
    "SliceEncodingDirection": "k",
    "SliceTiming": [
      0.0,
      1.5,
      0.065,
      1.565,
      0.13,
      1.63,
      0.196,
      1.696,
      0.261,
      1.761,
      0.326,
      1.826,
      0.391,
      1.891,
      0.457,
      1.957,
      0.522,
      2.022,
      0.587,
      2.087,
      0.652,
      2.152,
      0.717,
      2.217,
      0.783,
      2.283,
      0.848,
      2.348,
      0.913,
      2.413,
      0.978,
      2.478,
      1.043,
      2.543,
      1.109,
      2.609,
      1.174,
      2.674,
      1.239,
      2.739,
      1.304,
      2.804,
      1.37,
      2.87,
      1.435,
      2.935
    ],
    "TaskName": "rest",
    "dataset": "ds003592",
    "modality": "bold",
    "session_id": "1",
    "subject_id": "10",
    "task_id": "rest"
  },
  "dummy_trs": 1,
  "dvars_nstd": 33.12634491683165,
  "dvars_std": 1.0438886303465347,
  "dvars_vstd": 0.924128427227723,
  "efc": 0.410903789434504,
  "fber": 10355.9306640625,
  "fd_mean": 0.1882578245839257,
  "fd_num": 79,
  "fd_perc": 38.916256157635466,
  "fwhm_avg": 2.6100833333333333,
  "fwhm_x": 2.5700066666666666,
  "fwhm_y": 2.7200133333333336,
  "fwhm_z": 2.5402299999999998,
  "gcor": 0.0149529,
  "gsr_x": -0.010014436207711697,
  "gsr_y": 0.028797969222068787,
  "provenance": {
    "md5sum": "20d8f1313122c7521929b05cce69cdc5",
    "settings": {
      "fd_thres": 0.2,
      "testing": false
    },
    "software": "mriqc",
    "version": "23.1.0"
  },
  "size_t": 203,
  "size_x": 72,
  "size_y": 72,
  "size_z": 46,
  "snr": 2.8809115767968705,
  "spacing_tr": 3.0,
  "spacing_x": 3.0,
  "spacing_y": 3.0,
  "spacing_z": 3.0,
  "summary_bg_k": 74.17023337547032,
  "summary_bg_mad": 32.770621974542316,
  "summary_bg_mean": 88.00131554788719,
  "summary_bg_median": 24.724138259887695,
  "summary_bg_n": 197237.0,
  "summary_bg_p05": 0.6699507236480713,
  "summary_bg_p95": 388.66009521484375,
  "summary_bg_stdv": 202.8196831838515,
  "summary_fg_k": 1.2398005620809691,
  "summary_fg_mad": 703.286623707363,
  "summary_fg_mean": 2673.493269159043,
  "summary_fg_median": 2516.029541015625,
  "summary_fg_n": 41227.0,
  "summary_fg_p05": 1453.896484375,
  "summary_fg_p95": 4360.50732421875,
  "summary_fg_stdv": 873.3343455428646,
  "tsnr": 29.546575591666624
}