{
  "aor": 0.0008021287128712872,
  "aqi": 0.0017421364405940593,
  "bids_meta": {
    "EchoTime": 0.0137,
    "RepetitionTime": 3.0,
    "SliceEncodingDirection": "k",
    "SliceTiming": [
      0.0,
      1.5,
      0.065,
      1.565,
      0.13,
      1.63,
      0.196,
      1.696,
      0.261,
      1.761,
      0.326,
      1.826,
      0.391,
      1.891,
      0.457,
      1.957,
      0.522,
      2.022,
      0.587,
      2.087,
      0.652,
      2.152,
      0.717,
      2.217,
      0.783,
      2.283,
      0.848,
      2.348,
      0.913,
      2.413,
      0.978,
      2.478,
      1.043,
      2.543,
      1.109,
      2.609,
      1.174,
      2.674,
      1.239,
      2.739,
      1.304,
      2.804,
      1.37,
      2.87,
      1.435,
      2.935
    ],
    "TaskName": "rest",
    "dataset": "ds003592",
    "modality": "bold",
    "session_id": "2",
    "subject_id": "85",
    "task_id": "rest"
  },
  "dummy_trs": 2,
  "dvars_nstd": 15.345419551492533,
  "dvars_std": 1.3261835808457707,
  "dvars_vstd": 0.965255488407961,
  "efc": 0.5267232417164784,
  "fber": 12509.7041015625,
  "fd_mean": 0.03327526195468288,
  "fd_num": 0,
  "fd_perc": 0.0,
  "fwhm_avg": 3.2315055555555556,
  "fwhm_x": 2.895633333333333,
  "fwhm_y": 3.19125,
  "fwhm_z": 3.6076333333333337,
  "gcor": 0.00530236,
  "gsr_x": -0.02679268829524517,
  "gsr_y": 0.0873463898897171,
  "provenance": {
    "md5sum": "f90d6c98664c501d8ec0cf6076f92238",
    "settings": {
      "fd_thres": 0.2,
      "testing": false
    },
    "software": "mriqc",
    "version": "23.1.0"
  },
  "size_t": 202,
  "size_x": 72,
  "size_y": 72,
  "size_z": 46,
  "snr": 2.9398570627986436,
  "spacing_tr": 3.0,
  "spacing_x": 3.0,
  "spacing_y": 3.0,
  "spacing_z": 3.0,
  "summary_bg_k": 12.180636495697343,
  "summary_bg_mad": 63.22344150992937,
  "summary_bg_mean": 455.2643396457557,
  "summary_bg_median": 43.97524642944336,
  "summary_bg_n": 181390.0,
  "summary_bg_p05": 0.8267326354980469,
  "summary_bg_p95": 2461.385986328125,
  "summary_bg_stdv": 951.7806531715294,
  "summary_fg_k": 1.2058313460438397,
  "summary_fg_mad": 1459.9925346733917,
  "summary_fg_mean": 5173.282496072649,
  "summary_fg_median": 4918.489990234375,
  "summary_fg_n": 57074.0,
  "summary_fg_p05": 2806.628662109375,
  "summary_fg_p95": 8245.57421875,
  "summary_fg_stdv": 1673.0224620696797,
  "tsnr": 101.09788043238223
}