{
  "aor": 0.0006728855721393034,
  "aqi": 0.005231879552238805,
  "bids_meta": {
    "EchoTime": 0.03,
    "RepetitionTime": 3.0,
    "SliceEncodingDirection": "k",
    "SliceTiming": [
      0.0,
      1.5,
      0.065,
      1.565,
      0.13,
      1.63,
      0.196,
      1.696,
      0.261,
      1.761,
      0.326,
      1.826,
      0.391,
      1.891,
      0.457,
      1.957,
      0.522,
      2.022,
      0.587,
      2.087,
      0.652,
      2.152,
      0.717,
      2.217,
      0.783,
      2.283,
      0.848,
      2.348,
      0.913,
      2.413,
      0.978,
      2.478,
      1.043,
      2.543,
      1.109,
      2.609,
      1.174,
      2.674,
      1.239,
      2.739,
      1.304,
      2.804,
      1.37,
      2.87,
      1.435,
      2.935
    ],
    "TaskName": "rest",
    "dataset": "ds003592",
    "modality": "bold",
    "session_id": "2",
    "subject_id": "191",
    "task_id": "rest"
  },
  "dummy_trs": 3,
  "dvars_nstd": 19.38847670085,
  "dvars_std": 1.0312299081500003,
  "dvars_vstd": 0.92751945415,
  "efc": 0.4477772738659836,
  "fber": 8404.025390625,
  "fd_mean": 0.1099712687074035,
  "fd_num": 7,
  "fd_perc": 3.482587064676617,
  "fwhm_avg": 3.0170944444444445,
  "fwhm_x": 2.9671866666666666,
  "fwhm_y": 3.030836666666667,
  "fwhm_z": 3.05326,
  "gcor": 0.0134746,
  "gsr_x": 0.00147901417221874,
  "gsr_y": 0.01316765695810318,
  "provenance": {
    "md5sum": "3de422e450be229068328a349e436962",
    "settings": {
      "fd_thres": 0.2,
      "testing": false
    },
    "software": "mriqc",
    "version": "23.1.0"
  },
  "size_t": 201,
  "size_x": 72,
  "size_y": 72,
  "size_z": 46,
  "snr": 3.129765923665959,
  "spacing_tr": 3.0,
  "spacing_x": 3.0,
  "spacing_y": 3.0,
  "spacing_z": 3.0,
  "summary_bg_k": 29.018640673055188,
  "summary_bg_mad": 52.59180809978406,
  "summary_bg_mean": 157.5683372900687,
  "summary_bg_median": 37.2835807800293,
  "summary_bg_n": 193001.0,
  "summary_bg_p05": 0.8208954930305481,
  "summary_bg_p95": 760.0198974609375,
  "summary_bg_stdv": 331.04998375847987,
  "summary_fg_k": 0.6902077799735795,
  "summary_fg_mad": 961.9359193822174,
  "summary_fg_mean": 3563.086856203755,
  "summary_fg_median": 3417.915283203125,
  "summary_fg_n": 45463.0,
  "summary_fg_p05": 1938.4775390625,
  "summary_fg_p95": 5617.50244140625,
  "summary_fg_stdv": 1092.0553729195901,
  "tsnr": 52.84232848091051
}