{
  "aor": 0.0009740099009900989,
  "aqi": 0.0021205878217821785,
  "bids_meta": {
    "EchoTime": 0.0137,
    "RepetitionTime": 3.0,
    "SliceEncodingDirection": "k",
    "SliceTiming": [
      0.0,
      1.5,
      0.065,
      1.565,
      0.13,
      1.63,
      0.196,
      1.696,
      0.261,
      1.761,
      0.326,
      1.826,
      0.391,
      1.891,
      0.457,
      1.957,
      0.522,
      2.022,
      0.587,
      2.087,
      0.652,
      2.152,
      0.717,
      2.217,
      0.783,
      2.283,
      0.848,
      2.348,
      0.913,
      2.413,
      0.978,
      2.478,
      1.043,
      2.543,
      1.109,
      2.609,
      1.174,
      2.674,
      1.239,
      2.739,
      1.304,
      2.804,
      1.37,
      2.87,
      1.435,
      2.935
    ],
    "TaskName": "rest",
    "dataset": "ds003592",
    "modality": "bold",
    "session_id": "2",
    "subject_id": "72",
    "task_id": "rest"
  },
  "dummy_trs": 2,
  "dvars_nstd": 12.834569651542298,
  "dvars_std": 1.1173405554726368,
  "dvars_vstd": 0.9371857656218906,
  "efc": 0.5070811925826202,
  "fber": 16602.068359375,
  "fd_mean": 0.035030296506433745,
  "fd_num": 0,
  "fd_perc": 0.0,
  "fwhm_avg": 3.587239678121767,
  "fwhm_x": 3.2686833333333336,
  "fwhm_y": 3.4349524714208832,
  "fwhm_z": 4.058083229611084,
  "gcor": 0.00638576,
  "gsr_x": -0.00899358931928873,
  "gsr_y": 0.06653384864330292,
  "provenance": {
    "md5sum": "29a87c197280c40baf8c8f6ae9be7654",
    "settings": {
      "fd_thres": 0.2,
      "testing": false
    },
    "software": "mriqc",
    "version": "23.1.0"
  },
  "size_t": 202,
  "size_x": 72,
  "size_y": 72,
  "size_z": 46,
  "snr": 2.6085051330104374,
  "spacing_tr": 3.0,
  "spacing_x": 3.0,
  "spacing_y": 3.0000123977661133,
  "spacing_z": 3.0000123977661133,
  "summary_bg_k": 11.286405891202858,
  "summary_bg_mad": 51.19014341443747,
  "summary_bg_mean": 384.14875937520856,
  "summary_bg_median": 35.96782112121582,
  "summary_bg_n": 183176.0,
  "summary_bg_p05": 0.9554455280303955,
  "summary_bg_p95": 2154.811767578125,
  "summary_bg_stdv": 813.4131532513427,
  "summary_fg_k": 1.6010852616319085,
  "summary_fg_mad": 1457.6071956548485,
  "summary_fg_mean": 4983.722695114066,
  "summary_fg_median": 4634.418212890625,
  "summary_fg_n": 55288.0,
  "summary_fg_p05": 2624.014892578125,
  "summary_fg_p95": 8439.87109375,
  "summary_fg_stdv": 1776.6406676541258,
  "tsnr": 92.13679153379053
}