{
  "aor": 0.0009626500000000002,
  "aqi": 0.0061900597,
  "bids_meta": {
    "EchoTime": 0.02996,
    "RepetitionTime": 3,
    "SliceEncodingDirection": "k",
    "SliceTiming": [
      0,
      1.54,
      0.07,
      1.61,
      0.14,
      1.68,
      0.21,
      1.75,
      0.28,
      1.82,
      0.35,
      1.89,
      0.42,
      1.96,
      0.49,
      2.03,
      0.56,
      2.1,
      0.63,
      2.17,
      0.7,
      2.24,
      0.77,
      2.31,
      0.84,
      2.38,
      0.91,
      2.45,
      0.98,
      2.52,
      1.05,
      2.59,
      1.12,
      2.66,
      1.19,
      2.73,
      1.26,
      2.8,
      1.33,
      2.87,
      1.4,
      2.94,
      1.47
    ],
    "TaskName": "rest",
    "dataset": "ds003592",
    "modality": "bold",
    "session_id": "2",
    "subject_id": "269",
    "task_id": "rest"
  },
  "dummy_trs": 0,
  "dvars_nstd": 24.100673042763802,
  "dvars_std": 1.0488288026130652,
  "dvars_vstd": 0.9496872748241203,
  "efc": 0.4890237447668727,
  "fber": 1336.9827880859375,
  "fd_mean": 0.09907436894722284,
  "fd_num": 20,
  "fd_perc": 10.0,
  "fwhm_avg": 2.4459946439167397,
  "fwhm_x": 2.2608711111111113,
  "fwhm_y": 2.388257777777778,
  "fwhm_z": 2.6888550428613303,
  "gcor": 0.0395619,
  "gsr_x": -0.0037392484955489635,
  "gsr_y": 0.042003124952316284,
  "provenance": {
    "md5sum": "a2921dbf41364a8806b3be51c39d5c2d",
    "settings": {
      "fd_thres": 0.2,
      "testing": false
    },
    "software": "mriqc",
    "version": "23.1.0"
  },
  "size_t": 200,
  "size_x": 64,
  "size_y": 64,
  "size_z": 43,
  "snr": 2.5102657887415956,
  "spacing_tr": 3.0,
  "spacing_x": 3.375,
  "spacing_y": 3.375,
  "spacing_z": 2.999998092651367,
  "summary_bg_k": 81.73913277134497,
  "summary_bg_mad": 11.045384831163146,
  "summary_bg_mean": 39.30000094141747,
  "summary_bg_median": 16.209999084472656,
  "summary_bg_n": 138086.0,
  "summary_bg_p05": 7.835000038146973,
  "summary_bg_p95": 148.7949981689453,
  "summary_bg_stdv": 72.18130919979338,
  "summary_fg_k": 2.5700643586471505,
  "summary_fg_mad": 198.23130971730274,
  "summary_fg_mean": 640.3029528619815,
  "summary_fg_median": 592.7149658203125,
  "summary_fg_n": 38042.0,
  "summary_fg_p05": 342.07000732421875,
  "summary_fg_p95": 1079.4000244140625,
  "summary_fg_stdv": 236.1133144372783,
  "tsnr": 52.742308148299344
}