{
  "aor": 0.0010262000000000001,
  "aqi": 0.008348184,
  "bids_meta": {
    "EchoTime": 0.04592,
    "RepetitionTime": 3,
    "SliceEncodingDirection": "k",
    "SliceTiming": [
      0,
      1.54,
      0.07,
      1.61,
      0.14,
      1.68,
      0.21,
      1.75,
      0.28,
      1.82,
      0.35,
      1.89,
      0.42,
      1.96,
      0.49,
      2.03,
      0.56,
      2.1,
      0.63,
      2.17,
      0.7,
      2.24,
      0.77,
      2.31,
      0.84,
      2.38,
      0.91,
      2.45,
      0.98,
      2.52,
      1.05,
      2.5925,
      1.12,
      2.6625,
      1.19,
      2.7325,
      1.26,
      2.8025,
      1.33,
      2.8725,
      1.4,
      2.9425,
      1.47
    ],
    "TaskName": "rest",
    "dataset": "ds003592",
    "modality": "bold",
    "session_id": "2",
    "subject_id": "269",
    "task_id": "rest"
  },
  "dummy_trs": 0,
  "dvars_nstd": 30.70741163658293,
  "dvars_std": 1.0214262484924619,
  "dvars_vstd": 0.9438175682914571,
  "efc": 0.46526020843757604,
  "fber": 941.322265625,
  "fd_mean": 0.10082567748265736,
  "fd_num": 21,
  "fd_perc": 10.5,
  "fwhm_avg": 2.1565595082792446,
  "fwhm_x": 2.0099733333333334,
  "fwhm_y": 2.119597037037037,
  "fwhm_z": 2.340108154467363,
  "gcor": 0.0379056,
  "gsr_x": -0.007165758404880762,
  "gsr_y": 0.03153888136148453,
  "provenance": {
    "md5sum": "aab7f53c46493667369547412f13da1b",
    "settings": {
      "fd_thres": 0.2,
      "testing": false
    },
    "software": "mriqc",
    "version": "23.1.0"
  },
  "size_t": 200,
  "size_x": 64,
  "size_y": 64,
  "size_z": 43,
  "snr": 2.053762977601309,
  "spacing_tr": 3.0,
  "spacing_x": 3.375,
  "spacing_y": 3.375,
  "spacing_z": 2.999998092651367,
  "summary_bg_k": 85.87061121465504,
  "summary_bg_mad": 8.280333446910573,
  "summary_bg_mean": 27.448488378520434,
  "summary_bg_median": 14.559999465942383,
  "summary_bg_n": 140439.0,
  "summary_bg_p05": 7.839999675750732,
  "summary_bg_p95": 95.0199966430664,
  "summary_bg_stdv": 41.732577665688694,
  "summary_fg_k": 3.4516545881219676,
  "summary_fg_mad": 164.5540509988285,
  "summary_fg_mean": 501.525085240281,
  "summary_fg_median": 446.7149963378906,
  "summary_fg_n": 35689.0,
  "summary_fg_p05": 252.4550018310547,
  "summary_fg_p95": 922.5199584960938,
  "summary_fg_stdv": 217.50744498026646,
  "tsnr": 39.01101906085387
}