{
  "bids_meta": {
    "EchoTime": 0.0034,
    "FlipAngle": 7,
    "RepetitionTime": 2.53,
    "dataset": "ds003592",
    "modality": "T1w",
    "session_id": "1",
    "subject_id": "43"
  },
  "cjv": 0.5557410646767261,
  "cnr": 1.7777280764679049,
  "efc": 0.5957384327098757,
  "fber": 4528.384083764793,
  "fwhm_avg": 4.433376666666667,
  "fwhm_x": 4.39009,
  "fwhm_y": 4.53643,
  "fwhm_z": 4.37361,
  "icvs_csf": 0.26469413257814584,
  "icvs_gm": 0.38619909907578226,
  "icvs_wm": 0.3491067683460719,
  "inu_med": 0.7332078218460083,
  "inu_range": 0.5973400056362149,
  "provenance": {
    "md5sum": "4a6f21402ed12b028b383bd5801719fb",
    "settings": {
      "testing": false
    },
    "software": "mriqc",
    "version": "23.1.0",
    "warnings": {
      "large_rot_frame": true,
      "small_air_mask": false
    }
  },
  "qi_1": 0.0,
  "qi_2": 0.0008288800685997172,
  "rpve_csf": 8.054615055314965,
  "rpve_gm": 7.961506090774651,
  "rpve_wm": 8.0397828057529,
  "size_x": 176,
  "size_y": 256,
  "size_z": 256,
  "snr_csf": 1.5773399213867048,
  "snr_gm": 5.697400918409078,
  "snr_total": 5.760370038114331,
  "snr_wm": 10.006369274547213,
  "snrd_csf": 34.19973616257359,
  "snrd_gm": 70.32752069212398,
  "snrd_total": 67.6453279454441,
  "snrd_wm": 98.40872698163469,
  "spacing_x": 1.0,
  "spacing_y": 1.0,
  "spacing_z": 1.0,
  "summary_bg_k": 11.322524067146013,
  "summary_bg_mad": 0.0,
  "summary_bg_mean": 2.6423432936470923,
  "summary_bg_median": 0.0,
  "summary_bg_n": 3005014.0,
  "summary_bg_p05": 0.0,
  "summary_bg_p95": 16.408862203359604,
  "summary_bg_stdv": 6.4160930375458065,
  "summary_csf_k": -0.9327909978031745,
  "summary_csf_mad": 190.3871081838145,
  "summary_csf_mean": 354.9880076593473,
  "summary_csf_median": 334.9358837008476,
  "summary_csf_n": 375057.5571552745,
  "summary_csf_p05": 49.60980844497681,
  "summary_csf_p95": 713.8377633690834,
  "summary_csf_stdv": 212.3419515645362,
  "summary_gm_k": -0.5549604649969528,
  "summary_gm_mad": 87.13593366958628,
  "summary_gm_mean": 694.7766610561523,
  "summary_gm_median": 688.7541523575783,
  "summary_gm_n": 547223.6549564145,
  "summary_gm_p05": 503.3444609642029,
  "summary_gm_p95": 925.8291147649288,
  "summary_gm_stdv": 120.88907431719738,
  "summary_wm_k": -0.2962231311454673,
  "summary_wm_mad": 65.70059728969399,
  "summary_wm_mean": 937.5328111616303,
  "summary_wm_median": 963.7680764198303,
  "summary_wm_n": 494665.78819458326,
  "summary_wm_p05": 741.9871490597725,
  "summary_wm_p95": 1055.8109934926033,
  "summary_wm_stdv": 96.31536432599941,
  "tpm_overlap_csf": 0.19963464012820675,
  "tpm_overlap_gm": 0.5359596952037234,
  "tpm_overlap_wm": 0.5532249376921787,
  "wm2max": 0.5317034730630994
}