{
  "aor": 0.0016591625615763547,
  "aqi": 0.0029935636945812812,
  "bids_meta": {
    "EchoTime": 0.03,
    "RepetitionTime": 3.0,
    "SliceEncodingDirection": "k",
    "SliceTiming": [
      0.0,
      1.5,
      0.065,
      1.565,
      0.13,
      1.63,
      0.196,
      1.696,
      0.261,
      1.761,
      0.326,
      1.826,
      0.391,
      1.891,
      0.457,
      1.957,
      0.522,
      2.022,
      0.587,
      2.087,
      0.652,
      2.152,
      0.717,
      2.217,
      0.783,
      2.283,
      0.848,
      2.348,
      0.913,
      2.413,
      0.978,
      2.478,
      1.043,
      2.543,
      1.109,
      2.609,
      1.174,
      2.674,
      1.239,
      2.739,
      1.304,
      2.804,
      1.37,
      2.87,
      1.435,
      2.935
    ],
    "TaskName": "rest",
    "dataset": "ds003592",
    "modality": "bold",
    "session_id": "1",
    "subject_id": "184",
    "task_id": "rest"
  },
  "dummy_trs": 1,
  "dvars_nstd": 19.770074655445548,
  "dvars_std": 1.1371890123267328,
  "dvars_vstd": 0.9788017347524752,
  "efc": 0.43883407500182336,
  "fber": 18784.927734375,
  "fd_mean": 0.17806331253518812,
  "fd_num": 86,
  "fd_perc": 42.364532019704434,
  "fwhm_avg": 3.2595433333333332,
  "fwhm_x": 3.1643866666666667,
  "fwhm_y": 3.14721,
  "fwhm_z": 3.467033333333333,
  "gcor": 0.0159082,
  "gsr_x": -0.007151877507567406,
  "gsr_y": 0.02800707332789898,
  "provenance": {
    "md5sum": "88a0c8eba3de657ce9dbaa8df4f44bce",
    "settings": {
      "fd_thres": 0.2,
      "testing": false
    },
    "software": "mriqc",
    "version": "23.1.0"
  },
  "size_t": 203,
  "size_x": 72,
  "size_y": 72,
  "size_z": 46,
  "snr": 2.7225994020006303,
  "spacing_tr": 3.0,
  "spacing_x": 3.0,
  "spacing_y": 3.0,
  "spacing_z": 3.0,
  "summary_bg_k": 34.95209318904896,
  "summary_bg_mad": 33.36220065693102,
  "summary_bg_mean": 145.65835418888173,
  "summary_bg_median": 24.748767852783203,
  "summary_bg_n": 191887.0,
  "summary_bg_p05": 1.0689655542373657,
  "summary_bg_p95": 773.6206665039062,
  "summary_bg_stdv": 330.85674245211015,
  "summary_fg_k": 1.0091562692414042,
  "summary_fg_mad": 1018.0073127089958,
  "summary_fg_mean": 3664.1667473969096,
  "summary_fg_median": 3392.01953125,
  "summary_fg_n": 46577.0,
  "summary_fg_p05": 2046.862060546875,
  "summary_fg_p95": 6208.43359375,
  "summary_fg_stdv": 1245.861993332768,
  "tsnr": 71.39698213944212
}