{
  "aor": 0.0011049753694581282,
  "aqi": 0.005308849211822662,
  "bids_meta": {
    "EchoTime": 0.047,
    "RepetitionTime": 3.0,
    "SliceEncodingDirection": "k",
    "SliceTiming": [
      0.0,
      1.5,
      0.065,
      1.565,
      0.13,
      1.63,
      0.196,
      1.696,
      0.261,
      1.761,
      0.326,
      1.826,
      0.391,
      1.891,
      0.457,
      1.957,
      0.522,
      2.022,
      0.587,
      2.087,
      0.652,
      2.152,
      0.717,
      2.217,
      0.783,
      2.283,
      0.848,
      2.348,
      0.913,
      2.413,
      0.978,
      2.478,
      1.043,
      2.543,
      1.109,
      2.609,
      1.174,
      2.674,
      1.239,
      2.739,
      1.304,
      2.804,
      1.37,
      2.87,
      1.435,
      2.935
    ],
    "TaskName": "rest",
    "dataset": "ds003592",
    "modality": "bold",
    "session_id": "1",
    "subject_id": "16",
    "task_id": "rest"
  },
  "dummy_trs": 1,
  "dvars_nstd": 20.188526700742578,
  "dvars_std": 1.0191996367821778,
  "dvars_vstd": 0.9670002384653462,
  "efc": 0.4255390765657571,
  "fber": 9877.6953125,
  "fd_mean": 0.06371188596296709,
  "fd_num": 0,
  "fd_perc": 0.0,
  "fwhm_avg": 2.636302222222222,
  "fwhm_x": 2.5926733333333334,
  "fwhm_y": 2.6831833333333335,
  "fwhm_z": 2.63305,
  "gcor": 0.0153733,
  "gsr_x": -0.011309413239359856,
  "gsr_y": 0.018737103790044785,
  "provenance": {
    "md5sum": "551bde2b736c95afa577ff526b0c2686",
    "settings": {
      "fd_thres": 0.2,
      "testing": false
    },
    "software": "mriqc",
    "version": "23.1.0"
  },
  "size_t": 203,
  "size_x": 72,
  "size_y": 72,
  "size_z": 46,
  "snr": 3.0042218222334336,
  "spacing_tr": 3.0,
  "spacing_x": 3.0,
  "spacing_y": 3.0,
  "spacing_z": 3.0,
  "summary_bg_k": 53.69695372374197,
  "summary_bg_mad": 35.94762503682902,
  "summary_bg_mean": 88.52926988372775,
  "summary_bg_median": 24.91132926940918,
  "summary_bg_n": 194164.0,
  "summary_bg_p05": 0.06896551698446274,
  "summary_bg_p95": 411.527099609375,
  "summary_bg_stdv": 197.43394425033605,
  "summary_fg_k": 0.4334944034956516,
  "summary_fg_mad": 748.8675023497459,
  "summary_fg_mean": 2579.4996294463353,
  "summary_fg_median": 2475.8521728515625,
  "summary_fg_n": 44300.0,
  "summary_fg_p05": 1372.7586059570312,
  "summary_fg_p95": 4107.029296875,
  "summary_fg_stdv": 824.114987187533,
  "tsnr": 51.35734483774286
}