{
  "aor": 0.002331773399014778,
  "aqi": 0.007389310344827587,
  "bids_meta": {
    "EchoTime": 0.047,
    "RepetitionTime": 3.0,
    "SliceEncodingDirection": "k",
    "SliceTiming": [
      0.0,
      1.5,
      0.065,
      1.565,
      0.13,
      1.63,
      0.196,
      1.696,
      0.261,
      1.761,
      0.326,
      1.826,
      0.391,
      1.891,
      0.457,
      1.957,
      0.522,
      2.022,
      0.587,
      2.087,
      0.652,
      2.152,
      0.717,
      2.217,
      0.783,
      2.283,
      0.848,
      2.348,
      0.913,
      2.413,
      0.978,
      2.478,
      1.043,
      2.543,
      1.109,
      2.609,
      1.174,
      2.674,
      1.239,
      2.739,
      1.304,
      2.804,
      1.37,
      2.87,
      1.435,
      2.935
    ],
    "TaskName": "rest",
    "dataset": "ds003592",
    "modality": "bold",
    "session_id": "1",
    "subject_id": "201",
    "task_id": "rest"
  },
  "dummy_trs": 1,
  "dvars_nstd": 30.773950114009885,
  "dvars_std": 1.1464506537623764,
  "dvars_vstd": 0.9837083340099012,
  "efc": 0.44836444257735936,
  "fber": 9478.2724609375,
  "fd_mean": 0.14585636521443346,
  "fd_num": 42,
  "fd_perc": 20.689655172413794,
  "fwhm_avg": 2.53515,
  "fwhm_x": 2.4865333333333335,
  "fwhm_y": 2.63952,
  "fwhm_z": 2.4793966666666667,
  "gcor": 0.0280926,
  "gsr_x": -0.014683999121189117,
  "gsr_y": 0.032544903457164764,
  "provenance": {
    "md5sum": "4072f2bbacfd9ffc9ccdfd7ffaf84a51",
    "settings": {
      "fd_thres": 0.2,
      "testing": false
    },
    "software": "mriqc",
    "version": "23.1.0"
  },
  "size_t": 203,
  "size_x": 72,
  "size_y": 72,
  "size_z": 46,
  "snr": 2.94602537111687,
  "spacing_tr": 3.0,
  "spacing_x": 3.0,
  "spacing_y": 3.0,
  "spacing_z": 3.0,
  "summary_bg_k": 102.51316077812662,
  "summary_bg_mad": 34.910534939861776,
  "summary_bg_mean": 95.8345824076929,
  "summary_bg_median": 25.852216720581055,
  "summary_bg_n": 188754.0,
  "summary_bg_p05": 0.935960590839386,
  "summary_bg_p95": 435.6206970214844,
  "summary_bg_stdv": 214.88221467232768,
  "summary_fg_k": 1.5692355083352325,
  "summary_fg_mad": 742.4512480587828,
  "summary_fg_mean": 2626.6414947433027,
  "summary_fg_median": 2516.8792724609375,
  "summary_fg_n": 49710.0,
  "summary_fg_p05": 1437.1871337890625,
  "summary_fg_p95": 4224.9951171875,
  "summary_fg_stdv": 854.3218878512621,
  "tsnr": 41.829723443835974
}