{
  "aor": 0.0010555665024630542,
  "aqi": 0.010487009753694581,
  "bids_meta": {
    "EchoTime": 0.047,
    "RepetitionTime": 3.0,
    "SliceEncodingDirection": "k",
    "SliceTiming": [
      0.0,
      1.5,
      0.065,
      1.565,
      0.13,
      1.63,
      0.196,
      1.696,
      0.261,
      1.761,
      0.326,
      1.826,
      0.391,
      1.891,
      0.457,
      1.957,
      0.522,
      2.022,
      0.587,
      2.087,
      0.652,
      2.152,
      0.717,
      2.217,
      0.783,
      2.283,
      0.848,
      2.348,
      0.913,
      2.413,
      0.978,
      2.478,
      1.043,
      2.543,
      1.109,
      2.609,
      1.174,
      2.674,
      1.239,
      2.739,
      1.304,
      2.804,
      1.37,
      2.87,
      1.435,
      2.935
    ],
    "TaskName": "rest",
    "dataset": "ds003592",
    "modality": "bold",
    "session_id": "1",
    "subject_id": "187",
    "task_id": "rest"
  },
  "dummy_trs": 1,
  "dvars_nstd": 25.89912321094058,
  "dvars_std": 0.9723761890594066,
  "dvars_vstd": 0.9072306866831691,
  "efc": 0.38797893341431766,
  "fber": 19816.037109375,
  "fd_mean": 0.15257680100500612,
  "fd_num": 40,
  "fd_perc": 19.704433497536947,
  "fwhm_avg": 2.769346666666667,
  "fwhm_x": 2.7467466666666667,
  "fwhm_y": 2.8005999999999998,
  "fwhm_z": 2.7606933333333337,
  "gcor": 0.0135287,
  "gsr_x": -0.015492996200919151,
  "gsr_y": 0.019151100888848305,
  "provenance": {
    "md5sum": "9ac5687eeea62a99f4386038f981c98b",
    "settings": {
      "fd_thres": 0.2,
      "testing": false
    },
    "software": "mriqc",
    "version": "23.1.0"
  },
  "size_t": 203,
  "size_x": 72,
  "size_y": 72,
  "size_z": 46,
  "snr": 2.521407442802795,
  "spacing_tr": 3.0,
  "spacing_x": 3.0,
  "spacing_y": 3.0,
  "spacing_z": 3.0,
  "summary_bg_k": 38.756326627702215,
  "summary_bg_mad": 22.947468884844128,
  "summary_bg_mean": 71.48780204214351,
  "summary_bg_median": 17.541872024536133,
  "summary_bg_n": 198791.0,
  "summary_bg_p05": 0.5221675038337708,
  "summary_bg_p95": 312.71429443359375,
  "summary_bg_stdv": 175.52994676745917,
  "summary_fg_k": 1.8311452976778764,
  "summary_fg_mad": 775.0867760192348,
  "summary_fg_mean": 2672.755337957143,
  "summary_fg_median": 2469.359619140625,
  "summary_fg_n": 39673.0,
  "summary_fg_p05": 1418.5615234375,
  "summary_fg_p95": 4633.24609375,
  "summary_fg_stdv": 979.3452877202654,
  "tsnr": 35.53773808758706
}