{
  "aor": 0.0012368811881188118,
  "aqi": 0.008924153564356435,
  "bids_meta": {
    "EchoTime": 0.047,
    "RepetitionTime": 3.0,
    "SliceEncodingDirection": "k",
    "SliceTiming": [
      0.0,
      1.5,
      0.065,
      1.565,
      0.13,
      1.63,
      0.196,
      1.696,
      0.261,
      1.761,
      0.326,
      1.826,
      0.391,
      1.891,
      0.457,
      1.957,
      0.522,
      2.022,
      0.587,
      2.087,
      0.652,
      2.152,
      0.717,
      2.217,
      0.783,
      2.283,
      0.848,
      2.348,
      0.913,
      2.413,
      0.978,
      2.478,
      1.043,
      2.543,
      1.109,
      2.609,
      1.174,
      2.674,
      1.239,
      2.739,
      1.304,
      2.804,
      1.37,
      2.87,
      1.435,
      2.935
    ],
    "TaskName": "rest",
    "dataset": "ds003592",
    "modality": "bold",
    "session_id": "1",
    "subject_id": "238",
    "task_id": "rest"
  },
  "dummy_trs": 2,
  "dvars_nstd": 30.8217868522388,
  "dvars_std": 1.0706598694029854,
  "dvars_vstd": 0.9615146205970146,
  "efc": 0.4271072959015516,
  "fber": 7371.712890625,
  "fd_mean": 0.13492628918353916,
  "fd_num": 35,
  "fd_perc": 17.326732673267326,
  "fwhm_avg": 2.5199487563292293,
  "fwhm_x": 2.5558866666666664,
  "fwhm_y": 2.64986978940727,
  "fwhm_z": 2.3540898129137506,
  "gcor": 0.0428892,
  "gsr_x": 0.013885398395359516,
  "gsr_y": 0.012633097358047962,
  "provenance": {
    "md5sum": "55b1fe27313b4959f1f9add24bde551f",
    "settings": {
      "fd_thres": 0.2,
      "testing": false
    },
    "software": "mriqc",
    "version": "23.1.0"
  },
  "size_t": 202,
  "size_x": 72,
  "size_y": 72,
  "size_z": 46,
  "snr": 3.0606115889746794,
  "spacing_tr": 3.0,
  "spacing_x": 3.0,
  "spacing_y": 3.000000238418579,
  "spacing_z": 3.000000238418579,
  "summary_bg_k": 30.08406001978637,
  "summary_bg_mad": 34.23196449708172,
  "summary_bg_mean": 95.69047634085051,
  "summary_bg_median": 26.202970504760742,
  "summary_bg_n": 197057.0,
  "summary_bg_p05": 0.7079207897186279,
  "summary_bg_p95": 495.86138916015625,
  "summary_bg_stdv": 204.9693009307325,
  "summary_fg_k": 0.4104293797172964,
  "summary_fg_mad": 680.0445897590077,
  "summary_fg_mean": 2333.657424223277,
  "summary_fg_median": 2249.75244140625,
  "summary_fg_n": 41407.0,
  "summary_fg_p05": 1251.9603271484375,
  "summary_fg_p95": 3688.450439453125,
  "summary_fg_stdv": 735.057425455947,
  "tsnr": 38.58124343678355
}