{
  "aor": 0.013150689655172413,
  "aqi": 0.008800430197044335,
  "bids_meta": {
    "EchoTime": 0.03,
    "RepetitionTime": 3.0,
    "SliceEncodingDirection": "k",
    "SliceTiming": [
      0.0,
      1.5,
      0.065,
      1.565,
      0.13,
      1.63,
      0.196,
      1.696,
      0.261,
      1.761,
      0.326,
      1.826,
      0.391,
      1.891,
      0.457,
      1.957,
      0.522,
      2.022,
      0.587,
      2.087,
      0.652,
      2.152,
      0.717,
      2.217,
      0.783,
      2.283,
      0.848,
      2.348,
      0.913,
      2.413,
      0.978,
      2.478,
      1.043,
      2.543,
      1.109,
      2.609,
      1.174,
      2.674,
      1.239,
      2.739,
      1.304,
      2.804,
      1.37,
      2.87,
      1.435,
      2.935
    ],
    "TaskName": "rest",
    "dataset": "ds003592",
    "modality": "bold",
    "session_id": "2",
    "subject_id": "148",
    "task_id": "rest"
  },
  "dummy_trs": 1,
  "dvars_nstd": 19.165336386633673,
  "dvars_std": 0.9426162088118814,
  "dvars_vstd": 0.9147613852475251,
  "efc": 0.48658330326128296,
  "fber": 16206.662109375,
  "fd_mean": 0.14176541052609476,
  "fd_num": 32,
  "fd_perc": 15.763546798029557,
  "fwhm_avg": 3.132634614142767,
  "fwhm_x": 2.9920066666666667,
  "fwhm_y": 3.2066302548400762,
  "fwhm_z": 3.199266920921558,
  "gcor": 0.0379723,
  "gsr_x": -0.012610426172614098,
  "gsr_y": 0.050757721066474915,
  "provenance": {
    "md5sum": "a014346ccb0e18706639a401100a272b",
    "settings": {
      "fd_thres": 0.2,
      "testing": false
    },
    "software": "mriqc",
    "version": "23.1.0"
  },
  "size_t": 203,
  "size_x": 72,
  "size_y": 72,
  "size_z": 46,
  "snr": 2.811263410123614,
  "spacing_tr": 3.0,
  "spacing_x": 3.0,
  "spacing_y": 2.999999761581421,
  "spacing_z": 2.999999761581421,
  "summary_bg_k": 20.644451042044516,
  "summary_bg_mad": 39.022383150202074,
  "summary_bg_mean": 183.99454920612584,
  "summary_bg_median": 27.92118263244629,
  "summary_bg_n": 181617.0,
  "summary_bg_p05": 0.807881772518158,
  "summary_bg_p95": 1043.2315673828125,
  "summary_bg_stdv": 395.53627206862797,
  "summary_fg_k": 0.7638459246979314,
  "summary_fg_mad": 1085.0382348375106,
  "summary_fg_mean": 3791.6625670942485,
  "summary_fg_median": 3554.51708984375,
  "summary_fg_n": 56847.0,
  "summary_fg_p05": 2057.4384765625,
  "summary_fg_p95": 6271.16748046875,
  "summary_fg_stdv": 1264.3730975236572,
  "tsnr": 41.95088755013421
}