{
  "aor": 0.0018650499999999998,
  "aqi": 0.006523310250000001,
  "bids_meta": {
    "EchoTime": 0.02996,
    "RepetitionTime": 3,
    "SliceEncodingDirection": "k",
    "SliceTiming": [
      0,
      1.54,
      0.07,
      1.61,
      0.14,
      1.68,
      0.21,
      1.75,
      0.28,
      1.82,
      0.35,
      1.89,
      0.42,
      1.96,
      0.49,
      2.03,
      0.56,
      2.1,
      0.63,
      2.17,
      0.7,
      2.24,
      0.77,
      2.31,
      0.84,
      2.38,
      0.91,
      2.45,
      0.98,
      2.52,
      1.05,
      2.59,
      1.12,
      2.66,
      1.19,
      2.73,
      1.26,
      2.8,
      1.33,
      2.87,
      1.4,
      2.94,
      1.47
    ],
    "TaskName": "rest",
    "dataset": "ds003592",
    "modality": "bold",
    "session_id": "1",
    "subject_id": "298",
    "task_id": "rest"
  },
  "dummy_trs": 0,
  "dvars_nstd": 35.49702751728643,
  "dvars_std": 1.1213873487437191,
  "dvars_vstd": 0.9940630787437188,
  "efc": 0.49760272342163187,
  "fber": 883.9381103515625,
  "fd_mean": 0.2251257928232355,
  "fd_num": 78,
  "fd_perc": 39.0,
  "fwhm_avg": 2.5858621448380026,
  "fwhm_x": 2.395351111111111,
  "fwhm_y": 2.5972711111111115,
  "fwhm_z": 2.764964212291785,
  "gcor": 0.0233669,
  "gsr_x": -0.004972731228917837,
  "gsr_y": 0.04717308655381203,
  "provenance": {
    "md5sum": "415f3a38ed57086ac679db64bd890d58",
    "settings": {
      "fd_thres": 0.2,
      "testing": false
    },
    "software": "mriqc",
    "version": "23.1.0"
  },
  "size_t": 200,
  "size_x": 64,
  "size_y": 64,
  "size_z": 43,
  "snr": 2.4840755355046005,
  "spacing_tr": 3.0,
  "spacing_x": 3.375,
  "spacing_y": 3.375,
  "spacing_z": 2.9999990463256836,
  "summary_bg_k": 125.96246369144797,
  "summary_bg_mad": 12.661421475561397,
  "summary_bg_mean": 37.86044392204924,
  "summary_bg_median": 18.184999465942383,
  "summary_bg_n": 137421.0,
  "summary_bg_p05": 8.045000076293945,
  "summary_bg_p95": 132.864990234375,
  "summary_bg_stdv": 66.37016872490655,
  "summary_fg_k": 1.7112130437950377,
  "summary_fg_mad": 186.93393329698773,
  "summary_fg_mean": 585.638488269374,
  "summary_fg_median": 540.6599731445312,
  "summary_fg_n": 38707.0,
  "summary_fg_p05": 309.92999267578125,
  "summary_fg_p95": 997.1900024414062,
  "summary_fg_stdv": 217.64756399884743,
  "tsnr": 44.71175492508337
}