{
  "aor": 0.002597783251231527,
  "aqi": 0.006897742216748768,
  "bids_meta": {
    "EchoTime": 0.047,
    "RepetitionTime": 3.0,
    "SliceEncodingDirection": "k",
    "SliceTiming": [
      0.0,
      1.5,
      0.065,
      1.565,
      0.13,
      1.63,
      0.196,
      1.696,
      0.261,
      1.761,
      0.326,
      1.826,
      0.391,
      1.891,
      0.457,
      1.957,
      0.522,
      2.022,
      0.587,
      2.087,
      0.652,
      2.152,
      0.717,
      2.217,
      0.783,
      2.283,
      0.848,
      2.348,
      0.913,
      2.413,
      0.978,
      2.478,
      1.043,
      2.543,
      1.109,
      2.609,
      1.174,
      2.674,
      1.239,
      2.739,
      1.304,
      2.804,
      1.37,
      2.87,
      1.435,
      2.935
    ],
    "TaskName": "rest",
    "dataset": "ds003592",
    "modality": "bold",
    "session_id": "1",
    "subject_id": "23",
    "task_id": "rest"
  },
  "dummy_trs": 1,
  "dvars_nstd": 27.935903039603968,
  "dvars_std": 1.031095048811881,
  "dvars_vstd": 0.9691160096534654,
  "efc": 0.4455756940291136,
  "fber": 5551.2578125,
  "fd_mean": 0.07593805361842462,
  "fd_num": 5,
  "fd_perc": 2.4630541871921183,
  "fwhm_avg": 2.3866,
  "fwhm_x": 2.46346,
  "fwhm_y": 2.549776666666667,
  "fwhm_z": 2.1465633333333334,
  "gcor": 0.0299027,
  "gsr_x": -0.01032649353146553,
  "gsr_y": 0.033814944326877594,
  "provenance": {
    "md5sum": "8241b45f6e8bd4a983a7c966a99f92c7",
    "settings": {
      "fd_thres": 0.2,
      "testing": false
    },
    "software": "mriqc",
    "version": "23.1.0"
  },
  "size_t": 203,
  "size_x": 72,
  "size_y": 72,
  "size_z": 46,
  "snr": 2.907650604300299,
  "spacing_tr": 3.0,
  "spacing_x": 3.0,
  "spacing_y": 3.0,
  "spacing_z": 3.0,
  "summary_bg_k": 18.1952988858242,
  "summary_bg_mad": 39.657782472457725,
  "summary_bg_mean": 100.28753447287585,
  "summary_bg_median": 27.305418014526367,
  "summary_bg_n": 194338.0,
  "summary_bg_p05": 0.054187189787626266,
  "summary_bg_p95": 516.7093505859375,
  "summary_bg_stdv": 197.99154278633637,
  "summary_fg_k": 0.878947724200648,
  "summary_fg_mad": 612.1357253255649,
  "summary_fg_mean": 2134.342686270228,
  "summary_fg_median": 2034.4383544921875,
  "summary_fg_n": 44126.0,
  "summary_fg_p05": 1147.137939453125,
  "summary_fg_p95": 3446.709228515625,
  "summary_fg_stdv": 699.6766732389956,
  "tsnr": 40.3207498267293
}