{
  "aor": 0.00259487684729064,
  "aqi": 0.010960029950738916,
  "bids_meta": {
    "EchoTime": 0.047,
    "RepetitionTime": 3.0,
    "SliceEncodingDirection": "k",
    "SliceTiming": [
      0.0,
      1.5,
      0.065,
      1.565,
      0.13,
      1.63,
      0.196,
      1.696,
      0.261,
      1.761,
      0.326,
      1.826,
      0.391,
      1.891,
      0.457,
      1.957,
      0.522,
      2.022,
      0.587,
      2.087,
      0.652,
      2.152,
      0.717,
      2.217,
      0.783,
      2.283,
      0.848,
      2.348,
      0.913,
      2.413,
      0.978,
      2.478,
      1.043,
      2.543,
      1.109,
      2.609,
      1.174,
      2.674,
      1.239,
      2.739,
      1.304,
      2.804,
      1.37,
      2.87,
      1.435,
      2.935
    ],
    "TaskName": "rest",
    "dataset": "ds003592",
    "modality": "bold",
    "session_id": "1",
    "subject_id": "140",
    "task_id": "rest"
  },
  "dummy_trs": 1,
  "dvars_nstd": 25.71602642871287,
  "dvars_std": 1.0435221868811877,
  "dvars_vstd": 0.9565723679207927,
  "efc": 0.4341279230292136,
  "fber": 8201.123046875,
  "fd_mean": 0.1467970463043804,
  "fd_num": 46,
  "fd_perc": 22.660098522167488,
  "fwhm_avg": 2.6118977777777777,
  "fwhm_x": 2.5713033333333333,
  "fwhm_y": 2.6570966666666664,
  "fwhm_z": 2.6072933333333332,
  "gcor": 0.0233527,
  "gsr_x": -0.007509876042604446,
  "gsr_y": 0.019602596759796143,
  "provenance": {
    "md5sum": "b7d2adf4fb14a8c141d8d9b2189930fb",
    "settings": {
      "fd_thres": 0.2,
      "testing": false
    },
    "software": "mriqc",
    "version": "23.1.0"
  },
  "size_t": 203,
  "size_x": 72,
  "size_y": 72,
  "size_z": 46,
  "snr": 2.77842668488102,
  "spacing_tr": 3.0,
  "spacing_x": 3.0,
  "spacing_y": 3.0,
  "spacing_z": 3.0,
  "summary_bg_k": 108.50731657509891,
  "summary_bg_mad": 36.24706759293775,
  "summary_bg_mean": 94.9397316120513,
  "summary_bg_median": 27.029556274414062,
  "summary_bg_n": 192225.0,
  "summary_bg_p05": 0.9014778137207031,
  "summary_bg_p95": 417.5320129394531,
  "summary_bg_stdv": 218.16202330676046,
  "summary_fg_k": 1.3235428618344631,
  "summary_fg_mad": 733.325968949985,
  "summary_fg_mean": 2605.442846264352,
  "summary_fg_median": 2447.798095703125,
  "summary_fg_n": 46239.0,
  "summary_fg_p05": 1414.8275146484375,
  "summary_fg_p95": 4341.1279296875,
  "summary_fg_stdv": 880.9919800663713,
  "tsnr": 37.58888129889965
}