{
  "aor": 0.0009723645320197045,
  "aqi": 0.002931534482758621,
  "bids_meta": {
    "EchoTime": 0.03,
    "RepetitionTime": 3.0,
    "SliceEncodingDirection": "k",
    "SliceTiming": [
      0.0,
      1.5,
      0.065,
      1.565,
      0.13,
      1.63,
      0.196,
      1.696,
      0.261,
      1.761,
      0.326,
      1.826,
      0.391,
      1.891,
      0.457,
      1.957,
      0.522,
      2.022,
      0.587,
      2.087,
      0.652,
      2.152,
      0.717,
      2.217,
      0.783,
      2.283,
      0.848,
      2.348,
      0.913,
      2.413,
      0.978,
      2.478,
      1.043,
      2.543,
      1.109,
      2.609,
      1.174,
      2.674,
      1.239,
      2.739,
      1.304,
      2.804,
      1.37,
      2.87,
      1.435,
      2.935
    ],
    "TaskName": "rest",
    "dataset": "ds003592",
    "modality": "bold",
    "session_id": "2",
    "subject_id": "105",
    "task_id": "rest"
  },
  "dummy_trs": 1,
  "dvars_nstd": 18.686502419009905,
  "dvars_std": 1.0707015803465352,
  "dvars_vstd": 0.9498145812871285,
  "efc": 0.4185071033778629,
  "fber": 20412.228515625,
  "fd_mean": 0.09553486027759184,
  "fd_num": 9,
  "fd_perc": 4.433497536945813,
  "fwhm_avg": 3.3044844444444443,
  "fwhm_x": 3.2505733333333335,
  "fwhm_y": 3.3048133333333336,
  "fwhm_z": 3.3580666666666663,
  "gcor": 0.0185445,
  "gsr_x": -0.014756666496396065,
  "gsr_y": 0.02512126974761486,
  "provenance": {
    "md5sum": "3d6922c44c8f65f210f6f339ec92e06e",
    "settings": {
      "fd_thres": 0.2,
      "testing": false
    },
    "software": "mriqc",
    "version": "23.1.0"
  },
  "size_t": 203,
  "size_x": 72,
  "size_y": 72,
  "size_z": 46,
  "snr": 2.87907667058993,
  "spacing_tr": 3.0,
  "spacing_x": 3.0,
  "spacing_y": 3.0,
  "spacing_z": 3.0,
  "summary_bg_k": 21.334867030610937,
  "summary_bg_mad": 31.76274363443352,
  "summary_bg_mean": 123.45904175051247,
  "summary_bg_median": 23.571428298950195,
  "summary_bg_n": 195818.0,
  "summary_bg_p05": 0.8522167205810547,
  "summary_bg_p95": 659.4581298828125,
  "summary_bg_stdv": 271.6891784932449,
  "summary_fg_k": 1.1999897077783075,
  "summary_fg_mad": 953.7805212901399,
  "summary_fg_mean": 3583.003680092462,
  "summary_fg_median": 3367.6822509765625,
  "summary_fg_n": 42646.0,
  "summary_fg_p05": 2004.369384765625,
  "summary_fg_p95": 5916.990234375,
  "summary_fg_stdv": 1169.6954099883494,
  "tsnr": 66.69765361747704
}