{
  "aor": 0.0024758620689655174,
  "aqi": 0.00705648064039409,
  "bids_meta": {
    "EchoTime": 0.03,
    "RepetitionTime": 3.0,
    "SliceEncodingDirection": "k",
    "SliceTiming": [
      0.0,
      1.5,
      0.065,
      1.565,
      0.13,
      1.63,
      0.196,
      1.696,
      0.261,
      1.761,
      0.326,
      1.826,
      0.391,
      1.891,
      0.457,
      1.957,
      0.522,
      2.022,
      0.587,
      2.087,
      0.652,
      2.152,
      0.717,
      2.217,
      0.783,
      2.283,
      0.848,
      2.348,
      0.913,
      2.413,
      0.978,
      2.478,
      1.043,
      2.543,
      1.109,
      2.609,
      1.174,
      2.674,
      1.239,
      2.739,
      1.304,
      2.804,
      1.37,
      2.87,
      1.435,
      2.935
    ],
    "TaskName": "rest",
    "dataset": "ds003592",
    "modality": "bold",
    "session_id": "2",
    "subject_id": "192",
    "task_id": "rest"
  },
  "dummy_trs": 1,
  "dvars_nstd": 19.161696754950487,
  "dvars_std": 1.0144825936138613,
  "dvars_vstd": 0.920799420049505,
  "efc": 0.4306994747220402,
  "fber": 20159.416015625,
  "fd_mean": 0.14855669686136289,
  "fd_num": 41,
  "fd_perc": 20.19704433497537,
  "fwhm_avg": 3.3670211111111112,
  "fwhm_x": 3.17933,
  "fwhm_y": 3.4307666666666665,
  "fwhm_z": 3.4909666666666666,
  "gcor": 0.0071846,
  "gsr_x": -0.011631306260824203,
  "gsr_y": 0.028284195810556412,
  "provenance": {
    "md5sum": "d7ad19cdf014c5c39354345dc84d9615",
    "settings": {
      "fd_thres": 0.2,
      "testing": false
    },
    "software": "mriqc",
    "version": "23.1.0"
  },
  "size_t": 203,
  "size_x": 72,
  "size_y": 72,
  "size_z": 46,
  "snr": 2.8032176507192728,
  "spacing_tr": 3.0,
  "spacing_x": 3.0,
  "spacing_y": 3.0,
  "spacing_z": 3.0,
  "summary_bg_k": 23.165591732386044,
  "summary_bg_mad": 30.440816417936873,
  "summary_bg_mean": 114.41436281345293,
  "summary_bg_median": 22.876846313476562,
  "summary_bg_n": 191771.0,
  "summary_bg_p05": 1.1625615358352661,
  "summary_bg_p95": 578.2659912109375,
  "summary_bg_stdv": 248.4002999364895,
  "summary_fg_k": 1.5534178858525527,
  "summary_fg_mad": 905.5630105163729,
  "summary_fg_mean": 3464.013150300625,
  "summary_fg_median": 3248.142822265625,
  "summary_fg_n": 46693.0,
  "summary_fg_p05": 1908.477783203125,
  "summary_fg_p95": 5778.75830078125,
  "summary_fg_stdv": 1158.7070448641985,
  "tsnr": 46.02349853515625
}