{
  "bids_meta": {
    "EchoTime": 0.00252,
    "FlipAngle": 9,
    "RepetitionTime": 1.9,
    "dataset": "ds003592",
    "modality": "T1w",
    "session_id": "1",
    "subject_id": "259"
  },
  "cjv": 0.654693652924256,
  "cnr": 1.5089150157055011,
  "efc": 0.5084545856516937,
  "fber": -1.0,
  "fwhm_avg": 4.202906666666667,
  "fwhm_x": 4.09087,
  "fwhm_y": 4.39559,
  "fwhm_z": 4.12226,
  "icvs_csf": 0.26748864388055216,
  "icvs_gm": 0.3770415066450334,
  "icvs_wm": 0.35546984947441446,
  "inu_med": 0.4379766136407852,
  "inu_range": 0.12388460189104078,
  "provenance": {
    "md5sum": "75fddfc0e7a9d18b01b112d0e3ad2309",
    "settings": {
      "testing": false
    },
    "software": "mriqc",
    "version": "23.1.0",
    "warnings": {
      "large_rot_frame": true,
      "small_air_mask": false
    }
  },
  "qi_1": 0.0,
  "qi_2": 0.0012835918303837658,
  "rpve_csf": 8.541016113651848,
  "rpve_gm": 8.435155267743218,
  "rpve_wm": 8.519113070765595,
  "size_x": 192,
  "size_y": 256,
  "size_z": 256,
  "snr_csf": 2.4171307407970954,
  "snr_gm": 6.706826605165129,
  "snr_total": 7.228711863578279,
  "snr_wm": 12.562178244772612,
  "snrd_csf": 41.87724133873402,
  "snrd_gm": 68.21608026351568,
  "snrd_total": 65.62975317575969,
  "snrd_wm": 86.79593792502936,
  "spacing_x": 1.0,
  "spacing_y": 1.0,
  "spacing_z": 1.0,
  "summary_bg_k": 5376.20425417762,
  "summary_bg_mad": 0.0,
  "summary_bg_mean": 1.5587870305519942,
  "summary_bg_median": 0.0,
  "summary_bg_n": 4685358.0,
  "summary_bg_p05": 0.0,
  "summary_bg_p95": 8.511019386351109,
  "summary_bg_stdv": 7.178789413473028,
  "summary_csf_k": 0.7801731899707058,
  "summary_csf_mad": 137.80682455101476,
  "summary_csf_mean": 466.4852889694621,
  "summary_csf_median": 458.87832944095135,
  "summary_csf_n": 389789.2668113572,
  "summary_csf_p05": 126.27665079012513,
  "summary_csf_p95": 771.9942531809211,
  "summary_csf_stdv": 189.84398860677337,
  "summary_gm_k": 0.19942957609295497,
  "summary_gm_mad": 74.18324001131735,
  "summary_gm_mean": 749.5516795939149,
  "summary_gm_median": 747.491476316005,
  "summary_gm_n": 549431.6704459628,
  "summary_gm_p05": 564.0566111207008,
  "summary_gm_p95": 952.2486848160625,
  "summary_gm_stdv": 111.45223219270557,
  "summary_wm_k": -0.256281553483245,
  "summary_wm_mad": 59.107505470073804,
  "summary_wm_mean": 936.23386233626,
  "summary_wm_median": 951.0840190052986,
  "summary_wm_n": 517997.063314767,
  "summary_wm_p05": 790.4497267976403,
  "summary_wm_p95": 1038.2995702959597,
  "summary_wm_stdv": 75.71004665219182,
  "tpm_overlap_csf": 0.21836703065773308,
  "tpm_overlap_gm": 0.5311540324386554,
  "tpm_overlap_wm": 0.5613482511964776,
  "wm2max": 0.3766141620547751
}