{
  "aor": 0.0015968811881188114,
  "aqi": 0.0017973346039603963,
  "bids_meta": {
    "EchoTime": 0.0137,
    "RepetitionTime": 3.0,
    "SliceEncodingDirection": "k",
    "SliceTiming": [
      0.0,
      1.5,
      0.065,
      1.565,
      0.13,
      1.63,
      0.196,
      1.696,
      0.261,
      1.761,
      0.326,
      1.826,
      0.391,
      1.891,
      0.457,
      1.957,
      0.522,
      2.022,
      0.587,
      2.087,
      0.652,
      2.152,
      0.717,
      2.217,
      0.783,
      2.283,
      0.848,
      2.348,
      0.913,
      2.413,
      0.978,
      2.478,
      1.043,
      2.543,
      1.109,
      2.609,
      1.174,
      2.674,
      1.239,
      2.739,
      1.304,
      2.804,
      1.37,
      2.87,
      1.435,
      2.935
    ],
    "TaskName": "rest",
    "dataset": "ds003592",
    "modality": "bold",
    "session_id": "1",
    "subject_id": "182",
    "task_id": "rest"
  },
  "dummy_trs": 2,
  "dvars_nstd": 11.564120619900503,
  "dvars_std": 1.0451716909452737,
  "dvars_vstd": 0.9556204031840796,
  "efc": 0.4588756185126828,
  "fber": 20451.5390625,
  "fd_mean": 0.05448423989507551,
  "fd_num": 4,
  "fd_perc": 1.9801980198019802,
  "fwhm_avg": 3.9692222222222227,
  "fwhm_x": 3.673166666666667,
  "fwhm_y": 3.772933333333333,
  "fwhm_z": 4.461566666666667,
  "gcor": 0.0143519,
  "gsr_x": -0.01317119412124157,
  "gsr_y": 0.03943759948015213,
  "provenance": {
    "md5sum": "731a425ff6bcdb87d5aeaa077eed67cd",
    "settings": {
      "fd_thres": 0.2,
      "testing": false
    },
    "software": "mriqc",
    "version": "23.1.0"
  },
  "size_t": 202,
  "size_x": 72,
  "size_y": 72,
  "size_z": 46,
  "snr": 2.5034127166876146,
  "spacing_tr": 3.0,
  "spacing_x": 3.0,
  "spacing_y": 3.0,
  "spacing_z": 3.0,
  "summary_bg_k": 16.86257786580291,
  "summary_bg_mad": 43.56795315953896,
  "summary_bg_mean": 244.96984893992624,
  "summary_bg_median": 30.68811798095703,
  "summary_bg_n": 190024.0,
  "summary_bg_p05": 0.6930692791938782,
  "summary_bg_p95": 1305.5693359375,
  "summary_bg_stdv": 506.9024540185032,
  "summary_fg_k": 2.7294967557797625,
  "summary_fg_mad": 1262.245034328723,
  "summary_fg_mean": 4790.601682265429,
  "summary_fg_median": 4388.673095703125,
  "summary_fg_n": 48440.0,
  "summary_fg_p05": 2657.32421875,
  "summary_fg_p95": 8405.2275390625,
  "summary_fg_stdv": 1753.0580419764924,
  "tsnr": 89.19915938912891
}