{
  "aor": 0.001155369458128079,
  "aqi": 0.0052236700985221676,
  "bids_meta": {
    "EchoTime": 0.047,
    "RepetitionTime": 3.0,
    "SliceEncodingDirection": "k",
    "SliceTiming": [
      0.0,
      1.5,
      0.065,
      1.565,
      0.13,
      1.63,
      0.196,
      1.696,
      0.261,
      1.761,
      0.326,
      1.826,
      0.391,
      1.891,
      0.457,
      1.957,
      0.522,
      2.022,
      0.587,
      2.087,
      0.652,
      2.152,
      0.717,
      2.217,
      0.783,
      2.283,
      0.848,
      2.348,
      0.913,
      2.413,
      0.978,
      2.478,
      1.043,
      2.543,
      1.109,
      2.609,
      1.174,
      2.674,
      1.239,
      2.739,
      1.304,
      2.804,
      1.37,
      2.87,
      1.435,
      2.935
    ],
    "TaskName": "rest",
    "dataset": "ds003592",
    "modality": "bold",
    "session_id": "1",
    "subject_id": "182",
    "task_id": "rest"
  },
  "dummy_trs": 1,
  "dvars_nstd": 19.844753010643558,
  "dvars_std": 0.9639121740594059,
  "dvars_vstd": 0.944578600495049,
  "efc": 0.3919905530664506,
  "fber": 9680.24609375,
  "fd_mean": 0.054820940168656455,
  "fd_num": 3,
  "fd_perc": 1.477832512315271,
  "fwhm_avg": 2.321015555555556,
  "fwhm_x": 2.31437,
  "fwhm_y": 2.36449,
  "fwhm_z": 2.284186666666667,
  "gcor": 0.015058,
  "gsr_x": -0.01851167343556881,
  "gsr_y": 0.024653716012835503,
  "provenance": {
    "md5sum": "35e42fc59de1336e66974e948e6347b8",
    "settings": {
      "fd_thres": 0.2,
      "testing": false
    },
    "software": "mriqc",
    "version": "23.1.0"
  },
  "size_t": 203,
  "size_x": 72,
  "size_y": 72,
  "size_z": 46,
  "snr": 2.7757414137442304,
  "spacing_tr": 3.0,
  "spacing_x": 3.0,
  "spacing_y": 3.0,
  "spacing_z": 3.0,
  "summary_bg_k": 34.84773317392263,
  "summary_bg_mad": 29.70316923055828,
  "summary_bg_mean": 81.14466209567641,
  "summary_bg_median": 22.724138259887695,
  "summary_bg_n": 202156.0,
  "summary_bg_p05": 0.5024630427360535,
  "summary_bg_p95": 383.807861328125,
  "summary_bg_stdv": 192.75321398150157,
  "summary_fg_k": 2.858454575439702,
  "summary_fg_mad": 696.8814997919417,
  "summary_fg_mean": 2358.3829300250986,
  "summary_fg_median": 2235.7880859375,
  "summary_fg_n": 36308.0,
  "summary_fg_p05": 1263.4039306640625,
  "summary_fg_p95": 3807.024658203125,
  "summary_fg_stdv": 805.4631045461867,
  "tsnr": 46.28878179145977
}