{
  "aor": 0.00202585,
  "aqi": 0.00896966835,
  "bids_meta": {
    "EchoTime": 0.04592,
    "RepetitionTime": 3,
    "SliceEncodingDirection": "k",
    "SliceTiming": [
      0,
      1.54,
      0.07,
      1.61,
      0.14,
      1.68,
      0.21,
      1.75,
      0.28,
      1.82,
      0.35,
      1.89,
      0.42,
      1.96,
      0.49,
      2.03,
      0.56,
      2.1,
      0.63,
      2.17,
      0.7,
      2.24,
      0.77,
      2.31,
      0.84,
      2.38,
      0.91,
      2.45,
      0.98,
      2.52,
      1.05,
      2.5925,
      1.12,
      2.6625,
      1.19,
      2.7325,
      1.26,
      2.8025,
      1.33,
      2.8725,
      1.4,
      2.9425,
      1.47
    ],
    "TaskName": "rest",
    "dataset": "ds003592",
    "modality": "bold",
    "session_id": "1",
    "subject_id": "253",
    "task_id": "rest"
  },
  "dummy_trs": 0,
  "dvars_nstd": 39.23564363603019,
  "dvars_std": 1.0916356156783924,
  "dvars_vstd": 0.9618407723115576,
  "efc": 0.48527479115159095,
  "fber": 1125.851806640625,
  "fd_mean": 0.16693750058160414,
  "fd_num": 40,
  "fd_perc": 20.0,
  "fwhm_avg": 2.2343526547396673,
  "fwhm_x": 2.0647407407407408,
  "fwhm_y": 2.2923437037037036,
  "fwhm_z": 2.3459735197745575,
  "gcor": 0.0223223,
  "gsr_x": -0.007301519624888897,
  "gsr_y": 0.03659738227725029,
  "provenance": {
    "md5sum": "ef005e781e6e7160f4e9b03406731e08",
    "settings": {
      "fd_thres": 0.2,
      "testing": false
    },
    "software": "mriqc",
    "version": "23.1.0"
  },
  "size_t": 200,
  "size_x": 64,
  "size_y": 64,
  "size_z": 43,
  "snr": 2.5469738425352033,
  "spacing_tr": 3.0,
  "spacing_x": 3.375,
  "spacing_y": 3.375,
  "spacing_z": 2.999999761581421,
  "summary_bg_k": 58.19261332205791,
  "summary_bg_mad": 6.968231558112055,
  "summary_bg_mean": 28.056853844333762,
  "summary_bg_median": 13.59000015258789,
  "summary_bg_n": 138595.0,
  "summary_bg_p05": 7.460000038146973,
  "summary_bg_p95": 106.2699966430664,
  "summary_bg_stdv": 45.4948877707648,
  "summary_fg_k": 2.5074047625922393,
  "summary_fg_mad": 151.83329862661017,
  "summary_fg_mean": 488.7421101732823,
  "summary_fg_median": 455.9949951171875,
  "summary_fg_n": 37533.0,
  "summary_fg_p05": 261.54498291015625,
  "summary_fg_p95": 822.625,
  "summary_fg_stdv": 179.03164644801083,
  "tsnr": 38.918911250075325
}