{
  "aor": 0.00264015,
  "aqi": 0.006532681499999999,
  "bids_meta": {
    "EchoTime": 0.02996,
    "RepetitionTime": 3,
    "SliceEncodingDirection": "k",
    "SliceTiming": [
      0,
      1.54,
      0.07,
      1.61,
      0.14,
      1.68,
      0.21,
      1.75,
      0.28,
      1.82,
      0.35,
      1.89,
      0.42,
      1.96,
      0.49,
      2.03,
      0.56,
      2.1,
      0.63,
      2.17,
      0.7,
      2.24,
      0.77,
      2.31,
      0.84,
      2.38,
      0.91,
      2.45,
      0.98,
      2.52,
      1.05,
      2.59,
      1.12,
      2.66,
      1.19,
      2.73,
      1.26,
      2.8,
      1.33,
      2.87,
      1.4,
      2.94,
      1.47
    ],
    "TaskName": "rest",
    "dataset": "ds003592",
    "modality": "bold",
    "session_id": "1",
    "subject_id": "253",
    "task_id": "rest"
  },
  "dummy_trs": 0,
  "dvars_nstd": 31.7552621160804,
  "dvars_std": 1.1233980470854268,
  "dvars_vstd": 0.9705841395477384,
  "efc": 0.5059473021734392,
  "fber": 1475.9630126953125,
  "fd_mean": 0.16537695731983265,
  "fd_num": 42,
  "fd_perc": 21.0,
  "fwhm_avg": 2.5296158748869306,
  "fwhm_x": 2.2878637037037035,
  "fwhm_y": 2.5673037037037036,
  "fwhm_z": 2.7336802172533847,
  "gcor": 0.0241164,
  "gsr_x": -0.0024853891227394342,
  "gsr_y": 0.05492067709565163,
  "provenance": {
    "md5sum": "f29e1a84a5abf4a170309846c48d2447",
    "settings": {
      "fd_thres": 0.2,
      "testing": false
    },
    "software": "mriqc",
    "version": "23.1.0"
  },
  "size_t": 200,
  "size_x": 64,
  "size_y": 64,
  "size_z": 43,
  "snr": 2.7448765777083004,
  "spacing_tr": 3.0,
  "spacing_x": 3.375,
  "spacing_y": 3.375,
  "spacing_z": 2.999999761581421,
  "summary_bg_k": 65.60441533822042,
  "summary_bg_mad": 10.111348091673571,
  "summary_bg_mean": 41.01884604848466,
  "summary_bg_median": 15.630000114440918,
  "summary_bg_n": 135602.0,
  "summary_bg_p05": 7.414999961853027,
  "summary_bg_p95": 167.94000244140625,
  "summary_bg_stdv": 74.93162865527525,
  "summary_fg_k": 1.9205286049202037,
  "summary_fg_mad": 191.10375203653473,
  "summary_fg_mean": 636.6558828401888,
  "summary_fg_median": 600.4774780273438,
  "summary_fg_n": 40526.0,
  "summary_fg_p05": 350.30999755859375,
  "summary_fg_p95": 1042.9249267578125,
  "summary_fg_stdv": 218.76031669769267,
  "tsnr": 49.977126110345125
}