{
  "aor": 0.015391083743842363,
  "aqi": 0.009240173743842365,
  "bids_meta": {
    "EchoTime": 0.0137,
    "RepetitionTime": 3.0,
    "SliceEncodingDirection": "k",
    "SliceTiming": [
      0.0,
      1.5,
      0.065,
      1.565,
      0.13,
      1.63,
      0.196,
      1.696,
      0.261,
      1.761,
      0.326,
      1.826,
      0.391,
      1.891,
      0.457,
      1.957,
      0.522,
      2.022,
      0.587,
      2.087,
      0.652,
      2.152,
      0.717,
      2.217,
      0.783,
      2.283,
      0.848,
      2.348,
      0.913,
      2.413,
      0.978,
      2.478,
      1.043,
      2.543,
      1.109,
      2.609,
      1.174,
      2.674,
      1.239,
      2.739,
      1.304,
      2.804,
      1.37,
      2.87,
      1.435,
      2.935
    ],
    "TaskName": "rest",
    "dataset": "ds003592",
    "modality": "bold",
    "session_id": "1",
    "subject_id": "49",
    "task_id": "rest"
  },
  "dummy_trs": 1,
  "dvars_nstd": 30.28392788925742,
  "dvars_std": 1.4052546326237634,
  "dvars_vstd": 0.970182947425742,
  "efc": 0.5426599744470345,
  "fber": 8439.2275390625,
  "fd_mean": 0.21648384164377227,
  "fd_num": 34,
  "fd_perc": 16.748768472906406,
  "fwhm_avg": 3.22278,
  "fwhm_x": 2.7063566666666667,
  "fwhm_y": 3.26135,
  "fwhm_z": 3.7006333333333337,
  "gcor": 0.0578746,
  "gsr_x": -0.02173275128006935,
  "gsr_y": 0.0746329128742218,
  "provenance": {
    "md5sum": "4e2bb24d30151a1b04e76344a691f64d",
    "settings": {
      "fd_thres": 0.2,
      "testing": false
    },
    "software": "mriqc",
    "version": "23.1.0"
  },
  "size_t": 203,
  "size_x": 72,
  "size_y": 72,
  "size_z": 46,
  "snr": 2.879860220146778,
  "spacing_tr": 3.0,
  "spacing_x": 3.0,
  "spacing_y": 3.0,
  "spacing_z": 3.0,
  "summary_bg_k": 12.446869048945379,
  "summary_bg_mad": 73.07110737124515,
  "summary_bg_mean": 475.1391295124458,
  "summary_bg_median": 51.00492477416992,
  "summary_bg_n": 176993.0,
  "summary_bg_p05": 1.0541871786117554,
  "summary_bg_p95": 2638.098388671875,
  "summary_bg_stdv": 1015.9253438705165,
  "summary_fg_k": 1.2625566104173984,
  "summary_fg_mad": 1432.887265012607,
  "summary_fg_mean": 4919.379524258014,
  "summary_fg_median": 4685.5810546875,
  "summary_fg_n": 61471.0,
  "summary_fg_p05": 2654.694580078125,
  "summary_fg_p95": 7895.18701171875,
  "summary_fg_stdv": 1627.0035988646705,
  "tsnr": 49.176780140027404
}