{
  "aor": 0.008888719211822662,
  "aqi": 0.015078446995073892,
  "bids_meta": {
    "EchoTime": 0.047,
    "RepetitionTime": 3.0,
    "SliceEncodingDirection": "k",
    "SliceTiming": [
      0.0,
      1.5,
      0.065,
      1.565,
      0.13,
      1.63,
      0.196,
      1.696,
      0.261,
      1.761,
      0.326,
      1.826,
      0.391,
      1.891,
      0.457,
      1.957,
      0.522,
      2.022,
      0.587,
      2.087,
      0.652,
      2.152,
      0.717,
      2.217,
      0.783,
      2.283,
      0.848,
      2.348,
      0.913,
      2.413,
      0.978,
      2.478,
      1.043,
      2.543,
      1.109,
      2.609,
      1.174,
      2.674,
      1.239,
      2.739,
      1.304,
      2.804,
      1.37,
      2.87,
      1.435,
      2.935
    ],
    "TaskName": "rest",
    "dataset": "ds003592",
    "modality": "bold",
    "session_id": "1",
    "subject_id": "49",
    "task_id": "rest"
  },
  "dummy_trs": 1,
  "dvars_nstd": 31.5767813011881,
  "dvars_std": 0.9822590189603964,
  "dvars_vstd": 0.9437265550990105,
  "efc": 0.455170180977065,
  "fber": 7622.12646484375,
  "fd_mean": 0.23415017427674673,
  "fd_num": 35,
  "fd_perc": 17.24137931034483,
  "fwhm_avg": 2.6146644444444447,
  "fwhm_x": 2.5619333333333336,
  "fwhm_y": 2.723933333333333,
  "fwhm_z": 2.558126666666667,
  "gcor": 0.051015,
  "gsr_x": -0.003525635227560997,
  "gsr_y": 0.027740271762013435,
  "provenance": {
    "md5sum": "2b836f1b4db72dc89dc01715a4d21048",
    "settings": {
      "fd_thres": 0.2,
      "testing": false
    },
    "software": "mriqc",
    "version": "23.1.0"
  },
  "size_t": 203,
  "size_x": 72,
  "size_y": 72,
  "size_z": 46,
  "snr": 3.091309322770006,
  "spacing_tr": 3.0,
  "spacing_x": 3.0,
  "spacing_y": 3.0,
  "spacing_z": 3.0,
  "summary_bg_k": 41.988788800540604,
  "summary_bg_mad": 37.3352827270912,
  "summary_bg_mean": 106.91683880082843,
  "summary_bg_median": 27.78325080871582,
  "summary_bg_n": 190075.0,
  "summary_bg_p05": 1.039408802986145,
  "summary_bg_p95": 520.4137573242188,
  "summary_bg_stdv": 220.7797745128481,
  "summary_fg_k": 0.4783630550400275,
  "summary_fg_mad": 714.13213402794,
  "summary_fg_mean": 2526.5222244497622,
  "summary_fg_median": 2425.61083984375,
  "summary_fg_n": 48389.0,
  "summary_fg_p05": 1398.0689697265625,
  "summary_fg_p95": 4009.251220703125,
  "summary_fg_stdv": 784.6467379334508,
  "tsnr": 28.122780219418928
}