{
  "bids_meta": {
    "EchoTime": 0.0034,
    "FlipAngle": 7,
    "RepetitionTime": 2.53,
    "dataset": "ds003592",
    "modality": "T1w",
    "session_id": "1",
    "subject_id": "21"
  },
  "cjv": 0.5612432124701283,
  "cnr": 1.7076863281621546,
  "efc": 0.6086999602272558,
  "fber": 6861.040055435371,
  "fwhm_avg": 4.02489,
  "fwhm_x": 4.06315,
  "fwhm_y": 4.11228,
  "fwhm_z": 3.89924,
  "icvs_csf": 0.271681426356082,
  "icvs_gm": 0.3786757177490824,
  "icvs_wm": 0.3496428558948357,
  "inu_med": 0.7691416144371033,
  "inu_range": 0.5253878593444823,
  "provenance": {
    "md5sum": "d524a654ed28b1973cb3e323a1933398",
    "settings": {
      "testing": false
    },
    "software": "mriqc",
    "version": "23.1.0",
    "warnings": {
      "large_rot_frame": true,
      "small_air_mask": false
    }
  },
  "qi_1": 0.0,
  "qi_2": 0.002296572493765898,
  "rpve_csf": 7.152717278641733,
  "rpve_gm": 7.068338969135694,
  "rpve_wm": 7.167664559518265,
  "size_x": 176,
  "size_y": 256,
  "size_z": 256,
  "snr_csf": 1.9090931478402993,
  "snr_gm": 5.044458680014454,
  "snr_total": 6.214453594990654,
  "snr_wm": 11.689808957117206,
  "snrd_csf": 36.61352459667834,
  "snrd_gm": 65.99107560675785,
  "snrd_total": 64.89916874558048,
  "snrd_wm": 92.09290603330527,
  "spacing_x": 1.0,
  "spacing_y": 1.0,
  "spacing_z": 1.0,
  "summary_bg_k": 10.983476662010034,
  "summary_bg_mad": 0.0,
  "summary_bg_mean": 2.8549325217976675,
  "summary_bg_median": 0.0,
  "summary_bg_n": 3046426.0,
  "summary_bg_p05": 0.0,
  "summary_bg_p95": 17.643495425581932,
  "summary_bg_stdv": 6.921014967732411,
  "summary_csf_k": -0.6189926702721666,
  "summary_csf_mad": 164.13482121354374,
  "summary_csf_mean": 401.99242463912367,
  "summary_csf_median": 386.79388254880905,
  "summary_csf_n": 431643.9184490799,
  "summary_csf_p05": 107.67832830548286,
  "summary_csf_p95": 737.2785116359591,
  "summary_csf_stdv": 202.60584714721958,
  "summary_gm_k": -0.48258836614836165,
  "summary_gm_mad": 94.41681575963769,
  "summary_gm_mean": 701.6162337043367,
  "summary_gm_median": 697.1452387794852,
  "summary_gm_n": 601635.057733024,
  "summary_gm_p05": 477.0558848977089,
  "summary_gm_p95": 962.176285944879,
  "summary_gm_stdv": 138.20009313699745,
  "summary_wm_k": -0.011862345051580903,
  "summary_wm_mad": 60.3436842696852,
  "summary_wm_mean": 956.303208846567,
  "summary_wm_median": 972.8911125659943,
  "summary_wm_n": 555508.0242341169,
  "summary_wm_p05": 789.4139047712088,
  "summary_wm_p95": 1065.9170101210475,
  "summary_wm_stdv": 83.2255035525064,
  "tpm_overlap_csf": 0.21038875137974283,
  "tpm_overlap_gm": 0.5214872577935716,
  "tpm_overlap_wm": 0.5408459131645058,
  "wm2max": 0.524046330663614
}