{
  "aor": 0.002965960591133005,
  "aqi": 0.006358530788177339,
  "bids_meta": {
    "EchoTime": 0.047,
    "RepetitionTime": 3.0,
    "SliceEncodingDirection": "k",
    "SliceTiming": [
      0.0,
      1.5,
      0.065,
      1.565,
      0.13,
      1.63,
      0.196,
      1.696,
      0.261,
      1.761,
      0.326,
      1.826,
      0.391,
      1.891,
      0.457,
      1.957,
      0.522,
      2.022,
      0.587,
      2.087,
      0.652,
      2.152,
      0.717,
      2.217,
      0.783,
      2.283,
      0.848,
      2.348,
      0.913,
      2.413,
      0.978,
      2.478,
      1.043,
      2.543,
      1.109,
      2.609,
      1.174,
      2.674,
      1.239,
      2.739,
      1.304,
      2.804,
      1.37,
      2.87,
      1.435,
      2.935
    ],
    "TaskName": "rest",
    "dataset": "ds003592",
    "modality": "bold",
    "session_id": "2",
    "subject_id": "24",
    "task_id": "rest"
  },
  "dummy_trs": 1,
  "dvars_nstd": 26.529326958118805,
  "dvars_std": 1.1301351023267328,
  "dvars_vstd": 0.9983685190594069,
  "efc": 0.40364295692491553,
  "fber": 9688.4677734375,
  "fd_mean": 0.11532767157193632,
  "fd_num": 28,
  "fd_perc": 13.793103448275861,
  "fwhm_avg": 2.6962233333333328,
  "fwhm_x": 2.71065,
  "fwhm_y": 2.70899,
  "fwhm_z": 2.66903,
  "gcor": 0.0544209,
  "gsr_x": 0.0005126980831846595,
  "gsr_y": 0.021848922595381737,
  "provenance": {
    "md5sum": "ef50519e92f2d8f1958b708c2069d050",
    "settings": {
      "fd_thres": 0.2,
      "testing": false
    },
    "software": "mriqc",
    "version": "23.1.0"
  },
  "size_t": 203,
  "size_x": 72,
  "size_y": 72,
  "size_z": 46,
  "snr": 3.042921100243463,
  "spacing_tr": 3.0,
  "spacing_x": 3.0,
  "spacing_y": 3.0,
  "spacing_z": 3.0,
  "summary_bg_k": 91.29100336734996,
  "summary_bg_mad": 36.977413387576355,
  "summary_bg_mean": 91.6226649327177,
  "summary_bg_median": 25.83251190185547,
  "summary_bg_n": 199739.0,
  "summary_bg_p05": 0.07881773263216019,
  "summary_bg_p95": 433.7487487792969,
  "summary_bg_stdv": 225.7010675136688,
  "summary_fg_k": 0.8612945484487806,
  "summary_fg_mad": 723.2177781409061,
  "summary_fg_mean": 2665.2778744588595,
  "summary_fg_median": 2542.694580078125,
  "summary_fg_n": 38725.0,
  "summary_fg_p05": 1487.7437744140625,
  "summary_fg_p95": 4276.7783203125,
  "summary_fg_stdv": 835.5989741303775,
  "tsnr": 48.83011965546757
}