{
  "aor": 0.006904800000000001,
  "aqi": 0.0096923381,
  "bids_meta": {
    "EchoTime": 0.04592,
    "RepetitionTime": 3,
    "SliceEncodingDirection": "k",
    "SliceTiming": [
      0,
      1.54,
      0.07,
      1.61,
      0.14,
      1.68,
      0.21,
      1.75,
      0.28,
      1.82,
      0.35,
      1.89,
      0.42,
      1.96,
      0.49,
      2.03,
      0.56,
      2.1,
      0.63,
      2.17,
      0.7,
      2.24,
      0.77,
      2.31,
      0.84,
      2.38,
      0.91,
      2.45,
      0.98,
      2.52,
      1.05,
      2.5925,
      1.12,
      2.6625,
      1.19,
      2.7325,
      1.26,
      2.8025,
      1.33,
      2.8725,
      1.4,
      2.9425,
      1.47
    ],
    "TaskName": "rest",
    "dataset": "ds003592",
    "modality": "bold",
    "session_id": "1",
    "subject_id": "280",
    "task_id": "rest"
  },
  "dummy_trs": 0,
  "dvars_nstd": 54.467253920251245,
  "dvars_std": 1.1781065506030155,
  "dvars_vstd": 1.0213541090452256,
  "efc": 0.47085979913336473,
  "fber": 947.7896118164062,
  "fd_mean": 0.3845497500046201,
  "fd_num": 143,
  "fd_perc": 71.5,
  "fwhm_avg": 2.116401405375509,
  "fwhm_x": 2.0114903703703706,
  "fwhm_y": 2.067848888888889,
  "fwhm_z": 2.269864956867267,
  "gcor": 0.020357,
  "gsr_x": -0.013983323238790035,
  "gsr_y": 0.03962549567222595,
  "provenance": {
    "md5sum": "0c5771404ba745efa751c0e45954536b",
    "settings": {
      "fd_thres": 0.2,
      "testing": false
    },
    "software": "mriqc",
    "version": "23.1.0"
  },
  "size_t": 200,
  "size_x": 64,
  "size_y": 64,
  "size_z": 43,
  "snr": 2.215593925688174,
  "spacing_tr": 3.0,
  "spacing_x": 3.375,
  "spacing_y": 3.375,
  "spacing_z": 2.999997854232788,
  "summary_bg_k": 152.76281110366116,
  "summary_bg_mad": 9.392285110789775,
  "summary_bg_mean": 30.672806287981793,
  "summary_bg_median": 15.714999198913574,
  "summary_bg_n": 140534.0,
  "summary_bg_p05": 7.335000038146973,
  "summary_bg_p95": 108.64999389648438,
  "summary_bg_stdv": 52.40086965779255,
  "summary_fg_k": 1.5175279314636025,
  "summary_fg_mad": 199.37291975991212,
  "summary_fg_mean": 523.7453415289202,
  "summary_fg_median": 483.8049774169922,
  "summary_fg_n": 35594.0,
  "summary_fg_p05": 247.0,
  "summary_fg_p95": 936.4049682617188,
  "summary_fg_stdv": 218.36049268813542,
  "tsnr": 31.216646132874303
}