{
  "aor": 0.0068922,
  "aqi": 0.0069178217,
  "bids_meta": {
    "EchoTime": 0.02996,
    "RepetitionTime": 3,
    "SliceEncodingDirection": "k",
    "SliceTiming": [
      0,
      1.54,
      0.07,
      1.61,
      0.14,
      1.68,
      0.21,
      1.75,
      0.28,
      1.82,
      0.35,
      1.89,
      0.42,
      1.96,
      0.49,
      2.03,
      0.56,
      2.1,
      0.63,
      2.17,
      0.7,
      2.24,
      0.77,
      2.31,
      0.84,
      2.38,
      0.91,
      2.45,
      0.98,
      2.52,
      1.05,
      2.59,
      1.12,
      2.66,
      1.19,
      2.73,
      1.26,
      2.8,
      1.33,
      2.87,
      1.4,
      2.94,
      1.47
    ],
    "TaskName": "rest",
    "dataset": "ds003592",
    "modality": "bold",
    "session_id": "1",
    "subject_id": "280",
    "task_id": "rest"
  },
  "dummy_trs": 0,
  "dvars_nstd": 43.011882005778915,
  "dvars_std": 1.198905859497487,
  "dvars_vstd": 1.0268386281909554,
  "efc": 0.4919289165248058,
  "fber": 1266.14794921875,
  "fd_mean": 0.38302225159825287,
  "fd_num": 144,
  "fd_perc": 72.0,
  "fwhm_avg": 2.469562363022858,
  "fwhm_x": 2.3362992592592593,
  "fwhm_y": 2.410565925925926,
  "fwhm_z": 2.6618219038833884,
  "gcor": 0.0348787,
  "gsr_x": -0.008994949981570244,
  "gsr_y": 0.047434329986572266,
  "provenance": {
    "md5sum": "b9cbe07d42951d84a19a503aa20072c5",
    "settings": {
      "fd_thres": 0.2,
      "testing": false
    },
    "software": "mriqc",
    "version": "23.1.0"
  },
  "size_t": 200,
  "size_x": 64,
  "size_y": 64,
  "size_z": 43,
  "snr": 2.6170494392397914,
  "spacing_tr": 3.0,
  "spacing_x": 3.375,
  "spacing_y": 3.375,
  "spacing_z": 2.999997854232788,
  "summary_bg_k": 91.82984905403843,
  "summary_bg_mad": 12.172164270487778,
  "summary_bg_mean": 40.04034170540783,
  "summary_bg_median": 17.354999542236328,
  "summary_bg_n": 137640.0,
  "summary_bg_p05": 7.34499979019165,
  "summary_bg_p95": 147.44750213623047,
  "summary_bg_stdv": 73.75630848922079,
  "summary_fg_k": 0.9934552180122629,
  "summary_fg_mad": 225.10723029832639,
  "summary_fg_mean": 650.2289542285599,
  "summary_fg_median": 617.54248046875,
  "summary_fg_n": 38488.0,
  "summary_fg_p05": 330.29998779296875,
  "summary_fg_p95": 1085.22998046875,
  "summary_fg_stdv": 235.96591207817553,
  "tsnr": 41.48234524950385
}