{
  "aor": 0.0032378217821782173,
  "aqi": 0.0061985800990099005,
  "bids_meta": {
    "EchoTime": 0.0137,
    "RepetitionTime": 3.0,
    "SliceEncodingDirection": "k",
    "SliceTiming": [
      0.0,
      1.5,
      0.065,
      1.565,
      0.13,
      1.63,
      0.196,
      1.696,
      0.261,
      1.761,
      0.326,
      1.826,
      0.391,
      1.891,
      0.457,
      1.957,
      0.522,
      2.022,
      0.587,
      2.087,
      0.652,
      2.152,
      0.717,
      2.217,
      0.783,
      2.283,
      0.848,
      2.348,
      0.913,
      2.413,
      0.978,
      2.478,
      1.043,
      2.543,
      1.109,
      2.609,
      1.174,
      2.674,
      1.239,
      2.739,
      1.304,
      2.804,
      1.37,
      2.87,
      1.435,
      2.935
    ],
    "TaskName": "rest",
    "dataset": "ds003592",
    "modality": "bold",
    "session_id": "1",
    "subject_id": "14",
    "task_id": "rest"
  },
  "dummy_trs": 2,
  "dvars_nstd": 23.012708668557213,
  "dvars_std": 1.4107414203980098,
  "dvars_vstd": 0.9232961968159207,
  "efc": 0.46367072198241543,
  "fber": 32647.615234375,
  "fd_mean": 0.10326958864347048,
  "fd_num": 24,
  "fd_perc": 11.881188118811881,
  "fwhm_avg": 3.5484933333333335,
  "fwhm_x": 3.227346666666667,
  "fwhm_y": 3.4685,
  "fwhm_z": 3.9496333333333333,
  "gcor": 0.0527805,
  "gsr_x": -0.020794017240405083,
  "gsr_y": 0.05596648529171944,
  "provenance": {
    "md5sum": "d2c3edfb685d583654bb937211b79ee4",
    "settings": {
      "fd_thres": 0.2,
      "testing": false
    },
    "software": "mriqc",
    "version": "23.1.0"
  },
  "size_t": 202,
  "size_x": 72,
  "size_y": 72,
  "size_z": 46,
  "snr": 2.9062004264546637,
  "spacing_tr": 3.0,
  "spacing_x": 3.0,
  "spacing_y": 3.0,
  "spacing_z": 3.0,
  "summary_bg_k": 16.354496283438486,
  "summary_bg_mad": 29.842872976211115,
  "summary_bg_mean": 226.11454985472787,
  "summary_bg_median": 22.668315887451172,
  "summary_bg_n": 190018.0,
  "summary_bg_p05": 1.3366336822509766,
  "summary_bg_p95": 1286.57421875,
  "summary_bg_stdv": 490.0184422908726,
  "summary_fg_k": 2.4388608388247315,
  "summary_fg_mad": 1096.8431292352725,
  "summary_fg_mean": 4340.168118308873,
  "summary_fg_median": 4095.85888671875,
  "summary_fg_n": 48446.0,
  "summary_fg_p05": 2454.381103515625,
  "summary_fg_p95": 7040.0,
  "summary_fg_stdv": 1409.3372834170416,
  "tsnr": 56.0162367685698
}