{
  "aor": 0.0009249009900990099,
  "aqi": 0.0043039417821782175,
  "bids_meta": {
    "EchoTime": 0.047,
    "RepetitionTime": 3.0,
    "SliceEncodingDirection": "k",
    "SliceTiming": [
      0.0,
      1.5,
      0.065,
      1.565,
      0.13,
      1.63,
      0.196,
      1.696,
      0.261,
      1.761,
      0.326,
      1.826,
      0.391,
      1.891,
      0.457,
      1.957,
      0.522,
      2.022,
      0.587,
      2.087,
      0.652,
      2.152,
      0.717,
      2.217,
      0.783,
      2.283,
      0.848,
      2.348,
      0.913,
      2.413,
      0.978,
      2.478,
      1.043,
      2.543,
      1.109,
      2.609,
      1.174,
      2.674,
      1.239,
      2.739,
      1.304,
      2.804,
      1.37,
      2.87,
      1.435,
      2.935
    ],
    "TaskName": "rest",
    "dataset": "ds003592",
    "modality": "bold",
    "session_id": "2",
    "subject_id": "99",
    "task_id": "rest"
  },
  "dummy_trs": 2,
  "dvars_nstd": 22.47980987034825,
  "dvars_std": 1.033890756169154,
  "dvars_vstd": 0.9786712129353232,
  "efc": 0.4151084132428999,
  "fber": 13700.724609375,
  "fd_mean": 0.04839535292899939,
  "fd_num": 2,
  "fd_perc": 0.9900990099009901,
  "fwhm_avg": 2.7848401469054167,
  "fwhm_x": 2.8090266666666666,
  "fwhm_y": 2.901326897243412,
  "fwhm_z": 2.64416687680617,
  "gcor": 0.0305783,
  "gsr_x": -0.01136729959398508,
  "gsr_y": 0.022120678797364235,
  "provenance": {
    "md5sum": "081c643feb86133cfc2751d35f90053c",
    "settings": {
      "fd_thres": 0.2,
      "testing": false
    },
    "software": "mriqc",
    "version": "23.1.0"
  },
  "size_t": 202,
  "size_x": 72,
  "size_y": 72,
  "size_z": 46,
  "snr": 2.7089146751650333,
  "spacing_tr": 3.0,
  "spacing_x": 3.0,
  "spacing_y": 2.999999761581421,
  "spacing_z": 2.999999761581421,
  "summary_bg_k": 34.9842944497877,
  "summary_bg_mad": 27.00978307109253,
  "summary_bg_mean": 81.26321036202826,
  "summary_bg_median": 20.653465270996094,
  "summary_bg_n": 194582.0,
  "summary_bg_p05": 0.3118811845779419,
  "summary_bg_p95": 386.7178039550781,
  "summary_bg_stdv": 196.35435119797495,
  "summary_fg_k": 3.341029202097257,
  "summary_fg_mad": 720.2802639064622,
  "summary_fg_mean": 2537.977592807987,
  "summary_fg_median": 2417.4901123046875,
  "summary_fg_n": 43882.0,
  "summary_fg_p05": 1327.82666015625,
  "summary_fg_p95": 4136.60888671875,
  "summary_fg_stdv": 892.4100079491465,
  "tsnr": 50.111507602036
}