{
  "aor": 0.0009063366336633663,
  "aqi": 0.003515589207920792,
  "bids_meta": {
    "EchoTime": 0.03,
    "RepetitionTime": 3.0,
    "SliceEncodingDirection": "k",
    "SliceTiming": [
      0.0,
      1.5,
      0.065,
      1.565,
      0.13,
      1.63,
      0.196,
      1.696,
      0.261,
      1.761,
      0.326,
      1.826,
      0.391,
      1.891,
      0.457,
      1.957,
      0.522,
      2.022,
      0.587,
      2.087,
      0.652,
      2.152,
      0.717,
      2.217,
      0.783,
      2.283,
      0.848,
      2.348,
      0.913,
      2.413,
      0.978,
      2.478,
      1.043,
      2.543,
      1.109,
      2.609,
      1.174,
      2.674,
      1.239,
      2.739,
      1.304,
      2.804,
      1.37,
      2.87,
      1.435,
      2.935
    ],
    "TaskName": "rest",
    "dataset": "ds003592",
    "modality": "bold",
    "session_id": "2",
    "subject_id": "99",
    "task_id": "rest"
  },
  "dummy_trs": 2,
  "dvars_nstd": 17.394697896069644,
  "dvars_std": 1.061378039154229,
  "dvars_vstd": 0.9718150424378115,
  "efc": 0.4369089998641351,
  "fber": 23252.474609375,
  "fd_mean": 0.052996537132749266,
  "fd_num": 1,
  "fd_perc": 0.49504950495049505,
  "fwhm_avg": 3.113681276759673,
  "fwhm_x": 3.08802,
  "fwhm_y": 3.1452569166292283,
  "fwhm_z": 3.1077669136497903,
  "gcor": 0.032388,
  "gsr_x": -0.005851236172020435,
  "gsr_y": 0.025142474099993706,
  "provenance": {
    "md5sum": "87af4fccc50717b187f39c7d6513a8ec",
    "settings": {
      "fd_thres": 0.2,
      "testing": false
    },
    "software": "mriqc",
    "version": "23.1.0"
  },
  "size_t": 202,
  "size_x": 72,
  "size_y": 72,
  "size_z": 46,
  "snr": 2.783003515428017,
  "spacing_tr": 3.0,
  "spacing_x": 3.0,
  "spacing_y": 2.999999761581421,
  "spacing_z": 2.999999761581421,
  "summary_bg_k": 44.61844276240164,
  "summary_bg_mad": 30.06306233095252,
  "summary_bg_mean": 119.69213122194255,
  "summary_bg_median": 22.603960037231445,
  "summary_bg_n": 189304.0,
  "summary_bg_p05": 0.8861386179924011,
  "summary_bg_p95": 563.267333984375,
  "summary_bg_stdv": 295.79306711587446,
  "summary_fg_k": 3.579393054292474,
  "summary_fg_mad": 995.8830218394357,
  "summary_fg_mean": 3655.001652308976,
  "summary_fg_median": 3446.8240966796875,
  "summary_fg_n": 49160.0,
  "summary_fg_p05": 2047.7227783203125,
  "summary_fg_p95": 5898.759765625,
  "summary_fg_stdv": 1238.514080270337,
  "tsnr": 67.82928250345867
}