{
  "aor": 0.0043622,
  "aqi": 0.01022859025,
  "bids_meta": {
    "EchoTime": 0.02996,
    "RepetitionTime": 3,
    "SliceEncodingDirection": "k",
    "SliceTiming": [
      0,
      1.54,
      0.07,
      1.61,
      0.14,
      1.68,
      0.21,
      1.75,
      0.28,
      1.82,
      0.35,
      1.89,
      0.42,
      1.96,
      0.49,
      2.03,
      0.56,
      2.1,
      0.63,
      2.17,
      0.7,
      2.24,
      0.77,
      2.31,
      0.84,
      2.38,
      0.91,
      2.45,
      0.98,
      2.52,
      1.05,
      2.59,
      1.12,
      2.66,
      1.19,
      2.73,
      1.26,
      2.8,
      1.33,
      2.87,
      1.4,
      2.94,
      1.47
    ],
    "TaskName": "rest",
    "dataset": "ds003592",
    "modality": "bold",
    "session_id": "1",
    "subject_id": "240",
    "task_id": "rest"
  },
  "dummy_trs": 0,
  "dvars_nstd": 34.420102728291454,
  "dvars_std": 1.0861833486934678,
  "dvars_vstd": 0.9675120627638192,
  "efc": 0.5255980762030698,
  "fber": 1035.5185546875,
  "fd_mean": 0.2699567985408632,
  "fd_num": 91,
  "fd_perc": 45.5,
  "fwhm_avg": 2.6744974395685706,
  "fwhm_x": 2.481333333333333,
  "fwhm_y": 2.705674074074074,
  "fwhm_z": 2.836484911298305,
  "gcor": 0.0399458,
  "gsr_x": 0.012510744854807854,
  "gsr_y": 0.05568631738424301,
  "provenance": {
    "md5sum": "f9d9c4da057bb62307099d69711ca347",
    "settings": {
      "fd_thres": 0.2,
      "testing": false
    },
    "software": "mriqc",
    "version": "23.1.0"
  },
  "size_t": 200,
  "size_x": 64,
  "size_y": 64,
  "size_z": 43,
  "snr": 2.319753625432343,
  "spacing_tr": 3.0,
  "spacing_x": 3.375,
  "spacing_y": 3.375,
  "spacing_z": 2.9999983310699463,
  "summary_bg_k": 33.649664650681274,
  "summary_bg_mad": 14.084721075803218,
  "summary_bg_mean": 51.24386440301623,
  "summary_bg_median": 19.19499969482422,
  "summary_bg_n": 132328.0,
  "summary_bg_p05": 7.934999942779541,
  "summary_bg_p95": 212.11000061035156,
  "summary_bg_stdv": 86.49743232443303,
  "summary_fg_k": 2.6184995877451076,
  "summary_fg_mad": 217.5718755656971,
  "summary_fg_mean": 676.6778162908554,
  "summary_fg_median": 617.6849975585938,
  "summary_fg_n": 43800.0,
  "summary_fg_p05": 359.0325012207031,
  "summary_fg_p95": 1194.427490234375,
  "summary_fg_stdv": 266.26877076423364,
  "tsnr": 36.60251412028447
}