{
  "bids_meta": {
    "EchoTime": 0.00252,
    "FlipAngle": 9,
    "RepetitionTime": 1.9,
    "dataset": "ds003592",
    "modality": "T1w",
    "session_id": "1",
    "subject_id": "275"
  },
  "cjv": 0.8134277036665869,
  "cnr": 1.0884875377506467,
  "efc": 0.49153810450046076,
  "fber": -1.0,
  "fwhm_avg": 4.191526666666666,
  "fwhm_x": 4.25832,
  "fwhm_y": 4.11097,
  "fwhm_z": 4.20529,
  "icvs_csf": 0.26132318118835685,
  "icvs_gm": 0.35934839014878805,
  "icvs_wm": 0.37932842866285504,
  "inu_med": 0.4364493787288666,
  "inu_range": 0.15229145139455796,
  "provenance": {
    "md5sum": "0b89e1b0d4e532f8f33de0fc2a0f1357",
    "settings": {
      "testing": false
    },
    "software": "mriqc",
    "version": "23.1.0",
    "warnings": {
      "large_rot_frame": true,
      "small_air_mask": false
    }
  },
  "qi_1": 0.0,
  "qi_2": 0.0012978708828356293,
  "rpve_csf": 8.829358166801045,
  "rpve_gm": 8.682707182511388,
  "rpve_wm": 8.757554112186755,
  "size_x": 192,
  "size_y": 256,
  "size_z": 256,
  "snr_csf": 2.392847792043796,
  "snr_gm": 5.979728566140225,
  "snr_total": 6.895040046094249,
  "snr_wm": 12.312543780098729,
  "snrd_csf": 47.83989324775745,
  "snrd_gm": 87.28117709825347,
  "snrd_total": 80.28309134036265,
  "snrd_wm": 105.72820367507703,
  "spacing_x": 1.0,
  "spacing_y": 1.0,
  "spacing_z": 1.0,
  "summary_bg_k": 215.11083407051984,
  "summary_bg_mad": 0.0,
  "summary_bg_mean": 1.4099512894966792,
  "summary_bg_median": 0.0,
  "summary_bg_n": 4632541.0,
  "summary_bg_p05": 0.0,
  "summary_bg_p95": 7.122766613960266,
  "summary_bg_stdv": 5.849729878851983,
  "summary_csf_k": 0.868381328596088,
  "summary_csf_mad": 139.20302633131755,
  "summary_csf_mean": 449.4355026337187,
  "summary_csf_median": 427.16364551335573,
  "summary_csf_n": 368948.6110642053,
  "summary_csf_p05": 159.4933137819171,
  "summary_csf_p95": 769.1778537780046,
  "summary_csf_stdv": 178.51660604578797,
  "summary_gm_k": 1.4401987611465241,
  "summary_gm_mad": 65.88143228956322,
  "summary_gm_mean": 775.0914690992684,
  "summary_gm_median": 779.3358902558684,
  "summary_gm_n": 507345.3064157808,
  "summary_gm_p05": 547.2389213293791,
  "summary_gm_p95": 991.3596078157425,
  "summary_gm_stdv": 130.32951472340952,
  "summary_wm_k": -0.6119430852646137,
  "summary_wm_mad": 68.10148055432992,
  "summary_wm_mean": 931.3884278951294,
  "summary_wm_median": 944.0498682036996,
  "summary_wm_n": 535554.083858533,
  "summary_wm_p05": 793.2981316298246,
  "summary_wm_p95": 1039.6001635193825,
  "summary_wm_stdv": 76.67375675466941,
  "tpm_overlap_csf": 0.21860307656089764,
  "tpm_overlap_gm": 0.5028815202874967,
  "tpm_overlap_wm": 0.5582681503216341,
  "wm2max": 0.4497244042696317
}