{
  "aor": 0.0035723152709359603,
  "aqi": 0.00469017448275862,
  "bids_meta": {
    "EchoTime": 0.03,
    "RepetitionTime": 3.0,
    "SliceEncodingDirection": "k",
    "SliceTiming": [
      0.0,
      1.5,
      0.065,
      1.565,
      0.13,
      1.63,
      0.196,
      1.696,
      0.261,
      1.761,
      0.326,
      1.826,
      0.391,
      1.891,
      0.457,
      1.957,
      0.522,
      2.022,
      0.587,
      2.087,
      0.652,
      2.152,
      0.717,
      2.217,
      0.783,
      2.283,
      0.848,
      2.348,
      0.913,
      2.413,
      0.978,
      2.478,
      1.043,
      2.543,
      1.109,
      2.609,
      1.174,
      2.674,
      1.239,
      2.739,
      1.304,
      2.804,
      1.37,
      2.87,
      1.435,
      2.935
    ],
    "TaskName": "rest",
    "dataset": "ds003592",
    "modality": "bold",
    "session_id": "2",
    "subject_id": "157",
    "task_id": "rest"
  },
  "dummy_trs": 1,
  "dvars_nstd": 25.114293768465348,
  "dvars_std": 1.1520665419306932,
  "dvars_vstd": 1.0103542568316832,
  "efc": 0.4272819283232749,
  "fber": 15362.1845703125,
  "fd_mean": 0.17224287010167227,
  "fd_num": 60,
  "fd_perc": 29.55665024630542,
  "fwhm_avg": 2.9599966666666666,
  "fwhm_x": 2.91877,
  "fwhm_y": 2.9789033333333332,
  "fwhm_z": 2.9823166666666663,
  "gcor": 0.0394948,
  "gsr_x": -0.00328085501678288,
  "gsr_y": 0.01034577563405037,
  "provenance": {
    "md5sum": "b05ea81189a5088fce2776cee1dca99f",
    "settings": {
      "fd_thres": 0.2,
      "testing": false
    },
    "software": "mriqc",
    "version": "23.1.0"
  },
  "size_t": 203,
  "size_x": 72,
  "size_y": 72,
  "size_z": 46,
  "snr": 3.056332066285795,
  "spacing_tr": 3.0,
  "spacing_x": 3.0,
  "spacing_y": 3.0,
  "spacing_z": 3.0,
  "summary_bg_k": 28.631518871400342,
  "summary_bg_mad": 39.70160346580458,
  "summary_bg_mean": 164.60490539567164,
  "summary_bg_median": 28.995073318481445,
  "summary_bg_n": 197743.0,
  "summary_bg_p05": 0.807881772518158,
  "summary_bg_p95": 898.8768310546875,
  "summary_bg_stdv": 362.91948919129624,
  "summary_fg_k": 0.6570821859578317,
  "summary_fg_mad": 1007.2349190017337,
  "summary_fg_mean": 3792.690006087013,
  "summary_fg_median": 3593.7734375,
  "summary_fg_n": 40721.0,
  "summary_fg_p05": 2123.541748046875,
  "summary_fg_p95": 6071.79296875,
  "summary_fg_stdv": 1175.8307777118125,
  "tsnr": 56.80970122292638
}