{
  "aor": 0.0014247499999999998,
  "aqi": 0.008646938449999999,
  "bids_meta": {
    "EchoTime": 0.014,
    "RepetitionTime": 3,
    "SliceEncodingDirection": "k",
    "SliceTiming": [
      0,
      1.5425,
      0.07,
      1.6125,
      0.14,
      1.6825,
      0.21,
      1.7525,
      0.28,
      1.8225,
      0.35,
      1.8925,
      0.42,
      1.9625,
      0.49,
      2.0325,
      0.56,
      2.1025,
      0.63,
      2.1725,
      0.7,
      2.2425,
      0.77,
      2.3125,
      0.84,
      2.3825,
      0.91,
      2.4525,
      0.98,
      2.5225,
      1.05,
      2.5925,
      1.12,
      2.6625,
      1.19,
      2.7325,
      1.26,
      2.8025,
      1.33,
      2.8725,
      1.4,
      2.9425,
      1.47
    ],
    "TaskName": "rest",
    "dataset": "ds003592",
    "modality": "bold",
    "session_id": "1",
    "subject_id": "286",
    "task_id": "rest"
  },
  "dummy_trs": 0,
  "dvars_nstd": 19.389428977638197,
  "dvars_std": 0.9812466788944725,
  "dvars_vstd": 0.9116861784924624,
  "efc": 0.572690880539305,
  "fber": 866.8817138671875,
  "fd_mean": 0.11556664807062632,
  "fd_num": 30,
  "fd_perc": 15.0,
  "fwhm_avg": 3.0387679058790824,
  "fwhm_x": 2.6550755555555554,
  "fwhm_y": 2.944059259259259,
  "fwhm_z": 3.517168902822433,
  "gcor": 0.0141941,
  "gsr_x": -0.025496112182736397,
  "gsr_y": 0.12815679609775543,
  "provenance": {
    "md5sum": "30f6d74ee75ed3074adfb26a82f5665e",
    "settings": {
      "fd_thres": 0.2,
      "testing": false
    },
    "software": "mriqc",
    "version": "23.1.0"
  },
  "size_t": 200,
  "size_x": 64,
  "size_y": 64,
  "size_z": 43,
  "snr": 2.1307487358073263,
  "spacing_tr": 3.0,
  "spacing_x": 3.375,
  "spacing_y": 3.375,
  "spacing_z": 2.999998092651367,
  "summary_bg_k": 14.540638447995178,
  "summary_bg_mad": 23.96626339166661,
  "summary_bg_mean": 89.65687686499412,
  "summary_bg_median": 26.3799991607666,
  "summary_bg_n": 124438.0,
  "summary_bg_p05": 8.894999504089355,
  "summary_bg_p95": 392.9700012207031,
  "summary_bg_stdv": 148.97355628309444,
  "summary_fg_k": 4.053454118460723,
  "summary_fg_mad": 277.83222644850287,
  "summary_fg_mean": 862.4183191928211,
  "summary_fg_median": 776.7024841308594,
  "summary_fg_n": 51690.0,
  "summary_fg_p05": 444.75,
  "summary_fg_p95": 1569.5299072265625,
  "summary_fg_stdv": 364.51739145000096,
  "tsnr": 49.12486543378327
}