{
  "aor": 0.0025135960591133005,
  "aqi": 0.006631948620689655,
  "bids_meta": {
    "EchoTime": 0.03,
    "RepetitionTime": 3.0,
    "SliceEncodingDirection": "k",
    "SliceTiming": [
      0.0,
      1.5,
      0.065,
      1.565,
      0.13,
      1.63,
      0.196,
      1.696,
      0.261,
      1.761,
      0.326,
      1.826,
      0.391,
      1.891,
      0.457,
      1.957,
      0.522,
      2.022,
      0.587,
      2.087,
      0.652,
      2.152,
      0.717,
      2.217,
      0.783,
      2.283,
      0.848,
      2.348,
      0.913,
      2.413,
      0.978,
      2.478,
      1.043,
      2.543,
      1.109,
      2.609,
      1.174,
      2.674,
      1.239,
      2.739,
      1.304,
      2.804,
      1.37,
      2.87,
      1.435,
      2.935
    ],
    "TaskName": "rest",
    "dataset": "ds003592",
    "modality": "bold",
    "session_id": "1",
    "subject_id": "70",
    "task_id": "rest"
  },
  "dummy_trs": 1,
  "dvars_nstd": 22.329136659504947,
  "dvars_std": 1.0632404629207917,
  "dvars_vstd": 0.9283706186138608,
  "efc": 0.44789642768714094,
  "fber": 22416.30078125,
  "fd_mean": 0.2321027258935795,
  "fd_num": 71,
  "fd_perc": 34.97536945812808,
  "fwhm_avg": 3.2210244444444442,
  "fwhm_x": 3.10624,
  "fwhm_y": 3.106033333333333,
  "fwhm_z": 3.4507999999999996,
  "gcor": 0.0258498,
  "gsr_x": -0.010763512924313545,
  "gsr_y": 0.023682700470089912,
  "provenance": {
    "md5sum": "66fa400873dbb1b3551395069ce4f93a",
    "settings": {
      "fd_thres": 0.2,
      "testing": false
    },
    "software": "mriqc",
    "version": "23.1.0"
  },
  "size_t": 203,
  "size_x": 72,
  "size_y": 72,
  "size_z": 46,
  "snr": 2.699918802639079,
  "spacing_tr": 3.0,
  "spacing_x": 3.0,
  "spacing_y": 3.0,
  "spacing_z": 3.0,
  "summary_bg_k": 35.43629857424279,
  "summary_bg_mad": 31.886902217154834,
  "summary_bg_mean": 128.39326837977123,
  "summary_bg_median": 23.48768424987793,
  "summary_bg_n": 186824.0,
  "summary_bg_p05": 1.0098521709442139,
  "summary_bg_p95": 627.581298828125,
  "summary_bg_stdv": 293.79634938016426,
  "summary_fg_k": 1.22233545259129,
  "summary_fg_mad": 1064.3695799107534,
  "summary_fg_mean": 3806.178617976046,
  "summary_fg_median": 3516.593505859375,
  "summary_fg_n": 51640.0,
  "summary_fg_p05": 2131.926025390625,
  "summary_fg_p95": 6412.57861328125,
  "summary_fg_stdv": 1302.4685976235357,
  "tsnr": 45.89176480961032
}