{
  "aor": 0.0010103940886699507,
  "aqi": 0.004856077980295566,
  "bids_meta": {
    "EchoTime": 0.0137,
    "RepetitionTime": 3.0,
    "SliceEncodingDirection": "k",
    "SliceTiming": [
      0.0,
      1.5,
      0.065,
      1.565,
      0.13,
      1.63,
      0.196,
      1.696,
      0.261,
      1.761,
      0.326,
      1.826,
      0.391,
      1.891,
      0.457,
      1.957,
      0.522,
      2.022,
      0.587,
      2.087,
      0.652,
      2.152,
      0.717,
      2.217,
      0.783,
      2.283,
      0.848,
      2.348,
      0.913,
      2.413,
      0.978,
      2.478,
      1.043,
      2.543,
      1.109,
      2.609,
      1.174,
      2.674,
      1.239,
      2.739,
      1.304,
      2.804,
      1.37,
      2.87,
      1.435,
      2.935
    ],
    "TaskName": "rest",
    "dataset": "ds003592",
    "modality": "bold",
    "session_id": "2",
    "subject_id": "135",
    "task_id": "rest"
  },
  "dummy_trs": 1,
  "dvars_nstd": 17.932769487623762,
  "dvars_std": 1.1319651130693067,
  "dvars_vstd": 0.9670259007920795,
  "efc": 0.5270567593588911,
  "fber": 9374.279296875,
  "fd_mean": 0.1236010841401148,
  "fd_num": 25,
  "fd_perc": 12.31527093596059,
  "fwhm_avg": 3.292158888888889,
  "fwhm_x": 3.1066966666666667,
  "fwhm_y": 3.2309133333333335,
  "fwhm_z": 3.538866666666667,
  "gcor": 0.0420248,
  "gsr_x": -0.020687224343419075,
  "gsr_y": 0.10461053252220154,
  "provenance": {
    "md5sum": "c8a9466405005762f1a18d8d2bd785f7",
    "settings": {
      "fd_thres": 0.2,
      "testing": false
    },
    "software": "mriqc",
    "version": "23.1.0"
  },
  "size_t": 203,
  "size_x": 72,
  "size_y": 72,
  "size_z": 46,
  "snr": 2.8768304511067124,
  "spacing_tr": 3.0,
  "spacing_x": 3.0,
  "spacing_y": 3.0,
  "spacing_z": 3.0,
  "summary_bg_k": 11.967778687935953,
  "summary_bg_mad": 67.08957416699637,
  "summary_bg_mean": 464.22462623322195,
  "summary_bg_median": 46.610836029052734,
  "summary_bg_n": 184098.0,
  "summary_bg_p05": 0.6896551847457886,
  "summary_bg_p95": 2421.4482421875,
  "summary_bg_stdv": 941.6192806917074,
  "summary_fg_k": 1.314618971404216,
  "summary_fg_mad": 1288.1328399851268,
  "summary_fg_mean": 4817.08539334255,
  "summary_fg_median": 4512.9013671875,
  "summary_fg_n": 54366.0,
  "summary_fg_p05": 2755.49755859375,
  "summary_fg_p95": 7904.73388671875,
  "summary_fg_stdv": 1568.6916343808793,
  "tsnr": 75.74845796450973
}