{
  "aor": 0.0020327227722772277,
  "aqi": 0.002734776930693069,
  "bids_meta": {
    "EchoTime": 0.0137,
    "RepetitionTime": 3.0,
    "SliceEncodingDirection": "k",
    "SliceTiming": [
      0.0,
      1.5,
      0.065,
      1.565,
      0.13,
      1.63,
      0.196,
      1.696,
      0.261,
      1.761,
      0.326,
      1.826,
      0.391,
      1.891,
      0.457,
      1.957,
      0.522,
      2.022,
      0.587,
      2.087,
      0.652,
      2.152,
      0.717,
      2.217,
      0.783,
      2.283,
      0.848,
      2.348,
      0.913,
      2.413,
      0.978,
      2.478,
      1.043,
      2.543,
      1.109,
      2.609,
      1.174,
      2.674,
      1.239,
      2.739,
      1.304,
      2.804,
      1.37,
      2.87,
      1.435,
      2.935
    ],
    "TaskName": "rest",
    "dataset": "ds003592",
    "modality": "bold",
    "session_id": "2",
    "subject_id": "220",
    "task_id": "rest"
  },
  "dummy_trs": 2,
  "dvars_nstd": 13.213471431691538,
  "dvars_std": 1.1278706298507455,
  "dvars_vstd": 0.9747023126368158,
  "efc": 0.5014331157235455,
  "fber": 22007.990234375,
  "fd_mean": 0.08384774913225151,
  "fd_num": 11,
  "fd_perc": 5.445544554455446,
  "fwhm_avg": 3.034133333333333,
  "fwhm_x": 2.7670166666666667,
  "fwhm_y": 2.9530499999999997,
  "fwhm_z": 3.3823333333333334,
  "gcor": 0.0247093,
  "gsr_x": -0.00020664953626692295,
  "gsr_y": 0.051995135843753815,
  "provenance": {
    "md5sum": "3fa31951579961ec10d4159f93cdba6e",
    "settings": {
      "fd_thres": 0.2,
      "testing": false
    },
    "software": "mriqc",
    "version": "23.1.0"
  },
  "size_t": 202,
  "size_x": 72,
  "size_y": 72,
  "size_z": 46,
  "snr": 3.139539087302767,
  "spacing_tr": 3.0,
  "spacing_x": 3.0,
  "spacing_y": 3.0,
  "spacing_z": 3.0,
  "summary_bg_k": 16.516686838408024,
  "summary_bg_mad": 46.29828892792733,
  "summary_bg_mean": 342.74994944075723,
  "summary_bg_median": 33.069305419921875,
  "summary_bg_n": 183589.0,
  "summary_bg_p05": 0.9009900689125061,
  "summary_bg_p95": 1937.212890625,
  "summary_bg_stdv": 762.1037560431853,
  "summary_fg_k": 0.9196828115383653,
  "summary_fg_mad": 1392.6626307498361,
  "summary_fg_mean": 5142.439302958495,
  "summary_fg_median": 4905.861328125,
  "summary_fg_n": 54875.0,
  "summary_fg_p05": 2936.059326171875,
  "summary_fg_p95": 8023.9951171875,
  "summary_fg_stdv": 1562.591352160873,
  "tsnr": 96.01035332772881
}