{
  "aor": 0.003200344827586207,
  "aqi": 0.0048684162561576354,
  "bids_meta": {
    "EchoTime": 0.03,
    "RepetitionTime": 3.0,
    "SliceEncodingDirection": "k",
    "SliceTiming": [
      0.0,
      1.5,
      0.065,
      1.565,
      0.13,
      1.63,
      0.196,
      1.696,
      0.261,
      1.761,
      0.326,
      1.826,
      0.391,
      1.891,
      0.457,
      1.957,
      0.522,
      2.022,
      0.587,
      2.087,
      0.652,
      2.152,
      0.717,
      2.217,
      0.783,
      2.283,
      0.848,
      2.348,
      0.913,
      2.413,
      0.978,
      2.478,
      1.043,
      2.543,
      1.109,
      2.609,
      1.174,
      2.674,
      1.239,
      2.739,
      1.304,
      2.804,
      1.37,
      2.87,
      1.435,
      2.935
    ],
    "TaskName": "rest",
    "dataset": "ds003592",
    "modality": "bold",
    "session_id": "2",
    "subject_id": "27",
    "task_id": "rest"
  },
  "dummy_trs": 1,
  "dvars_nstd": 18.729422885693065,
  "dvars_std": 1.128068095594059,
  "dvars_vstd": 0.9984740443069308,
  "efc": 0.4504285372359709,
  "fber": 15497.814453125,
  "fd_mean": 0.08306319300310844,
  "fd_num": 8,
  "fd_perc": 3.9408866995073892,
  "fwhm_avg": 3.0574988888888885,
  "fwhm_x": 2.937163333333333,
  "fwhm_y": 3.11344,
  "fwhm_z": 3.121893333333333,
  "gcor": 0.0300685,
  "gsr_x": -0.004860342480242252,
  "gsr_y": 0.023640871047973633,
  "provenance": {
    "md5sum": "2a865752748383373b98674d76c2e3e6",
    "settings": {
      "fd_thres": 0.2,
      "testing": false
    },
    "software": "mriqc",
    "version": "23.1.0"
  },
  "size_t": 203,
  "size_x": 72,
  "size_y": 72,
  "size_z": 46,
  "snr": 2.9942115305298236,
  "spacing_tr": 3.0,
  "spacing_x": 3.0,
  "spacing_y": 3.0,
  "spacing_z": 3.0,
  "summary_bg_k": 19.32937952807946,
  "summary_bg_mad": 39.628568594719795,
  "summary_bg_mean": 168.04850919996127,
  "summary_bg_median": 27.20689582824707,
  "summary_bg_n": 192240.0,
  "summary_bg_p05": 0.11330048739910126,
  "summary_bg_p95": 960.0516967773438,
  "summary_bg_stdv": 368.76165169074204,
  "summary_fg_k": 0.7692161259197765,
  "summary_fg_mad": 1004.7223498367541,
  "summary_fg_mean": 3564.6065585563733,
  "summary_fg_median": 3386.9925537109375,
  "summary_fg_n": 46224.0,
  "summary_fg_p05": 1993.926025390625,
  "summary_fg_p95": 5734.07861328125,
  "summary_fg_stdv": 1131.1678825116167,
  "tsnr": 70.30727354285773
}