{
  "bids_meta": {
    "EchoTime": 0.0034,
    "FlipAngle": 7,
    "RepetitionTime": 2.53,
    "dataset": "ds003592",
    "modality": "T1w",
    "session_id": "1",
    "subject_id": "28"
  },
  "cjv": 0.5588567999319506,
  "cnr": 1.8350104030182546,
  "efc": 0.6346138015281995,
  "fber": 5230.973856354574,
  "fwhm_avg": 4.363863333333334,
  "fwhm_x": 4.36687,
  "fwhm_y": 4.52145,
  "fwhm_z": 4.20327,
  "icvs_csf": 0.2627916744316804,
  "icvs_gm": 0.38402166933094856,
  "icvs_wm": 0.35318665623737105,
  "inu_med": 0.783778190612793,
  "inu_range": 0.6557879269123078,
  "provenance": {
    "md5sum": "901af5ce1ec2e9d291327c53497eaf2e",
    "settings": {
      "testing": false
    },
    "software": "mriqc",
    "version": "23.1.0",
    "warnings": {
      "large_rot_frame": true,
      "small_air_mask": false
    }
  },
  "qi_1": 0.0,
  "qi_2": 0.0012945807132359,
  "rpve_csf": 7.217221221428592,
  "rpve_gm": 7.141452302669135,
  "rpve_wm": 7.230640355404365,
  "size_x": 176,
  "size_y": 256,
  "size_z": 256,
  "snr_csf": 1.9095270913144007,
  "snr_gm": 5.948138749000536,
  "snr_total": 6.858011534822676,
  "snr_wm": 12.716368764153092,
  "snrd_csf": 37.028300060272436,
  "snrd_gm": 64.50752177269321,
  "snrd_total": 63.23105780728476,
  "snrd_wm": 88.15735158888864,
  "spacing_x": 1.0,
  "spacing_y": 1.0,
  "spacing_z": 1.0,
  "summary_bg_k": 11.447664596339573,
  "summary_bg_mad": 0.0,
  "summary_bg_mean": 2.804699714949171,
  "summary_bg_median": 0.0,
  "summary_bg_n": 3040992.0,
  "summary_bg_p05": 0.0,
  "summary_bg_p95": 19.484465569257736,
  "summary_bg_stdv": 7.198970183346425,
  "summary_csf_k": -0.8590904970050106,
  "summary_csf_mad": 168.76784334667536,
  "summary_csf_mean": 413.7162972367526,
  "summary_csf_median": 406.8856929242611,
  "summary_csf_n": 414318.14245947206,
  "summary_csf_p05": 91.02284282445908,
  "summary_csf_p95": 756.247523277998,
  "summary_csf_stdv": 213.08165971784445,
  "summary_gm_k": -0.6611385386889883,
  "summary_gm_mad": 88.25328491589651,
  "summary_gm_mean": 714.3761909394715,
  "summary_gm_median": 708.8412822782993,
  "summary_gm_n": 605449.7161885862,
  "summary_gm_p05": 525.0437822937965,
  "summary_gm_p95": 940.8315521478653,
  "summary_gm_stdv": 119.17016848557162,
  "summary_wm_k": -0.14120073825056823,
  "summary_wm_mad": 56.98034911987312,
  "summary_wm_mean": 955.6166664006823,
  "summary_wm_median": 968.7175762653351,
  "summary_wm_n": 556835.1420196246,
  "summary_wm_p05": 804.0112774074078,
  "summary_wm_p95": 1059.347154647112,
  "summary_wm_stdv": 76.17872085884824,
  "tpm_overlap_csf": 0.20963832616315795,
  "tpm_overlap_gm": 0.5303896116710417,
  "tpm_overlap_wm": 0.5463021829663018,
  "wm2max": 0.5283210170218574
}