{
  "aor": 0.001251831683168317,
  "aqi": 0.0024234466336633662,
  "bids_meta": {
    "EchoTime": 0.0137,
    "RepetitionTime": 3.0,
    "SliceEncodingDirection": "k",
    "SliceTiming": [
      0.0,
      1.5,
      0.065,
      1.565,
      0.13,
      1.63,
      0.196,
      1.696,
      0.261,
      1.761,
      0.326,
      1.826,
      0.391,
      1.891,
      0.457,
      1.957,
      0.522,
      2.022,
      0.587,
      2.087,
      0.652,
      2.152,
      0.717,
      2.217,
      0.783,
      2.283,
      0.848,
      2.348,
      0.913,
      2.413,
      0.978,
      2.478,
      1.043,
      2.543,
      1.109,
      2.609,
      1.174,
      2.674,
      1.239,
      2.739,
      1.304,
      2.804,
      1.37,
      2.87,
      1.435,
      2.935
    ],
    "TaskName": "rest",
    "dataset": "ds003592",
    "modality": "bold",
    "session_id": "1",
    "subject_id": "151",
    "task_id": "rest"
  },
  "dummy_trs": 2,
  "dvars_nstd": 17.347763663930355,
  "dvars_std": 1.3146938554228862,
  "dvars_vstd": 0.9598325474129352,
  "efc": 0.4803651777247771,
  "fber": 13157.4345703125,
  "fd_mean": 0.05160536215135122,
  "fd_num": 0,
  "fd_perc": 0.0,
  "fwhm_avg": 3.5143999999999997,
  "fwhm_x": 3.3293733333333333,
  "fwhm_y": 3.2974266666666665,
  "fwhm_z": 3.9164,
  "gcor": 0.0185541,
  "gsr_x": -0.002790028927847743,
  "gsr_y": 0.023439176380634308,
  "provenance": {
    "md5sum": "4d674c0ed4a65cdc4f1881cc1130c1e2",
    "settings": {
      "fd_thres": 0.2,
      "testing": false
    },
    "software": "mriqc",
    "version": "23.1.0"
  },
  "size_t": 202,
  "size_x": 72,
  "size_y": 72,
  "size_z": 46,
  "snr": 2.844846042179705,
  "spacing_tr": 3.0,
  "spacing_x": 3.0,
  "spacing_y": 3.0,
  "spacing_z": 3.0,
  "summary_bg_k": 11.555517052297962,
  "summary_bg_mad": 56.63246669256224,
  "summary_bg_mean": 349.36177906948376,
  "summary_bg_median": 39.89603805541992,
  "summary_bg_n": 192188.0,
  "summary_bg_p05": 1.0742573738098145,
  "summary_bg_p95": 1907.9752197265625,
  "summary_bg_stdv": 716.7161442679388,
  "summary_fg_k": 1.4652903088386005,
  "summary_fg_mad": 1225.921279975336,
  "summary_fg_mean": 4904.958659441902,
  "summary_fg_median": 4576.309326171875,
  "summary_fg_n": 46276.0,
  "summary_fg_p05": 2795.96044921875,
  "summary_fg_p95": 8153.84619140625,
  "summary_fg_stdv": 1608.614249149551,
  "tsnr": 84.54315195605159
}