{
  "aor": 0.0014448275862068965,
  "aqi": 0.0025506306896551723,
  "bids_meta": {
    "EchoTime": 0.0137,
    "RepetitionTime": 3.0,
    "SliceEncodingDirection": "k",
    "SliceTiming": [
      0.0,
      1.5,
      0.065,
      1.565,
      0.13,
      1.63,
      0.196,
      1.696,
      0.261,
      1.761,
      0.326,
      1.826,
      0.391,
      1.891,
      0.457,
      1.957,
      0.522,
      2.022,
      0.587,
      2.087,
      0.652,
      2.152,
      0.717,
      2.217,
      0.783,
      2.283,
      0.848,
      2.348,
      0.913,
      2.413,
      0.978,
      2.478,
      1.043,
      2.543,
      1.109,
      2.609,
      1.174,
      2.674,
      1.239,
      2.739,
      1.304,
      2.804,
      1.37,
      2.87,
      1.435,
      2.935
    ],
    "TaskName": "rest",
    "dataset": "ds003592",
    "modality": "bold",
    "session_id": "1",
    "subject_id": "119",
    "task_id": "rest"
  },
  "dummy_trs": 1,
  "dvars_nstd": 17.42497577752474,
  "dvars_std": 1.2767456526237624,
  "dvars_vstd": 0.9338059861881188,
  "efc": 0.5546865964059692,
  "fber": 12225.3720703125,
  "fd_mean": 0.05461203829504443,
  "fd_num": 0,
  "fd_perc": 0.0,
  "fwhm_avg": 3.258833333333333,
  "fwhm_x": 2.8665766666666666,
  "fwhm_y": 3.17759,
  "fwhm_z": 3.732333333333333,
  "gcor": 0.0140466,
  "gsr_x": -0.013570312410593033,
  "gsr_y": 0.07870654761791229,
  "provenance": {
    "md5sum": "8059b41d1797014282c04919004ab879",
    "settings": {
      "fd_thres": 0.2,
      "testing": false
    },
    "software": "mriqc",
    "version": "23.1.0"
  },
  "size_t": 203,
  "size_x": 72,
  "size_y": 72,
  "size_z": 46,
  "snr": 2.952511496626814,
  "spacing_tr": 3.0,
  "spacing_x": 3.0,
  "spacing_y": 3.0,
  "spacing_z": 3.0,
  "summary_bg_k": 9.955786006240546,
  "summary_bg_mad": 64.63561356246875,
  "summary_bg_mean": 436.46416699605624,
  "summary_bg_median": 44.71921157836914,
  "summary_bg_n": 170872.0,
  "summary_bg_p05": 0.5517241358757019,
  "summary_bg_p95": 2398.802978515625,
  "summary_bg_stdv": 892.5925807506889,
  "summary_fg_k": 0.648950257044925,
  "summary_fg_mad": 1570.459249653904,
  "summary_fg_mean": 5196.091605388818,
  "summary_fg_median": 4944.531982421875,
  "summary_fg_n": 67592.0,
  "summary_fg_p05": 2881.576416015625,
  "summary_fg_p95": 8336.9951171875,
  "summary_fg_stdv": 1674.6743955527027,
  "tsnr": 75.2431915346533
}