{
  "aor": 0.0017645499999999997,
  "aqi": 0.0054332754,
  "bids_meta": {
    "EchoTime": 0.014,
    "RepetitionTime": 3,
    "SliceEncodingDirection": "k",
    "SliceTiming": [
      0,
      1.5425,
      0.07,
      1.6125,
      0.14,
      1.6825,
      0.21,
      1.7525,
      0.28,
      1.8225,
      0.35,
      1.8925,
      0.42,
      1.9625,
      0.49,
      2.0325,
      0.56,
      2.1025,
      0.63,
      2.1725,
      0.7,
      2.2425,
      0.77,
      2.3125,
      0.84,
      2.3825,
      0.91,
      2.4525,
      0.98,
      2.5225,
      1.05,
      2.5925,
      1.12,
      2.6625,
      1.19,
      2.7325,
      1.26,
      2.8025,
      1.33,
      2.8725,
      1.4,
      2.9425,
      1.47
    ],
    "TaskName": "rest",
    "dataset": "ds003592",
    "modality": "bold",
    "session_id": "2",
    "subject_id": "298",
    "task_id": "rest"
  },
  "dummy_trs": 0,
  "dvars_nstd": 32.757087237889436,
  "dvars_std": 1.1538560303517587,
  "dvars_vstd": 0.9935817051256275,
  "efc": 0.5531135039726082,
  "fber": 665.0236206054688,
  "fd_mean": 0.2203978436203553,
  "fd_num": 80,
  "fd_perc": 40.0,
  "fwhm_avg": 2.960515536108128,
  "fwhm_x": 2.593348148148148,
  "fwhm_y": 2.976474074074074,
  "fwhm_z": 3.311724386102163,
  "gcor": 0.0318228,
  "gsr_x": -0.0020265458151698112,
  "gsr_y": 0.09271153807640076,
  "provenance": {
    "md5sum": "4c288e5e12376df9b3b438436704be9b",
    "settings": {
      "fd_thres": 0.2,
      "testing": false
    },
    "software": "mriqc",
    "version": "23.1.0"
  },
  "size_t": 200,
  "size_x": 64,
  "size_y": 64,
  "size_z": 43,
  "snr": 2.6918753885057654,
  "spacing_tr": 3.0,
  "spacing_x": 3.375,
  "spacing_y": 3.375,
  "spacing_z": 2.9999990463256836,
  "summary_bg_k": 22.798424931804174,
  "summary_bg_mad": 25.137519087729252,
  "summary_bg_mean": 79.73514728846348,
  "summary_bg_median": 27.78999900817871,
  "summary_bg_n": 134667.0,
  "summary_bg_p05": 8.519999504089355,
  "summary_bg_p95": 338.5249938964844,
  "summary_bg_stdv": 131.92078559956693,
  "summary_fg_k": 1.0738212501678221,
  "summary_fg_mad": 240.47058719856102,
  "summary_fg_mean": 766.3090229904809,
  "summary_fg_median": 716.6499633789062,
  "summary_fg_n": 41461.0,
  "summary_fg_p05": 419.47998046875,
  "summary_fg_p95": 1266.2349853515625,
  "summary_fg_stdv": 266.22380958943927,
  "tsnr": 52.329126053256914
}