{
  "aor": 0.007287536945812809,
  "aqi": 0.005879796699507389,
  "bids_meta": {
    "EchoTime": 0.047,
    "RepetitionTime": 3.0,
    "SliceEncodingDirection": "k",
    "SliceTiming": [
      0.0,
      1.5,
      0.065,
      1.565,
      0.13,
      1.63,
      0.196,
      1.696,
      0.261,
      1.761,
      0.326,
      1.826,
      0.391,
      1.891,
      0.457,
      1.957,
      0.522,
      2.022,
      0.587,
      2.087,
      0.652,
      2.152,
      0.717,
      2.217,
      0.783,
      2.283,
      0.848,
      2.348,
      0.913,
      2.413,
      0.978,
      2.478,
      1.043,
      2.543,
      1.109,
      2.609,
      1.174,
      2.674,
      1.239,
      2.739,
      1.304,
      2.804,
      1.37,
      2.87,
      1.435,
      2.935
    ],
    "TaskName": "rest",
    "dataset": "ds003592",
    "modality": "bold",
    "session_id": "1",
    "subject_id": "223",
    "task_id": "rest"
  },
  "dummy_trs": 1,
  "dvars_nstd": 23.940612339702966,
  "dvars_std": 1.1042630256930686,
  "dvars_vstd": 1.053715497970297,
  "efc": 0.44343504374701365,
  "fber": 7731.10302734375,
  "fd_mean": 0.07819221332730755,
  "fd_num": 2,
  "fd_perc": 0.9852216748768473,
  "fwhm_avg": 2.5674112467671435,
  "fwhm_x": 2.5813900000000003,
  "fwhm_y": 2.7337302172573583,
  "fwhm_z": 2.3871135230440714,
  "gcor": 0.0168501,
  "gsr_x": -0.002445401856675744,
  "gsr_y": 0.02154175005853176,
  "provenance": {
    "md5sum": "4b5f97e91ff72109f524b539d63048e5",
    "settings": {
      "fd_thres": 0.2,
      "testing": false
    },
    "software": "mriqc",
    "version": "23.1.0"
  },
  "size_t": 203,
  "size_x": 72,
  "size_y": 72,
  "size_z": 46,
  "snr": 3.149428697878784,
  "spacing_tr": 3.0,
  "spacing_x": 3.0,
  "spacing_y": 2.999999761581421,
  "spacing_z": 2.999999761581421,
  "summary_bg_k": 26.311533932710102,
  "summary_bg_mad": 36.96280715566722,
  "summary_bg_mean": 100.33226265625242,
  "summary_bg_median": 27.753694534301758,
  "summary_bg_n": 192367.0,
  "summary_bg_p05": 0.6995073556900024,
  "summary_bg_p95": 494.2265930175781,
  "summary_bg_stdv": 211.02405316465965,
  "summary_fg_k": 0.48722513192209727,
  "summary_fg_mad": 713.6210416615997,
  "summary_fg_mean": 2523.1088114970858,
  "summary_fg_median": 2440.29052734375,
  "summary_fg_n": 46097.0,
  "summary_fg_p05": 1382.802978515625,
  "summary_fg_p95": 3963.16748046875,
  "summary_fg_stdv": 774.8275297554683,
  "tsnr": 43.86969254119322
}