{
  "bids_meta": {
    "EchoTime": 0.0034,
    "FlipAngle": 7,
    "RepetitionTime": 2.53,
    "dataset": "ds003592",
    "modality": "T1w",
    "session_id": "1",
    "subject_id": "87"
  },
  "cjv": 0.6559417960572689,
  "cnr": 1.420264646184147,
  "efc": 0.5535707303828673,
  "fber": -1.0,
  "fwhm_avg": 4.1397,
  "fwhm_x": 4.25118,
  "fwhm_y": 4.21518,
  "fwhm_z": 3.95274,
  "icvs_csf": 0.27252009667168475,
  "icvs_gm": 0.3762887372539521,
  "icvs_wm": 0.3511911660743631,
  "inu_med": 0.8228517174720764,
  "inu_range": 0.6772539913654327,
  "provenance": {
    "md5sum": "d915566114743331fc6198fcde6bfac9",
    "settings": {
      "testing": false
    },
    "software": "mriqc",
    "version": "23.1.0",
    "warnings": {
      "large_rot_frame": true,
      "small_air_mask": false
    }
  },
  "qi_1": 0.0,
  "qi_2": 0.0015850004123496742,
  "rpve_csf": 8.170596402904865,
  "rpve_gm": 8.041962993679531,
  "rpve_wm": 8.129248763755433,
  "size_x": 176,
  "size_y": 256,
  "size_z": 256,
  "snr_csf": 1.693955058832348,
  "snr_gm": 4.652595486948957,
  "snr_total": 4.798216707765042,
  "snr_wm": 8.04809957751382,
  "snrd_csf": 24.00389248119779,
  "snrd_gm": 50.176324984723884,
  "snrd_total": 48.01355235607199,
  "snrd_wm": 69.86043960229429,
  "spacing_x": 1.0,
  "spacing_y": 1.0,
  "spacing_z": 1.0,
  "summary_bg_k": 3750.653029746834,
  "summary_bg_mad": 0.0,
  "summary_bg_mean": 3.4815076929946085,
  "summary_bg_median": 0.0,
  "summary_bg_n": 2660638.0,
  "summary_bg_p05": 0.0,
  "summary_bg_p95": 17.839253533631563,
  "summary_bg_stdv": 8.753420976928192,
  "summary_csf_k": -0.8004161491151369,
  "summary_csf_mad": 164.68914497425698,
  "summary_csf_mean": 349.22578858218674,
  "summary_csf_median": 320.7212665528059,
  "summary_csf_n": 380321.1439094408,
  "summary_csf_p05": 93.85836200416088,
  "summary_csf_p95": 682.3225503824651,
  "summary_csf_stdv": 189.33255828420607,
  "summary_gm_k": -0.3344606414725062,
  "summary_gm_mad": 89.62791136476211,
  "summary_gm_mean": 677.1371503570508,
  "summary_gm_median": 670.416871458292,
  "summary_gm_n": 525137.6494448876,
  "summary_gm_p05": 443.7080857306719,
  "summary_gm_p95": 947.5225116610527,
  "summary_gm_stdv": 144.0951045526487,
  "summary_wm_k": -0.3179593583257905,
  "summary_wm_mad": 82.8872526387953,
  "summary_wm_mean": 902.6647083419977,
  "summary_wm_median": 933.4206395372748,
  "summary_wm_n": 490112.206929104,
  "summary_wm_p05": 681.9372533299029,
  "summary_wm_p95": 1053.2480228841305,
  "summary_wm_stdv": 115.98013646510523,
  "tpm_overlap_csf": 0.18934328657422575,
  "tpm_overlap_gm": 0.5355532496800707,
  "tpm_overlap_wm": 0.5489827850189255,
  "wm2max": 0.4706011932185784
}