{
  "aor": 0.0009052970297029704,
  "aqi": 0.005914521534653465,
  "bids_meta": {
    "EchoTime": 0.0137,
    "RepetitionTime": 3.0,
    "SliceEncodingDirection": "k",
    "SliceTiming": [
      0.0,
      1.5,
      0.065,
      1.565,
      0.13,
      1.63,
      0.196,
      1.696,
      0.261,
      1.761,
      0.326,
      1.826,
      0.391,
      1.891,
      0.457,
      1.957,
      0.522,
      2.022,
      0.587,
      2.087,
      0.652,
      2.152,
      0.717,
      2.217,
      0.783,
      2.283,
      0.848,
      2.348,
      0.913,
      2.413,
      0.978,
      2.478,
      1.043,
      2.543,
      1.109,
      2.609,
      1.174,
      2.674,
      1.239,
      2.739,
      1.304,
      2.804,
      1.37,
      2.87,
      1.435,
      2.935
    ],
    "TaskName": "rest",
    "dataset": "ds003592",
    "modality": "bold",
    "session_id": "1",
    "subject_id": "29",
    "task_id": "rest"
  },
  "dummy_trs": 2,
  "dvars_nstd": 15.950116318855724,
  "dvars_std": 1.1426149035323383,
  "dvars_vstd": 0.8967964364179108,
  "efc": 0.48027675113435536,
  "fber": 33361.94921875,
  "fd_mean": 0.06254497801898608,
  "fd_num": 5,
  "fd_perc": 2.4752475247524752,
  "fwhm_avg": 3.3926133333333333,
  "fwhm_x": 3.11604,
  "fwhm_y": 3.3386333333333336,
  "fwhm_z": 3.7231666666666663,
  "gcor": 0.0230699,
  "gsr_x": -0.033753033727407455,
  "gsr_y": 0.06481539458036423,
  "provenance": {
    "md5sum": "5b98bc98fd8a0f1265cffc5d2d479c15",
    "settings": {
      "fd_thres": 0.2,
      "testing": false
    },
    "software": "mriqc",
    "version": "23.1.0"
  },
  "size_t": 202,
  "size_x": 72,
  "size_y": 72,
  "size_z": 46,
  "snr": 2.812154311279145,
  "spacing_tr": 3.0,
  "spacing_x": 3.0,
  "spacing_y": 3.0,
  "spacing_z": 3.0,
  "summary_bg_k": 14.710002589274776,
  "summary_bg_mad": 37.28524291742691,
  "summary_bg_mean": 331.83497186353935,
  "summary_bg_median": 25.381187438964844,
  "summary_bg_n": 188890.0,
  "summary_bg_p05": 0.11881187558174133,
  "summary_bg_p95": 1913.1484375,
  "summary_bg_stdv": 748.7150095295016,
  "summary_fg_k": 1.524568963560566,
  "summary_fg_mad": 1361.135434818941,
  "summary_fg_mean": 4923.97701034197,
  "summary_fg_median": 4635.938232421875,
  "summary_fg_n": 49574.0,
  "summary_fg_p05": 2707.47509765625,
  "summary_fg_p95": 8165.89599609375,
  "summary_fg_stdv": 1648.5195907755692,
  "tsnr": 64.38299308111891
}