{
  "aor": 0.0008301970443349754,
  "aqi": 0.00749037748768473,
  "bids_meta": {
    "EchoTime": 0.03,
    "RepetitionTime": 3.0,
    "SliceEncodingDirection": "k",
    "SliceTiming": [
      0.0,
      1.5,
      0.065,
      1.565,
      0.13,
      1.63,
      0.196,
      1.696,
      0.261,
      1.761,
      0.326,
      1.826,
      0.391,
      1.891,
      0.457,
      1.957,
      0.522,
      2.022,
      0.587,
      2.087,
      0.652,
      2.152,
      0.717,
      2.217,
      0.783,
      2.283,
      0.848,
      2.348,
      0.913,
      2.413,
      0.978,
      2.478,
      1.043,
      2.543,
      1.109,
      2.609,
      1.174,
      2.674,
      1.239,
      2.739,
      1.304,
      2.804,
      1.37,
      2.87,
      1.435,
      2.935
    ],
    "TaskName": "rest",
    "dataset": "ds003592",
    "modality": "bold",
    "session_id": "1",
    "subject_id": "29",
    "task_id": "rest"
  },
  "dummy_trs": 1,
  "dvars_nstd": 20.509152483069315,
  "dvars_std": 1.0842291282673273,
  "dvars_vstd": 0.9043789681188112,
  "efc": 0.4264265726650584,
  "fber": 26193.4453125,
  "fd_mean": 0.07033255045219865,
  "fd_num": 4,
  "fd_perc": 1.9704433497536946,
  "fwhm_avg": 3.0024177777777776,
  "fwhm_x": 2.8912133333333334,
  "fwhm_y": 3.0536966666666667,
  "fwhm_z": 3.062343333333333,
  "gcor": 0.0359822,
  "gsr_x": -0.017944881692528725,
  "gsr_y": 0.029313381761312485,
  "provenance": {
    "md5sum": "2e3a2bec4be662425468d162022fc8e5",
    "settings": {
      "fd_thres": 0.2,
      "testing": false
    },
    "software": "mriqc",
    "version": "23.1.0"
  },
  "size_t": 203,
  "size_x": 72,
  "size_y": 72,
  "size_z": 46,
  "snr": 2.982607785361504,
  "spacing_tr": 3.0,
  "spacing_x": 3.0,
  "spacing_y": 3.0,
  "spacing_z": 3.0,
  "summary_bg_k": 20.07872355620598,
  "summary_bg_mad": 30.448121698955916,
  "summary_bg_mean": 137.2909426045626,
  "summary_bg_median": 20.98522186279297,
  "summary_bg_n": 195221.0,
  "summary_bg_p05": 0.1428571343421936,
  "summary_bg_p95": 778.9113159179688,
  "summary_bg_stdv": 311.78146154970307,
  "summary_fg_k": 1.1009267426003921,
  "summary_fg_mad": 994.6729780854162,
  "summary_fg_mean": 3587.1550651860634,
  "summary_fg_median": 3396.330078125,
  "summary_fg_n": 43243.0,
  "summary_fg_p05": 2043.06396484375,
  "summary_fg_p95": 5811.39404296875,
  "summary_fg_stdv": 1138.6984317144795,
  "tsnr": 48.56275909394026
}