{
  "bids_meta": {
    "EchoTime": 0.0034,
    "FlipAngle": 7,
    "RepetitionTime": 2.53,
    "dataset": "ds003592",
    "modality": "T1w",
    "session_id": "1",
    "subject_id": "176"
  },
  "cjv": 0.6025512572706843,
  "cnr": 1.5071711727093036,
  "efc": 0.5971365432707354,
  "fber": -1.0,
  "fwhm_avg": 4.1962866666666665,
  "fwhm_x": 4.28112,
  "fwhm_y": 4.30449,
  "fwhm_z": 4.00325,
  "icvs_csf": 0.261999337382828,
  "icvs_gm": 0.3814260256933467,
  "icvs_wm": 0.35657463692382524,
  "inu_med": 0.8086227774620056,
  "inu_range": 0.6637486994266506,
  "provenance": {
    "md5sum": "27f1cd486111ff974ac9cc43f63c7580",
    "settings": {
      "testing": false
    },
    "software": "mriqc",
    "version": "23.1.0",
    "warnings": {
      "large_rot_frame": true,
      "small_air_mask": false
    }
  },
  "qi_1": 0.0,
  "qi_2": 0.0014118156435895958,
  "rpve_csf": 6.264431912041537,
  "rpve_gm": 6.153192842231695,
  "rpve_wm": 6.259272802956573,
  "size_x": 176,
  "size_y": 256,
  "size_z": 256,
  "snr_csf": 1.9796664983962802,
  "snr_gm": 4.754945990966902,
  "snr_total": 5.464978590334152,
  "snr_wm": 9.660323281639272,
  "snrd_csf": 33.97972988600646,
  "snrd_gm": 55.26527214721926,
  "snrd_total": 55.24291338433983,
  "snrd_wm": 76.48373811979377,
  "spacing_x": 1.0,
  "spacing_y": 1.0,
  "spacing_z": 1.0,
  "summary_bg_k": 1218.9432236394657,
  "summary_bg_mad": 0.0,
  "summary_bg_mean": 2.8956909366977786,
  "summary_bg_median": 0.0,
  "summary_bg_n": 2752684.0,
  "summary_bg_p05": 0.0,
  "summary_bg_p95": 15.961525827646255,
  "summary_bg_stdv": 8.169262921566697,
  "summary_csf_k": -0.6722847027384309,
  "summary_csf_mad": 166.01384114804674,
  "summary_csf_mean": 427.5983149078418,
  "summary_csf_median": 423.7122947871685,
  "summary_csf_n": 473229.49138266663,
  "summary_csf_p05": 109.11689381301403,
  "summary_csf_p95": 766.6759971231222,
  "summary_csf_stdv": 214.03193287786345,
  "summary_gm_k": -0.20635153809605722,
  "summary_gm_mad": 92.28158116726158,
  "summary_gm_mean": 698.4784419470857,
  "summary_gm_median": 689.1336500346661,
  "summary_gm_n": 688940.8421488813,
  "summary_gm_p05": 467.9375704973936,
  "summary_gm_p95": 969.401315331459,
  "summary_gm_stdv": 144.92975339861243,
  "summary_wm_k": -0.009937409686362475,
  "summary_wm_mad": 67.14440914157694,
  "summary_wm_mean": 930.0748602925779,
  "summary_wm_median": 953.7185934484005,
  "summary_wm_n": 644053.6672993911,
  "summary_wm_p05": 734.6832444816828,
  "summary_wm_p95": 1057.7821657657623,
  "summary_wm_stdv": 98.72525227574269,
  "tpm_overlap_csf": 0.21253624856518555,
  "tpm_overlap_gm": 0.5139219099271933,
  "tpm_overlap_wm": 0.5212145191053862,
  "wm2max": 0.5342000468493793
}