{
  "aor": 0.00103075,
  "aqi": 0.0053724679,
  "bids_meta": {
    "EchoTime": 0.02996,
    "RepetitionTime": 3,
    "SliceEncodingDirection": "k",
    "SliceTiming": [
      0,
      1.54,
      0.07,
      1.61,
      0.14,
      1.68,
      0.21,
      1.75,
      0.28,
      1.82,
      0.35,
      1.89,
      0.42,
      1.96,
      0.49,
      2.03,
      0.56,
      2.1,
      0.63,
      2.17,
      0.7,
      2.24,
      0.77,
      2.31,
      0.84,
      2.38,
      0.91,
      2.45,
      0.98,
      2.52,
      1.05,
      2.59,
      1.12,
      2.66,
      1.19,
      2.73,
      1.26,
      2.8,
      1.33,
      2.87,
      1.4,
      2.94,
      1.47
    ],
    "TaskName": "rest",
    "dataset": "ds003592",
    "modality": "bold",
    "session_id": "2",
    "subject_id": "259",
    "task_id": "rest"
  },
  "dummy_trs": 0,
  "dvars_nstd": 25.235825897989947,
  "dvars_std": 1.0450045051758798,
  "dvars_vstd": 0.9836055894974879,
  "efc": 0.49679795202686605,
  "fber": 923.3281860351562,
  "fd_mean": 0.105560578710417,
  "fd_num": 16,
  "fd_perc": 8.0,
  "fwhm_avg": 2.4917493065500893,
  "fwhm_x": 2.2048562962962963,
  "fwhm_y": 2.4829629629629633,
  "fwhm_z": 2.7874286603910083,
  "gcor": 0.0357398,
  "gsr_x": -0.004494557622820139,
  "gsr_y": 0.0535123348236084,
  "provenance": {
    "md5sum": "d5948eeaddc6c8cabb70e6b1dd63ee2c",
    "settings": {
      "fd_thres": 0.2,
      "testing": false
    },
    "software": "mriqc",
    "version": "23.1.0"
  },
  "size_t": 200,
  "size_x": 64,
  "size_y": 64,
  "size_z": 43,
  "snr": 2.363507132529947,
  "spacing_tr": 3.0,
  "spacing_x": 3.375,
  "spacing_y": 3.375,
  "spacing_z": 2.999997854232788,
  "summary_bg_k": 124.60626701360839,
  "summary_bg_mad": 10.363387754093782,
  "summary_bg_mean": 37.35252947258123,
  "summary_bg_median": 16.07499885559082,
  "summary_bg_n": 138689.0,
  "summary_bg_p05": 7.914999961853027,
  "summary_bg_p95": 140.12998962402344,
  "summary_bg_stdv": 66.56059519386957,
  "summary_fg_k": 3.231491254425749,
  "summary_fg_mad": 170.95143794588546,
  "summary_fg_mean": 524.8546934880527,
  "summary_fg_median": 488.4599914550781,
  "summary_fg_n": 37439.0,
  "summary_fg_p05": 263.04998779296875,
  "summary_fg_p95": 903.9149780273438,
  "summary_fg_stdv": 206.6646896374562,
  "tsnr": 48.902804653625935
}