{
  "aor": 0.002021773399014778,
  "aqi": 0.004727078620689655,
  "bids_meta": {
    "EchoTime": 0.047,
    "RepetitionTime": 3.0,
    "SliceEncodingDirection": "k",
    "SliceTiming": [
      0.0,
      1.5,
      0.065,
      1.565,
      0.13,
      1.63,
      0.196,
      1.696,
      0.261,
      1.761,
      0.326,
      1.826,
      0.391,
      1.891,
      0.457,
      1.957,
      0.522,
      2.022,
      0.587,
      2.087,
      0.652,
      2.152,
      0.717,
      2.217,
      0.783,
      2.283,
      0.848,
      2.348,
      0.913,
      2.413,
      0.978,
      2.478,
      1.043,
      2.543,
      1.109,
      2.609,
      1.174,
      2.674,
      1.239,
      2.739,
      1.304,
      2.804,
      1.37,
      2.87,
      1.435,
      2.935
    ],
    "TaskName": "rest",
    "dataset": "ds003592",
    "modality": "bold",
    "session_id": "1",
    "subject_id": "178",
    "task_id": "rest"
  },
  "dummy_trs": 1,
  "dvars_nstd": 20.640102669702976,
  "dvars_std": 1.0126148421782177,
  "dvars_vstd": 0.9772250891584161,
  "efc": 0.4638315856975936,
  "fber": 9504.806640625,
  "fd_mean": 0.04742264876751309,
  "fd_num": 3,
  "fd_perc": 1.477832512315271,
  "fwhm_avg": 2.6390732772067422,
  "fwhm_x": 2.6449133333333332,
  "fwhm_y": 2.81450056196527,
  "fwhm_z": 2.457805936321623,
  "gcor": 0.0266246,
  "gsr_x": -0.0048409379087388515,
  "gsr_y": 0.027569781988859177,
  "provenance": {
    "md5sum": "b28fea0beb911a5673724d6594cc474d",
    "settings": {
      "fd_thres": 0.2,
      "testing": false
    },
    "software": "mriqc",
    "version": "23.1.0"
  },
  "size_t": 203,
  "size_x": 72,
  "size_y": 72,
  "size_z": 46,
  "snr": 2.8159057322691914,
  "spacing_tr": 3.0,
  "spacing_x": 3.0,
  "spacing_y": 3.0000171661376953,
  "spacing_z": 3.0000171661376953,
  "summary_bg_k": 18.26809644538659,
  "summary_bg_mad": 33.62512537983247,
  "summary_bg_mean": 108.62961363564473,
  "summary_bg_median": 24.945812225341797,
  "summary_bg_n": 186370.0,
  "summary_bg_p05": 0.6354679465293884,
  "summary_bg_p95": 590.9852294921875,
  "summary_bg_stdv": 227.6920420228532,
  "summary_fg_k": 1.411090375330784,
  "summary_fg_mad": 768.3020429542387,
  "summary_fg_mean": 2541.4363530883543,
  "summary_fg_median": 2432.031982421875,
  "summary_fg_n": 52094.0,
  "summary_fg_p05": 1341.802978515625,
  "summary_fg_p95": 4136.52197265625,
  "summary_fg_stdv": 863.6683436215679,
  "tsnr": 46.00454184715636
}