{
  "aor": 0.004970400000000001,
  "aqi": 0.013255591550000001,
  "bids_meta": {
    "EchoTime": 0.04592,
    "RepetitionTime": 3,
    "SliceEncodingDirection": "k",
    "SliceTiming": [
      0,
      1.54,
      0.07,
      1.61,
      0.14,
      1.68,
      0.21,
      1.75,
      0.28,
      1.82,
      0.35,
      1.89,
      0.42,
      1.96,
      0.49,
      2.03,
      0.56,
      2.1,
      0.63,
      2.17,
      0.7,
      2.24,
      0.77,
      2.31,
      0.84,
      2.38,
      0.91,
      2.45,
      0.98,
      2.52,
      1.05,
      2.5925,
      1.12,
      2.6625,
      1.19,
      2.7325,
      1.26,
      2.8025,
      1.33,
      2.8725,
      1.4,
      2.9425,
      1.47
    ],
    "TaskName": "rest",
    "dataset": "ds003592",
    "modality": "bold",
    "session_id": "2",
    "subject_id": "247",
    "task_id": "rest"
  },
  "dummy_trs": 0,
  "dvars_nstd": 38.436388351608024,
  "dvars_std": 1.060574321055276,
  "dvars_vstd": 0.9635619514070354,
  "efc": 0.45305547217159325,
  "fber": 952.94189453125,
  "fd_mean": 0.21050555610596158,
  "fd_num": 74,
  "fd_perc": 37.0,
  "fwhm_avg": 2.467644873922259,
  "fwhm_x": 2.4016977777777777,
  "fwhm_y": 2.5721303703703704,
  "fwhm_z": 2.4291064736186287,
  "gcor": 0.0243027,
  "gsr_x": -0.006892406847327948,
  "gsr_y": 0.033373862504959106,
  "provenance": {
    "md5sum": "809deb04d16eeb77a3d287062a4a23dc",
    "settings": {
      "fd_thres": 0.2,
      "testing": false
    },
    "software": "mriqc",
    "version": "23.1.0"
  },
  "size_t": 200,
  "size_x": 64,
  "size_y": 64,
  "size_z": 43,
  "snr": 1.7443924001001982,
  "spacing_tr": 3.0,
  "spacing_x": 3.375,
  "spacing_y": 3.375,
  "spacing_z": 3.000000238418579,
  "summary_bg_k": 31.689387444464586,
  "summary_bg_mad": 9.288501994029016,
  "summary_bg_mean": 31.932617688886754,
  "summary_bg_median": 16.93000030517578,
  "summary_bg_n": 140475.0,
  "summary_bg_p05": 8.720000267028809,
  "summary_bg_p95": 111.18999481201172,
  "summary_bg_stdv": 45.254613263779206,
  "summary_fg_k": 6.522253474603691,
  "summary_fg_mad": 197.3565798378359,
  "summary_fg_mean": 600.3982443175162,
  "summary_fg_median": 522.625,
  "summary_fg_n": 35653.0,
  "summary_fg_p05": 286.80499267578125,
  "summary_fg_p95": 1191.89501953125,
  "summary_fg_stdv": 299.59868581831773,
  "tsnr": 25.104022073792294
}