{
  "aor": 0.0022479310344827585,
  "aqi": 0.00524382551724138,
  "bids_meta": {
    "EchoTime": 0.047,
    "RepetitionTime": 3.0,
    "SliceEncodingDirection": "k",
    "SliceTiming": [
      0.0,
      1.5,
      0.065,
      1.565,
      0.13,
      1.63,
      0.196,
      1.696,
      0.261,
      1.761,
      0.326,
      1.826,
      0.391,
      1.891,
      0.457,
      1.957,
      0.522,
      2.022,
      0.587,
      2.087,
      0.652,
      2.152,
      0.717,
      2.217,
      0.783,
      2.283,
      0.848,
      2.348,
      0.913,
      2.413,
      0.978,
      2.478,
      1.043,
      2.543,
      1.109,
      2.609,
      1.174,
      2.674,
      1.239,
      2.739,
      1.304,
      2.804,
      1.37,
      2.87,
      1.435,
      2.935
    ],
    "TaskName": "rest",
    "dataset": "ds003592",
    "modality": "bold",
    "session_id": "1",
    "subject_id": "99",
    "task_id": "rest"
  },
  "dummy_trs": 1,
  "dvars_nstd": 20.984949499009904,
  "dvars_std": 1.0264908860891093,
  "dvars_vstd": 0.9865398951980197,
  "efc": 0.4142291945185011,
  "fber": 13493.21875,
  "fd_mean": 0.04522970830091352,
  "fd_num": 1,
  "fd_perc": 0.49261083743842365,
  "fwhm_avg": 2.8275857045456334,
  "fwhm_x": 2.8585700000000003,
  "fwhm_y": 2.93470023322902,
  "fwhm_z": 2.68948688040788,
  "gcor": 0.0229609,
  "gsr_x": -0.011194547638297081,
  "gsr_y": 0.021451910957694054,
  "provenance": {
    "md5sum": "8fb6b0b09bec35b110df182b4c83b371",
    "settings": {
      "fd_thres": 0.2,
      "testing": false
    },
    "software": "mriqc",
    "version": "23.1.0"
  },
  "size_t": 203,
  "size_x": 72,
  "size_y": 72,
  "size_z": 46,
  "snr": 2.674250433528137,
  "spacing_tr": 3.0,
  "spacing_x": 3.0,
  "spacing_y": 2.999999761581421,
  "spacing_z": 2.999999761581421,
  "summary_bg_k": 34.538798323476925,
  "summary_bg_mad": 27.424487827439254,
  "summary_bg_mean": 82.05277122302701,
  "summary_bg_median": 20.92610740661621,
  "summary_bg_n": 194720.0,
  "summary_bg_p05": 0.35960590839385986,
  "summary_bg_p95": 389.55909729003906,
  "summary_bg_stdv": 198.69448995514358,
  "summary_fg_k": 3.5016370545040836,
  "summary_fg_mad": 725.1385370941532,
  "summary_fg_mean": 2559.557586562921,
  "summary_fg_median": 2430.783203125,
  "summary_fg_n": 43744.0,
  "summary_fg_p05": 1337.7733154296875,
  "summary_fg_p95": 4204.0048828125,
  "summary_fg_stdv": 908.948312506936,
  "tsnr": 45.776471296325326
}