{
  "bids_meta": {
    "EchoTime": 0.00252,
    "FlipAngle": 9,
    "RepetitionTime": 1.9,
    "dataset": "ds003592",
    "modality": "T1w",
    "session_id": "1",
    "subject_id": "282"
  },
  "cjv": 0.710811056058704,
  "cnr": 1.2931938143419777,
  "efc": 0.5070441526716248,
  "fber": -1.0,
  "fwhm_avg": 4.417866666666666,
  "fwhm_x": 4.51614,
  "fwhm_y": 4.33449,
  "fwhm_z": 4.40297,
  "icvs_csf": 0.2706559242870706,
  "icvs_gm": 0.3607679451626375,
  "icvs_wm": 0.3685761305502919,
  "inu_med": 0.42282670736312866,
  "inu_range": 0.1447073519229889,
  "provenance": {
    "md5sum": "e467d7f79f5b2a21a5fadb789e721407",
    "settings": {
      "testing": false
    },
    "software": "mriqc",
    "version": "23.1.0",
    "warnings": {
      "large_rot_frame": true,
      "small_air_mask": false
    }
  },
  "qi_1": 0.0,
  "qi_2": 0.0019290725466944477,
  "rpve_csf": 8.39783293259032,
  "rpve_gm": 8.27425330427652,
  "rpve_wm": 8.336680644758612,
  "size_x": 192,
  "size_y": 256,
  "size_z": 256,
  "snr_csf": 2.379951286374923,
  "snr_gm": 6.421244274758635,
  "snr_total": 7.533844822620078,
  "snr_wm": 13.800338906726676,
  "snrd_csf": 39.76436671524599,
  "snrd_gm": 78.3524360097498,
  "snrd_total": 71.55962473241692,
  "snrd_wm": 96.56207147225498,
  "spacing_x": 1.0,
  "spacing_y": 1.0,
  "spacing_z": 1.0,
  "summary_bg_k": 34.148791493249696,
  "summary_bg_mad": 0.0,
  "summary_bg_mean": 2.8532448860751347,
  "summary_bg_median": 0.0,
  "summary_bg_n": 4231392.0,
  "summary_bg_p05": 0.0,
  "summary_bg_p95": 14.857142698019743,
  "summary_bg_stdv": 6.517881856217391,
  "summary_csf_k": 0.0499599882619548,
  "summary_csf_mad": 133.85779886571783,
  "summary_csf_mean": 426.8285615653395,
  "summary_csf_median": 395.61142433434725,
  "summary_csf_n": 402376.3138071343,
  "summary_csf_p05": 196.47999789565802,
  "summary_csf_p95": 740.0228492170572,
  "summary_csf_stdv": 166.22648329193254,
  "summary_gm_k": 0.805091252549532,
  "summary_gm_mad": 71.16490572607783,
  "summary_gm_mean": 779.9036820101991,
  "summary_gm_median": 779.5199916511774,
  "summary_gm_n": 536343.2420579424,
  "summary_gm_p05": 574.2628509923816,
  "summary_gm_p95": 989.5771322585642,
  "summary_gm_stdv": 121.39691804223249,
  "summary_wm_k": -0.362136358658101,
  "summary_wm_mad": 57.60968558777729,
  "summary_wm_mean": 947.6057011839404,
  "summary_wm_median": 960.6857039965689,
  "summary_wm_n": 547951.4448419124,
  "summary_wm_p05": 814.5371341332793,
  "summary_wm_p95": 1042.4228459782898,
  "summary_wm_stdv": 69.6131329725664,
  "tpm_overlap_csf": 0.19330141902990652,
  "tpm_overlap_gm": 0.5060274537260695,
  "tpm_overlap_wm": 0.564444120545273,
  "wm2max": 0.4084346110424079
}