{
  "bids_meta": {
    "EchoTime": 0.0034,
    "FlipAngle": 7,
    "RepetitionTime": 2.53,
    "dataset": "ds003592",
    "modality": "T1w",
    "session_id": "1",
    "subject_id": "188"
  },
  "cjv": 0.6835643358827079,
  "cnr": 1.2774301407373778,
  "efc": 0.5705636042748223,
  "fber": -1.0,
  "fwhm_avg": 4.46234,
  "fwhm_x": 4.5656,
  "fwhm_y": 4.53039,
  "fwhm_z": 4.29103,
  "icvs_csf": 0.26652674644938074,
  "icvs_gm": 0.3676006499575256,
  "icvs_wm": 0.3658726035930937,
  "inu_med": 0.8095661103725433,
  "inu_range": 0.6896768987178798,
  "provenance": {
    "md5sum": "a79f1e1eec617a4a69e747a714b84787",
    "settings": {
      "testing": false
    },
    "software": "mriqc",
    "version": "23.1.0",
    "warnings": {
      "large_rot_frame": true,
      "small_air_mask": false
    }
  },
  "qi_1": 0.0,
  "qi_2": 0.0008588339906350622,
  "rpve_csf": 7.143477700499734,
  "rpve_gm": 7.008894231924305,
  "rpve_wm": 7.0779820871562205,
  "size_x": 176,
  "size_y": 256,
  "size_z": 256,
  "snr_csf": 1.5886956740356777,
  "snr_gm": 4.2323205085055084,
  "snr_total": 5.053329629682214,
  "snr_wm": 9.338972706505455,
  "snrd_csf": 24.176442525710904,
  "snrd_gm": 65.25621287810802,
  "snrd_total": 59.27144223135383,
  "snrd_wm": 88.38167129024258,
  "spacing_x": 1.0,
  "spacing_y": 1.0,
  "spacing_z": 1.0,
  "summary_bg_k": 11.09396926437643,
  "summary_bg_mad": 0.0,
  "summary_bg_mean": 3.1441543759545185,
  "summary_bg_median": 0.0,
  "summary_bg_n": 2915888.0,
  "summary_bg_p05": 0.0,
  "summary_bg_p95": 18.9326608851552,
  "summary_bg_stdv": 7.111985108835802,
  "summary_csf_k": -0.5739064480624165,
  "summary_csf_mad": 129.37758999886725,
  "summary_csf_mean": 308.3976778797654,
  "summary_csf_median": 262.4529780782759,
  "summary_csf_n": 426109.63626269577,
  "summary_csf_p05": 107.93270212039351,
  "summary_csf_p95": 639.1219867803156,
  "summary_csf_stdv": 165.2000911208235,
  "summary_gm_k": -0.08231499212662774,
  "summary_gm_mad": 91.62458410625607,
  "summary_gm_mean": 709.8781170360518,
  "summary_gm_median": 708.4039510674775,
  "summary_gm_n": 587701.5396392152,
  "summary_gm_p05": 421.437724288553,
  "summary_gm_p95": 1000.6200641617179,
  "summary_gm_stdv": 167.3794191515848,
  "summary_wm_k": -0.43739497784496395,
  "summary_wm_mad": 79.97998813288572,
  "summary_wm_mean": 934.7341980615948,
  "summary_wm_median": 959.4477273896337,
  "summary_wm_n": 584938.825511637,
  "summary_wm_p05": 737.9603976458311,
  "summary_wm_p95": 1069.4059761986136,
  "summary_wm_stdv": 102.73580803961286,
  "tpm_overlap_csf": 0.18602517631743226,
  "tpm_overlap_gm": 0.5192452675223636,
  "tpm_overlap_wm": 0.5456055928978698,
  "wm2max": 0.4520577293886216
}