{
  "aor": 0.00361145,
  "aqi": 0.010177360000000002,
  "bids_meta": {
    "EchoTime": 0.04592,
    "RepetitionTime": 3,
    "SliceEncodingDirection": "k",
    "SliceTiming": [
      0,
      1.54,
      0.07,
      1.61,
      0.14,
      1.68,
      0.21,
      1.75,
      0.28,
      1.82,
      0.35,
      1.89,
      0.42,
      1.96,
      0.49,
      2.03,
      0.56,
      2.1,
      0.63,
      2.17,
      0.7,
      2.24,
      0.77,
      2.31,
      0.84,
      2.38,
      0.91,
      2.45,
      0.98,
      2.52,
      1.05,
      2.5925,
      1.12,
      2.6625,
      1.19,
      2.7325,
      1.26,
      2.8025,
      1.33,
      2.8725,
      1.4,
      2.9425,
      1.47
    ],
    "TaskName": "rest",
    "dataset": "ds003592",
    "modality": "bold",
    "session_id": "2",
    "subject_id": "286",
    "task_id": "rest"
  },
  "dummy_trs": 0,
  "dvars_nstd": 44.199767222864295,
  "dvars_std": 1.1246489575376888,
  "dvars_vstd": 0.993919450502513,
  "efc": 0.49120221421627075,
  "fber": 649.2703857421875,
  "fd_mean": 0.17182178178984428,
  "fd_num": 46,
  "fd_perc": 23.0,
  "fwhm_avg": 2.3062360754708666,
  "fwhm_x": 2.157232592592593,
  "fwhm_y": 2.3082074074074073,
  "fwhm_z": 2.4532682264125993,
  "gcor": 0.0236494,
  "gsr_x": -0.015109719708561897,
  "gsr_y": 0.05263340473175049,
  "provenance": {
    "md5sum": "fcae5e9c6e3e69f00027a8abebdd19b5",
    "settings": {
      "fd_thres": 0.2,
      "testing": false
    },
    "software": "mriqc",
    "version": "23.1.0"
  },
  "size_t": 200,
  "size_x": 64,
  "size_y": 64,
  "size_z": 43,
  "snr": 1.5371760309656577,
  "spacing_tr": 3.0,
  "spacing_x": 3.375,
  "spacing_y": 3.375,
  "spacing_z": 2.999998092651367,
  "summary_bg_k": 25.47552976969847,
  "summary_bg_mad": 9.155068982056024,
  "summary_bg_mean": 30.63080065710365,
  "summary_bg_median": 16.524999618530273,
  "summary_bg_n": 130943.0,
  "summary_bg_p05": 8.630000114440918,
  "summary_bg_p95": 111.50999450683594,
  "summary_bg_stdv": 42.40544685030442,
  "summary_fg_k": 7.875934440085915,
  "summary_fg_mad": 178.80921160579354,
  "summary_fg_mean": 501.91305668617593,
  "summary_fg_median": 421.0699768066406,
  "summary_fg_n": 45185.0,
  "summary_fg_p05": 233.875,
  "summary_fg_p95": 1018.4599609375,
  "summary_fg_stdv": 273.9213394554166,
  "tsnr": 29.35712002683431
}