{
  "aor": 0.0015486,
  "aqi": 0.0088726423,
  "bids_meta": {
    "EchoTime": 0.04592,
    "RepetitionTime": 3,
    "SliceEncodingDirection": "k",
    "SliceTiming": [
      0,
      1.54,
      0.07,
      1.61,
      0.14,
      1.68,
      0.21,
      1.75,
      0.28,
      1.82,
      0.35,
      1.89,
      0.42,
      1.96,
      0.49,
      2.03,
      0.56,
      2.1,
      0.63,
      2.17,
      0.7,
      2.24,
      0.77,
      2.31,
      0.84,
      2.38,
      0.91,
      2.45,
      0.98,
      2.52,
      1.05,
      2.5925,
      1.12,
      2.6625,
      1.19,
      2.7325,
      1.26,
      2.8025,
      1.33,
      2.8725,
      1.4,
      2.9425,
      1.47
    ],
    "TaskName": "rest",
    "dataset": "ds003592",
    "modality": "bold",
    "session_id": "1",
    "subject_id": "266",
    "task_id": "rest"
  },
  "dummy_trs": 0,
  "dvars_nstd": 35.01823881557789,
  "dvars_std": 1.0126247638693469,
  "dvars_vstd": 0.9278819820603011,
  "efc": 0.4711992383189009,
  "fber": 824.2431640625,
  "fd_mean": 0.12370557838245973,
  "fd_num": 26,
  "fd_perc": 13.0,
  "fwhm_avg": 2.094388395061728,
  "fwhm_x": 1.9683466666666665,
  "fwhm_y": 2.0769185185185184,
  "fwhm_z": 2.2379000000000002,
  "gcor": 0.0132818,
  "gsr_x": -0.0022519452031701803,
  "gsr_y": 0.02757539600133896,
  "provenance": {
    "md5sum": "227743c022c5b34eff85a47531f9c091",
    "settings": {
      "fd_thres": 0.2,
      "testing": false
    },
    "software": "mriqc",
    "version": "23.1.0"
  },
  "size_t": 200,
  "size_x": 64,
  "size_y": 64,
  "size_z": 43,
  "snr": 1.837420513135259,
  "spacing_tr": 3.0,
  "spacing_x": 3.375,
  "spacing_y": 3.375,
  "spacing_z": 3.0,
  "summary_bg_k": 26.59681436786856,
  "summary_bg_mad": 7.791074827917297,
  "summary_bg_mean": 27.184281358018016,
  "summary_bg_median": 14.894999504089355,
  "summary_bg_n": 137779.0,
  "summary_bg_p05": 7.914999961853027,
  "summary_bg_p95": 99.1199951171875,
  "summary_bg_stdv": 38.193865708104575,
  "summary_fg_k": 6.007808955622179,
  "summary_fg_mad": 155.32484313954532,
  "summary_fg_mean": 490.46812391794657,
  "summary_fg_median": 427.6300048828125,
  "summary_fg_n": 38349.0,
  "summary_fg_p05": 245.58499145507812,
  "summary_fg_p95": 948.0399780273438,
  "summary_fg_stdv": 232.73084538106374,
  "tsnr": 34.9141455902718
}