{
  "aor": 0.0034473399014778327,
  "aqi": 0.002176527221674877,
  "bids_meta": {
    "EchoTime": 0.0137,
    "RepetitionTime": 3.0,
    "SliceEncodingDirection": "k",
    "SliceTiming": [
      0.0,
      1.5,
      0.065,
      1.565,
      0.13,
      1.63,
      0.196,
      1.696,
      0.261,
      1.761,
      0.326,
      1.826,
      0.391,
      1.891,
      0.457,
      1.957,
      0.522,
      2.022,
      0.587,
      2.087,
      0.652,
      2.152,
      0.717,
      2.217,
      0.783,
      2.283,
      0.848,
      2.348,
      0.913,
      2.413,
      0.978,
      2.478,
      1.043,
      2.543,
      1.109,
      2.609,
      1.174,
      2.674,
      1.239,
      2.739,
      1.304,
      2.804,
      1.37,
      2.87,
      1.435,
      2.935
    ],
    "TaskName": "rest",
    "dataset": "ds003592",
    "modality": "bold",
    "session_id": "2",
    "subject_id": "225",
    "task_id": "rest"
  },
  "dummy_trs": 1,
  "dvars_nstd": 18.94782816529703,
  "dvars_std": 1.6332027321782165,
  "dvars_vstd": 0.9986191399009902,
  "efc": 0.5061804123060364,
  "fber": 32250.3515625,
  "fd_mean": 0.046283398049685766,
  "fd_num": 3,
  "fd_perc": 1.477832512315271,
  "fwhm_avg": 3.151577777777778,
  "fwhm_x": 2.8855299999999997,
  "fwhm_y": 3.13737,
  "fwhm_z": 3.4318333333333335,
  "gcor": 0.0149151,
  "gsr_x": -0.01908852718770504,
  "gsr_y": 0.04903530701994896,
  "provenance": {
    "md5sum": "644cae6d739c9acaca73d50c5c9f585e",
    "settings": {
      "fd_thres": 0.2,
      "testing": false
    },
    "software": "mriqc",
    "version": "23.1.0"
  },
  "size_t": 203,
  "size_x": 72,
  "size_y": 72,
  "size_z": 46,
  "snr": 3.1731001069189104,
  "spacing_tr": 3.0,
  "spacing_x": 3.0,
  "spacing_y": 3.0,
  "spacing_z": 3.0,
  "summary_bg_k": 11.219189526178495,
  "summary_bg_mad": 36.787524242719535,
  "summary_bg_mean": 326.5897400026842,
  "summary_bg_median": 26.443349838256836,
  "summary_bg_n": 181781.0,
  "summary_bg_p05": 0.7389162182807922,
  "summary_bg_p95": 1991.5220947265625,
  "summary_bg_stdv": 721.313141764948,
  "summary_fg_k": 0.9818384640685327,
  "summary_fg_mad": 1323.4816458337425,
  "summary_fg_mean": 4990.7208393253895,
  "summary_fg_median": 4748.7978515625,
  "summary_fg_n": 56683.0,
  "summary_fg_p05": 2946.73388671875,
  "summary_fg_p95": 7840.5908203125,
  "summary_fg_stdv": 1496.566702052524,
  "tsnr": 99.49926208611578
}