{
  "aor": 0.0007562000000000001,
  "aqi": 0.00672377315,
  "bids_meta": {
    "EchoTime": 0.04592,
    "RepetitionTime": 3,
    "SliceEncodingDirection": "k",
    "SliceTiming": [
      0,
      1.54,
      0.07,
      1.61,
      0.14,
      1.68,
      0.21,
      1.75,
      0.28,
      1.82,
      0.35,
      1.89,
      0.42,
      1.96,
      0.49,
      2.03,
      0.56,
      2.1,
      0.63,
      2.17,
      0.7,
      2.24,
      0.77,
      2.31,
      0.84,
      2.38,
      0.91,
      2.45,
      0.98,
      2.52,
      1.05,
      2.5925,
      1.12,
      2.6625,
      1.19,
      2.7325,
      1.26,
      2.8025,
      1.33,
      2.8725,
      1.4,
      2.9425,
      1.47
    ],
    "TaskName": "rest",
    "dataset": "ds003592",
    "modality": "bold",
    "session_id": "1",
    "subject_id": "255",
    "task_id": "rest"
  },
  "dummy_trs": 0,
  "dvars_nstd": 26.19256316763817,
  "dvars_std": 1.0250419163316584,
  "dvars_vstd": 0.9632100518592962,
  "efc": 0.4507265957164589,
  "fber": 1362.236083984375,
  "fd_mean": 0.05356256727050263,
  "fd_num": 2,
  "fd_perc": 1.0,
  "fwhm_avg": 2.03701374560918,
  "fwhm_x": 1.8686755555555554,
  "fwhm_y": 2.0618548148148146,
  "fwhm_z": 2.180510866457171,
  "gcor": 0.0265691,
  "gsr_x": -0.0008336088503710926,
  "gsr_y": 0.01953825354576111,
  "provenance": {
    "md5sum": "349371f8a7d3187f0b500ba94198cb52",
    "settings": {
      "fd_thres": 0.2,
      "testing": false
    },
    "software": "mriqc",
    "version": "23.1.0"
  },
  "size_t": 200,
  "size_x": 64,
  "size_y": 64,
  "size_z": 43,
  "snr": 2.85340379695754,
  "spacing_tr": 3.0,
  "spacing_x": 3.375,
  "spacing_y": 3.375,
  "spacing_z": 2.9999988079071045,
  "summary_bg_k": 113.64270365422627,
  "summary_bg_mad": 4.64795829435578,
  "summary_bg_mean": 21.484040478049508,
  "summary_bg_median": 11.199999809265137,
  "summary_bg_n": 144775.0,
  "summary_bg_p05": 7.164999961853027,
  "summary_bg_p95": 76.48999786376953,
  "summary_bg_stdv": 36.728739546391445,
  "summary_fg_k": 1.18551226862352,
  "summary_fg_mad": 127.4666895396759,
  "summary_fg_mean": 436.8867012959319,
  "summary_fg_median": 413.375,
  "summary_fg_n": 31353.0,
  "summary_fg_p05": 235.9550018310547,
  "summary_fg_p95": 704.5499877929688,
  "summary_fg_stdv": 144.8685279371672,
  "tsnr": 47.257692533545196
}