{
  "aor": 0.0024378817733990144,
  "aqi": 0.009426214975369458,
  "bids_meta": {
    "EchoTime": 0.047,
    "RepetitionTime": 3.0,
    "SliceEncodingDirection": "k",
    "SliceTiming": [
      0.0,
      1.5,
      0.065,
      1.565,
      0.13,
      1.63,
      0.196,
      1.696,
      0.261,
      1.761,
      0.326,
      1.826,
      0.391,
      1.891,
      0.457,
      1.957,
      0.522,
      2.022,
      0.587,
      2.087,
      0.652,
      2.152,
      0.717,
      2.217,
      0.783,
      2.283,
      0.848,
      2.348,
      0.913,
      2.413,
      0.978,
      2.478,
      1.043,
      2.543,
      1.109,
      2.609,
      1.174,
      2.674,
      1.239,
      2.739,
      1.304,
      2.804,
      1.37,
      2.87,
      1.435,
      2.935
    ],
    "TaskName": "rest",
    "dataset": "ds003592",
    "modality": "bold",
    "session_id": "2",
    "subject_id": "66",
    "task_id": "rest"
  },
  "dummy_trs": 1,
  "dvars_nstd": 38.824905461584144,
  "dvars_std": 1.054673137970297,
  "dvars_vstd": 0.95530884440594,
  "efc": 0.4645439244684704,
  "fber": 6089.73193359375,
  "fd_mean": 0.2172291830470626,
  "fd_num": 78,
  "fd_perc": 38.423645320197046,
  "fwhm_avg": 2.646175414381657,
  "fwhm_x": 2.60939,
  "fwhm_y": 2.717266450717731,
  "fwhm_z": 2.6118697924272385,
  "gcor": 0.0483576,
  "gsr_x": -0.006362956017255783,
  "gsr_y": 0.028833553194999695,
  "provenance": {
    "md5sum": "49a8f7105a4a975e92acfcd42084eb4d",
    "settings": {
      "fd_thres": 0.2,
      "testing": false
    },
    "software": "mriqc",
    "version": "23.1.0"
  },
  "size_t": 203,
  "size_x": 72,
  "size_y": 72,
  "size_z": 46,
  "snr": 2.662060425812727,
  "spacing_tr": 3.0,
  "spacing_x": 3.0,
  "spacing_y": 3.000000238418579,
  "spacing_z": 3.000000238418579,
  "summary_bg_k": 25.688285940319,
  "summary_bg_mad": 39.146539965523814,
  "summary_bg_mean": 99.81648640535352,
  "summary_bg_median": 29.369457244873047,
  "summary_bg_n": 185409.0,
  "summary_bg_p05": 0.6798029541969299,
  "summary_bg_p95": 485.1428527832031,
  "summary_bg_stdv": 197.29475532980652,
  "summary_fg_k": 1.147207226551223,
  "summary_fg_mad": 745.2010842536039,
  "summary_fg_mean": 2434.433222027794,
  "summary_fg_median": 2291.896484375,
  "summary_fg_n": 53055.0,
  "summary_fg_p05": 1249.3743896484375,
  "summary_fg_p95": 4055.324951171875,
  "summary_fg_stdv": 860.9402186364276,
  "tsnr": 32.25805647682864
}