{
  "aor": 0.0012292079207920793,
  "aqi": 0.004435813118811882,
  "bids_meta": {
    "EchoTime": 0.047,
    "RepetitionTime": 3.0,
    "SliceEncodingDirection": "k",
    "SliceTiming": [
      0.0,
      1.5,
      0.065,
      1.565,
      0.13,
      1.63,
      0.196,
      1.696,
      0.261,
      1.761,
      0.326,
      1.826,
      0.391,
      1.891,
      0.457,
      1.957,
      0.522,
      2.022,
      0.587,
      2.087,
      0.652,
      2.152,
      0.717,
      2.217,
      0.783,
      2.283,
      0.848,
      2.348,
      0.913,
      2.413,
      0.978,
      2.478,
      1.043,
      2.543,
      1.109,
      2.609,
      1.174,
      2.674,
      1.239,
      2.739,
      1.304,
      2.804,
      1.37,
      2.87,
      1.435,
      2.935
    ],
    "TaskName": "rest",
    "dataset": "ds003592",
    "modality": "bold",
    "session_id": "2",
    "subject_id": "102",
    "task_id": "rest"
  },
  "dummy_trs": 2,
  "dvars_nstd": 23.207288827462687,
  "dvars_std": 1.0553740574129344,
  "dvars_vstd": 0.9928213356218903,
  "efc": 0.44566702779511086,
  "fber": 8842.1806640625,
  "fd_mean": 0.08698742162076602,
  "fd_num": 15,
  "fd_perc": 7.425742574257426,
  "fwhm_avg": 2.549969024499886,
  "fwhm_x": 2.5307633333333333,
  "fwhm_y": 2.6882135469733517,
  "fwhm_z": 2.430930193192974,
  "gcor": 0.0370328,
  "gsr_x": 0.006475222297012806,
  "gsr_y": 0.02133059874176979,
  "provenance": {
    "md5sum": "eb5c7d5de255563c52e16d1754926117",
    "settings": {
      "fd_thres": 0.2,
      "testing": false
    },
    "software": "mriqc",
    "version": "23.1.0"
  },
  "size_t": 202,
  "size_x": 72,
  "size_y": 72,
  "size_z": 46,
  "snr": 3.031456451104502,
  "spacing_tr": 3.0,
  "spacing_x": 3.0,
  "spacing_y": 2.999999761581421,
  "spacing_z": 2.999999761581421,
  "summary_bg_k": 24.576958380758708,
  "summary_bg_mad": 36.419167772737,
  "summary_bg_mean": 108.57600844258742,
  "summary_bg_median": 26.811880111694336,
  "summary_bg_n": 191727.0,
  "summary_bg_p05": 0.5396039485931396,
  "summary_bg_p95": 558.341552734375,
  "summary_bg_stdv": 238.36439717786047,
  "summary_fg_k": 0.4546643490039908,
  "summary_fg_mad": 780.3993133144024,
  "summary_fg_mean": 2607.626705832681,
  "summary_fg_median": 2521.197998046875,
  "summary_fg_n": 46737.0,
  "summary_fg_p05": 1373.8663330078125,
  "summary_fg_p95": 4113.52978515625,
  "summary_fg_stdv": 831.6698809244836,
  "tsnr": 48.35132560110651
}