{
  "aor": 0.0007168,
  "aqi": 0.010337049550000001,
  "bids_meta": {
    "EchoTime": 0.04592,
    "RepetitionTime": 3,
    "SliceEncodingDirection": "k",
    "SliceTiming": [
      0,
      1.54,
      0.07,
      1.61,
      0.14,
      1.68,
      0.21,
      1.75,
      0.28,
      1.82,
      0.35,
      1.89,
      0.42,
      1.96,
      0.49,
      2.03,
      0.56,
      2.1,
      0.63,
      2.17,
      0.7,
      2.24,
      0.77,
      2.31,
      0.84,
      2.38,
      0.91,
      2.45,
      0.98,
      2.52,
      1.05,
      2.5925,
      1.12,
      2.6625,
      1.19,
      2.7325,
      1.26,
      2.8025,
      1.33,
      2.8725,
      1.4,
      2.9425,
      1.47
    ],
    "TaskName": "rest",
    "dataset": "ds003592",
    "modality": "bold",
    "session_id": "1",
    "subject_id": "245",
    "task_id": "rest"
  },
  "dummy_trs": 0,
  "dvars_nstd": 28.196453248140717,
  "dvars_std": 0.9474787045728646,
  "dvars_vstd": 0.8890450881407032,
  "efc": 0.43044866829947703,
  "fber": 1490.238037109375,
  "fd_mean": 0.07559975062777269,
  "fd_num": 10,
  "fd_perc": 5.0,
  "fwhm_avg": 2.052369516232473,
  "fwhm_x": 1.9317659259259259,
  "fwhm_y": 2.0850429629629628,
  "fwhm_z": 2.1402996598085307,
  "gcor": 0.0160995,
  "gsr_x": -0.00978680606931448,
  "gsr_y": 0.01982741616666317,
  "provenance": {
    "md5sum": "0729f672c56a550623faf6cbd03a42fc",
    "settings": {
      "fd_thres": 0.2,
      "testing": false
    },
    "software": "mriqc",
    "version": "23.1.0"
  },
  "size_t": 200,
  "size_x": 64,
  "size_y": 64,
  "size_z": 43,
  "snr": 2.7499442907611065,
  "spacing_tr": 3.0,
  "spacing_x": 3.375,
  "spacing_y": 3.375,
  "spacing_z": 3.000000476837158,
  "summary_bg_k": 37.082949770422566,
  "summary_bg_mad": 4.084567867733635,
  "summary_bg_mean": 18.85591448704086,
  "summary_bg_median": 10.545000076293945,
  "summary_bg_n": 147167.0,
  "summary_bg_p05": 6.909999847412109,
  "summary_bg_p95": 61.14500045776367,
  "summary_bg_stdv": 28.93035370325681,
  "summary_fg_k": 1.4292612624999776,
  "summary_fg_mad": 133.4786759222422,
  "summary_fg_mean": 434.8470253418017,
  "summary_fg_median": 407.0749816894531,
  "summary_fg_n": 28961.0,
  "summary_fg_p05": 237.89498901367188,
  "summary_fg_p95": 708.9849853515625,
  "summary_fg_stdv": 148.02770914698186,
  "tsnr": 37.59188051521778
}