{
  "aor": 0.007431477832512316,
  "aqi": 0.002474533133004926,
  "bids_meta": {
    "EchoTime": 0.0137,
    "RepetitionTime": 3.0,
    "SliceEncodingDirection": "k",
    "SliceTiming": [
      0.0,
      1.5,
      0.065,
      1.565,
      0.13,
      1.63,
      0.196,
      1.696,
      0.261,
      1.761,
      0.326,
      1.826,
      0.391,
      1.891,
      0.457,
      1.957,
      0.522,
      2.022,
      0.587,
      2.087,
      0.652,
      2.152,
      0.717,
      2.217,
      0.783,
      2.283,
      0.848,
      2.348,
      0.913,
      2.413,
      0.978,
      2.478,
      1.043,
      2.543,
      1.109,
      2.609,
      1.174,
      2.674,
      1.239,
      2.739,
      1.304,
      2.804,
      1.37,
      2.87,
      1.435,
      2.935
    ],
    "TaskName": "rest",
    "dataset": "ds003592",
    "modality": "bold",
    "session_id": "1",
    "subject_id": "163",
    "task_id": "rest"
  },
  "dummy_trs": 1,
  "dvars_nstd": 16.300376193267322,
  "dvars_std": 1.2469664816831674,
  "dvars_vstd": 1.0415172099504946,
  "efc": 0.5138727181239567,
  "fber": 7089.44287109375,
  "fd_mean": 0.07073028501687793,
  "fd_num": 6,
  "fd_perc": 2.955665024630542,
  "fwhm_avg": 3.382218888888888,
  "fwhm_x": 2.9612966666666662,
  "fwhm_y": 3.328526666666667,
  "fwhm_z": 3.856833333333333,
  "gcor": 0.0305513,
  "gsr_x": -0.005222638603299856,
  "gsr_y": 0.043790511786937714,
  "provenance": {
    "md5sum": "bea328f38472f109e5e34b933c171151",
    "settings": {
      "fd_thres": 0.2,
      "testing": false
    },
    "software": "mriqc",
    "version": "23.1.0"
  },
  "size_t": 203,
  "size_x": 72,
  "size_y": 72,
  "size_z": 46,
  "snr": 2.885249356487453,
  "spacing_tr": 3.0,
  "spacing_x": 3.0,
  "spacing_y": 3.0,
  "spacing_z": 3.0,
  "summary_bg_k": 12.988897413825404,
  "summary_bg_mad": 79.38859866719052,
  "summary_bg_mean": 374.13084670910837,
  "summary_bg_median": 54.753692626953125,
  "summary_bg_n": 183697.0,
  "summary_bg_p05": 0.4285714328289032,
  "summary_bg_p95": 1911.669921875,
  "summary_bg_stdv": 737.201680222914,
  "summary_fg_k": 1.4853593007517851,
  "summary_fg_mad": 1393.0329193410303,
  "summary_fg_mean": 4845.6124306803285,
  "summary_fg_median": 4610.19677734375,
  "summary_fg_n": 54767.0,
  "summary_fg_p05": 2679.5615234375,
  "summary_fg_p95": 7844.876953125,
  "summary_fg_stdv": 1597.8357910732566,
  "tsnr": 81.74196135159582
}