{
  "aor": 0.007462277227722772,
  "aqi": 0.0018940892475247527,
  "bids_meta": {
    "EchoTime": 0.0137,
    "RepetitionTime": 3.0,
    "SliceEncodingDirection": "k",
    "SliceTiming": [
      0.0,
      1.5,
      0.065,
      1.565,
      0.13,
      1.63,
      0.196,
      1.696,
      0.261,
      1.761,
      0.326,
      1.826,
      0.391,
      1.891,
      0.457,
      1.957,
      0.522,
      2.022,
      0.587,
      2.087,
      0.652,
      2.152,
      0.717,
      2.217,
      0.783,
      2.283,
      0.848,
      2.348,
      0.913,
      2.413,
      0.978,
      2.478,
      1.043,
      2.543,
      1.109,
      2.609,
      1.174,
      2.674,
      1.239,
      2.739,
      1.304,
      2.804,
      1.37,
      2.87,
      1.435,
      2.935
    ],
    "TaskName": "rest",
    "dataset": "ds003592",
    "modality": "bold",
    "session_id": "2",
    "subject_id": "219",
    "task_id": "rest"
  },
  "dummy_trs": 2,
  "dvars_nstd": 12.4252674661194,
  "dvars_std": 1.2101582529850745,
  "dvars_vstd": 1.0653210114427862,
  "efc": 0.4914522974435598,
  "fber": 25653.05078125,
  "fd_mean": 0.05214238256220916,
  "fd_num": 4,
  "fd_perc": 1.9801980198019802,
  "fwhm_avg": 3.4777564756518973,
  "fwhm_x": 3.2227033333333335,
  "fwhm_y": 3.396466396739769,
  "fwhm_z": 3.8140996968825895,
  "gcor": 0.0148906,
  "gsr_x": -0.019608598202466965,
  "gsr_y": 0.04666205495595932,
  "provenance": {
    "md5sum": "d80100b70c94f22bb23f970c100031cf",
    "settings": {
      "fd_thres": 0.2,
      "testing": false
    },
    "software": "mriqc",
    "version": "23.1.0"
  },
  "size_t": 202,
  "size_x": 72,
  "size_y": 72,
  "size_z": 46,
  "snr": 2.883904564701841,
  "spacing_tr": 3.0,
  "spacing_x": 3.0,
  "spacing_y": 3.000000238418579,
  "spacing_z": 3.000000238418579,
  "summary_bg_k": 13.98681914866274,
  "summary_bg_mad": 43.685388377550154,
  "summary_bg_mean": 337.26407564050214,
  "summary_bg_median": 31.193069458007812,
  "summary_bg_n": 185391.0,
  "summary_bg_p05": 1.133663296699524,
  "summary_bg_p95": 1914.4306640625,
  "summary_bg_stdv": 722.5295954529603,
  "summary_fg_k": 1.5221984569174953,
  "summary_fg_mad": 1414.7688234477837,
  "summary_fg_mean": 5307.276620980452,
  "summary_fg_median": 4996.0595703125,
  "summary_fg_n": 53073.0,
  "summary_fg_p05": 2965.03955078125,
  "summary_fg_p95": 8667.4501953125,
  "summary_fg_stdv": 1732.3778891411057,
  "tsnr": 98.28462457284331
}