{
  "aor": 0.002352178217821782,
  "aqi": 0.008339600346534654,
  "bids_meta": {
    "EchoTime": 0.047,
    "RepetitionTime": 3.0,
    "SliceEncodingDirection": "k",
    "SliceTiming": [
      0.0,
      1.5,
      0.065,
      1.565,
      0.13,
      1.63,
      0.196,
      1.696,
      0.261,
      1.761,
      0.326,
      1.826,
      0.391,
      1.891,
      0.457,
      1.957,
      0.522,
      2.022,
      0.587,
      2.087,
      0.652,
      2.152,
      0.717,
      2.217,
      0.783,
      2.283,
      0.848,
      2.348,
      0.913,
      2.413,
      0.978,
      2.478,
      1.043,
      2.543,
      1.109,
      2.609,
      1.174,
      2.674,
      1.239,
      2.739,
      1.304,
      2.804,
      1.37,
      2.87,
      1.435,
      2.935
    ],
    "TaskName": "rest",
    "dataset": "ds003592",
    "modality": "bold",
    "session_id": "2",
    "subject_id": "187",
    "task_id": "rest"
  },
  "dummy_trs": 2,
  "dvars_nstd": 25.723902726169136,
  "dvars_std": 1.0254874099004974,
  "dvars_vstd": 0.9678726531343282,
  "efc": 0.38493027529413365,
  "fber": 20486.08203125,
  "fd_mean": 0.15789981980299983,
  "fd_num": 48,
  "fd_perc": 23.762376237623762,
  "fwhm_avg": 2.8234877777777783,
  "fwhm_x": 2.8135166666666667,
  "fwhm_y": 2.8402600000000002,
  "fwhm_z": 2.816686666666667,
  "gcor": 0.0146686,
  "gsr_x": -0.015071751549839973,
  "gsr_y": 0.015757359564304352,
  "provenance": {
    "md5sum": "4a6a77bd5b8bcbbc32be4b3c74e06912",
    "settings": {
      "fd_thres": 0.2,
      "testing": false
    },
    "software": "mriqc",
    "version": "23.1.0"
  },
  "size_t": 202,
  "size_x": 72,
  "size_y": 72,
  "size_z": 46,
  "snr": 2.4769752607672757,
  "spacing_tr": 3.0,
  "spacing_x": 3.0,
  "spacing_y": 3.0,
  "spacing_z": 3.0,
  "summary_bg_k": 38.0319328984164,
  "summary_bg_mad": 22.569315012076693,
  "summary_bg_mean": 70.7360628371001,
  "summary_bg_median": 17.381187438964844,
  "summary_bg_n": 198980.0,
  "summary_bg_p05": 0.4702970087528229,
  "summary_bg_p95": 317.76979064941406,
  "summary_bg_stdv": 180.69278264813266,
  "summary_fg_k": 2.0186573216990844,
  "summary_fg_mad": 778.7661343080799,
  "summary_fg_mean": 2703.1465462767815,
  "summary_fg_median": 2487.7623291015625,
  "summary_fg_n": 39484.0,
  "summary_fg_p05": 1425.306884765625,
  "summary_fg_p95": 4704.064453125,
  "summary_fg_stdv": 1004.3422172525894,
  "tsnr": 39.12797980452888
}