{
  "aor": 0.0012561500000000001,
  "aqi": 0.0036871381999999996,
  "bids_meta": {
    "EchoTime": 0.02996,
    "RepetitionTime": 3,
    "SliceEncodingDirection": "k",
    "SliceTiming": [
      0,
      1.54,
      0.07,
      1.61,
      0.14,
      1.68,
      0.21,
      1.75,
      0.28,
      1.82,
      0.35,
      1.89,
      0.42,
      1.96,
      0.49,
      2.03,
      0.56,
      2.1,
      0.63,
      2.17,
      0.7,
      2.24,
      0.77,
      2.31,
      0.84,
      2.38,
      0.91,
      2.45,
      0.98,
      2.52,
      1.05,
      2.59,
      1.12,
      2.66,
      1.19,
      2.73,
      1.26,
      2.8,
      1.33,
      2.87,
      1.4,
      2.94,
      1.47
    ],
    "TaskName": "rest",
    "dataset": "ds003592",
    "modality": "bold",
    "session_id": "1",
    "subject_id": "284",
    "task_id": "rest"
  },
  "dummy_trs": 0,
  "dvars_nstd": 16.655501701256274,
  "dvars_std": 0.9997439688944721,
  "dvars_vstd": 0.9665452464321607,
  "efc": 0.4643687952870243,
  "fber": 1821.605224609375,
  "fd_mean": 0.050023321995452195,
  "fd_num": 1,
  "fd_perc": 0.5,
  "fwhm_avg": 2.3231250155121788,
  "fwhm_x": 2.12616,
  "fwhm_y": 2.317857777777778,
  "fwhm_z": 2.5253572687587584,
  "gcor": 0.0301524,
  "gsr_x": -0.0004119169607292861,
  "gsr_y": 0.029338862746953964,
  "provenance": {
    "md5sum": "8ce46a796cb379e3ef9980c30156dc3d",
    "settings": {
      "fd_thres": 0.2,
      "testing": false
    },
    "software": "mriqc",
    "version": "23.1.0"
  },
  "size_t": 200,
  "size_x": 64,
  "size_y": 64,
  "size_z": 43,
  "snr": 2.915390849176763,
  "spacing_tr": 3.0,
  "spacing_x": 3.375,
  "spacing_y": 3.375,
  "spacing_z": 2.9999992847442627,
  "summary_bg_k": 137.20443231945964,
  "summary_bg_mad": 7.464903357868218,
  "summary_bg_mean": 29.373806697253492,
  "summary_bg_median": 12.4399995803833,
  "summary_bg_n": 142108.0,
  "summary_bg_p05": 6.654999732971191,
  "summary_bg_p95": 111.05999755859375,
  "summary_bg_stdv": 58.10525852341503,
  "summary_fg_k": 1.230247449277444,
  "summary_fg_mad": 162.31528454763324,
  "summary_fg_mean": 560.6040044133065,
  "summary_fg_median": 530.9425048828125,
  "summary_fg_n": 34020.0,
  "summary_fg_p05": 312.22999572753906,
  "summary_fg_p95": 898.3474731445312,
  "summary_fg_stdv": 182.11441583813917,
  "tsnr": 63.37462264671922
}