{
  "aor": 0.00831559405940594,
  "aqi": 0.004717152475247525,
  "bids_meta": {
    "EchoTime": 0.0137,
    "RepetitionTime": 3.0,
    "SliceEncodingDirection": "k",
    "SliceTiming": [
      0.0,
      1.5,
      0.065,
      1.565,
      0.13,
      1.63,
      0.196,
      1.696,
      0.261,
      1.761,
      0.326,
      1.826,
      0.391,
      1.891,
      0.457,
      1.957,
      0.522,
      2.022,
      0.587,
      2.087,
      0.652,
      2.152,
      0.717,
      2.217,
      0.783,
      2.283,
      0.848,
      2.348,
      0.913,
      2.413,
      0.978,
      2.478,
      1.043,
      2.543,
      1.109,
      2.609,
      1.174,
      2.674,
      1.239,
      2.739,
      1.304,
      2.804,
      1.37,
      2.87,
      1.435,
      2.935
    ],
    "TaskName": "rest",
    "dataset": "ds003592",
    "modality": "bold",
    "session_id": "2",
    "subject_id": "14",
    "task_id": "rest"
  },
  "dummy_trs": 2,
  "dvars_nstd": 28.5243234680597,
  "dvars_std": 1.3000823569651743,
  "dvars_vstd": 1.002070218308458,
  "efc": 0.46433351763619296,
  "fber": 33357.53515625,
  "fd_mean": 0.24865388779389963,
  "fd_num": 95,
  "fd_perc": 47.02970297029703,
  "fwhm_avg": 3.5507677777777773,
  "fwhm_x": 3.22777,
  "fwhm_y": 3.5264333333333333,
  "fwhm_z": 3.8981,
  "gcor": 0.0898058,
  "gsr_x": -0.01816233992576599,
  "gsr_y": 0.05865324288606644,
  "provenance": {
    "md5sum": "a0ed2a09872b3cff07b8cea1709b3570",
    "settings": {
      "fd_thres": 0.2,
      "testing": false
    },
    "software": "mriqc",
    "version": "23.1.0"
  },
  "size_t": 202,
  "size_x": 72,
  "size_y": 72,
  "size_z": 46,
  "snr": 2.959301356383308,
  "spacing_tr": 3.0,
  "spacing_x": 3.0,
  "spacing_y": 3.0,
  "spacing_z": 3.0,
  "summary_bg_k": 18.386281906566985,
  "summary_bg_mad": 29.563969547263255,
  "summary_bg_mean": 224.65910437389155,
  "summary_bg_median": 22.53960418701172,
  "summary_bg_n": 189771.0,
  "summary_bg_p05": 1.2574256658554077,
  "summary_bg_p95": 1274.9356689453125,
  "summary_bg_stdv": 491.5600560600631,
  "summary_fg_k": 2.3978670568566125,
  "summary_fg_mad": 1097.3898749996897,
  "summary_fg_mean": 4336.652274188729,
  "summary_fg_median": 4116.6435546875,
  "summary_fg_n": 48693.0,
  "summary_fg_p05": 2467.0791015625,
  "summary_fg_p95": 7001.8759765625,
  "summary_fg_stdv": 1391.0720089999,
  "tsnr": 54.090654398314655
}