{
  "aor": 0.0018248019801980198,
  "aqi": 0.002418529405940594,
  "bids_meta": {
    "EchoTime": 0.0137,
    "RepetitionTime": 3.0,
    "SliceEncodingDirection": "k",
    "SliceTiming": [
      0.0,
      1.5,
      0.065,
      1.565,
      0.13,
      1.63,
      0.196,
      1.696,
      0.261,
      1.761,
      0.326,
      1.826,
      0.391,
      1.891,
      0.457,
      1.957,
      0.522,
      2.022,
      0.587,
      2.087,
      0.652,
      2.152,
      0.717,
      2.217,
      0.783,
      2.283,
      0.848,
      2.348,
      0.913,
      2.413,
      0.978,
      2.478,
      1.043,
      2.543,
      1.109,
      2.609,
      1.174,
      2.674,
      1.239,
      2.739,
      1.304,
      2.804,
      1.37,
      2.87,
      1.435,
      2.935
    ],
    "TaskName": "rest",
    "dataset": "ds003592",
    "modality": "bold",
    "session_id": "1",
    "subject_id": "72",
    "task_id": "rest"
  },
  "dummy_trs": 2,
  "dvars_nstd": 13.82088233263682,
  "dvars_std": 1.1756269958706467,
  "dvars_vstd": 0.9477417498507464,
  "efc": 0.5092048439630912,
  "fber": 16513.109375,
  "fd_mean": 0.03921872983931693,
  "fd_num": 1,
  "fd_perc": 0.49504950495049505,
  "fwhm_avg": 3.5181432100940433,
  "fwhm_x": 3.2055933333333333,
  "fwhm_y": 3.3640194312246305,
  "fwhm_z": 3.9848168657241647,
  "gcor": 0.00329618,
  "gsr_x": -0.010249193757772446,
  "gsr_y": 0.06956165283918381,
  "provenance": {
    "md5sum": "25407998d734e40e2909a7e363c3e9d7",
    "settings": {
      "fd_thres": 0.2,
      "testing": false
    },
    "software": "mriqc",
    "version": "23.1.0"
  },
  "size_t": 202,
  "size_x": 72,
  "size_y": 72,
  "size_z": 46,
  "snr": 2.6935952858254746,
  "spacing_tr": 3.0,
  "spacing_x": 3.0,
  "spacing_y": 3.0000123977661133,
  "spacing_z": 3.0000123977661133,
  "summary_bg_k": 11.474459266045837,
  "summary_bg_mad": 51.95713031840349,
  "summary_bg_mean": 390.8343683352849,
  "summary_bg_median": 36.21287155151367,
  "summary_bg_n": 183323.0,
  "summary_bg_p05": 0.6831682920455933,
  "summary_bg_p95": 2192.7177734375,
  "summary_bg_stdv": 828.3387022324345,
  "summary_fg_k": 1.8209522212869533,
  "summary_fg_mad": 1402.8131712804886,
  "summary_fg_mean": 4974.144590898704,
  "summary_fg_median": 4653.47509765625,
  "summary_fg_n": 55141.0,
  "summary_fg_p05": 2665.935546875,
  "summary_fg_p95": 8286.6826171875,
  "summary_fg_stdv": 1727.5917157299873,
  "tsnr": 83.38708077231422
}