{
  "aor": 0.0018384653465346533,
  "aqi": 0.005804871138613861,
  "bids_meta": {
    "EchoTime": 0.0137,
    "RepetitionTime": 3.0,
    "SliceEncodingDirection": "k",
    "SliceTiming": [
      0.0,
      1.5,
      0.065,
      1.565,
      0.13,
      1.63,
      0.196,
      1.696,
      0.261,
      1.761,
      0.326,
      1.826,
      0.391,
      1.891,
      0.457,
      1.957,
      0.522,
      2.022,
      0.587,
      2.087,
      0.652,
      2.152,
      0.717,
      2.217,
      0.783,
      2.283,
      0.848,
      2.348,
      0.913,
      2.413,
      0.978,
      2.478,
      1.043,
      2.543,
      1.109,
      2.609,
      1.174,
      2.674,
      1.239,
      2.739,
      1.304,
      2.804,
      1.37,
      2.87,
      1.435,
      2.935
    ],
    "TaskName": "rest",
    "dataset": "ds003592",
    "modality": "bold",
    "session_id": "2",
    "subject_id": "18",
    "task_id": "rest"
  },
  "dummy_trs": 2,
  "dvars_nstd": 22.845121630447768,
  "dvars_std": 1.3570324053233824,
  "dvars_vstd": 0.9305678009950249,
  "efc": 0.5500340656717522,
  "fber": 10434.4248046875,
  "fd_mean": 0.17331857567863934,
  "fd_num": 57,
  "fd_perc": 28.217821782178216,
  "fwhm_avg": 3.4003155555555558,
  "fwhm_x": 2.9521466666666663,
  "fwhm_y": 3.376533333333333,
  "fwhm_z": 3.8722666666666665,
  "gcor": 0.0120281,
  "gsr_x": -0.01909361407160759,
  "gsr_y": 0.08956126123666763,
  "provenance": {
    "md5sum": "9dbeecdb189563e07ec00138cb175524",
    "settings": {
      "fd_thres": 0.2,
      "testing": false
    },
    "software": "mriqc",
    "version": "23.1.0"
  },
  "size_t": 202,
  "size_x": 72,
  "size_y": 72,
  "size_z": 46,
  "snr": 2.6151631225933887,
  "spacing_tr": 3.0,
  "spacing_x": 3.0,
  "spacing_y": 3.0,
  "spacing_z": 3.0,
  "summary_bg_k": 9.523205417290905,
  "summary_bg_mad": 69.32266284706805,
  "summary_bg_mean": 473.14289442806455,
  "summary_bg_median": 47.133663177490234,
  "summary_bg_n": 172077.0,
  "summary_bg_p05": 0.15346534550189972,
  "summary_bg_p95": 2700.435546875,
  "summary_bg_stdv": 988.3976654065515,
  "summary_fg_k": 1.3743555074944487,
  "summary_fg_mad": 1582.5091932953005,
  "summary_fg_mean": 5120.609185973233,
  "summary_fg_median": 4814.658203125,
  "summary_fg_n": 66387.0,
  "summary_fg_p05": 2652.885986328125,
  "summary_fg_p95": 8593.7568359375,
  "summary_fg_stdv": 1841.0407746030241,
  "tsnr": 71.45790745038539
}