{
  "bids_meta": {
    "EchoTime": 0.0034,
    "FlipAngle": 7,
    "RepetitionTime": 2.53,
    "dataset": "ds003592",
    "modality": "T1w",
    "session_id": "1",
    "subject_id": "83"
  },
  "cjv": 0.6170646274555223,
  "cnr": 1.443932304286974,
  "efc": 0.5763218370847897,
  "fber": -1.0,
  "fwhm_avg": 4.0792633333333335,
  "fwhm_x": 4.18924,
  "fwhm_y": 4.13742,
  "fwhm_z": 3.91113,
  "icvs_csf": 0.25977889115894404,
  "icvs_gm": 0.3793844773770185,
  "icvs_wm": 0.3608366314640374,
  "inu_med": 0.8229503929615021,
  "inu_range": 0.627601870894432,
  "provenance": {
    "md5sum": "be7ba706aea447e073b981da790d058e",
    "settings": {
      "testing": false
    },
    "software": "mriqc",
    "version": "23.1.0",
    "warnings": {
      "large_rot_frame": true,
      "small_air_mask": false
    }
  },
  "qi_1": 0.0,
  "qi_2": 0.0010969935302135934,
  "rpve_csf": 7.06643406365493,
  "rpve_gm": 6.9426749895843525,
  "rpve_wm": 7.037521840603068,
  "size_x": 176,
  "size_y": 256,
  "size_z": 256,
  "snr_csf": 1.7534618251153806,
  "snr_gm": 4.6933419138627235,
  "snr_total": 5.12662697189197,
  "snr_wm": 8.933077176697807,
  "snrd_csf": 19.693703950663814,
  "snrd_gm": 37.50960461496727,
  "snrd_total": 36.333880358009,
  "snrd_wm": 51.79833250839591,
  "spacing_x": 1.0,
  "spacing_y": 1.0,
  "spacing_z": 1.0,
  "summary_bg_k": 2976.996483418048,
  "summary_bg_mad": 0.0,
  "summary_bg_mean": 3.4949082987071267,
  "summary_bg_median": 0.0,
  "summary_bg_n": 2737406.0,
  "summary_bg_p05": 0.0,
  "summary_bg_p95": 17.28596195578575,
  "summary_bg_stdv": 11.98745804609462,
  "summary_csf_k": -0.7898034330788652,
  "summary_csf_mad": 172.25515202142736,
  "summary_csf_mean": 383.6186104780383,
  "summary_csf_median": 360.34854708239436,
  "summary_csf_n": 417814.860207917,
  "summary_csf_p05": 100.42152078822255,
  "summary_csf_p95": 725.2311169728637,
  "summary_csf_stdv": 205.5066786689202,
  "summary_gm_k": -0.19056024760370738,
  "summary_gm_mad": 87.65056363529338,
  "summary_gm_mean": 693.9703900128853,
  "summary_gm_median": 686.3377025723457,
  "summary_gm_n": 610182.2656689524,
  "summary_gm_p05": 456.4131553284824,
  "summary_gm_p95": 967.4116946198046,
  "summary_gm_stdv": 146.2363392151418,
  "summary_wm_k": -0.33009097182996605,
  "summary_wm_mad": 73.68109094087275,
  "summary_wm_mean": 919.3584307534262,
  "summary_wm_median": 947.7878771536052,
  "summary_wm_n": 580350.8747783481,
  "summary_wm_p05": 710.6726531125605,
  "summary_wm_p95": 1053.9477705582976,
  "summary_wm_stdv": 106.09860878187136,
  "tpm_overlap_csf": 0.2244085726857721,
  "tpm_overlap_gm": 0.5247953384731777,
  "tpm_overlap_wm": 0.5451695724683039,
  "wm2max": 0.4849757346740171
}