{
  "aor": 0.002064108910891089,
  "aqi": 0.00530610297029703,
  "bids_meta": {
    "EchoTime": 0.0137,
    "RepetitionTime": 3.0,
    "SliceEncodingDirection": "k",
    "SliceTiming": [
      0.0,
      1.5,
      0.065,
      1.565,
      0.13,
      1.63,
      0.196,
      1.696,
      0.261,
      1.761,
      0.326,
      1.826,
      0.391,
      1.891,
      0.457,
      1.957,
      0.522,
      2.022,
      0.587,
      2.087,
      0.652,
      2.152,
      0.717,
      2.217,
      0.783,
      2.283,
      0.848,
      2.348,
      0.913,
      2.413,
      0.978,
      2.478,
      1.043,
      2.543,
      1.109,
      2.609,
      1.174,
      2.674,
      1.239,
      2.739,
      1.304,
      2.804,
      1.37,
      2.87,
      1.435,
      2.935
    ],
    "TaskName": "rest",
    "dataset": "ds003592",
    "modality": "bold",
    "session_id": "1",
    "subject_id": "135",
    "task_id": "rest"
  },
  "dummy_trs": 2,
  "dvars_nstd": 18.35596379721393,
  "dvars_std": 1.130188888905473,
  "dvars_vstd": 0.9741741358208953,
  "efc": 0.5263817697186718,
  "fber": 9253.859375,
  "fd_mean": 0.1484333853591439,
  "fd_num": 42,
  "fd_perc": 20.792079207920793,
  "fwhm_avg": 3.3253622222222226,
  "fwhm_x": 3.11321,
  "fwhm_y": 3.27521,
  "fwhm_z": 3.587666666666667,
  "gcor": 0.0351864,
  "gsr_x": -0.021742215380072594,
  "gsr_y": 0.1023143082857132,
  "provenance": {
    "md5sum": "75d544f1d1073fea3b93fb59dbd69db3",
    "settings": {
      "fd_thres": 0.2,
      "testing": false
    },
    "software": "mriqc",
    "version": "23.1.0"
  },
  "size_t": 202,
  "size_x": 72,
  "size_y": 72,
  "size_z": 46,
  "snr": 2.891972214050531,
  "spacing_tr": 3.0,
  "spacing_x": 3.0,
  "spacing_y": 3.0,
  "spacing_z": 3.0,
  "summary_bg_k": 12.07322636331608,
  "summary_bg_mad": 67.818038829901,
  "summary_bg_mean": 460.10424655778564,
  "summary_bg_median": 47.12376022338867,
  "summary_bg_n": 184252.0,
  "summary_bg_p05": 0.7178217768669128,
  "summary_bg_p95": 2394.5791015625,
  "summary_bg_stdv": 928.7267681772212,
  "summary_fg_k": 1.3266484620714474,
  "summary_fg_mad": 1293.0749077073842,
  "summary_fg_mean": 4822.364325603558,
  "summary_fg_median": 4533.163330078125,
  "summary_fg_n": 54212.0,
  "summary_fg_p05": 2752.202880859375,
  "summary_fg_p95": 7909.25732421875,
  "summary_fg_stdv": 1567.4844655381391,
  "tsnr": 71.91266171436291
}