{
  "bids_meta": {
    "EchoTime": 0.00252,
    "FlipAngle": 9,
    "RepetitionTime": 1.9,
    "dataset": "ds003592",
    "modality": "T1w",
    "session_id": "1",
    "subject_id": "300"
  },
  "cjv": 0.7759961512811128,
  "cnr": 1.2047898116278362,
  "efc": 0.4721233258712295,
  "fber": -1.0,
  "fwhm_avg": 4.338286666666666,
  "fwhm_x": 4.40527,
  "fwhm_y": 4.30837,
  "fwhm_z": 4.30122,
  "icvs_csf": 0.2622800307675731,
  "icvs_gm": 0.3668195173084783,
  "icvs_wm": 0.37090045192394866,
  "inu_med": 0.43131744861602783,
  "inu_range": 0.14503048807382585,
  "provenance": {
    "md5sum": "57243fc03f121853364d09e895a391cd",
    "settings": {
      "testing": false
    },
    "software": "mriqc",
    "version": "23.1.0",
    "warnings": {
      "large_rot_frame": true,
      "small_air_mask": false
    }
  },
  "qi_1": 0.0,
  "qi_2": 0.0020207045418549475,
  "rpve_csf": 9.202833506261973,
  "rpve_gm": 9.056469653861981,
  "rpve_wm": 9.11899651511861,
  "size_x": 192,
  "size_y": 256,
  "size_z": 256,
  "snr_csf": 2.4798240527074613,
  "snr_gm": 6.730481820063585,
  "snr_total": 7.1437013168144965,
  "snr_wm": 12.220798077672445,
  "snrd_csf": 60.39455289328104,
  "snrd_gm": 113.99762035349266,
  "snrd_total": 104.31966363408425,
  "snrd_wm": 138.56681765547907,
  "spacing_x": 1.0,
  "spacing_y": 1.0,
  "spacing_z": 1.0,
  "summary_bg_k": 163.23530738991468,
  "summary_bg_mad": 0.0,
  "summary_bg_mean": 1.2254279486710706,
  "summary_bg_median": 0.0,
  "summary_bg_n": 4890289.0,
  "summary_bg_p05": 0.0,
  "summary_bg_p95": 6.832547698169947,
  "summary_bg_stdv": 4.433928271431835,
  "summary_csf_k": -0.40841254141451255,
  "summary_csf_mad": 146.96553672903886,
  "summary_csf_mean": 437.62278922555214,
  "summary_csf_median": 408.74711817875504,
  "summary_csf_n": 355987.96509291395,
  "summary_csf_p05": 225.8029132336378,
  "summary_csf_p95": 742.9938900656998,
  "summary_csf_stdv": 164.82884889742274,
  "summary_gm_k": 2.282498445568671,
  "summary_gm_mad": 64.13829542468928,
  "summary_gm_mean": 774.1062041260786,
  "summary_gm_median": 771.5298245698214,
  "summary_gm_n": 497877.52861265384,
  "summary_gm_p05": 582.0453734323382,
  "summary_gm_p95": 974.6428334154189,
  "summary_gm_stdv": 114.63206801192385,
  "summary_wm_k": -0.539972058365279,
  "summary_wm_mad": 64.89668743140012,
  "summary_wm_mean": 923.0211690890977,
  "summary_wm_median": 937.8128436841071,
  "summary_wm_n": 503416.50771520677,
  "summary_wm_p05": 781.4680757671595,
  "summary_wm_p95": 1027.549405965954,
  "summary_wm_stdv": 76.7390072460812,
  "tpm_overlap_csf": 0.2019120641686625,
  "tpm_overlap_gm": 0.5088570663126837,
  "tpm_overlap_wm": 0.5540350150991146,
  "wm2max": 0.46876084375856086
}