{
  "aor": 0.0025654455445544553,
  "aqi": 0.004064282871287129,
  "bids_meta": {
    "EchoTime": 0.03,
    "RepetitionTime": 3.0,
    "SliceEncodingDirection": "k",
    "SliceTiming": [
      0.0,
      1.5,
      0.065,
      1.565,
      0.13,
      1.63,
      0.196,
      1.696,
      0.261,
      1.761,
      0.326,
      1.826,
      0.391,
      1.891,
      0.457,
      1.957,
      0.522,
      2.022,
      0.587,
      2.087,
      0.652,
      2.152,
      0.717,
      2.217,
      0.783,
      2.283,
      0.848,
      2.348,
      0.913,
      2.413,
      0.978,
      2.478,
      1.043,
      2.543,
      1.109,
      2.609,
      1.174,
      2.674,
      1.239,
      2.739,
      1.304,
      2.804,
      1.37,
      2.87,
      1.435,
      2.935
    ],
    "TaskName": "rest",
    "dataset": "ds003592",
    "modality": "bold",
    "session_id": "2",
    "subject_id": "169",
    "task_id": "rest"
  },
  "dummy_trs": 2,
  "dvars_nstd": 15.120111887761192,
  "dvars_std": 1.044507279950249,
  "dvars_vstd": 0.9859443765174128,
  "efc": 0.43066672861937716,
  "fber": 21835.86328125,
  "fd_mean": 0.06488946568507428,
  "fd_num": 4,
  "fd_perc": 1.9801980198019802,
  "fwhm_avg": 2.972103174757175,
  "fwhm_x": 2.93026,
  "fwhm_y": 3.0198964266668615,
  "fwhm_z": 2.966153097604664,
  "gcor": 0.0170279,
  "gsr_x": -0.006727570667862892,
  "gsr_y": 0.024115707725286484,
  "provenance": {
    "md5sum": "6fe6fb959ff0a528da77ed49627faac9",
    "settings": {
      "fd_thres": 0.2,
      "testing": false
    },
    "software": "mriqc",
    "version": "23.1.0"
  },
  "size_t": 202,
  "size_x": 72,
  "size_y": 72,
  "size_z": 46,
  "snr": 3.1367830351456547,
  "spacing_tr": 3.0,
  "spacing_x": 3.0,
  "spacing_y": 3.000000238418579,
  "spacing_z": 3.000000238418579,
  "summary_bg_k": 24.958217347405476,
  "summary_bg_mad": 30.914456880396322,
  "summary_bg_mean": 140.23361648505076,
  "summary_bg_median": 23.024751663208008,
  "summary_bg_n": 194900.0,
  "summary_bg_p05": 0.9554455280303955,
  "summary_bg_p95": 759.8886108398438,
  "summary_bg_stdv": 325.16253868300197,
  "summary_fg_k": 2.125579995451443,
  "summary_fg_mad": 825.3654875579628,
  "summary_fg_mean": 3590.1255357666305,
  "summary_fg_median": 3402.35888671875,
  "summary_fg_n": 43564.0,
  "summary_fg_p05": 2071.6533203125,
  "summary_fg_p95": 5717.806640625,
  "summary_fg_stdv": 1084.6525877797303,
  "tsnr": 64.16319349128753
}