{
  "bids_meta": {
    "EchoTime": 0.0034,
    "FlipAngle": 7,
    "RepetitionTime": 2.53,
    "dataset": "ds003592",
    "modality": "T1w",
    "session_id": "1",
    "subject_id": "54"
  },
  "cjv": 1.1063988465814276,
  "cnr": 0.7591116477136266,
  "efc": 0.5431485313913584,
  "fber": -1.0,
  "fwhm_avg": 4.479433333333333,
  "fwhm_x": 4.57398,
  "fwhm_y": 4.48572,
  "fwhm_z": 4.3786,
  "icvs_csf": 0.2493656610781394,
  "icvs_gm": 0.36026604950975444,
  "icvs_wm": 0.3903682894121061,
  "inu_med": 0.8664040565490723,
  "inu_range": 0.7801780700683594,
  "provenance": {
    "md5sum": "10d17f720c06dcb74bb92aa91eab5faa",
    "settings": {
      "testing": false
    },
    "software": "mriqc",
    "version": "23.1.0",
    "warnings": {
      "large_rot_frame": true,
      "small_air_mask": false
    }
  },
  "qi_1": 0.0,
  "qi_2": 0.0027812071534336767,
  "rpve_csf": 8.629712748959962,
  "rpve_gm": 8.439273235295415,
  "rpve_wm": 8.519114239031026,
  "size_x": 176,
  "size_y": 256,
  "size_z": 256,
  "snr_csf": 1.509399056362478,
  "snr_gm": 3.629385385649724,
  "snr_total": 4.360272542299661,
  "snr_wm": 7.942033184886781,
  "snrd_csf": 17.265167508869084,
  "snrd_gm": 45.4037751635846,
  "snrd_total": 39.66690994234442,
  "snrd_wm": 56.331787154579565,
  "spacing_x": 1.0,
  "spacing_y": 1.0,
  "spacing_z": 1.0,
  "summary_bg_k": 236.15304897194605,
  "summary_bg_mad": 0.0,
  "summary_bg_mean": 5.058019577648223,
  "summary_bg_median": 0.0,
  "summary_bg_n": 2883599.0,
  "summary_bg_p05": 0.0,
  "summary_bg_p95": 28.14560291171074,
  "summary_bg_stdv": 10.642163291009654,
  "summary_csf_k": -0.6069704346416906,
  "summary_csf_mad": 138.98625349250293,
  "summary_csf_mean": 328.14628983238276,
  "summary_csf_median": 280.45874397456646,
  "summary_csf_n": 329923.4873013617,
  "summary_csf_p05": 83.32871413230896,
  "summary_csf_p95": 690.2321280986071,
  "summary_csf_stdv": 185.8079331347182,
  "summary_gm_k": 4.35972423745136,
  "summary_gm_mad": 88.87891624047764,
  "summary_gm_mean": 726.7865070618325,
  "summary_gm_median": 737.5477676391602,
  "summary_gm_n": 476650.3571367753,
  "summary_gm_p05": 327.4419551342726,
  "summary_gm_p95": 1041.0548793524504,
  "summary_gm_stdv": 203.21539753727305,
  "summary_wm_k": -0.6607289038928479,
  "summary_wm_mad": 107.52541715229688,
  "summary_wm_mean": 906.1761513434927,
  "summary_wm_median": 915.064523011446,
  "summary_wm_n": 516477.1557474069,
  "summary_wm_p05": 710.5656640604138,
  "summary_wm_p95": 1081.2233087047935,
  "summary_wm_stdv": 115.21780579827885,
  "tpm_overlap_csf": 0.19564752675560623,
  "tpm_overlap_gm": 0.5113131472253574,
  "tpm_overlap_wm": 0.4969382649316761,
  "wm2max": 0.3479836500779571
}