{
  "aor": 0.0031120297029702967,
  "aqi": 0.006359092772277228,
  "bids_meta": {
    "EchoTime": 0.03,
    "RepetitionTime": 3.0,
    "SliceEncodingDirection": "k",
    "SliceTiming": [
      0.0,
      1.5,
      0.065,
      1.565,
      0.13,
      1.63,
      0.196,
      1.696,
      0.261,
      1.761,
      0.326,
      1.826,
      0.391,
      1.891,
      0.457,
      1.957,
      0.522,
      2.022,
      0.587,
      2.087,
      0.652,
      2.152,
      0.717,
      2.217,
      0.783,
      2.283,
      0.848,
      2.348,
      0.913,
      2.413,
      0.978,
      2.478,
      1.043,
      2.543,
      1.109,
      2.609,
      1.174,
      2.674,
      1.239,
      2.739,
      1.304,
      2.804,
      1.37,
      2.87,
      1.435,
      2.935
    ],
    "TaskName": "rest",
    "dataset": "ds003592",
    "modality": "bold",
    "session_id": "2",
    "subject_id": "152",
    "task_id": "rest"
  },
  "dummy_trs": 2,
  "dvars_nstd": 21.386535739502474,
  "dvars_std": 1.1915557533333339,
  "dvars_vstd": 1.0002459025870651,
  "efc": 0.4430478644887698,
  "fber": 16914.16015625,
  "fd_mean": 0.08858920593120478,
  "fd_num": 8,
  "fd_perc": 3.9603960396039604,
  "fwhm_avg": 2.958162222222222,
  "fwhm_x": 2.92184,
  "fwhm_y": 3.0448799999999996,
  "fwhm_z": 2.907766666666667,
  "gcor": 0.0226239,
  "gsr_x": -0.017981618642807007,
  "gsr_y": 0.03487152233719826,
  "provenance": {
    "md5sum": "2ffc2fb51002404a568e99a3ef413cfc",
    "settings": {
      "fd_thres": 0.2,
      "testing": false
    },
    "software": "mriqc",
    "version": "23.1.0"
  },
  "size_t": 202,
  "size_x": 72,
  "size_y": 72,
  "size_z": 46,
  "snr": 3.2908951465443756,
  "spacing_tr": 3.0,
  "spacing_x": 3.0,
  "spacing_y": 3.0,
  "spacing_z": 3.0,
  "summary_bg_k": 65.61491086710109,
  "summary_bg_mad": 35.73658462596971,
  "summary_bg_mean": 153.1871638715409,
  "summary_bg_median": 26.094058990478516,
  "summary_bg_n": 193402.0,
  "summary_bg_p05": 1.0445544719696045,
  "summary_bg_p95": 808.5593872070312,
  "summary_bg_stdv": 364.7199508599512,
  "summary_fg_k": 0.8668890948268437,
  "summary_fg_mad": 881.9134057433014,
  "summary_fg_mean": 3559.894609532308,
  "summary_fg_median": 3393.6485595703125,
  "summary_fg_n": 45062.0,
  "summary_fg_p05": 2104.128662109375,
  "summary_fg_p95": 5563.083984375,
  "summary_fg_stdv": 1031.2121027615653,
  "tsnr": 59.560546323191375
}