{
  "aor": 0.0023631188118811877,
  "aqi": 0.009400266782178217,
  "bids_meta": {
    "EchoTime": 0.047,
    "RepetitionTime": 3.0,
    "SliceEncodingDirection": "k",
    "SliceTiming": [
      0.0,
      1.5,
      0.065,
      1.565,
      0.13,
      1.63,
      0.196,
      1.696,
      0.261,
      1.761,
      0.326,
      1.826,
      0.391,
      1.891,
      0.457,
      1.957,
      0.522,
      2.022,
      0.587,
      2.087,
      0.652,
      2.152,
      0.717,
      2.217,
      0.783,
      2.283,
      0.848,
      2.348,
      0.913,
      2.413,
      0.978,
      2.478,
      1.043,
      2.543,
      1.109,
      2.609,
      1.174,
      2.674,
      1.239,
      2.739,
      1.304,
      2.804,
      1.37,
      2.87,
      1.435,
      2.935
    ],
    "TaskName": "rest",
    "dataset": "ds003592",
    "modality": "bold",
    "session_id": "2",
    "subject_id": "152",
    "task_id": "rest"
  },
  "dummy_trs": 2,
  "dvars_nstd": 26.437099399800996,
  "dvars_std": 1.126807222985075,
  "dvars_vstd": 0.989259225522388,
  "efc": 0.41479508431976164,
  "fber": 10270.3115234375,
  "fd_mean": 0.09036368129707881,
  "fd_num": 11,
  "fd_perc": 5.445544554455446,
  "fwhm_avg": 2.551204444444444,
  "fwhm_x": 2.5818166666666666,
  "fwhm_y": 2.67057,
  "fwhm_z": 2.4012266666666666,
  "gcor": 0.0208186,
  "gsr_x": -0.015744131058454514,
  "gsr_y": 0.028375808149576187,
  "provenance": {
    "md5sum": "d231f31bdb9a6cc44035c8d1b7e034fe",
    "settings": {
      "fd_thres": 0.2,
      "testing": false
    },
    "software": "mriqc",
    "version": "23.1.0"
  },
  "size_t": 202,
  "size_x": 72,
  "size_y": 72,
  "size_z": 46,
  "snr": 3.255346726273797,
  "spacing_tr": 3.0,
  "spacing_x": 3.0,
  "spacing_y": 3.0,
  "spacing_z": 3.0,
  "summary_bg_k": 145.19083327552772,
  "summary_bg_mad": 31.208041390625176,
  "summary_bg_mean": 84.23018483346789,
  "summary_bg_median": 23.831682205200195,
  "summary_bg_n": 197003.0,
  "summary_bg_p05": 0.9851484894752502,
  "summary_bg_p95": 382.6633605957031,
  "summary_bg_stdv": 215.21198421830218,
  "summary_fg_k": 0.6539045957631036,
  "summary_fg_mad": 670.1729420529057,
  "summary_fg_mean": 2493.8200879421192,
  "summary_fg_median": 2415.163330078125,
  "summary_fg_n": 41461.0,
  "summary_fg_p05": 1373.802001953125,
  "summary_fg_p95": 3834.123779296875,
  "summary_fg_stdv": 741.8976862542767,
  "tsnr": 43.30983015522361
}