{
  "aor": 0.001102920792079208,
  "aqi": 0.004126012425742574,
  "bids_meta": {
    "EchoTime": 0.03,
    "RepetitionTime": 3.0,
    "SliceEncodingDirection": "k",
    "SliceTiming": [
      0.0,
      1.5,
      0.065,
      1.565,
      0.13,
      1.63,
      0.196,
      1.696,
      0.261,
      1.761,
      0.326,
      1.826,
      0.391,
      1.891,
      0.457,
      1.957,
      0.522,
      2.022,
      0.587,
      2.087,
      0.652,
      2.152,
      0.717,
      2.217,
      0.783,
      2.283,
      0.848,
      2.348,
      0.913,
      2.413,
      0.978,
      2.478,
      1.043,
      2.543,
      1.109,
      2.609,
      1.174,
      2.674,
      1.239,
      2.739,
      1.304,
      2.804,
      1.37,
      2.87,
      1.435,
      2.935
    ],
    "TaskName": "rest",
    "dataset": "ds003592",
    "modality": "bold",
    "session_id": "1",
    "subject_id": "81",
    "task_id": "rest"
  },
  "dummy_trs": 2,
  "dvars_nstd": 15.530719045671649,
  "dvars_std": 1.027663586616915,
  "dvars_vstd": 0.9252800150248759,
  "efc": 0.423752415287414,
  "fber": 19027.7265625,
  "fd_mean": 0.05263835149392504,
  "fd_num": 0,
  "fd_perc": 0.0,
  "fwhm_avg": 2.9626544444444445,
  "fwhm_x": 2.91844,
  "fwhm_y": 3.015703333333333,
  "fwhm_z": 2.95382,
  "gcor": 0.0230349,
  "gsr_x": -0.01212952472269535,
  "gsr_y": 0.020381411537528038,
  "provenance": {
    "md5sum": "ce79652316f01c966b8c7e6b7b8dd3d5",
    "settings": {
      "fd_thres": 0.2,
      "testing": false
    },
    "software": "mriqc",
    "version": "23.1.0"
  },
  "size_t": 202,
  "size_x": 72,
  "size_y": 72,
  "size_z": 46,
  "snr": 3.1720954307729823,
  "spacing_tr": 3.0,
  "spacing_x": 3.0,
  "spacing_y": 3.0,
  "spacing_z": 3.0,
  "summary_bg_k": 23.630010069428717,
  "summary_bg_mad": 33.387907130219226,
  "summary_bg_mean": 132.20742012422795,
  "summary_bg_median": 24.341583251953125,
  "summary_bg_n": 196481.0,
  "summary_bg_p05": 0.6930692791938782,
  "summary_bg_p95": 685.485107421875,
  "summary_bg_stdv": 295.7096572857552,
  "summary_fg_k": 0.9821119144002126,
  "summary_fg_mad": 878.0968633136326,
  "summary_fg_mean": 3509.844281559478,
  "summary_fg_median": 3357.702880859375,
  "summary_fg_n": 41983.0,
  "summary_fg_p05": 1986.18310546875,
  "summary_fg_p95": 5598.72265625,
  "summary_fg_stdv": 1058.4999616369496,
  "tsnr": 60.63115359842777
}