{
  "aor": 0.000591231527093596,
  "aqi": 0.0034131825615763543,
  "bids_meta": {
    "EchoTime": 0.03,
    "RepetitionTime": 3.0,
    "SliceEncodingDirection": "k",
    "SliceTiming": [
      0.0,
      1.5,
      0.065,
      1.565,
      0.13,
      1.63,
      0.196,
      1.696,
      0.261,
      1.761,
      0.326,
      1.826,
      0.391,
      1.891,
      0.457,
      1.957,
      0.522,
      2.022,
      0.587,
      2.087,
      0.652,
      2.152,
      0.717,
      2.217,
      0.783,
      2.283,
      0.848,
      2.348,
      0.913,
      2.413,
      0.978,
      2.478,
      1.043,
      2.543,
      1.109,
      2.609,
      1.174,
      2.674,
      1.239,
      2.739,
      1.304,
      2.804,
      1.37,
      2.87,
      1.435,
      2.935
    ],
    "TaskName": "rest",
    "dataset": "ds003592",
    "modality": "bold",
    "session_id": "1",
    "subject_id": "119",
    "task_id": "rest"
  },
  "dummy_trs": 1,
  "dvars_nstd": 18.86440871,
  "dvars_std": 1.0945926150000007,
  "dvars_vstd": 0.9415462969306928,
  "efc": 0.5005453773596129,
  "fber": 12837.0009765625,
  "fd_mean": 0.05544278162543926,
  "fd_num": 1,
  "fd_perc": 0.49261083743842365,
  "fwhm_avg": 3.085456666666667,
  "fwhm_x": 2.9227433333333335,
  "fwhm_y": 3.1126566666666666,
  "fwhm_z": 3.22097,
  "gcor": 0.0141665,
  "gsr_x": -0.005392367485910654,
  "gsr_y": 0.039206501096487045,
  "provenance": {
    "md5sum": "b81eccd3883c2aecac97e0285158548e",
    "settings": {
      "fd_thres": 0.2,
      "testing": false
    },
    "software": "mriqc",
    "version": "23.1.0"
  },
  "size_t": 203,
  "size_x": 72,
  "size_y": 72,
  "size_z": 46,
  "snr": 2.8967936635084595,
  "spacing_tr": 3.0,
  "spacing_x": 3.0,
  "spacing_y": 3.0,
  "spacing_z": 3.0,
  "summary_bg_k": 37.38010056165531,
  "summary_bg_mad": 44.507280609645946,
  "summary_bg_mean": 180.44869940629624,
  "summary_bg_median": 31.394088745117188,
  "summary_bg_n": 177617.0,
  "summary_bg_p05": 0.6354679465293884,
  "summary_bg_p95": 934.3447875976562,
  "summary_bg_stdv": 389.1368141148339,
  "summary_fg_k": 0.57005042718834,
  "summary_fg_mad": 1160.0663770382089,
  "summary_fg_mean": 3731.1154194081614,
  "summary_fg_median": 3556.965576171875,
  "summary_fg_n": 60847.0,
  "summary_fg_p05": 2019.1181640625,
  "summary_fg_p95": 6022.90625,
  "summary_fg_stdv": 1227.8873680553243,
  "tsnr": 60.18278586678207
}