{
  "aor": 0.0017097029702970294,
  "aqi": 0.002624212475247525,
  "bids_meta": {
    "EchoTime": 0.03,
    "RepetitionTime": 3.0,
    "SliceEncodingDirection": "k",
    "SliceTiming": [
      0.0,
      1.5,
      0.065,
      1.565,
      0.13,
      1.63,
      0.196,
      1.696,
      0.261,
      1.761,
      0.326,
      1.826,
      0.391,
      1.891,
      0.457,
      1.957,
      0.522,
      2.022,
      0.587,
      2.087,
      0.652,
      2.152,
      0.717,
      2.217,
      0.783,
      2.283,
      0.848,
      2.348,
      0.913,
      2.413,
      0.978,
      2.478,
      1.043,
      2.543,
      1.109,
      2.609,
      1.174,
      2.674,
      1.239,
      2.739,
      1.304,
      2.804,
      1.37,
      2.87,
      1.435,
      2.935
    ],
    "TaskName": "rest",
    "dataset": "ds003592",
    "modality": "bold",
    "session_id": "2",
    "subject_id": "225",
    "task_id": "rest"
  },
  "dummy_trs": 2,
  "dvars_nstd": 15.574797924626868,
  "dvars_std": 1.0659108386567158,
  "dvars_vstd": 0.9847183013432836,
  "efc": 0.45725894625062985,
  "fber": 26234.150390625,
  "fd_mean": 0.04558563848419386,
  "fd_num": 3,
  "fd_perc": 1.4851485148514851,
  "fwhm_avg": 2.9386577777777774,
  "fwhm_x": 2.889616666666667,
  "fwhm_y": 3.0132499999999998,
  "fwhm_z": 2.9131066666666663,
  "gcor": 0.0161988,
  "gsr_x": -0.009291201829910278,
  "gsr_y": 0.025006987154483795,
  "provenance": {
    "md5sum": "8514fe927e7c7a11020fe87dfe7548dd",
    "settings": {
      "fd_thres": 0.2,
      "testing": false
    },
    "software": "mriqc",
    "version": "23.1.0"
  },
  "size_t": 202,
  "size_x": 72,
  "size_y": 72,
  "size_z": 46,
  "snr": 3.1073451673805703,
  "spacing_tr": 3.0,
  "spacing_x": 3.0,
  "spacing_y": 3.0,
  "spacing_z": 3.0,
  "summary_bg_k": 28.83202681367066,
  "summary_bg_mad": 28.176781808547148,
  "summary_bg_mean": 135.48120608242127,
  "summary_bg_median": 21.173267364501953,
  "summary_bg_n": 186832.0,
  "summary_bg_p05": 0.8861386179924011,
  "summary_bg_p95": 727.3564453125,
  "summary_bg_stdv": 313.14578624168166,
  "summary_fg_k": 0.5821159903445863,
  "summary_fg_mad": 992.0699180623735,
  "summary_fg_mean": 3605.7230566946537,
  "summary_fg_median": 3429.4256591796875,
  "summary_fg_n": 51632.0,
  "summary_fg_p05": 2072.74755859375,
  "summary_fg_p95": 5728.26708984375,
  "summary_fg_stdv": 1103.6406527172262,
  "tsnr": 74.78186339256354
}