{
  "aor": 0.00607885,
  "aqi": 0.00430855325,
  "bids_meta": {
    "EchoTime": 0.02996,
    "RepetitionTime": 3,
    "SliceEncodingDirection": "k",
    "SliceTiming": [
      0,
      1.54,
      0.07,
      1.61,
      0.14,
      1.68,
      0.21,
      1.75,
      0.28,
      1.82,
      0.35,
      1.89,
      0.42,
      1.96,
      0.49,
      2.03,
      0.56,
      2.1,
      0.63,
      2.17,
      0.7,
      2.24,
      0.77,
      2.31,
      0.84,
      2.38,
      0.91,
      2.45,
      0.98,
      2.52,
      1.05,
      2.59,
      1.12,
      2.66,
      1.19,
      2.73,
      1.26,
      2.8,
      1.33,
      2.87,
      1.4,
      2.94,
      1.47
    ],
    "TaskName": "rest",
    "dataset": "ds003592",
    "modality": "bold",
    "session_id": "2",
    "subject_id": "296",
    "task_id": "rest"
  },
  "dummy_trs": 0,
  "dvars_nstd": 27.28974411356784,
  "dvars_std": 1.1547325934170856,
  "dvars_vstd": 1.0303598484924619,
  "efc": 0.48714907531497215,
  "fber": 1515.6163330078125,
  "fd_mean": 0.1545490471671283,
  "fd_num": 48,
  "fd_perc": 24.0,
  "fwhm_avg": 2.376350260309076,
  "fwhm_x": 2.196154074074074,
  "fwhm_y": 2.3498962962962966,
  "fwhm_z": 2.5830004105568585,
  "gcor": 0.0391828,
  "gsr_x": 0.00287210987880826,
  "gsr_y": 0.040709614753723145,
  "provenance": {
    "md5sum": "8e5453179e90e70a3c74158be9fae8b4",
    "settings": {
      "fd_thres": 0.2,
      "testing": false
    },
    "software": "mriqc",
    "version": "23.1.0"
  },
  "size_t": 200,
  "size_x": 64,
  "size_y": 64,
  "size_z": 43,
  "snr": 2.7979142030209276,
  "spacing_tr": 3.0,
  "spacing_x": 3.375,
  "spacing_y": 3.375,
  "spacing_z": 2.999999523162842,
  "summary_bg_k": 74.51205599419588,
  "summary_bg_mad": 9.221786195002348,
  "summary_bg_mean": 36.46728982305231,
  "summary_bg_median": 14.90999984741211,
  "summary_bg_n": 138868.0,
  "summary_bg_p05": 7.864999771118164,
  "summary_bg_p95": 137.25498962402344,
  "summary_bg_stdv": 68.14338264251282,
  "summary_fg_k": 1.5438254550927244,
  "summary_fg_mad": 187.5565556458908,
  "summary_fg_mean": 613.7273938964403,
  "summary_fg_median": 580.4599609375,
  "summary_fg_n": 37260.0,
  "summary_fg_p05": 332.9149932861328,
  "summary_fg_p95": 989.5774841308594,
  "summary_fg_stdv": 207.45888881822688,
  "tsnr": 56.397585766389966
}