{
  "aor": 0.0013146305418719208,
  "aqi": 0.005631074630541872,
  "bids_meta": {
    "EchoTime": 0.03,
    "RepetitionTime": 3.0,
    "SliceEncodingDirection": "k",
    "SliceTiming": [
      0.0,
      1.5,
      0.065,
      1.565,
      0.13,
      1.63,
      0.196,
      1.696,
      0.261,
      1.761,
      0.326,
      1.826,
      0.391,
      1.891,
      0.457,
      1.957,
      0.522,
      2.022,
      0.587,
      2.087,
      0.652,
      2.152,
      0.717,
      2.217,
      0.783,
      2.283,
      0.848,
      2.348,
      0.913,
      2.413,
      0.978,
      2.478,
      1.043,
      2.543,
      1.109,
      2.609,
      1.174,
      2.674,
      1.239,
      2.739,
      1.304,
      2.804,
      1.37,
      2.87,
      1.435,
      2.935
    ],
    "TaskName": "rest",
    "dataset": "ds003592",
    "modality": "bold",
    "session_id": "1",
    "subject_id": "73",
    "task_id": "rest"
  },
  "dummy_trs": 1,
  "dvars_nstd": 19.92786034970297,
  "dvars_std": 1.1042696564356436,
  "dvars_vstd": 0.9544308602475247,
  "efc": 0.4609550565979429,
  "fber": 17732.9296875,
  "fd_mean": 0.09968154708812467,
  "fd_num": 12,
  "fd_perc": 5.911330049261084,
  "fwhm_avg": 3.0084555555555554,
  "fwhm_x": 2.91903,
  "fwhm_y": 3.088926666666667,
  "fwhm_z": 3.01741,
  "gcor": 0.0423754,
  "gsr_x": -0.007313650567084551,
  "gsr_y": 0.028337039053440094,
  "provenance": {
    "md5sum": "01f9ae5e9ac82f5c346797fe4a11c87d",
    "settings": {
      "fd_thres": 0.2,
      "testing": false
    },
    "software": "mriqc",
    "version": "23.1.0"
  },
  "size_t": 203,
  "size_x": 72,
  "size_y": 72,
  "size_z": 46,
  "snr": 3.052480141006603,
  "spacing_tr": 3.0,
  "spacing_x": 3.0,
  "spacing_y": 3.0,
  "spacing_z": 3.0,
  "summary_bg_k": 21.305672823975417,
  "summary_bg_mad": 35.29761912918431,
  "summary_bg_mean": 166.15496152066547,
  "summary_bg_median": 25.413793563842773,
  "summary_bg_n": 189580.0,
  "summary_bg_p05": 0.6995073556900024,
  "summary_bg_p95": 910.3719177246094,
  "summary_bg_stdv": 354.4863865198924,
  "summary_fg_k": 0.6955312463958441,
  "summary_fg_mad": 979.9052320129528,
  "summary_fg_mean": 3558.915832322257,
  "summary_fg_median": 3384.22900390625,
  "summary_fg_n": 48884.0,
  "summary_fg_p05": 2009.147705078125,
  "summary_fg_p95": 5751.2119140625,
  "summary_fg_stdv": 1108.6704032474877,
  "tsnr": 53.52732354030013
}