{
  "bids_meta": {
    "EchoTime": 0.0034,
    "FlipAngle": 7,
    "RepetitionTime": 2.53,
    "dataset": "ds003592",
    "modality": "T1w",
    "session_id": "1",
    "subject_id": "93"
  },
  "cjv": 0.5227774155610506,
  "cnr": 2.003537903690534,
  "efc": 0.5917994274214298,
  "fber": -1.0,
  "fwhm_avg": 4.045106666666666,
  "fwhm_x": 4.01986,
  "fwhm_y": 4.21618,
  "fwhm_z": 3.89928,
  "icvs_csf": 0.27018027650087134,
  "icvs_gm": 0.38478362604207683,
  "icvs_wm": 0.3450360974570519,
  "inu_med": 0.7823196053504944,
  "inu_range": 0.5344827532768248,
  "provenance": {
    "md5sum": "0316f7dcfbf6f85b897e77d548b5ce19",
    "settings": {
      "testing": false
    },
    "software": "mriqc",
    "version": "23.1.0",
    "warnings": {
      "large_rot_frame": true,
      "small_air_mask": false
    }
  },
  "qi_1": 0.0,
  "qi_2": 0.001872091927090444,
  "rpve_csf": 7.2191213329550425,
  "rpve_gm": 7.1541570530268785,
  "rpve_wm": 7.246717615509263,
  "size_x": 176,
  "size_y": 256,
  "size_z": 256,
  "snr_csf": 1.907650576498615,
  "snr_gm": 5.84291006989372,
  "snr_total": 6.711299008177427,
  "snr_wm": 12.383336378139946,
  "snrd_csf": 44.66546257251776,
  "snrd_gm": 78.63872422508412,
  "snrd_total": 78.12468979545268,
  "snrd_wm": 111.06988258875616,
  "spacing_x": 1.0,
  "spacing_y": 1.0,
  "spacing_z": 1.0,
  "summary_bg_k": 3604.2739631801387,
  "summary_bg_mad": 0.0,
  "summary_bg_mean": 1.7908953744984635,
  "summary_bg_median": 0.0,
  "summary_bg_n": 2861743.0,
  "summary_bg_p05": 0.0,
  "summary_bg_p95": 11.790327586233616,
  "summary_bg_stdv": 5.75866337202494,
  "summary_csf_k": -0.6611666249899715,
  "summary_csf_mad": 159.66143063180652,
  "summary_csf_mean": 401.9287680787511,
  "summary_csf_median": 392.61039885878563,
  "summary_csf_n": 425754.6729411565,
  "summary_csf_p05": 82.53229310363531,
  "summary_csf_p95": 735.1682286970317,
  "summary_csf_stdv": 205.8080985162777,
  "summary_gm_k": -0.636795379644195,
  "summary_gm_mad": 89.57295742209787,
  "summary_gm_mean": 696.1810426233159,
  "summary_gm_median": 691.2361163534224,
  "summary_gm_n": 606348.5794757055,
  "summary_gm_p05": 504.95645025372505,
  "summary_gm_p95": 909.6951160244644,
  "summary_gm_stdv": 118.30330059603385,
  "summary_wm_k": -0.15689675006008397,
  "summary_wm_mad": 59.455511825233394,
  "summary_wm_mean": 960.9537777458808,
  "summary_wm_median": 976.3067120052874,
  "summary_wm_n": 543713.7481989599,
  "summary_wm_p05": 804.5584369115531,
  "summary_wm_p95": 1065.297401111573,
  "summary_wm_stdv": 78.84028862489532,
  "tpm_overlap_csf": 0.20446978641831268,
  "tpm_overlap_gm": 0.5348537254543557,
  "tpm_overlap_wm": 0.5488222937775753,
  "wm2max": 0.4980175831753146
}