{
  "aor": 0.0011887684729064041,
  "aqi": 0.006736289852216749,
  "bids_meta": {
    "EchoTime": 0.047,
    "RepetitionTime": 3.0,
    "SliceEncodingDirection": "k",
    "SliceTiming": [
      0.0,
      1.5,
      0.065,
      1.565,
      0.13,
      1.63,
      0.196,
      1.696,
      0.261,
      1.761,
      0.326,
      1.826,
      0.391,
      1.891,
      0.457,
      1.957,
      0.522,
      2.022,
      0.587,
      2.087,
      0.652,
      2.152,
      0.717,
      2.217,
      0.783,
      2.283,
      0.848,
      2.348,
      0.913,
      2.413,
      0.978,
      2.478,
      1.043,
      2.543,
      1.109,
      2.609,
      1.174,
      2.674,
      1.239,
      2.739,
      1.304,
      2.804,
      1.37,
      2.87,
      1.435,
      2.935
    ],
    "TaskName": "rest",
    "dataset": "ds003592",
    "modality": "bold",
    "session_id": "1",
    "subject_id": "126",
    "task_id": "rest"
  },
  "dummy_trs": 1,
  "dvars_nstd": 30.257819326732665,
  "dvars_std": 1.143124716980198,
  "dvars_vstd": 0.9721078194059405,
  "efc": 0.4159462854702248,
  "fber": 8076.08154296875,
  "fd_mean": 0.15559408403450883,
  "fd_num": 48,
  "fd_perc": 23.645320197044335,
  "fwhm_avg": 2.384075555555556,
  "fwhm_x": 2.453323333333333,
  "fwhm_y": 2.5587433333333336,
  "fwhm_z": 2.1401600000000003,
  "gcor": 0.0325622,
  "gsr_x": -0.0030235641170293093,
  "gsr_y": 0.01667645387351513,
  "provenance": {
    "md5sum": "5bc00d6bbb831524cc901e2eb4e3f1cb",
    "settings": {
      "fd_thres": 0.2,
      "testing": false
    },
    "software": "mriqc",
    "version": "23.1.0"
  },
  "size_t": 203,
  "size_x": 72,
  "size_y": 72,
  "size_z": 46,
  "snr": 3.3537804959303195,
  "spacing_tr": 3.0,
  "spacing_x": 3.0,
  "spacing_y": 3.0,
  "spacing_z": 3.0,
  "summary_bg_k": 32.42387953251737,
  "summary_bg_mad": 37.95607687787746,
  "summary_bg_mean": 90.94267766621637,
  "summary_bg_median": 28.07881736755371,
  "summary_bg_n": 198579.0,
  "summary_bg_p05": 0.807881772518158,
  "summary_bg_p95": 388.59112548828125,
  "summary_bg_stdv": 188.19911633608737,
  "summary_fg_k": 0.29860509039392635,
  "summary_fg_mad": 717.805700901869,
  "summary_fg_mean": 2554.7718331540095,
  "summary_fg_median": 2523.359619140625,
  "summary_fg_n": 39885.0,
  "summary_fg_p05": 1376.246337890625,
  "summary_fg_p95": 3856.546630859375,
  "summary_fg_stdv": 752.3831655245069,
  "tsnr": 45.3369984831661
}