{
  "aor": 0.0014503465346534657,
  "aqi": 0.00242370297029703,
  "bids_meta": {
    "EchoTime": 0.0137,
    "RepetitionTime": 3.0,
    "SliceEncodingDirection": "k",
    "SliceTiming": [
      0.0,
      1.5,
      0.065,
      1.565,
      0.13,
      1.63,
      0.196,
      1.696,
      0.261,
      1.761,
      0.326,
      1.826,
      0.391,
      1.891,
      0.457,
      1.957,
      0.522,
      2.022,
      0.587,
      2.087,
      0.652,
      2.152,
      0.717,
      2.217,
      0.783,
      2.283,
      0.848,
      2.348,
      0.913,
      2.413,
      0.978,
      2.478,
      1.043,
      2.543,
      1.109,
      2.609,
      1.174,
      2.674,
      1.239,
      2.739,
      1.304,
      2.804,
      1.37,
      2.87,
      1.435,
      2.935
    ],
    "TaskName": "rest",
    "dataset": "ds003592",
    "modality": "bold",
    "session_id": "1",
    "subject_id": "55",
    "task_id": "rest"
  },
  "dummy_trs": 2,
  "dvars_nstd": 17.614995159502477,
  "dvars_std": 1.152554943084577,
  "dvars_vstd": 0.9512888654228853,
  "efc": 0.5351156115639568,
  "fber": 10619.7236328125,
  "fd_mean": 0.13787522701869775,
  "fd_num": 36,
  "fd_perc": 17.821782178217823,
  "fwhm_avg": 3.8132442340480126,
  "fwhm_x": 3.497533333333333,
  "fwhm_y": 3.7008997058789173,
  "fwhm_z": 4.241299662931787,
  "gcor": 0.0189383,
  "gsr_x": 0.0009434940875507891,
  "gsr_y": 0.05497194826602936,
  "provenance": {
    "md5sum": "5f161bdf4cb5b6018e00b714733eeaec",
    "settings": {
      "fd_thres": 0.2,
      "testing": false
    },
    "software": "mriqc",
    "version": "23.1.0"
  },
  "size_t": 202,
  "size_x": 72,
  "size_y": 72,
  "size_z": 46,
  "snr": 2.720448620342742,
  "spacing_tr": 3.0,
  "spacing_x": 3.0,
  "spacing_y": 3.000000238418579,
  "spacing_z": 3.000000238418579,
  "summary_bg_k": 13.731348587638479,
  "summary_bg_mad": 66.9152675876645,
  "summary_bg_mean": 377.2378940170589,
  "summary_bg_median": 45.28217697143555,
  "summary_bg_n": 174826.0,
  "summary_bg_p05": 0.039603959769010544,
  "summary_bg_p95": 1955.732666015625,
  "summary_bg_stdv": 755.2993891086679,
  "summary_fg_k": 1.9471315144840888,
  "summary_fg_mad": 1500.5331630125186,
  "summary_fg_mean": 4940.491736604317,
  "summary_fg_median": 4666.4208984375,
  "summary_fg_n": 63638.0,
  "summary_fg_p05": 2705.707763671875,
  "summary_fg_p95": 8168.2177734375,
  "summary_fg_stdv": 1715.2995280288417,
  "tsnr": 72.70324268750846
}