{
  "aor": 0.0014765024630541872,
  "aqi": 0.006737477389162562,
  "bids_meta": {
    "EchoTime": 0.047,
    "RepetitionTime": 3.0,
    "SliceEncodingDirection": "k",
    "SliceTiming": [
      0.0,
      1.5,
      0.065,
      1.565,
      0.13,
      1.63,
      0.196,
      1.696,
      0.261,
      1.761,
      0.326,
      1.826,
      0.391,
      1.891,
      0.457,
      1.957,
      0.522,
      2.022,
      0.587,
      2.087,
      0.652,
      2.152,
      0.717,
      2.217,
      0.783,
      2.283,
      0.848,
      2.348,
      0.913,
      2.413,
      0.978,
      2.478,
      1.043,
      2.543,
      1.109,
      2.609,
      1.174,
      2.674,
      1.239,
      2.739,
      1.304,
      2.804,
      1.37,
      2.87,
      1.435,
      2.935
    ],
    "TaskName": "rest",
    "dataset": "ds003592",
    "modality": "bold",
    "session_id": "1",
    "subject_id": "55",
    "task_id": "rest"
  },
  "dummy_trs": 1,
  "dvars_nstd": 29.892359988663333,
  "dvars_std": 1.0987292309405945,
  "dvars_vstd": 0.9392491487623763,
  "efc": 0.45964182078658367,
  "fber": 9649.439453125,
  "fd_mean": 0.13847411643411547,
  "fd_num": 39,
  "fd_perc": 19.211822660098523,
  "fwhm_avg": 2.5631354180154204,
  "fwhm_x": 2.49744,
  "fwhm_y": 2.631623124190718,
  "fwhm_z": 2.560343129855543,
  "gcor": 0.020719,
  "gsr_x": -0.014933277852833271,
  "gsr_y": 0.028409438207745552,
  "provenance": {
    "md5sum": "f4fe261b134526efcc259072c7a7b830",
    "settings": {
      "fd_thres": 0.2,
      "testing": false
    },
    "software": "mriqc",
    "version": "23.1.0"
  },
  "size_t": 203,
  "size_x": 72,
  "size_y": 72,
  "size_z": 46,
  "snr": 2.554939854984103,
  "spacing_tr": 3.0,
  "spacing_x": 3.0,
  "spacing_y": 3.000000238418579,
  "spacing_z": 3.000000238418579,
  "summary_bg_k": 38.38533210113527,
  "summary_bg_mad": 37.56169005863523,
  "summary_bg_mean": 101.43027080668108,
  "summary_bg_median": 25.78325080871582,
  "summary_bg_n": 184397.0,
  "summary_bg_p05": 0.04433497413992882,
  "summary_bg_p95": 464.9310302734375,
  "summary_bg_stdv": 215.5312751475016,
  "summary_fg_k": 1.7371224459970742,
  "summary_fg_mad": 852.6788861922925,
  "summary_fg_mean": 2709.03576768945,
  "summary_fg_median": 2532.72900390625,
  "summary_fg_n": 54067.0,
  "summary_fg_p05": 1412.06396484375,
  "summary_fg_p95": 4553.763671875,
  "summary_fg_stdv": 991.2975355265344,
  "tsnr": 39.04475807165727
}