{
  "aor": 0.0040067,
  "aqi": 0.013684694550000001,
  "bids_meta": {
    "EchoTime": 0.04592,
    "RepetitionTime": 3,
    "SliceEncodingDirection": "k",
    "SliceTiming": [
      0,
      1.54,
      0.07,
      1.61,
      0.14,
      1.68,
      0.21,
      1.75,
      0.28,
      1.82,
      0.35,
      1.89,
      0.42,
      1.96,
      0.49,
      2.03,
      0.56,
      2.1,
      0.63,
      2.17,
      0.7,
      2.24,
      0.77,
      2.31,
      0.84,
      2.38,
      0.91,
      2.45,
      0.98,
      2.52,
      1.05,
      2.5925,
      1.12,
      2.6625,
      1.19,
      2.7325,
      1.26,
      2.8025,
      1.33,
      2.8725,
      1.4,
      2.9425,
      1.47
    ],
    "TaskName": "rest",
    "dataset": "ds003592",
    "modality": "bold",
    "session_id": "1",
    "subject_id": "240",
    "task_id": "rest"
  },
  "dummy_trs": 0,
  "dvars_nstd": 43.81728049592969,
  "dvars_std": 1.0634657490954775,
  "dvars_vstd": 0.9605332960301505,
  "efc": 0.49933555853735134,
  "fber": 811.3574829101562,
  "fd_mean": 0.2726476660531613,
  "fd_num": 92,
  "fd_perc": 46.0,
  "fwhm_avg": 2.416095900708006,
  "fwhm_x": 2.2706962962962964,
  "fwhm_y": 2.4505333333333335,
  "fwhm_z": 2.527058072494388,
  "gcor": 0.0374241,
  "gsr_x": 0.007152004633098841,
  "gsr_y": 0.03929843008518219,
  "provenance": {
    "md5sum": "9ed31dd455dae10a8e0b8f5999808370",
    "settings": {
      "fd_thres": 0.2,
      "testing": false
    },
    "software": "mriqc",
    "version": "23.1.0"
  },
  "size_t": 200,
  "size_x": 64,
  "size_y": 64,
  "size_z": 43,
  "snr": 2.071645017050322,
  "spacing_tr": 3.0,
  "spacing_x": 3.375,
  "spacing_y": 3.375,
  "spacing_z": 2.9999983310699463,
  "summary_bg_k": 77.71992195091691,
  "summary_bg_mad": 9.48865363286799,
  "summary_bg_mean": 32.32598608204576,
  "summary_bg_median": 16.119998931884766,
  "summary_bg_n": 134546.0,
  "summary_bg_p05": 7.739999771118164,
  "summary_bg_p95": 118.3499984741211,
  "summary_bg_stdv": 50.283075313749386,
  "summary_fg_k": 3.321257571913404,
  "summary_fg_mad": 169.7357158905224,
  "summary_fg_mean": 512.8947862357978,
  "summary_fg_median": 459.16749572753906,
  "summary_fg_n": 41582.0,
  "summary_fg_p05": 259.2250061035156,
  "summary_fg_p95": 949.5449829101562,
  "summary_fg_stdv": 221.6412419532319,
  "tsnr": 27.74880963959731
}