{
  "aor": 0.002712920792079208,
  "aqi": 0.0022918283861386142,
  "bids_meta": {
    "EchoTime": 0.0137,
    "RepetitionTime": 3.0,
    "SliceEncodingDirection": "k",
    "SliceTiming": [
      0.0,
      1.5,
      0.065,
      1.565,
      0.13,
      1.63,
      0.196,
      1.696,
      0.261,
      1.761,
      0.326,
      1.826,
      0.391,
      1.891,
      0.457,
      1.957,
      0.522,
      2.022,
      0.587,
      2.087,
      0.652,
      2.152,
      0.717,
      2.217,
      0.783,
      2.283,
      0.848,
      2.348,
      0.913,
      2.413,
      0.978,
      2.478,
      1.043,
      2.543,
      1.109,
      2.609,
      1.174,
      2.674,
      1.239,
      2.739,
      1.304,
      2.804,
      1.37,
      2.87,
      1.435,
      2.935
    ],
    "TaskName": "rest",
    "dataset": "ds003592",
    "modality": "bold",
    "session_id": "1",
    "subject_id": "88",
    "task_id": "rest"
  },
  "dummy_trs": 2,
  "dvars_nstd": 11.825639107960193,
  "dvars_std": 1.1119229503980108,
  "dvars_vstd": 0.9549248576616917,
  "efc": 0.5269642950246144,
  "fber": 10858.201171875,
  "fd_mean": 0.026982733020993768,
  "fd_num": 0,
  "fd_perc": 0.0,
  "fwhm_avg": 3.4456077777777785,
  "fwhm_x": 2.987773333333333,
  "fwhm_y": 3.31535,
  "fwhm_z": 4.0337000000000005,
  "gcor": 0.0161363,
  "gsr_x": -0.010889463126659393,
  "gsr_y": 0.06618722528219223,
  "provenance": {
    "md5sum": "5a29650aa8be3684a674efbc9ca1bead",
    "settings": {
      "fd_thres": 0.2,
      "testing": false
    },
    "software": "mriqc",
    "version": "23.1.0"
  },
  "size_t": 202,
  "size_x": 72,
  "size_y": 72,
  "size_z": 46,
  "snr": 2.647566992872968,
  "spacing_tr": 3.0,
  "spacing_x": 3.0,
  "spacing_y": 3.0,
  "spacing_z": 3.0,
  "summary_bg_k": 10.13009285619965,
  "summary_bg_mad": 67.75932475569454,
  "summary_bg_mean": 449.5166731563833,
  "summary_bg_median": 47.113861083984375,
  "summary_bg_n": 178988.0,
  "summary_bg_p05": 0.7524752616882324,
  "summary_bg_p95": 2548.915771484375,
  "summary_bg_stdv": 944.9147332887859,
  "summary_fg_k": 1.0889370665625968,
  "summary_fg_mad": 1559.532478542786,
  "summary_fg_mean": 5244.31810802167,
  "summary_fg_median": 4909.39111328125,
  "summary_fg_n": 59476.0,
  "summary_fg_p05": 2745.5791015625,
  "summary_fg_p95": 8858.5986328125,
  "summary_fg_stdv": 1854.287296332173,
  "tsnr": 82.11614791071042
}