{
  "aor": 0.00546134328358209,
  "aqi": 0.0028487321641791044,
  "bids_meta": {
    "EchoTime": 0.0137,
    "RepetitionTime": 3.0,
    "SliceEncodingDirection": "k",
    "SliceTiming": [
      0.0,
      1.5,
      0.065,
      1.565,
      0.13,
      1.63,
      0.196,
      1.696,
      0.261,
      1.761,
      0.326,
      1.826,
      0.391,
      1.891,
      0.457,
      1.957,
      0.522,
      2.022,
      0.587,
      2.087,
      0.652,
      2.152,
      0.717,
      2.217,
      0.783,
      2.283,
      0.848,
      2.348,
      0.913,
      2.413,
      0.978,
      2.478,
      1.043,
      2.543,
      1.109,
      2.609,
      1.174,
      2.674,
      1.239,
      2.739,
      1.304,
      2.804,
      1.37,
      2.87,
      1.435,
      2.935
    ],
    "TaskName": "rest",
    "dataset": "ds003592",
    "modality": "bold",
    "session_id": "2",
    "subject_id": "13",
    "task_id": "rest"
  },
  "dummy_trs": 3,
  "dvars_nstd": 12.683502373549997,
  "dvars_std": 1.0111267593499993,
  "dvars_vstd": 0.9329412302000002,
  "efc": 0.4930474889083048,
  "fber": 13226.4130859375,
  "fd_mean": 0.07235599318146681,
  "fd_num": 3,
  "fd_perc": 1.492537313432836,
  "fwhm_avg": 3.8362000000000003,
  "fwhm_x": 3.4537333333333335,
  "fwhm_y": 3.6491333333333333,
  "fwhm_z": 4.405733333333333,
  "gcor": 0.0304983,
  "gsr_x": -0.0039361692033708096,
  "gsr_y": 0.055521219968795776,
  "provenance": {
    "md5sum": "aa01a458b14d84eb29e7836bec56c42a",
    "settings": {
      "fd_thres": 0.2,
      "testing": false
    },
    "software": "mriqc",
    "version": "23.1.0"
  },
  "size_t": 201,
  "size_x": 72,
  "size_y": 72,
  "size_z": 46,
  "snr": 2.5453793583618665,
  "spacing_tr": 3.0,
  "spacing_x": 3.0,
  "spacing_y": 3.0,
  "spacing_z": 3.0,
  "summary_bg_k": 14.690476296328242,
  "summary_bg_mad": 52.6508205110382,
  "summary_bg_mean": 318.5035354048017,
  "summary_bg_median": 37.26865768432617,
  "summary_bg_n": 185009.0,
  "summary_bg_p05": 0.9452736377716064,
  "summary_bg_p95": 1724.07958984375,
  "summary_bg_stdv": 681.3710225817975,
  "summary_fg_k": 2.0459942874994486,
  "summary_fg_mad": 1210.8726502794445,
  "summary_fg_mean": 4677.375196371756,
  "summary_fg_median": 4286.12451171875,
  "summary_fg_n": 53455.0,
  "summary_fg_p05": 2571.28857421875,
  "summary_fg_p95": 8135.7958984375,
  "summary_fg_stdv": 1683.868617261773,
  "tsnr": 84.28029196057469
}