{
  "aor": 0.002838564356435644,
  "aqi": 0.0030054290099009906,
  "bids_meta": {
    "EchoTime": 0.03,
    "RepetitionTime": 3.0,
    "SliceEncodingDirection": "k",
    "SliceTiming": [
      0.0,
      1.5,
      0.065,
      1.565,
      0.13,
      1.63,
      0.196,
      1.696,
      0.261,
      1.761,
      0.326,
      1.826,
      0.391,
      1.891,
      0.457,
      1.957,
      0.522,
      2.022,
      0.587,
      2.087,
      0.652,
      2.152,
      0.717,
      2.217,
      0.783,
      2.283,
      0.848,
      2.348,
      0.913,
      2.413,
      0.978,
      2.478,
      1.043,
      2.543,
      1.109,
      2.609,
      1.174,
      2.674,
      1.239,
      2.739,
      1.304,
      2.804,
      1.37,
      2.87,
      1.435,
      2.935
    ],
    "TaskName": "rest",
    "dataset": "ds003592",
    "modality": "bold",
    "session_id": "2",
    "subject_id": "167",
    "task_id": "rest"
  },
  "dummy_trs": 2,
  "dvars_nstd": 17.63916806104478,
  "dvars_std": 1.0914068343283587,
  "dvars_vstd": 0.987532936119403,
  "efc": 0.43559653122410835,
  "fber": 11197.84375,
  "fd_mean": 0.0682719591582998,
  "fd_num": 7,
  "fd_perc": 3.4653465346534653,
  "fwhm_avg": 2.6942866666666667,
  "fwhm_x": 2.6030533333333334,
  "fwhm_y": 2.827113333333333,
  "fwhm_z": 2.652693333333333,
  "gcor": 0.0156594,
  "gsr_x": 0.004260644782334566,
  "gsr_y": 0.016720451414585114,
  "provenance": {
    "md5sum": "0bb0699def5d4d2857aee48c1da3b5f1",
    "settings": {
      "fd_thres": 0.2,
      "testing": false
    },
    "software": "mriqc",
    "version": "23.1.0"
  },
  "size_t": 202,
  "size_x": 72,
  "size_y": 72,
  "size_z": 46,
  "snr": 3.375113631165126,
  "spacing_tr": 3.0,
  "spacing_x": 3.0,
  "spacing_y": 3.0,
  "spacing_z": 3.0,
  "summary_bg_k": 23.14797193343394,
  "summary_bg_mad": 44.86706448474666,
  "summary_bg_mean": 161.04808862406588,
  "summary_bg_median": 32.4554443359375,
  "summary_bg_n": 197123.0,
  "summary_bg_p05": 1.0198019742965698,
  "summary_bg_p95": 808.96533203125,
  "summary_bg_stdv": 355.52745057406304,
  "summary_fg_k": 0.615176051730614,
  "summary_fg_mad": 913.2684880621607,
  "summary_fg_mean": 3542.9799760052747,
  "summary_fg_median": 3434.4306640625,
  "summary_fg_n": 41341.0,
  "summary_fg_p05": 2014.32177734375,
  "summary_fg_p95": 5427.6484375,
  "summary_fg_stdv": 1017.5625182723369,
  "tsnr": 73.23268092353828
}