{
  "aor": 0.0014171428571428573,
  "aqi": 0.007145753793103449,
  "bids_meta": {
    "EchoTime": 0.047,
    "RepetitionTime": 3.0,
    "SliceEncodingDirection": "k",
    "SliceTiming": [
      0.0,
      1.5,
      0.065,
      1.565,
      0.13,
      1.63,
      0.196,
      1.696,
      0.261,
      1.761,
      0.326,
      1.826,
      0.391,
      1.891,
      0.457,
      1.957,
      0.522,
      2.022,
      0.587,
      2.087,
      0.652,
      2.152,
      0.717,
      2.217,
      0.783,
      2.283,
      0.848,
      2.348,
      0.913,
      2.413,
      0.978,
      2.478,
      1.043,
      2.543,
      1.109,
      2.609,
      1.174,
      2.674,
      1.239,
      2.739,
      1.304,
      2.804,
      1.37,
      2.87,
      1.435,
      2.935
    ],
    "TaskName": "rest",
    "dataset": "ds003592",
    "modality": "bold",
    "session_id": "1",
    "subject_id": "24",
    "task_id": "rest"
  },
  "dummy_trs": 1,
  "dvars_nstd": 23.382525850198025,
  "dvars_std": 1.0856415853465347,
  "dvars_vstd": 0.9688707953465352,
  "efc": 0.4040100685962007,
  "fber": 9631.0341796875,
  "fd_mean": 0.07003893336743068,
  "fd_num": 5,
  "fd_perc": 2.4630541871921183,
  "fwhm_avg": 2.67111,
  "fwhm_x": 2.6981333333333333,
  "fwhm_y": 2.6971166666666666,
  "fwhm_z": 2.61808,
  "gcor": 0.0459765,
  "gsr_x": 0.000294584984658286,
  "gsr_y": 0.022046830505132675,
  "provenance": {
    "md5sum": "49efc8d82e2c59e902d935262e4c54a2",
    "settings": {
      "fd_thres": 0.2,
      "testing": false
    },
    "software": "mriqc",
    "version": "23.1.0"
  },
  "size_t": 203,
  "size_x": 72,
  "size_y": 72,
  "size_z": 46,
  "snr": 3.063859992452939,
  "spacing_tr": 3.0,
  "spacing_x": 3.0,
  "spacing_y": 3.0,
  "spacing_z": 3.0,
  "summary_bg_k": 77.5416981435184,
  "summary_bg_mad": 37.72967034166323,
  "summary_bg_mean": 92.7795841051583,
  "summary_bg_median": 26.197044372558594,
  "summary_bg_n": 199841.0,
  "summary_bg_p05": 0.04926108196377754,
  "summary_bg_p95": 433.2413635253906,
  "summary_bg_stdv": 223.89615700938506,
  "summary_fg_k": 0.9364705137049563,
  "summary_fg_mad": 723.3419315981687,
  "summary_fg_mean": 2690.8446383771447,
  "summary_fg_median": 2570.921142578125,
  "summary_fg_n": 38623.0,
  "summary_fg_p05": 1508.1231689453125,
  "summary_fg_p95": 4297.51220703125,
  "summary_fg_stdv": 839.1009597173158,
  "tsnr": 48.688516847323626
}