{
  "aor": 0.0024839408866995077,
  "aqi": 0.003625401133004926,
  "bids_meta": {
    "EchoTime": 0.0137,
    "RepetitionTime": 3.0,
    "SliceEncodingDirection": "k",
    "SliceTiming": [
      0.0,
      1.5,
      0.065,
      1.565,
      0.13,
      1.63,
      0.196,
      1.696,
      0.261,
      1.761,
      0.326,
      1.826,
      0.391,
      1.891,
      0.457,
      1.957,
      0.522,
      2.022,
      0.587,
      2.087,
      0.652,
      2.152,
      0.717,
      2.217,
      0.783,
      2.283,
      0.848,
      2.348,
      0.913,
      2.413,
      0.978,
      2.478,
      1.043,
      2.543,
      1.109,
      2.609,
      1.174,
      2.674,
      1.239,
      2.739,
      1.304,
      2.804,
      1.37,
      2.87,
      1.435,
      2.935
    ],
    "TaskName": "rest",
    "dataset": "ds003592",
    "modality": "bold",
    "session_id": "1",
    "subject_id": "24",
    "task_id": "rest"
  },
  "dummy_trs": 1,
  "dvars_nstd": 20.579175377920798,
  "dvars_std": 1.4542707086633677,
  "dvars_vstd": 0.952969273960396,
  "efc": 0.49578419093826126,
  "fber": 9478.6162109375,
  "fd_mean": 0.06997691128312174,
  "fd_num": 5,
  "fd_perc": 2.4630541871921183,
  "fwhm_avg": 3.411475555555555,
  "fwhm_x": 2.995903333333333,
  "fwhm_y": 3.30259,
  "fwhm_z": 3.9359333333333333,
  "gcor": 0.0275314,
  "gsr_x": -0.002314685145393014,
  "gsr_y": 0.040892381221055984,
  "provenance": {
    "md5sum": "6304b3505b51cda5b2ce666253d4df0a",
    "settings": {
      "fd_thres": 0.2,
      "testing": false
    },
    "software": "mriqc",
    "version": "23.1.0"
  },
  "size_t": 203,
  "size_x": 72,
  "size_y": 72,
  "size_z": 46,
  "snr": 2.8312232939440958,
  "spacing_tr": 3.0,
  "spacing_x": 3.0,
  "spacing_y": 3.0,
  "spacing_z": 3.0,
  "summary_bg_k": 13.095512930894888,
  "summary_bg_mad": 71.57390062195249,
  "summary_bg_mean": 360.3452403153799,
  "summary_bg_median": 48.47783279418945,
  "summary_bg_n": 187200.0,
  "summary_bg_p05": 0.05911330133676529,
  "summary_bg_p95": 1861.89404296875,
  "summary_bg_stdv": 738.9016707384359,
  "summary_fg_k": 1.3951252175877498,
  "summary_fg_mad": 1364.1692313263638,
  "summary_fg_mean": 4998.607516613142,
  "summary_fg_median": 4719.714111328125,
  "summary_fg_n": 51264.0,
  "summary_fg_p05": 2677.216796875,
  "summary_fg_p95": 8172.79296875,
  "summary_fg_stdv": 1667.0066567276822,
  "tsnr": 76.4710209693294
}