{
  "aor": 0.0017983251231527093,
  "aqi": 0.0036408803448275857,
  "bids_meta": {
    "EchoTime": 0.03,
    "RepetitionTime": 3.0,
    "SliceEncodingDirection": "k",
    "SliceTiming": [
      0.0,
      1.5,
      0.065,
      1.565,
      0.13,
      1.63,
      0.196,
      1.696,
      0.261,
      1.761,
      0.326,
      1.826,
      0.391,
      1.891,
      0.457,
      1.957,
      0.522,
      2.022,
      0.587,
      2.087,
      0.652,
      2.152,
      0.717,
      2.217,
      0.783,
      2.283,
      0.848,
      2.348,
      0.913,
      2.413,
      0.978,
      2.478,
      1.043,
      2.543,
      1.109,
      2.609,
      1.174,
      2.674,
      1.239,
      2.739,
      1.304,
      2.804,
      1.37,
      2.87,
      1.435,
      2.935
    ],
    "TaskName": "rest",
    "dataset": "ds003592",
    "modality": "bold",
    "session_id": "1",
    "subject_id": "190",
    "task_id": "rest"
  },
  "dummy_trs": 1,
  "dvars_nstd": 19.046382729207924,
  "dvars_std": 1.1462580652970296,
  "dvars_vstd": 0.9603978109405945,
  "efc": 0.49029782572057423,
  "fber": 12956.8291015625,
  "fd_mean": 0.05245545080055619,
  "fd_num": 0,
  "fd_perc": 0.0,
  "fwhm_avg": 3.124866666666667,
  "fwhm_x": 2.99074,
  "fwhm_y": 3.23129,
  "fwhm_z": 3.1525700000000003,
  "gcor": 0.0181662,
  "gsr_x": -0.0029788115061819553,
  "gsr_y": 0.05096893757581711,
  "provenance": {
    "md5sum": "cf62b42b94c950dd388faf9a251f7296",
    "settings": {
      "fd_thres": 0.2,
      "testing": false
    },
    "software": "mriqc",
    "version": "23.1.0"
  },
  "size_t": 203,
  "size_x": 72,
  "size_y": 72,
  "size_z": 46,
  "snr": 2.767528248733459,
  "spacing_tr": 3.0,
  "spacing_x": 3.0,
  "spacing_y": 3.0,
  "spacing_z": 3.0,
  "summary_bg_k": 34.94994038728629,
  "summary_bg_mad": 44.55110133788287,
  "summary_bg_mean": 196.56464477967077,
  "summary_bg_median": 31.689655303955078,
  "summary_bg_n": 181197.0,
  "summary_bg_p05": 0.7044335007667542,
  "summary_bg_p95": 1045.4876708984375,
  "summary_bg_stdv": 430.513661538408,
  "summary_fg_k": 1.4144768654921869,
  "summary_fg_mad": 1137.9297794119523,
  "summary_fg_mean": 3817.814407067632,
  "summary_fg_median": 3607.17236328125,
  "summary_fg_n": 57267.0,
  "summary_fg_p05": 2058.62060546875,
  "summary_fg_p95": 6322.26611328125,
  "summary_fg_stdv": 1303.3799638568503,
  "tsnr": 64.31548296427354
}