{
  "aor": 0.00144871921182266,
  "aqi": 0.0043155104433497534,
  "bids_meta": {
    "EchoTime": 0.047,
    "RepetitionTime": 3.0,
    "SliceEncodingDirection": "k",
    "SliceTiming": [
      0.0,
      1.5,
      0.065,
      1.565,
      0.13,
      1.63,
      0.196,
      1.696,
      0.261,
      1.761,
      0.326,
      1.826,
      0.391,
      1.891,
      0.457,
      1.957,
      0.522,
      2.022,
      0.587,
      2.087,
      0.652,
      2.152,
      0.717,
      2.217,
      0.783,
      2.283,
      0.848,
      2.348,
      0.913,
      2.413,
      0.978,
      2.478,
      1.043,
      2.543,
      1.109,
      2.609,
      1.174,
      2.674,
      1.239,
      2.739,
      1.304,
      2.804,
      1.37,
      2.87,
      1.435,
      2.935
    ],
    "TaskName": "rest",
    "dataset": "ds003592",
    "modality": "bold",
    "session_id": "1",
    "subject_id": "01",
    "task_id": "rest"
  },
  "dummy_trs": 1,
  "dvars_nstd": 23.275179296485142,
  "dvars_std": 1.0646774216831687,
  "dvars_vstd": 0.9702274934653473,
  "efc": 0.4096929104298659,
  "fber": 9398.9443359375,
  "fd_mean": 0.03731709325371311,
  "fd_num": 0,
  "fd_perc": 0.0,
  "fwhm_avg": 2.5639312450025806,
  "fwhm_x": 2.63756,
  "fwhm_y": 2.659566878030052,
  "fwhm_z": 2.3946668569776897,
  "gcor": 0.0233427,
  "gsr_x": -0.007746684830635786,
  "gsr_y": 0.023354100063443184,
  "provenance": {
    "md5sum": "6bfca85405e4ea9f0effadaab289365e",
    "settings": {
      "fd_thres": 0.2,
      "testing": false
    },
    "software": "mriqc",
    "version": "23.1.0"
  },
  "size_t": 203,
  "size_x": 72,
  "size_y": 72,
  "size_z": 46,
  "snr": 2.8772691199943425,
  "spacing_tr": 3.0,
  "spacing_x": 3.0,
  "spacing_y": 2.999999761581421,
  "spacing_z": 2.999999761581421,
  "summary_bg_k": 33.886115649879,
  "summary_bg_mad": 29.776203836533135,
  "summary_bg_mean": 80.85054405686869,
  "summary_bg_median": 22.660099029541016,
  "summary_bg_n": 198620.0,
  "summary_bg_p05": 0.5862069129943848,
  "summary_bg_p95": 380.6009826660156,
  "summary_bg_stdv": 173.9343913626796,
  "summary_fg_k": 1.2255382089121953,
  "summary_fg_mad": 667.4959509988254,
  "summary_fg_mean": 2314.497832900776,
  "summary_fg_median": 2196.854736328125,
  "summary_fg_n": 39844.0,
  "summary_fg_p05": 1266.645263671875,
  "summary_fg_p95": 3752.39892578125,
  "summary_fg_stdv": 763.5111893736523,
  "tsnr": 48.20492853503674
}