{
  "aor": 0.0010356157635467982,
  "aqi": 0.002793128226600985,
  "bids_meta": {
    "EchoTime": 0.0137,
    "RepetitionTime": 3.0,
    "SliceEncodingDirection": "k",
    "SliceTiming": [
      0.0,
      1.5,
      0.065,
      1.565,
      0.13,
      1.63,
      0.196,
      1.696,
      0.261,
      1.761,
      0.326,
      1.826,
      0.391,
      1.891,
      0.457,
      1.957,
      0.522,
      2.022,
      0.587,
      2.087,
      0.652,
      2.152,
      0.717,
      2.217,
      0.783,
      2.283,
      0.848,
      2.348,
      0.913,
      2.413,
      0.978,
      2.478,
      1.043,
      2.543,
      1.109,
      2.609,
      1.174,
      2.674,
      1.239,
      2.739,
      1.304,
      2.804,
      1.37,
      2.87,
      1.435,
      2.935
    ],
    "TaskName": "rest",
    "dataset": "ds003592",
    "modality": "bold",
    "session_id": "1",
    "subject_id": "189",
    "task_id": "rest"
  },
  "dummy_trs": 1,
  "dvars_nstd": 28.00798587059407,
  "dvars_std": 1.4132875162376235,
  "dvars_vstd": 0.9630746575247519,
  "efc": 0.4660876750765044,
  "fber": 26806.05859375,
  "fd_mean": 0.17943595566594114,
  "fd_num": 74,
  "fd_perc": 36.45320197044335,
  "fwhm_avg": 4.003133333333333,
  "fwhm_x": 3.6377,
  "fwhm_y": 3.6658000000000004,
  "fwhm_z": 4.7059,
  "gcor": 0.0136945,
  "gsr_x": -0.018246321007609367,
  "gsr_y": 0.03750046342611313,
  "provenance": {
    "md5sum": "a2e99a0f24e12dca783300c75ca73db1",
    "settings": {
      "fd_thres": 0.2,
      "testing": false
    },
    "software": "mriqc",
    "version": "23.1.0"
  },
  "size_t": 203,
  "size_x": 72,
  "size_y": 72,
  "size_z": 46,
  "snr": 2.549714187431539,
  "spacing_tr": 3.0,
  "spacing_x": 3.0,
  "spacing_y": 3.0,
  "spacing_z": 3.0,
  "summary_bg_k": 15.356676104144537,
  "summary_bg_mad": 43.00276705495212,
  "summary_bg_mean": 296.7992298047359,
  "summary_bg_median": 30.290639877319336,
  "summary_bg_n": 189018.0,
  "summary_bg_p05": 0.7241379022598267,
  "summary_bg_p95": 1647.926025390625,
  "summary_bg_stdv": 638.6586936603729,
  "summary_fg_k": 2.1435509831355857,
  "summary_fg_mad": 1420.6724470278193,
  "summary_fg_mean": 5396.078798750865,
  "summary_fg_median": 4959.35205078125,
  "summary_fg_n": 49446.0,
  "summary_fg_p05": 2970.413818359375,
  "summary_fg_p95": 9400.896484375,
  "summary_fg_stdv": 1945.0422819155701,
  "tsnr": 83.27043899334967
}