{
  "aor": 0.0012814285714285714,
  "aqi": 0.00481401684729064,
  "bids_meta": {
    "EchoTime": 0.03,
    "RepetitionTime": 3.0,
    "SliceEncodingDirection": "k",
    "SliceTiming": [
      0.0,
      1.5,
      0.065,
      1.565,
      0.13,
      1.63,
      0.196,
      1.696,
      0.261,
      1.761,
      0.326,
      1.826,
      0.391,
      1.891,
      0.457,
      1.957,
      0.522,
      2.022,
      0.587,
      2.087,
      0.652,
      2.152,
      0.717,
      2.217,
      0.783,
      2.283,
      0.848,
      2.348,
      0.913,
      2.413,
      0.978,
      2.478,
      1.043,
      2.543,
      1.109,
      2.609,
      1.174,
      2.674,
      1.239,
      2.739,
      1.304,
      2.804,
      1.37,
      2.87,
      1.435,
      2.935
    ],
    "TaskName": "rest",
    "dataset": "ds003592",
    "modality": "bold",
    "session_id": "1",
    "subject_id": "189",
    "task_id": "rest"
  },
  "dummy_trs": 1,
  "dvars_nstd": 32.22189794628712,
  "dvars_std": 1.3276499565841597,
  "dvars_vstd": 0.9604864076732675,
  "efc": 0.42431111790461284,
  "fber": 22503.04296875,
  "fd_mean": 0.18849995648175558,
  "fd_num": 80,
  "fd_perc": 39.40886699507389,
  "fwhm_avg": 3.35451,
  "fwhm_x": 3.1123100000000004,
  "fwhm_y": 3.2635199999999998,
  "fwhm_z": 3.6877,
  "gcor": 0.0120849,
  "gsr_x": -0.015013525262475014,
  "gsr_y": 0.026136532425880432,
  "provenance": {
    "md5sum": "e3a636e4c6a5124f107cd525ad9bc140",
    "settings": {
      "fd_thres": 0.2,
      "testing": false
    },
    "software": "mriqc",
    "version": "23.1.0"
  },
  "size_t": 203,
  "size_x": 72,
  "size_y": 72,
  "size_z": 46,
  "snr": 2.745957460935852,
  "spacing_tr": 3.0,
  "spacing_x": 3.0,
  "spacing_y": 3.0,
  "spacing_z": 3.0,
  "summary_bg_k": 31.89439703290924,
  "summary_bg_mad": 33.610519413033266,
  "summary_bg_mean": 138.49289542425086,
  "summary_bg_median": 24.492610931396484,
  "summary_bg_n": 193948.0,
  "summary_bg_p05": 0.8177340030670166,
  "summary_bg_p95": 679.8275756835938,
  "summary_bg_stdv": 317.31023210269865,
  "summary_fg_k": 1.2770382518963963,
  "summary_fg_mad": 1020.0229060814929,
  "summary_fg_mean": 3959.23455871423,
  "summary_fg_median": 3674.1402587890625,
  "summary_fg_n": 44516.0,
  "summary_fg_p05": 2177.51708984375,
  "summary_fg_p95": 6714.53173828125,
  "summary_fg_stdv": 1338.0028799383201,
  "tsnr": 58.69485291594174
}