{
  "aor": 0.0008422660098522169,
  "aqi": 0.006795673448275863,
  "bids_meta": {
    "EchoTime": 0.047,
    "RepetitionTime": 3.0,
    "SliceEncodingDirection": "k",
    "SliceTiming": [
      0.0,
      1.5,
      0.065,
      1.565,
      0.13,
      1.63,
      0.196,
      1.696,
      0.261,
      1.761,
      0.326,
      1.826,
      0.391,
      1.891,
      0.457,
      1.957,
      0.522,
      2.022,
      0.587,
      2.087,
      0.652,
      2.152,
      0.717,
      2.217,
      0.783,
      2.283,
      0.848,
      2.348,
      0.913,
      2.413,
      0.978,
      2.478,
      1.043,
      2.543,
      1.109,
      2.609,
      1.174,
      2.674,
      1.239,
      2.739,
      1.304,
      2.804,
      1.37,
      2.87,
      1.435,
      2.935
    ],
    "TaskName": "rest",
    "dataset": "ds003592",
    "modality": "bold",
    "session_id": "1",
    "subject_id": "189",
    "task_id": "rest"
  },
  "dummy_trs": 1,
  "dvars_nstd": 39.455364133267324,
  "dvars_std": 1.285859647029703,
  "dvars_vstd": 0.9630839841584159,
  "efc": 0.4047185715104154,
  "fber": 14114.029296875,
  "fd_mean": 0.18519656008469984,
  "fd_num": 79,
  "fd_perc": 38.916256157635466,
  "fwhm_avg": 2.651762222222222,
  "fwhm_x": 2.553523333333333,
  "fwhm_y": 2.70388,
  "fwhm_z": 2.6978833333333334,
  "gcor": 0.0110021,
  "gsr_x": -0.014855322428047657,
  "gsr_y": 0.020854417234659195,
  "provenance": {
    "md5sum": "ccb375bf907173becbed58c989fea988",
    "settings": {
      "fd_thres": 0.2,
      "testing": false
    },
    "software": "mriqc",
    "version": "23.1.0"
  },
  "size_t": 203,
  "size_x": 72,
  "size_y": 72,
  "size_z": 46,
  "snr": 2.9408322015913204,
  "spacing_tr": 3.0,
  "spacing_x": 3.0,
  "spacing_y": 3.0,
  "spacing_z": 3.0,
  "summary_bg_k": 48.636023982784856,
  "summary_bg_mad": 29.914967325613908,
  "summary_bg_mean": 86.12086262230564,
  "summary_bg_median": 22.64531898498535,
  "summary_bg_n": 197445.0,
  "summary_bg_p05": 0.6945812702178955,
  "summary_bg_p95": 387.84234619140625,
  "summary_bg_stdv": 210.77484404962604,
  "summary_fg_k": 1.1826533298083861,
  "summary_fg_mad": 765.1468982061532,
  "summary_fg_mean": 2845.8580949899992,
  "summary_fg_median": 2690.320068359375,
  "summary_fg_n": 41019.0,
  "summary_fg_p05": 1566.812744140625,
  "summary_fg_p95": 4581.30517578125,
  "summary_fg_stdv": 914.804752586517,
  "tsnr": 47.39373534079641
}