{
  "aor": 0.0035441,
  "aqi": 0.0075130692,
  "bids_meta": {
    "EchoTime": 0.014,
    "RepetitionTime": 3,
    "SliceEncodingDirection": "k",
    "SliceTiming": [
      0,
      1.5425,
      0.07,
      1.6125,
      0.14,
      1.6825,
      0.21,
      1.7525,
      0.28,
      1.8225,
      0.35,
      1.8925,
      0.42,
      1.9625,
      0.49,
      2.0325,
      0.56,
      2.1025,
      0.63,
      2.1725,
      0.7,
      2.2425,
      0.77,
      2.3125,
      0.84,
      2.3825,
      0.91,
      2.4525,
      0.98,
      2.5225,
      1.05,
      2.5925,
      1.12,
      2.6625,
      1.19,
      2.7325,
      1.26,
      2.8025,
      1.33,
      2.8725,
      1.4,
      2.9425,
      1.47
    ],
    "TaskName": "rest",
    "dataset": "ds003592",
    "modality": "bold",
    "session_id": "2",
    "subject_id": "286",
    "task_id": "rest"
  },
  "dummy_trs": 0,
  "dvars_nstd": 25.262582328341733,
  "dvars_std": 1.1601220593467338,
  "dvars_vstd": 0.9976874609045221,
  "efc": 0.5739500997426291,
  "fber": 883.8536987304688,
  "fd_mean": 0.1680659320916868,
  "fd_num": 46,
  "fd_perc": 23.0,
  "fwhm_avg": 3.0452451862481205,
  "fwhm_x": 2.640118518518518,
  "fwhm_y": 2.995348148148148,
  "fwhm_z": 3.5002688920776954,
  "gcor": 0.032927,
  "gsr_x": -0.02528020367026329,
  "gsr_y": 0.12299782782793045,
  "provenance": {
    "md5sum": "9fbaac0a3a8948a3f83ac45f523f28b9",
    "settings": {
      "fd_thres": 0.2,
      "testing": false
    },
    "software": "mriqc",
    "version": "23.1.0"
  },
  "size_t": 200,
  "size_x": 64,
  "size_y": 64,
  "size_z": 43,
  "snr": 2.1298247022580963,
  "spacing_tr": 3.0,
  "spacing_x": 3.375,
  "spacing_y": 3.375,
  "spacing_z": 2.999998092651367,
  "summary_bg_k": 13.294625961753507,
  "summary_bg_mad": 24.01815565700682,
  "summary_bg_mean": 90.80269702321463,
  "summary_bg_median": 26.079999923706055,
  "summary_bg_n": 124319.0,
  "summary_bg_p05": 8.510000228881836,
  "summary_bg_p95": 404.75,
  "summary_bg_stdv": 151.30491030632982,
  "summary_fg_k": 4.22065017764026,
  "summary_fg_mad": 275.8232841540733,
  "summary_fg_mean": 861.0815043276464,
  "summary_fg_median": 775.3499755859375,
  "summary_fg_n": 51809.0,
  "summary_fg_p05": 444.7699890136719,
  "summary_fg_p95": 1560.8699951171875,
  "summary_fg_stdv": 364.0405203089078,
  "tsnr": 53.9191422900185
}