{
  "aor": 0.0031803465346534653,
  "aqi": 0.0029906518811881186,
  "bids_meta": {
    "EchoTime": 0.0137,
    "RepetitionTime": 3.0,
    "SliceEncodingDirection": "k",
    "SliceTiming": [
      0.0,
      1.5,
      0.065,
      1.565,
      0.13,
      1.63,
      0.196,
      1.696,
      0.261,
      1.761,
      0.326,
      1.826,
      0.391,
      1.891,
      0.457,
      1.957,
      0.522,
      2.022,
      0.587,
      2.087,
      0.652,
      2.152,
      0.717,
      2.217,
      0.783,
      2.283,
      0.848,
      2.348,
      0.913,
      2.413,
      0.978,
      2.478,
      1.043,
      2.543,
      1.109,
      2.609,
      1.174,
      2.674,
      1.239,
      2.739,
      1.304,
      2.804,
      1.37,
      2.87,
      1.435,
      2.935
    ],
    "TaskName": "rest",
    "dataset": "ds003592",
    "modality": "bold",
    "session_id": "2",
    "subject_id": "131",
    "task_id": "rest"
  },
  "dummy_trs": 2,
  "dvars_nstd": 12.9688383262189,
  "dvars_std": 1.0945170303482585,
  "dvars_vstd": 0.9563082649253735,
  "efc": 0.4697849159920968,
  "fber": 37416.6015625,
  "fd_mean": 0.06295292358900183,
  "fd_num": 7,
  "fd_perc": 3.4653465346534653,
  "fwhm_avg": 3.6281555555555554,
  "fwhm_x": 3.3829333333333333,
  "fwhm_y": 3.4938333333333333,
  "fwhm_z": 4.0077,
  "gcor": 0.013872,
  "gsr_x": -0.014455483295023441,
  "gsr_y": 0.05223957076668739,
  "provenance": {
    "md5sum": "c4645a1fe70fbcbb5c9d45fa3a8082ac",
    "settings": {
      "fd_thres": 0.2,
      "testing": false
    },
    "software": "mriqc",
    "version": "23.1.0"
  },
  "size_t": 202,
  "size_x": 72,
  "size_y": 72,
  "size_z": 46,
  "snr": 2.7143203957514466,
  "spacing_tr": 3.0,
  "spacing_x": 3.0,
  "spacing_y": 3.0,
  "spacing_z": 3.0,
  "summary_bg_k": 15.198876151913705,
  "summary_bg_mad": 33.45396404268563,
  "summary_bg_mean": 291.0150951477602,
  "summary_bg_median": 23.900989532470703,
  "summary_bg_n": 189206.0,
  "summary_bg_p05": 0.6881188154220581,
  "summary_bg_p95": 1713.1187744140625,
  "summary_bg_stdv": 651.6950521602752,
  "summary_fg_k": 2.1288122553849442,
  "summary_fg_mad": 1225.5725282083608,
  "summary_fg_mean": 5011.648253225338,
  "summary_fg_median": 4623.25732421875,
  "summary_fg_n": 49258.0,
  "summary_fg_p05": 2875.955322265625,
  "summary_fg_p95": 8471.638671875,
  "summary_fg_stdv": 1703.2662769720885,
  "tsnr": 83.64999547717161
}