{
  "aor": 0.0036338916256157634,
  "aqi": 0.010270780689655172,
  "bids_meta": {
    "EchoTime": 0.047,
    "RepetitionTime": 3.0,
    "SliceEncodingDirection": "k",
    "SliceTiming": [
      0.0,
      1.5,
      0.065,
      1.565,
      0.13,
      1.63,
      0.196,
      1.696,
      0.261,
      1.761,
      0.326,
      1.826,
      0.391,
      1.891,
      0.457,
      1.957,
      0.522,
      2.022,
      0.587,
      2.087,
      0.652,
      2.152,
      0.717,
      2.217,
      0.783,
      2.283,
      0.848,
      2.348,
      0.913,
      2.413,
      0.978,
      2.478,
      1.043,
      2.543,
      1.109,
      2.609,
      1.174,
      2.674,
      1.239,
      2.739,
      1.304,
      2.804,
      1.37,
      2.87,
      1.435,
      2.935
    ],
    "TaskName": "rest",
    "dataset": "ds003592",
    "modality": "bold",
    "session_id": "2",
    "subject_id": "209",
    "task_id": "rest"
  },
  "dummy_trs": 1,
  "dvars_nstd": 27.798246883960406,
  "dvars_std": 1.0200467527227723,
  "dvars_vstd": 0.949245520841584,
  "efc": 0.4763741505663041,
  "fber": 8153.55322265625,
  "fd_mean": 0.08311102409968577,
  "fd_num": 4,
  "fd_perc": 1.9704433497536946,
  "fwhm_avg": 2.532454444444445,
  "fwhm_x": 2.5902366666666667,
  "fwhm_y": 2.6791766666666668,
  "fwhm_z": 2.32795,
  "gcor": 0.048886,
  "gsr_x": -0.005585091654211283,
  "gsr_y": 0.031067894771695137,
  "provenance": {
    "md5sum": "11f2ebc79fe6bf786e51aaa74d0a35cc",
    "settings": {
      "fd_thres": 0.2,
      "testing": false
    },
    "software": "mriqc",
    "version": "23.1.0"
  },
  "size_t": 203,
  "size_x": 72,
  "size_y": 72,
  "size_z": 46,
  "snr": 2.8918972940854557,
  "spacing_tr": 3.0,
  "spacing_x": 3.0,
  "spacing_y": 3.0,
  "spacing_z": 3.0,
  "summary_bg_k": 26.70012380053493,
  "summary_bg_mad": 35.443685866774615,
  "summary_bg_mean": 104.57803512842455,
  "summary_bg_median": 26.187191009521484,
  "summary_bg_n": 182790.0,
  "summary_bg_p05": 0.6798029541969299,
  "summary_bg_p95": 554.1034545898438,
  "summary_bg_stdv": 225.5410494144294,
  "summary_fg_k": 1.6344796434743767,
  "summary_fg_mad": 737.9414551654927,
  "summary_fg_mean": 2457.386391067546,
  "summary_fg_median": 2364.6256103515625,
  "summary_fg_n": 55674.0,
  "summary_fg_p05": 1315.142822265625,
  "summary_fg_p95": 3937.5712890625,
  "summary_fg_stdv": 817.6654055929766,
  "tsnr": 40.68378286389634
}