{
  "aor": 0.000660940594059406,
  "aqi": 0.003182802475247525,
  "bids_meta": {
    "EchoTime": 0.03,
    "RepetitionTime": 3.0,
    "SliceEncodingDirection": "k",
    "SliceTiming": [
      0.0,
      1.5,
      0.065,
      1.565,
      0.13,
      1.63,
      0.196,
      1.696,
      0.261,
      1.761,
      0.326,
      1.826,
      0.391,
      1.891,
      0.457,
      1.957,
      0.522,
      2.022,
      0.587,
      2.087,
      0.652,
      2.152,
      0.717,
      2.217,
      0.783,
      2.283,
      0.848,
      2.348,
      0.913,
      2.413,
      0.978,
      2.478,
      1.043,
      2.543,
      1.109,
      2.609,
      1.174,
      2.674,
      1.239,
      2.739,
      1.304,
      2.804,
      1.37,
      2.87,
      1.435,
      2.935
    ],
    "TaskName": "rest",
    "dataset": "ds003592",
    "modality": "bold",
    "session_id": "2",
    "subject_id": "196",
    "task_id": "rest"
  },
  "dummy_trs": 2,
  "dvars_nstd": 14.626982760149247,
  "dvars_std": 1.0309626904477613,
  "dvars_vstd": 0.966310402039801,
  "efc": 0.4388739679111095,
  "fber": 24690.6328125,
  "fd_mean": 0.07074206288583534,
  "fd_num": 3,
  "fd_perc": 1.4851485148514851,
  "fwhm_avg": 3.001556666666667,
  "fwhm_x": 2.860556666666667,
  "fwhm_y": 3.0875466666666664,
  "fwhm_z": 3.056566666666667,
  "gcor": 0.0197444,
  "gsr_x": -0.011607768945395947,
  "gsr_y": 0.021909575909376144,
  "provenance": {
    "md5sum": "42ef93cb0b437b1f48b137ae7a4a6821",
    "settings": {
      "fd_thres": 0.2,
      "testing": false
    },
    "software": "mriqc",
    "version": "23.1.0"
  },
  "size_t": 202,
  "size_x": 72,
  "size_y": 72,
  "size_z": 46,
  "snr": 3.3217514176988145,
  "spacing_tr": 3.0,
  "spacing_x": 3.0,
  "spacing_y": 3.0,
  "spacing_z": 3.0,
  "summary_bg_k": 37.08328498212462,
  "summary_bg_mad": 30.763994973551497,
  "summary_bg_mean": 132.20305675340643,
  "summary_bg_median": 22.952969551086426,
  "summary_bg_n": 191364.0,
  "summary_bg_p05": 1.014851450920105,
  "summary_bg_p95": 685.1930541992188,
  "summary_bg_stdv": 317.94354856261793,
  "summary_fg_k": 0.5086772459743152,
  "summary_fg_mad": 955.0307429851393,
  "summary_fg_mean": 3758.139066637529,
  "summary_fg_median": 3606.658447265625,
  "summary_fg_n": 47100.0,
  "summary_fg_p05": 2146.4776611328125,
  "summary_fg_p95": 5806.561767578125,
  "summary_fg_stdv": 1085.7585972872914,
  "tsnr": 70.37760607106611
}