{
  "aor": 0.0010193103448275862,
  "aqi": 0.003662705960591133,
  "bids_meta": {
    "EchoTime": 0.047,
    "RepetitionTime": 3.0,
    "SliceEncodingDirection": "k",
    "SliceTiming": [
      0.0,
      1.5,
      0.065,
      1.565,
      0.13,
      1.63,
      0.196,
      1.696,
      0.261,
      1.761,
      0.326,
      1.826,
      0.391,
      1.891,
      0.457,
      1.957,
      0.522,
      2.022,
      0.587,
      2.087,
      0.652,
      2.152,
      0.717,
      2.217,
      0.783,
      2.283,
      0.848,
      2.348,
      0.913,
      2.413,
      0.978,
      2.478,
      1.043,
      2.543,
      1.109,
      2.609,
      1.174,
      2.674,
      1.239,
      2.739,
      1.304,
      2.804,
      1.37,
      2.87,
      1.435,
      2.935
    ],
    "TaskName": "rest",
    "dataset": "ds003592",
    "modality": "bold",
    "session_id": "2",
    "subject_id": "21",
    "task_id": "rest"
  },
  "dummy_trs": 1,
  "dvars_nstd": 25.00254354391087,
  "dvars_std": 1.0955545372772275,
  "dvars_vstd": 0.9917133557425739,
  "efc": 0.4243661523533548,
  "fber": 10359.9306640625,
  "fd_mean": 0.09556036654298213,
  "fd_num": 9,
  "fd_perc": 4.433497536945813,
  "fwhm_avg": 2.355617777777778,
  "fwhm_x": 2.3754,
  "fwhm_y": 2.49892,
  "fwhm_z": 2.1925333333333334,
  "gcor": 0.031055,
  "gsr_x": -0.016483187675476074,
  "gsr_y": 0.017806287854909897,
  "provenance": {
    "md5sum": "c544131007b6933aed3e1677f9a3b35c",
    "settings": {
      "fd_thres": 0.2,
      "testing": false
    },
    "software": "mriqc",
    "version": "23.1.0"
  },
  "size_t": 203,
  "size_x": 72,
  "size_y": 72,
  "size_z": 46,
  "snr": 3.1452917981808057,
  "spacing_tr": 3.0,
  "spacing_x": 3.0,
  "spacing_y": 3.0,
  "spacing_z": 3.0,
  "summary_bg_k": 30.169319291731277,
  "summary_bg_mad": 31.258805613188844,
  "summary_bg_mean": 73.3090457066672,
  "summary_bg_median": 21.64039421081543,
  "summary_bg_n": 193579.0,
  "summary_bg_p05": 0.029556650668382645,
  "summary_bg_p95": 355.33990478515625,
  "summary_bg_stdv": 172.27435081892997,
  "summary_fg_k": 0.6330196832054131,
  "summary_fg_mad": 637.3437636561987,
  "summary_fg_mean": 2285.9039599871307,
  "summary_fg_median": 2202.640380859375,
  "summary_fg_n": 44885.0,
  "summary_fg_p05": 1260.921142578125,
  "summary_fg_p95": 3569.758544921875,
  "summary_fg_stdv": 700.2898254178865,
  "tsnr": 57.11988455965184
}