{
  "aor": 0.0009993596059113298,
  "aqi": 0.002357478669950739,
  "bids_meta": {
    "EchoTime": 0.03,
    "RepetitionTime": 3.0,
    "SliceEncodingDirection": "k",
    "SliceTiming": [
      0.0,
      1.5,
      0.065,
      1.565,
      0.13,
      1.63,
      0.196,
      1.696,
      0.261,
      1.761,
      0.326,
      1.826,
      0.391,
      1.891,
      0.457,
      1.957,
      0.522,
      2.022,
      0.587,
      2.087,
      0.652,
      2.152,
      0.717,
      2.217,
      0.783,
      2.283,
      0.848,
      2.348,
      0.913,
      2.413,
      0.978,
      2.478,
      1.043,
      2.543,
      1.109,
      2.609,
      1.174,
      2.674,
      1.239,
      2.739,
      1.304,
      2.804,
      1.37,
      2.87,
      1.435,
      2.935
    ],
    "TaskName": "rest",
    "dataset": "ds003592",
    "modality": "bold",
    "session_id": "2",
    "subject_id": "21",
    "task_id": "rest"
  },
  "dummy_trs": 1,
  "dvars_nstd": 19.304076709752472,
  "dvars_std": 1.1361892805940594,
  "dvars_vstd": 0.9899827225247523,
  "efc": 0.4497522151402795,
  "fber": 20032.53125,
  "fd_mean": 0.10218546752437328,
  "fd_num": 13,
  "fd_perc": 6.403940886699507,
  "fwhm_avg": 2.735524444444444,
  "fwhm_x": 2.6901766666666664,
  "fwhm_y": 2.8328733333333336,
  "fwhm_z": 2.6835233333333335,
  "gcor": 0.0360661,
  "gsr_x": -0.013764496892690659,
  "gsr_y": 0.0261470265686512,
  "provenance": {
    "md5sum": "99cf43a98d9b19d1ff71ceb3dc0f4a23",
    "settings": {
      "fd_thres": 0.2,
      "testing": false
    },
    "software": "mriqc",
    "version": "23.1.0"
  },
  "size_t": 203,
  "size_x": 72,
  "size_y": 72,
  "size_z": 46,
  "snr": 3.191071108898225,
  "spacing_tr": 3.0,
  "spacing_x": 3.0,
  "spacing_y": 3.0,
  "spacing_z": 3.0,
  "summary_bg_k": 23.74108516979042,
  "summary_bg_mad": 32.87287001640521,
  "summary_bg_mean": 123.14545719621911,
  "summary_bg_median": 22.443349838256836,
  "summary_bg_n": 189034.0,
  "summary_bg_p05": 0.03448275849223137,
  "summary_bg_p95": 639.94580078125,
  "summary_bg_stdv": 275.3006983822344,
  "summary_fg_k": 0.43944415779261314,
  "summary_fg_mad": 898.8876808987751,
  "summary_fg_mean": 3336.831257474121,
  "summary_fg_median": 3176.5491943359375,
  "summary_fg_n": 49430.0,
  "summary_fg_p05": 1907.5467529296875,
  "summary_fg_p95": 5216.79296875,
  "summary_fg_stdv": 995.4391343776024,
  "tsnr": 80.25013525527902
}