{
  "aor": 0.0047703465346534656,
  "aqi": 0.006803557128712871,
  "bids_meta": {
    "EchoTime": 0.047,
    "RepetitionTime": 3.0,
    "SliceEncodingDirection": "k",
    "SliceTiming": [
      0.0,
      1.5,
      0.065,
      1.565,
      0.13,
      1.63,
      0.196,
      1.696,
      0.261,
      1.761,
      0.326,
      1.826,
      0.391,
      1.891,
      0.457,
      1.957,
      0.522,
      2.022,
      0.587,
      2.087,
      0.652,
      2.152,
      0.717,
      2.217,
      0.783,
      2.283,
      0.848,
      2.348,
      0.913,
      2.413,
      0.978,
      2.478,
      1.043,
      2.543,
      1.109,
      2.609,
      1.174,
      2.674,
      1.239,
      2.739,
      1.304,
      2.804,
      1.37,
      2.87,
      1.435,
      2.935
    ],
    "TaskName": "rest",
    "dataset": "ds003592",
    "modality": "bold",
    "session_id": "1",
    "subject_id": "198",
    "task_id": "rest"
  },
  "dummy_trs": 2,
  "dvars_nstd": 22.244675859502486,
  "dvars_std": 1.0122590951243775,
  "dvars_vstd": 1.0050125016915423,
  "efc": 0.4510294746538918,
  "fber": 8038.6865234375,
  "fd_mean": 0.05651683971297114,
  "fd_num": 7,
  "fd_perc": 3.4653465346534653,
  "fwhm_avg": 2.356661111111111,
  "fwhm_x": 2.3314266666666668,
  "fwhm_y": 2.43294,
  "fwhm_z": 2.305616666666667,
  "gcor": 0.0183926,
  "gsr_x": -0.012350914999842644,
  "gsr_y": 0.033383965492248535,
  "provenance": {
    "md5sum": "3384f3476ee37463ce5a8b662bffceae",
    "settings": {
      "fd_thres": 0.2,
      "testing": false
    },
    "software": "mriqc",
    "version": "23.1.0"
  },
  "size_t": 202,
  "size_x": 72,
  "size_y": 72,
  "size_z": 46,
  "snr": 3.050789750642088,
  "spacing_tr": 3.0,
  "spacing_x": 3.0,
  "spacing_y": 3.0,
  "spacing_z": 3.0,
  "summary_bg_k": 81.7997288186158,
  "summary_bg_mad": 32.56587226897801,
  "summary_bg_mean": 89.62102299203778,
  "summary_bg_median": 24.73267364501953,
  "summary_bg_n": 189297.0,
  "summary_bg_p05": 0.9603960514068604,
  "summary_bg_p95": 420.3564147949219,
  "summary_bg_stdv": 201.08174740730027,
  "summary_fg_k": 1.0585418298170461,
  "summary_fg_mad": 628.674739453755,
  "summary_fg_mean": 2309.359456476028,
  "summary_fg_median": 2217.5,
  "summary_fg_n": 49167.0,
  "summary_fg_p05": 1246.4901123046875,
  "summary_fg_p95": 3667.885986328125,
  "summary_fg_stdv": 726.8535790524598,
  "tsnr": 42.88992622168735
}