{
  "bids_meta": {
    "EchoTime": 0.0034,
    "FlipAngle": 7,
    "RepetitionTime": 2.53,
    "dataset": "ds003592",
    "modality": "T1w",
    "session_id": "1",
    "subject_id": "77"
  },
  "cjv": 0.5652645899485874,
  "cnr": 1.8264565146153438,
  "efc": 0.5756999092935191,
  "fber": -1.0,
  "fwhm_avg": 4.163273333333334,
  "fwhm_x": 4.18776,
  "fwhm_y": 4.24444,
  "fwhm_z": 4.05762,
  "icvs_csf": 0.26702370702955874,
  "icvs_gm": 0.3835089621657869,
  "icvs_wm": 0.34946733080465436,
  "inu_med": 0.7808708846569061,
  "inu_range": 0.6049852669239042,
  "provenance": {
    "md5sum": "8302d2382cf2cee7d93cf4387735d4a4",
    "settings": {
      "testing": false
    },
    "software": "mriqc",
    "version": "23.1.0",
    "warnings": {
      "large_rot_frame": true,
      "small_air_mask": false
    }
  },
  "qi_1": 0.0,
  "qi_2": 0.0018786949435253928,
  "rpve_csf": 6.598151142738117,
  "rpve_gm": 6.5250048649701196,
  "rpve_wm": 6.618637874240437,
  "size_x": 176,
  "size_y": 256,
  "size_z": 256,
  "snr_csf": 1.8712422004514897,
  "snr_gm": 5.747277561986735,
  "snr_total": 6.723999089496921,
  "snr_wm": 12.55347750605254,
  "snrd_csf": 47.03313812103023,
  "snrd_gm": 80.94165863041883,
  "snrd_total": 79.78023930739813,
  "snrd_wm": 111.36592117074532,
  "spacing_x": 1.0,
  "spacing_y": 1.0,
  "spacing_z": 1.0,
  "summary_bg_k": 11.485717030049493,
  "summary_bg_mad": 0.0,
  "summary_bg_mean": 2.637756885895012,
  "summary_bg_median": 0.0,
  "summary_bg_n": 2688784.0,
  "summary_bg_p05": 0.0,
  "summary_bg_p95": 14.841525506228209,
  "summary_bg_stdv": 5.7239730664950175,
  "summary_csf_k": -0.3489282814417476,
  "summary_csf_mad": 169.95477620832503,
  "summary_csf_mean": 418.00577570644987,
  "summary_csf_median": 410.9318545535207,
  "summary_csf_n": 459487.4527204792,
  "summary_csf_p05": 79.67356019839644,
  "summary_csf_p95": 768.4949498698115,
  "summary_csf_stdv": 219.60353784818724,
  "summary_gm_k": -0.6557923821298237,
  "summary_gm_mad": 92.40587501128135,
  "summary_gm_mean": 712.6984524881143,
  "summary_gm_median": 707.1929966919124,
  "summary_gm_n": 659932.2512645863,
  "summary_gm_p05": 519.2636033892632,
  "summary_gm_p95": 946.0618458241224,
  "summary_gm_stdv": 123.04825254341371,
  "summary_wm_k": 0.3052471095136946,
  "summary_wm_mad": 57.852155609986134,
  "summary_wm_mean": 960.8075273525523,
  "summary_wm_median": 973.0119305029511,
  "summary_wm_n": 601354.2970650183,
  "summary_wm_p05": 807.6674673184752,
  "summary_wm_p95": 1067.6788476705551,
  "summary_wm_stdv": 77.50928943922463,
  "tpm_overlap_csf": 0.19452957081854746,
  "tpm_overlap_gm": 0.522909469848608,
  "tpm_overlap_wm": 0.5379929569013355,
  "wm2max": 0.5974873551966063
}