{
  "bids_meta": {
    "EchoTime": 0.00252,
    "FlipAngle": 9,
    "RepetitionTime": 1.9,
    "dataset": "ds003592",
    "modality": "T1w",
    "session_id": "1",
    "subject_id": "244"
  },
  "cjv": 0.6755924363993507,
  "cnr": 1.4307511684405736,
  "efc": 0.5278946448469692,
  "fber": -1.0,
  "fwhm_avg": 4.3882,
  "fwhm_x": 4.28212,
  "fwhm_y": 4.46962,
  "fwhm_z": 4.41286,
  "icvs_csf": 0.26456152080812945,
  "icvs_gm": 0.37607554238516666,
  "icvs_wm": 0.359362936806704,
  "inu_med": 0.42907485365867615,
  "inu_range": 0.15160450339317322,
  "provenance": {
    "md5sum": "727c1e2d0506293c1c10ff2e2b57fcf5",
    "settings": {
      "testing": false
    },
    "software": "mriqc",
    "version": "23.1.0",
    "warnings": {
      "large_rot_frame": true,
      "small_air_mask": false
    }
  },
  "qi_1": 0.0,
  "qi_2": 0.002485594462792756,
  "rpve_csf": 7.3336680166116315,
  "rpve_gm": 7.216680466101042,
  "rpve_wm": 7.300621911951057,
  "size_x": 192,
  "size_y": 256,
  "size_z": 256,
  "snr_csf": 2.7450366497125045,
  "snr_gm": 7.103686981417115,
  "snr_total": 7.480654143565761,
  "snr_wm": 12.593238799567665,
  "snrd_csf": 59.891408507201646,
  "snrd_gm": 93.68315844725713,
  "snrd_total": 90.11411713706178,
  "snrd_wm": 116.76778445672656,
  "spacing_x": 1.0,
  "spacing_y": 1.0,
  "spacing_z": 1.0,
  "summary_bg_k": 182.2431747465016,
  "summary_bg_mad": 0.0,
  "summary_bg_mean": 1.472237748266011,
  "summary_bg_median": 0.0,
  "summary_bg_n": 4170201.0,
  "summary_bg_p05": 0.0,
  "summary_bg_p95": 6.746220126748085,
  "summary_bg_stdv": 5.318441086417938,
  "summary_csf_k": 0.3150917982978121,
  "summary_csf_mad": 139.02223076655125,
  "summary_csf_mean": 499.0680987410322,
  "summary_csf_median": 486.2024575769901,
  "summary_csf_n": 448098.6951621743,
  "summary_csf_p05": 243.91484327614307,
  "summary_csf_p95": 789.03655000031,
  "summary_csf_stdv": 177.12037291394807,
  "summary_gm_k": -0.32404204003654824,
  "summary_gm_mad": 67.65145430649963,
  "summary_gm_mean": 764.3608599152236,
  "summary_gm_median": 760.5261423289776,
  "summary_gm_n": 636974.565728388,
  "summary_gm_p05": 588.9212866425514,
  "summary_gm_p95": 959.9294930100441,
  "summary_gm_stdv": 107.06067811477442,
  "summary_wm_k": -0.3602240846596847,
  "summary_wm_mad": 58.95628224481729,
  "summary_wm_mean": 932.9022318290613,
  "summary_wm_median": 947.928679317236,
  "summary_wm_n": 608667.740421391,
  "summary_wm_p05": 788.5280409455299,
  "summary_wm_p95": 1034.341318026185,
  "summary_wm_stdv": 75.27276467258378,
  "tpm_overlap_csf": 0.20872773228167424,
  "tpm_overlap_gm": 0.5230359074181246,
  "tpm_overlap_wm": 0.5587755103001925,
  "wm2max": 0.5009315657470441
}