{
  "aor": 0.003920940594059406,
  "aqi": 0.005473838316831683,
  "bids_meta": {
    "EchoTime": 0.03,
    "RepetitionTime": 3.0,
    "SliceEncodingDirection": "k",
    "SliceTiming": [
      0.0,
      1.5,
      0.065,
      1.565,
      0.13,
      1.63,
      0.196,
      1.696,
      0.261,
      1.761,
      0.326,
      1.826,
      0.391,
      1.891,
      0.457,
      1.957,
      0.522,
      2.022,
      0.587,
      2.087,
      0.652,
      2.152,
      0.717,
      2.217,
      0.783,
      2.283,
      0.848,
      2.348,
      0.913,
      2.413,
      0.978,
      2.478,
      1.043,
      2.543,
      1.109,
      2.609,
      1.174,
      2.674,
      1.239,
      2.739,
      1.304,
      2.804,
      1.37,
      2.87,
      1.435,
      2.935
    ],
    "TaskName": "rest",
    "dataset": "ds003592",
    "modality": "bold",
    "session_id": "2",
    "subject_id": "131",
    "task_id": "rest"
  },
  "dummy_trs": 2,
  "dvars_nstd": 17.61851233880596,
  "dvars_std": 1.066928498407961,
  "dvars_vstd": 0.9666781179104476,
  "efc": 0.41838116614702936,
  "fber": 28081.4453125,
  "fd_mean": 0.06834259236072879,
  "fd_num": 7,
  "fd_perc": 3.4653465346534653,
  "fwhm_avg": 3.364491111111111,
  "fwhm_x": 3.303873333333333,
  "fwhm_y": 3.4066666666666667,
  "fwhm_z": 3.3829333333333333,
  "gcor": 0.0173487,
  "gsr_x": -0.0065146819688379765,
  "gsr_y": 0.021403763443231583,
  "provenance": {
    "md5sum": "051b0061b7ab833f6ce1fb702c9ec29c",
    "settings": {
      "fd_thres": 0.2,
      "testing": false
    },
    "software": "mriqc",
    "version": "23.1.0"
  },
  "size_t": 202,
  "size_x": 72,
  "size_y": 72,
  "size_z": 46,
  "snr": 2.7163343458608917,
  "spacing_tr": 3.0,
  "spacing_x": 3.0,
  "spacing_y": 3.0,
  "spacing_z": 3.0,
  "summary_bg_k": 31.18996438269388,
  "summary_bg_mad": 26.12902830322627,
  "summary_bg_mean": 124.50069403763557,
  "summary_bg_median": 19.554454803466797,
  "summary_bg_n": 195159.0,
  "summary_bg_p05": 0.816831648349762,
  "summary_bg_p95": 654.2078857421875,
  "summary_bg_stdv": 302.4149551127483,
  "summary_fg_k": 1.7075063619282496,
  "summary_fg_mad": 877.6270347785692,
  "summary_fg_mean": 3545.5187187787665,
  "summary_fg_median": 3276.841552734375,
  "summary_fg_n": 43305.0,
  "summary_fg_p05": 1995.767333984375,
  "summary_fg_p95": 6061.990234375,
  "summary_fg_stdv": 1206.3329843989804,
  "tsnr": 57.9698994406499
}