{
  "bids_meta": {
    "EchoTime": 0.0034,
    "FlipAngle": 7,
    "RepetitionTime": 2.53,
    "dataset": "ds003592",
    "modality": "T1w",
    "session_id": "1",
    "subject_id": "148"
  },
  "cjv": 0.6348218394585597,
  "cnr": 1.5174342334610371,
  "efc": 0.5942187834785501,
  "fber": -1.0,
  "fwhm_avg": 4.15985,
  "fwhm_x": 4.1035,
  "fwhm_y": 4.2747,
  "fwhm_z": 4.10135,
  "icvs_csf": 0.25758846692941606,
  "icvs_gm": 0.3827414817979887,
  "icvs_wm": 0.3596700512725953,
  "inu_med": 0.8352228403091431,
  "inu_range": 0.7568507909774775,
  "provenance": {
    "md5sum": "55becae42ba1188ffb0770907dda934b",
    "settings": {
      "testing": false
    },
    "software": "mriqc",
    "version": "23.1.0",
    "warnings": {
      "large_rot_frame": true,
      "small_air_mask": false
    }
  },
  "qi_1": 0.0,
  "qi_2": 0.0015494650353694212,
  "rpve_csf": 6.229674490578013,
  "rpve_gm": 6.122750656412889,
  "rpve_wm": 6.225462073909883,
  "size_x": 176,
  "size_y": 256,
  "size_z": 256,
  "snr_csf": 2.119714550137139,
  "snr_gm": 5.266110006452065,
  "snr_total": 5.900877614498383,
  "snr_wm": 10.316808286905944,
  "snrd_csf": 39.803487327547536,
  "snrd_gm": 63.26221572611331,
  "snrd_total": 62.82996431597959,
  "snrd_wm": 85.4241898942779,
  "spacing_x": 1.0,
  "spacing_y": 1.0,
  "spacing_z": 1.0,
  "summary_bg_k": 10.15173440868708,
  "summary_bg_mad": 0.0,
  "summary_bg_mean": 3.526389664038589,
  "summary_bg_median": 0.0,
  "summary_bg_n": 2771665.0,
  "summary_bg_p05": 0.0,
  "summary_bg_p95": 19.019784852862358,
  "summary_bg_stdv": 7.291960735511526,
  "summary_csf_k": -0.22560850681757083,
  "summary_csf_mad": 155.12659558654227,
  "summary_csf_mean": 444.0803124754858,
  "summary_csf_median": 443.0305913835764,
  "summary_csf_n": 468151.583540438,
  "summary_csf_p05": 124.01079580187798,
  "summary_csf_p95": 771.6277254372835,
  "summary_csf_stdv": 209.00461252418995,
  "summary_gm_k": -0.3882717052818241,
  "summary_gm_mad": 90.59606506321913,
  "summary_gm_mean": 712.524189069404,
  "summary_gm_median": 704.1367158293724,
  "summary_gm_n": 695609.6789824095,
  "summary_gm_p05": 503.4622482210398,
  "summary_gm_p95": 960.7464372366667,
  "summary_gm_stdv": 133.7108812457957,
  "summary_wm_k": 0.07554966679539854,
  "summary_wm_mad": 65.99713348976229,
  "summary_wm_mean": 934.7170797428173,
  "summary_wm_median": 950.8093865215778,
  "summary_wm_n": 653678.7382700454,
  "summary_wm_p05": 755.9802428632975,
  "summary_wm_p95": 1062.365145906806,
  "summary_wm_stdv": 92.16112510807386,
  "tpm_overlap_csf": 0.22953185206987745,
  "tpm_overlap_gm": 0.5319057948157275,
  "tpm_overlap_wm": 0.5402252175677962,
  "wm2max": 0.5249491087830793
}