{
  "aor": 0.0004490147783251231,
  "aqi": 0.004248191133004926,
  "bids_meta": {
    "EchoTime": 0.047,
    "RepetitionTime": 3.0,
    "SliceEncodingDirection": "k",
    "SliceTiming": [
      0.0,
      1.5,
      0.065,
      1.565,
      0.13,
      1.63,
      0.196,
      1.696,
      0.261,
      1.761,
      0.326,
      1.826,
      0.391,
      1.891,
      0.457,
      1.957,
      0.522,
      2.022,
      0.587,
      2.087,
      0.652,
      2.152,
      0.717,
      2.217,
      0.783,
      2.283,
      0.848,
      2.348,
      0.913,
      2.413,
      0.978,
      2.478,
      1.043,
      2.543,
      1.109,
      2.609,
      1.174,
      2.674,
      1.239,
      2.739,
      1.304,
      2.804,
      1.37,
      2.87,
      1.435,
      2.935
    ],
    "TaskName": "rest",
    "dataset": "ds003592",
    "modality": "bold",
    "session_id": "2",
    "subject_id": "231",
    "task_id": "rest"
  },
  "dummy_trs": 1,
  "dvars_nstd": 21.156552522376252,
  "dvars_std": 1.0325158361881184,
  "dvars_vstd": 0.9614698933663373,
  "efc": 0.47732907698798177,
  "fber": 8774.4677734375,
  "fd_mean": 0.051027178212789896,
  "fd_num": 1,
  "fd_perc": 0.49261083743842365,
  "fwhm_avg": 2.5749666666666666,
  "fwhm_x": 2.57292,
  "fwhm_y": 2.721643333333333,
  "fwhm_z": 2.430336666666667,
  "gcor": 0.0153814,
  "gsr_x": -0.00580214150249958,
  "gsr_y": 0.025463785976171494,
  "provenance": {
    "md5sum": "1c0b35a36f2c6e210211e73da75d10f4",
    "settings": {
      "fd_thres": 0.2,
      "testing": false
    },
    "software": "mriqc",
    "version": "23.1.0"
  },
  "size_t": 203,
  "size_x": 72,
  "size_y": 72,
  "size_z": 46,
  "snr": 3.037342009019049,
  "spacing_tr": 3.0,
  "spacing_x": 3.0,
  "spacing_y": 3.0,
  "spacing_z": 3.0,
  "summary_bg_k": 27.101974314807734,
  "summary_bg_mad": 36.027962361093536,
  "summary_bg_mean": 106.72992199132395,
  "summary_bg_median": 26.75861930847168,
  "summary_bg_n": 182676.0,
  "summary_bg_p05": 0.6650246381759644,
  "summary_bg_p95": 563.142822265625,
  "summary_bg_stdv": 222.88127910062164,
  "summary_fg_k": 0.7101470707943944,
  "summary_fg_mad": 762.0465909180538,
  "summary_fg_mean": 2610.798693849817,
  "summary_fg_median": 2506.536865234375,
  "summary_fg_n": 55788.0,
  "summary_fg_p05": 1437.5123291015625,
  "summary_fg_p95": 4144.4775390625,
  "summary_fg_stdv": 825.2328492649123,
  "tsnr": 53.97933775722049
}