{
  "aor": 0.0021865024630541873,
  "aqi": 0.004919688472906404,
  "bids_meta": {
    "EchoTime": 0.047,
    "RepetitionTime": 3.0,
    "SliceEncodingDirection": "k",
    "SliceTiming": [
      0.0,
      1.5,
      0.065,
      1.565,
      0.13,
      1.63,
      0.196,
      1.696,
      0.261,
      1.761,
      0.326,
      1.826,
      0.391,
      1.891,
      0.457,
      1.957,
      0.522,
      2.022,
      0.587,
      2.087,
      0.652,
      2.152,
      0.717,
      2.217,
      0.783,
      2.283,
      0.848,
      2.348,
      0.913,
      2.413,
      0.978,
      2.478,
      1.043,
      2.543,
      1.109,
      2.609,
      1.174,
      2.674,
      1.239,
      2.739,
      1.304,
      2.804,
      1.37,
      2.87,
      1.435,
      2.935
    ],
    "TaskName": "rest",
    "dataset": "ds003592",
    "modality": "bold",
    "session_id": "1",
    "subject_id": "86",
    "task_id": "rest"
  },
  "dummy_trs": 1,
  "dvars_nstd": 26.73655135069307,
  "dvars_std": 1.107002178019802,
  "dvars_vstd": 0.9902856400000001,
  "efc": 0.41762521974251987,
  "fber": 8789.80859375,
  "fd_mean": 0.08687557453292548,
  "fd_num": 2,
  "fd_perc": 0.9852216748768473,
  "fwhm_avg": 2.6422266666666663,
  "fwhm_x": 2.6062433333333335,
  "fwhm_y": 2.7141966666666666,
  "fwhm_z": 2.60624,
  "gcor": 0.0256132,
  "gsr_x": -0.00848330371081829,
  "gsr_y": 0.018790336325764656,
  "provenance": {
    "md5sum": "5234c19da89ae6984752aed1dad8d05f",
    "settings": {
      "fd_thres": 0.2,
      "testing": false
    },
    "software": "mriqc",
    "version": "23.1.0"
  },
  "size_t": 203,
  "size_x": 72,
  "size_y": 72,
  "size_z": 46,
  "snr": 2.9320395315562253,
  "spacing_tr": 3.0,
  "spacing_x": 3.0,
  "spacing_y": 3.0,
  "spacing_z": 3.0,
  "summary_bg_k": 28.286148014100135,
  "summary_bg_mad": 34.80098338437941,
  "summary_bg_mean": 96.68023234194696,
  "summary_bg_median": 25.689655303955078,
  "summary_bg_n": 198087.0,
  "summary_bg_p05": 0.6009852290153503,
  "summary_bg_p95": 485.43841552734375,
  "summary_bg_stdv": 207.8248253150208,
  "summary_fg_k": 0.5617426131804595,
  "summary_fg_mad": 732.3396185970975,
  "summary_fg_mean": 2528.4235542016627,
  "summary_fg_median": 2408.50732421875,
  "summary_fg_n": 40377.0,
  "summary_fg_p05": 1343.9949951171875,
  "summary_fg_p95": 4090.876708984375,
  "summary_fg_stdv": 821.434183568823,
  "tsnr": 47.36656156927347
}