{
  "aor": 0.0013476354679802954,
  "aqi": 0.006416837536945812,
  "bids_meta": {
    "EchoTime": 0.047,
    "RepetitionTime": 3.0,
    "SliceEncodingDirection": "k",
    "SliceTiming": [
      0.0,
      1.5,
      0.065,
      1.565,
      0.13,
      1.63,
      0.196,
      1.696,
      0.261,
      1.761,
      0.326,
      1.826,
      0.391,
      1.891,
      0.457,
      1.957,
      0.522,
      2.022,
      0.587,
      2.087,
      0.652,
      2.152,
      0.717,
      2.217,
      0.783,
      2.283,
      0.848,
      2.348,
      0.913,
      2.413,
      0.978,
      2.478,
      1.043,
      2.543,
      1.109,
      2.609,
      1.174,
      2.674,
      1.239,
      2.739,
      1.304,
      2.804,
      1.37,
      2.87,
      1.435,
      2.935
    ],
    "TaskName": "rest",
    "dataset": "ds003592",
    "modality": "bold",
    "session_id": "2",
    "subject_id": "75",
    "task_id": "rest"
  },
  "dummy_trs": 1,
  "dvars_nstd": 23.812648971336632,
  "dvars_std": 1.0794872874257426,
  "dvars_vstd": 0.969213411930693,
  "efc": 0.4586199081943536,
  "fber": 8677.287109375,
  "fd_mean": 0.08798372023144967,
  "fd_num": 6,
  "fd_perc": 2.955665024630542,
  "fwhm_avg": 2.75475,
  "fwhm_x": 2.7273866666666664,
  "fwhm_y": 2.8384466666666666,
  "fwhm_z": 2.6984166666666667,
  "gcor": 0.0221404,
  "gsr_x": -0.008892238140106201,
  "gsr_y": 0.027817213907837868,
  "provenance": {
    "md5sum": "ab902691981288e44833921b76742d7b",
    "settings": {
      "fd_thres": 0.2,
      "testing": false
    },
    "software": "mriqc",
    "version": "23.1.0"
  },
  "size_t": 203,
  "size_x": 72,
  "size_y": 72,
  "size_z": 46,
  "snr": 2.789180693684412,
  "spacing_tr": 3.0,
  "spacing_x": 3.0,
  "spacing_y": 3.0,
  "spacing_z": 3.0,
  "summary_bg_k": 47.49993564714073,
  "summary_bg_mad": 36.7765674258157,
  "summary_bg_mean": 103.85436104811353,
  "summary_bg_median": 26.697043418884277,
  "summary_bg_n": 186612.0,
  "summary_bg_p05": 0.5812807679176331,
  "summary_bg_p95": 528.8472900390625,
  "summary_bg_stdv": 223.94139220854458,
  "summary_fg_k": 0.33365725452217276,
  "summary_fg_mad": 819.7877215578122,
  "summary_fg_mean": 2629.369956616054,
  "summary_fg_median": 2486.8817138671875,
  "summary_fg_n": 51852.0,
  "summary_fg_p05": 1386.2611083984375,
  "summary_fg_p95": 4326.216796875,
  "summary_fg_stdv": 891.6086859506869,
  "tsnr": 44.45753181690816
}