{
  "aor": 0.01027375,
  "aqi": 0.0093247721,
  "bids_meta": {
    "EchoTime": 0.02996,
    "RepetitionTime": 3,
    "SliceEncodingDirection": "k",
    "SliceTiming": [
      0,
      1.54,
      0.07,
      1.61,
      0.14,
      1.68,
      0.21,
      1.75,
      0.28,
      1.82,
      0.35,
      1.89,
      0.42,
      1.96,
      0.49,
      2.03,
      0.56,
      2.1,
      0.63,
      2.17,
      0.7,
      2.24,
      0.77,
      2.31,
      0.84,
      2.38,
      0.91,
      2.45,
      0.98,
      2.52,
      1.05,
      2.59,
      1.12,
      2.66,
      1.19,
      2.73,
      1.26,
      2.8,
      1.33,
      2.87,
      1.4,
      2.94,
      1.47
    ],
    "TaskName": "rest",
    "dataset": "ds003592",
    "modality": "bold",
    "session_id": "2",
    "subject_id": "249",
    "task_id": "rest"
  },
  "dummy_trs": 0,
  "dvars_nstd": 30.156027981055257,
  "dvars_std": 1.016741264924624,
  "dvars_vstd": 0.9769477741708541,
  "efc": 0.43833080450594974,
  "fber": 2313.21630859375,
  "fd_mean": 0.20893865572486525,
  "fd_num": 21,
  "fd_perc": 10.5,
  "fwhm_avg": 2.6992442115774917,
  "fwhm_x": 2.3756977777777775,
  "fwhm_y": 2.8197837037037035,
  "fwhm_z": 2.9022511532509934,
  "gcor": 0.0785897,
  "gsr_x": -0.009705501608550549,
  "gsr_y": 0.05404527485370636,
  "provenance": {
    "md5sum": "0c0c8025c9001aefa697ca6189930dce",
    "settings": {
      "fd_thres": 0.2,
      "testing": false
    },
    "software": "mriqc",
    "version": "23.1.0"
  },
  "size_t": 200,
  "size_x": 64,
  "size_y": 64,
  "size_z": 43,
  "snr": 2.504750498465956,
  "spacing_tr": 3.0,
  "spacing_x": 3.375,
  "spacing_y": 3.375,
  "spacing_z": 2.9999988079071045,
  "summary_bg_k": 106.95155230828297,
  "summary_bg_mad": 5.537519484067175,
  "summary_bg_mean": 28.42095588840271,
  "summary_bg_median": 11.364999771118164,
  "summary_bg_n": 144507.0,
  "summary_bg_p05": 6.96999979019165,
  "summary_bg_p95": 107.33999633789062,
  "summary_bg_stdv": 62.93708535870941,
  "summary_fg_k": 2.2948311010848617,
  "summary_fg_mad": 174.88037002126853,
  "summary_fg_mean": 595.0540149707178,
  "summary_fg_median": 546.6099853515625,
  "summary_fg_n": 31621.0,
  "summary_fg_p05": 327.0,
  "summary_fg_p95": 1019.1549682617188,
  "summary_fg_stdv": 218.22586420072045,
  "tsnr": 40.347029928001575
}