{
  "aor": 0.0029853000000000006,
  "aqi": 0.00570850125,
  "bids_meta": {
    "EchoTime": 0.04592,
    "RepetitionTime": 3,
    "SliceEncodingDirection": "k",
    "SliceTiming": [
      0,
      1.54,
      0.07,
      1.61,
      0.14,
      1.68,
      0.21,
      1.75,
      0.28,
      1.82,
      0.35,
      1.89,
      0.42,
      1.96,
      0.49,
      2.03,
      0.56,
      2.1,
      0.63,
      2.17,
      0.7,
      2.24,
      0.77,
      2.31,
      0.84,
      2.38,
      0.91,
      2.45,
      0.98,
      2.52,
      1.05,
      2.5925,
      1.12,
      2.6625,
      1.19,
      2.7325,
      1.26,
      2.8025,
      1.33,
      2.8725,
      1.4,
      2.9425,
      1.47
    ],
    "TaskName": "rest",
    "dataset": "ds003592",
    "modality": "bold",
    "session_id": "1",
    "subject_id": "296",
    "task_id": "rest"
  },
  "dummy_trs": 0,
  "dvars_nstd": 30.866774276231155,
  "dvars_std": 1.062758624170854,
  "dvars_vstd": 0.9693846084422116,
  "efc": 0.4691393895723939,
  "fber": 1012.85986328125,
  "fd_mean": 0.10357726878896313,
  "fd_num": 26,
  "fd_perc": 13.0,
  "fwhm_avg": 2.0526020926762993,
  "fwhm_x": 1.8919881481481482,
  "fwhm_y": 2.050577777777778,
  "fwhm_z": 2.2152403521029713,
  "gcor": 0.0211203,
  "gsr_x": -0.0071449242532253265,
  "gsr_y": 0.035305336117744446,
  "provenance": {
    "md5sum": "6a5bbb99b01dcbe0b2571a3038c3daaa",
    "settings": {
      "fd_thres": 0.2,
      "testing": false
    },
    "software": "mriqc",
    "version": "23.1.0"
  },
  "size_t": 200,
  "size_x": 64,
  "size_y": 64,
  "size_z": 43,
  "snr": 2.425963084049771,
  "spacing_tr": 3.0,
  "spacing_x": 3.375,
  "spacing_y": 3.375,
  "spacing_z": 2.999999523162842,
  "summary_bg_k": 57.451646806236916,
  "summary_bg_mad": 7.383358369476462,
  "summary_bg_mean": 26.30249854975313,
  "summary_bg_median": 13.864999771118164,
  "summary_bg_n": 141607.0,
  "summary_bg_p05": 7.46999979019165,
  "summary_bg_p95": 92.17499542236328,
  "summary_bg_stdv": 40.058504082658935,
  "summary_fg_k": 2.797809785171986,
  "summary_fg_mad": 153.69392640467433,
  "summary_fg_mean": 475.8315260091057,
  "summary_fg_median": 441.2599792480469,
  "summary_fg_n": 34521.0,
  "summary_fg_p05": 246.83999633789062,
  "summary_fg_p95": 815.6749877929688,
  "summary_fg_stdv": 181.8880060133802,
  "tsnr": 44.08611499518156
}