{
  "aor": 0.0005755223880597014,
  "aqi": 0.004646113582089552,
  "bids_meta": {
    "EchoTime": 0.047,
    "RepetitionTime": 3.0,
    "SliceEncodingDirection": "k",
    "SliceTiming": [
      0.0,
      1.5,
      0.065,
      1.565,
      0.13,
      1.63,
      0.196,
      1.696,
      0.261,
      1.761,
      0.326,
      1.826,
      0.391,
      1.891,
      0.457,
      1.957,
      0.522,
      2.022,
      0.587,
      2.087,
      0.652,
      2.152,
      0.717,
      2.217,
      0.783,
      2.283,
      0.848,
      2.348,
      0.913,
      2.413,
      0.978,
      2.478,
      1.043,
      2.543,
      1.109,
      2.609,
      1.174,
      2.674,
      1.239,
      2.739,
      1.304,
      2.804,
      1.37,
      2.87,
      1.435,
      2.935
    ],
    "TaskName": "rest",
    "dataset": "ds003592",
    "modality": "bold",
    "session_id": "2",
    "subject_id": "02",
    "task_id": "rest"
  },
  "dummy_trs": 3,
  "dvars_nstd": 27.130551996049988,
  "dvars_std": 1.0814497268999999,
  "dvars_vstd": 0.9586971640499999,
  "efc": 0.36751637435171053,
  "fber": 14202.33203125,
  "fd_mean": 0.09627981095857596,
  "fd_num": 5,
  "fd_perc": 2.487562189054726,
  "fwhm_avg": 2.505094444444444,
  "fwhm_x": 2.526263333333333,
  "fwhm_y": 2.5842933333333336,
  "fwhm_z": 2.4047266666666665,
  "gcor": 0.0137401,
  "gsr_x": -0.016811775043606758,
  "gsr_y": 0.025491468608379364,
  "provenance": {
    "md5sum": "2ab01607736f81724f0f573bb06d6a9e",
    "settings": {
      "fd_thres": 0.2,
      "testing": false
    },
    "software": "mriqc",
    "version": "23.1.0"
  },
  "size_t": 201,
  "size_x": 72,
  "size_y": 72,
  "size_z": 46,
  "snr": 2.210422652518124,
  "spacing_tr": 3.0,
  "spacing_x": 3.0,
  "spacing_y": 3.0,
  "spacing_z": 3.0,
  "summary_bg_k": 111.71546906265831,
  "summary_bg_mad": 23.220058809042516,
  "summary_bg_mean": 71.54213263733607,
  "summary_bg_median": 18.46268653869629,
  "summary_bg_n": 203899.0,
  "summary_bg_p05": 0.8009949922561646,
  "summary_bg_p95": 316.3482360839844,
  "summary_bg_stdv": 183.50055317851414,
  "summary_fg_k": 5.461596510607945,
  "summary_fg_mad": 691.5418152393551,
  "summary_fg_mean": 2428.0418313751925,
  "summary_fg_median": 2200.263671875,
  "summary_fg_n": 34565.0,
  "summary_fg_p05": 1255.55712890625,
  "summary_fg_p95": 4265.36328125,
  "summary_fg_stdv": 995.3896560119898,
  "tsnr": 51.165511537808925
}