{
  "aor": 0.0009254999999999999,
  "aqi": 0.0027023271500000003,
  "bids_meta": {
    "EchoTime": 0.02996,
    "RepetitionTime": 3,
    "SliceEncodingDirection": "k",
    "SliceTiming": [
      0,
      1.54,
      0.07,
      1.61,
      0.14,
      1.68,
      0.21,
      1.75,
      0.28,
      1.82,
      0.35,
      1.89,
      0.42,
      1.96,
      0.49,
      2.03,
      0.56,
      2.1,
      0.63,
      2.17,
      0.7,
      2.24,
      0.77,
      2.31,
      0.84,
      2.38,
      0.91,
      2.45,
      0.98,
      2.52,
      1.05,
      2.59,
      1.12,
      2.66,
      1.19,
      2.73,
      1.26,
      2.8,
      1.33,
      2.87,
      1.4,
      2.94,
      1.47
    ],
    "TaskName": "rest",
    "dataset": "ds003592",
    "modality": "bold",
    "session_id": "1",
    "subject_id": "283",
    "task_id": "rest"
  },
  "dummy_trs": 0,
  "dvars_nstd": 21.79983614386934,
  "dvars_std": 1.0913233656783923,
  "dvars_vstd": 0.9673403162311559,
  "efc": 0.5039698088479404,
  "fber": 1144.715087890625,
  "fd_mean": 0.04449482006038233,
  "fd_num": 0,
  "fd_perc": 0.0,
  "fwhm_avg": 2.873806705856751,
  "fwhm_x": 2.6760148148148146,
  "fwhm_y": 2.8533274074074075,
  "fwhm_z": 3.0920778953480306,
  "gcor": 0.0675519,
  "gsr_x": -0.0005808058776892722,
  "gsr_y": 0.04990776628255844,
  "provenance": {
    "md5sum": "00826abed68f0b93f9121eb561623788",
    "settings": {
      "fd_thres": 0.2,
      "testing": false
    },
    "software": "mriqc",
    "version": "23.1.0"
  },
  "size_t": 200,
  "size_x": 64,
  "size_y": 64,
  "size_z": 43,
  "snr": 2.1767566622096743,
  "spacing_tr": 3.0,
  "spacing_x": 3.375,
  "spacing_y": 3.375,
  "spacing_z": 2.9999988079071045,
  "summary_bg_k": 40.06148377325976,
  "summary_bg_mad": 13.18033281760622,
  "summary_bg_mean": 48.32333011859036,
  "summary_bg_median": 19.1299991607666,
  "summary_bg_n": 134516.0,
  "summary_bg_p05": 8.78499984741211,
  "summary_bg_p95": 200.31500244140625,
  "summary_bg_stdv": 84.56027488088668,
  "summary_fg_k": 3.3448094840760954,
  "summary_fg_mad": 221.0893457094673,
  "summary_fg_mean": 717.1290134919741,
  "summary_fg_median": 647.2374877929688,
  "summary_fg_n": 41612.0,
  "summary_fg_p05": 366.9849853515625,
  "summary_fg_p95": 1317.405029296875,
  "summary_fg_stdv": 297.33673126139865,
  "tsnr": 62.53268112882506
}