{
  "aor": 0.0009426499999999998,
  "aqi": 0.002222178435,
  "bids_meta": {
    "EchoTime": 0.014,
    "RepetitionTime": 3,
    "SliceEncodingDirection": "k",
    "SliceTiming": [
      0,
      1.5425,
      0.07,
      1.6125,
      0.14,
      1.6825,
      0.21,
      1.7525,
      0.28,
      1.8225,
      0.35,
      1.8925,
      0.42,
      1.9625,
      0.49,
      2.0325,
      0.56,
      2.1025,
      0.63,
      2.1725,
      0.7,
      2.2425,
      0.77,
      2.3125,
      0.84,
      2.3825,
      0.91,
      2.4525,
      0.98,
      2.5225,
      1.05,
      2.5925,
      1.12,
      2.6625,
      1.19,
      2.7325,
      1.26,
      2.8025,
      1.33,
      2.8725,
      1.4,
      2.9425,
      1.47
    ],
    "TaskName": "rest",
    "dataset": "ds003592",
    "modality": "bold",
    "session_id": "1",
    "subject_id": "283",
    "task_id": "rest"
  },
  "dummy_trs": 0,
  "dvars_nstd": 19.19261982703517,
  "dvars_std": 1.1914490333668342,
  "dvars_vstd": 0.9649312014070355,
  "efc": 0.5513396356295792,
  "fber": 1132.8951416015625,
  "fd_mean": 0.041359579193144674,
  "fd_num": 0,
  "fd_perc": 0.0,
  "fwhm_avg": 3.132999476387891,
  "fwhm_x": 2.7363377777777775,
  "fwhm_y": 3.159259259259259,
  "fwhm_z": 3.5034013921266363,
  "gcor": 0.101375,
  "gsr_x": -0.013072102330625057,
  "gsr_y": 0.08600573241710663,
  "provenance": {
    "md5sum": "47d87e0f2682d2bb0dcc249be50b7196",
    "settings": {
      "fd_thres": 0.2,
      "testing": false
    },
    "software": "mriqc",
    "version": "23.1.0"
  },
  "size_t": 200,
  "size_x": 64,
  "size_y": 64,
  "size_z": 43,
  "snr": 2.3510006138551733,
  "spacing_tr": 3.0,
  "spacing_x": 3.375,
  "spacing_y": 3.375,
  "spacing_z": 2.9999988079071045,
  "summary_bg_k": 17.01886120597051,
  "summary_bg_mad": 22.832070771579094,
  "summary_bg_mean": 91.69185072513102,
  "summary_bg_median": 25.94499969482422,
  "summary_bg_n": 129616.0,
  "summary_bg_p05": 8.934999465942383,
  "summary_bg_p95": 424.6349792480469,
  "summary_bg_stdv": 164.75441835278124,
  "summary_fg_k": 2.6195525071102974,
  "summary_fg_mad": 293.16608332900887,
  "summary_fg_mean": 950.6374364596361,
  "summary_fg_median": 873.2699584960938,
  "summary_fg_n": 46512.0,
  "summary_fg_p05": 496.875,
  "summary_fg_p95": 1692.1300048828125,
  "summary_fg_stdv": 371.44208543472416,
  "tsnr": 78.04406035155989
}