{
  "aor": 0.000719704433497537,
  "aqi": 0.004777420443349754,
  "bids_meta": {
    "EchoTime": 0.03,
    "RepetitionTime": 3.0,
    "SliceEncodingDirection": "k",
    "SliceTiming": [
      0.0,
      1.5,
      0.065,
      1.565,
      0.13,
      1.63,
      0.196,
      1.696,
      0.261,
      1.761,
      0.326,
      1.826,
      0.391,
      1.891,
      0.457,
      1.957,
      0.522,
      2.022,
      0.587,
      2.087,
      0.652,
      2.152,
      0.717,
      2.217,
      0.783,
      2.283,
      0.848,
      2.348,
      0.913,
      2.413,
      0.978,
      2.478,
      1.043,
      2.543,
      1.109,
      2.609,
      1.174,
      2.674,
      1.239,
      2.739,
      1.304,
      2.804,
      1.37,
      2.87,
      1.435,
      2.935
    ],
    "TaskName": "rest",
    "dataset": "ds003592",
    "modality": "bold",
    "session_id": "1",
    "subject_id": "51",
    "task_id": "rest"
  },
  "dummy_trs": 1,
  "dvars_nstd": 26.15501258410891,
  "dvars_std": 1.1615960969801975,
  "dvars_vstd": 0.9446266099999991,
  "efc": 0.43026271196925847,
  "fber": 16189.78515625,
  "fd_mean": 0.2032384315669028,
  "fd_num": 98,
  "fd_perc": 48.275862068965516,
  "fwhm_avg": 3.0495511111111107,
  "fwhm_x": 2.983836666666667,
  "fwhm_y": 3.0709199999999996,
  "fwhm_z": 3.0938966666666663,
  "gcor": 0.0218172,
  "gsr_x": -0.010450291447341442,
  "gsr_y": 0.03355913609266281,
  "provenance": {
    "md5sum": "d1a9730be06fa6a8ac2e57a05a0214cd",
    "settings": {
      "fd_thres": 0.2,
      "testing": false
    },
    "software": "mriqc",
    "version": "23.1.0"
  },
  "size_t": 203,
  "size_x": 72,
  "size_y": 72,
  "size_z": 46,
  "snr": 3.0336890110956714,
  "spacing_tr": 3.0,
  "spacing_x": 3.0,
  "spacing_y": 3.0,
  "spacing_z": 3.0,
  "summary_bg_k": 68.6809289788353,
  "summary_bg_mad": 36.91168172081611,
  "summary_bg_mean": 122.67824777705289,
  "summary_bg_median": 25.157634735107422,
  "summary_bg_n": 193639.0,
  "summary_bg_p05": 0.03448275849223137,
  "summary_bg_p95": 576.0492553710938,
  "summary_bg_stdv": 289.2489731039878,
  "summary_fg_k": 1.2697785252363794,
  "summary_fg_mad": 868.5272740917452,
  "summary_fg_mean": 3380.706359165785,
  "summary_fg_median": 3201.034423828125,
  "summary_fg_n": 44825.0,
  "summary_fg_p05": 1918.5220947265625,
  "summary_fg_p95": 5453.64501953125,
  "summary_fg_stdv": 1055.150579382371,
  "tsnr": 56.514669626485556
}