{
  "aor": 0.0013764039408866995,
  "aqi": 0.004511408620689655,
  "bids_meta": {
    "EchoTime": 0.047,
    "RepetitionTime": 3.0,
    "SliceEncodingDirection": "k",
    "SliceTiming": [
      0.0,
      1.5,
      0.065,
      1.565,
      0.13,
      1.63,
      0.196,
      1.696,
      0.261,
      1.761,
      0.326,
      1.826,
      0.391,
      1.891,
      0.457,
      1.957,
      0.522,
      2.022,
      0.587,
      2.087,
      0.652,
      2.152,
      0.717,
      2.217,
      0.783,
      2.283,
      0.848,
      2.348,
      0.913,
      2.413,
      0.978,
      2.478,
      1.043,
      2.543,
      1.109,
      2.609,
      1.174,
      2.674,
      1.239,
      2.739,
      1.304,
      2.804,
      1.37,
      2.87,
      1.435,
      2.935
    ],
    "TaskName": "rest",
    "dataset": "ds003592",
    "modality": "bold",
    "session_id": "2",
    "subject_id": "01",
    "task_id": "rest"
  },
  "dummy_trs": 1,
  "dvars_nstd": 23.090321861980197,
  "dvars_std": 1.058431696930694,
  "dvars_vstd": 0.9725248618316835,
  "efc": 0.4068695987942224,
  "fber": 9441.03515625,
  "fd_mean": 0.037219901200458226,
  "fd_num": 0,
  "fd_perc": 0.0,
  "fwhm_avg": 2.6418179158122563,
  "fwhm_x": 2.7148266666666667,
  "fwhm_y": 2.746586884945781,
  "fwhm_z": 2.464040195824321,
  "gcor": 0.0157404,
  "gsr_x": -0.007209738250821829,
  "gsr_y": 0.02013590559363365,
  "provenance": {
    "md5sum": "9c21f1e4b2e9df774349e4090f4edcb5",
    "settings": {
      "fd_thres": 0.2,
      "testing": false
    },
    "software": "mriqc",
    "version": "23.1.0"
  },
  "size_t": 203,
  "size_x": 72,
  "size_y": 72,
  "size_z": 46,
  "snr": 2.807370744032059,
  "spacing_tr": 3.0,
  "spacing_x": 3.0,
  "spacing_y": 2.999999761581421,
  "spacing_z": 2.999999761581421,
  "summary_bg_k": 34.31566358845914,
  "summary_bg_mad": 29.213836734262916,
  "summary_bg_mean": 78.93411317915678,
  "summary_bg_median": 22.556650161743164,
  "summary_bg_n": 198646.0,
  "summary_bg_p05": 0.6009852290153503,
  "summary_bg_p95": 376.0689697265625,
  "summary_bg_stdv": 173.74771030784908,
  "summary_fg_k": 1.2086817535066583,
  "summary_fg_mad": 674.1603312225975,
  "summary_fg_mean": 2317.301943072969,
  "summary_fg_median": 2191.7166748046875,
  "summary_fg_n": 39818.0,
  "summary_fg_p05": 1260.256103515625,
  "summary_fg_p95": 3816.699462890625,
  "summary_fg_stdv": 780.6910282900532,
  "tsnr": 49.715920318849385
}