{
  "aor": 0.0015911442786069655,
  "aqi": 0.0036655216417910445,
  "bids_meta": {
    "EchoTime": 0.0137,
    "RepetitionTime": 3.0,
    "SliceEncodingDirection": "k",
    "SliceTiming": [
      0.0,
      1.5,
      0.065,
      1.565,
      0.13,
      1.63,
      0.196,
      1.696,
      0.261,
      1.761,
      0.326,
      1.826,
      0.391,
      1.891,
      0.457,
      1.957,
      0.522,
      2.022,
      0.587,
      2.087,
      0.652,
      2.152,
      0.717,
      2.217,
      0.783,
      2.283,
      0.848,
      2.348,
      0.913,
      2.413,
      0.978,
      2.478,
      1.043,
      2.543,
      1.109,
      2.609,
      1.174,
      2.674,
      1.239,
      2.739,
      1.304,
      2.804,
      1.37,
      2.87,
      1.435,
      2.935
    ],
    "TaskName": "rest",
    "dataset": "ds003592",
    "modality": "bold",
    "session_id": "1",
    "subject_id": "112",
    "task_id": "rest"
  },
  "dummy_trs": 3,
  "dvars_nstd": 16.6754855301,
  "dvars_std": 1.1139671804500002,
  "dvars_vstd": 0.9316333209500002,
  "efc": 0.5409856028252954,
  "fber": 5205.98779296875,
  "fd_mean": 0.09342219334150237,
  "fd_num": 1,
  "fd_perc": 0.4975124378109453,
  "fwhm_avg": 3.48284,
  "fwhm_x": 3.1033866666666667,
  "fwhm_y": 3.4852666666666665,
  "fwhm_z": 3.8598666666666666,
  "gcor": 0.00450932,
  "gsr_x": -0.011165806092321873,
  "gsr_y": 0.10082705318927765,
  "provenance": {
    "md5sum": "c6dcde1ea51bc2dd77e3141e11ff7562",
    "settings": {
      "fd_thres": 0.2,
      "testing": false
    },
    "software": "mriqc",
    "version": "23.1.0"
  },
  "size_t": 201,
  "size_x": 72,
  "size_y": 72,
  "size_z": 46,
  "snr": 2.738061959302333,
  "spacing_tr": 3.0,
  "spacing_x": 3.0,
  "spacing_y": 3.0,
  "spacing_z": 3.0,
  "summary_bg_k": 11.394203092043673,
  "summary_bg_mad": 92.04304121206376,
  "summary_bg_mean": 532.4058102045462,
  "summary_bg_median": 63.261192321777344,
  "summary_bg_n": 181782.0,
  "summary_bg_p05": 0.4477611780166626,
  "summary_bg_p95": 2812.283447265625,
  "summary_bg_stdv": 1072.4094286035802,
  "summary_fg_k": 1.2623099207730437,
  "summary_fg_mad": 1469.3177985785087,
  "summary_fg_mean": 4810.518134749974,
  "summary_fg_median": 4564.455322265625,
  "summary_fg_n": 56682.0,
  "summary_fg_p05": 2544.1591796875,
  "summary_fg_p95": 8009.63671875,
  "summary_fg_stdv": 1667.0240214506198,
  "tsnr": 71.01605452597141
}