{
  "aor": 0.002025911330049261,
  "aqi": 0.007815094778325121,
  "bids_meta": {
    "EchoTime": 0.047,
    "RepetitionTime": 3.0,
    "SliceEncodingDirection": "k",
    "SliceTiming": [
      0.0,
      1.5,
      0.065,
      1.565,
      0.13,
      1.63,
      0.196,
      1.696,
      0.261,
      1.761,
      0.326,
      1.826,
      0.391,
      1.891,
      0.457,
      1.957,
      0.522,
      2.022,
      0.587,
      2.087,
      0.652,
      2.152,
      0.717,
      2.217,
      0.783,
      2.283,
      0.848,
      2.348,
      0.913,
      2.413,
      0.978,
      2.478,
      1.043,
      2.543,
      1.109,
      2.609,
      1.174,
      2.674,
      1.239,
      2.739,
      1.304,
      2.804,
      1.37,
      2.87,
      1.435,
      2.935
    ],
    "TaskName": "rest",
    "dataset": "ds003592",
    "modality": "bold",
    "session_id": "1",
    "subject_id": "112",
    "task_id": "rest"
  },
  "dummy_trs": 1,
  "dvars_nstd": 27.462840911089117,
  "dvars_std": 1.0573357695049503,
  "dvars_vstd": 0.9425064402970298,
  "efc": 0.43936899530771706,
  "fber": 6786.84814453125,
  "fd_mean": 0.10657846714336233,
  "fd_num": 10,
  "fd_perc": 4.926108374384237,
  "fwhm_avg": 2.4897666666666667,
  "fwhm_x": 2.4669933333333334,
  "fwhm_y": 2.65766,
  "fwhm_z": 2.3446466666666668,
  "gcor": 0.00632761,
  "gsr_x": -0.007861890830099583,
  "gsr_y": 0.022645093500614166,
  "provenance": {
    "md5sum": "fdfc6ecdbaf6d9561cc69df12f49a2be",
    "settings": {
      "fd_thres": 0.2,
      "testing": false
    },
    "software": "mriqc",
    "version": "23.1.0"
  },
  "size_t": 203,
  "size_x": 72,
  "size_y": 72,
  "size_z": 46,
  "snr": 2.6850406958510193,
  "spacing_tr": 3.0,
  "spacing_x": 3.0,
  "spacing_y": 3.0,
  "spacing_z": 3.0,
  "summary_bg_k": 23.334651723639873,
  "summary_bg_mad": 38.292036913713574,
  "summary_bg_mean": 97.99012601543564,
  "summary_bg_median": 28.738916397094727,
  "summary_bg_n": 191938.0,
  "summary_bg_p05": 0.7635467648506165,
  "summary_bg_p95": 480.92608642578125,
  "summary_bg_stdv": 195.7608848373659,
  "summary_fg_k": 2.01111912029881,
  "summary_fg_mad": 760.9621484750257,
  "summary_fg_mean": 2492.611007079189,
  "summary_fg_median": 2367.578857421875,
  "summary_fg_n": 46526.0,
  "summary_fg_p05": 1277.256103515625,
  "summary_fg_p95": 4104.6943359375,
  "summary_fg_stdv": 881.7569943475745,
  "tsnr": 39.73496706224978
}