{
  "aor": 0.003512413793103448,
  "aqi": 0.00892911133004926,
  "bids_meta": {
    "EchoTime": 0.047,
    "RepetitionTime": 3.0,
    "SliceEncodingDirection": "k",
    "SliceTiming": [
      0.0,
      1.5,
      0.065,
      1.565,
      0.13,
      1.63,
      0.196,
      1.696,
      0.261,
      1.761,
      0.326,
      1.826,
      0.391,
      1.891,
      0.457,
      1.957,
      0.522,
      2.022,
      0.587,
      2.087,
      0.652,
      2.152,
      0.717,
      2.217,
      0.783,
      2.283,
      0.848,
      2.348,
      0.913,
      2.413,
      0.978,
      2.478,
      1.043,
      2.543,
      1.109,
      2.609,
      1.174,
      2.674,
      1.239,
      2.739,
      1.304,
      2.804,
      1.37,
      2.87,
      1.435,
      2.935
    ],
    "TaskName": "rest",
    "dataset": "ds003592",
    "modality": "bold",
    "session_id": "1",
    "subject_id": "124",
    "task_id": "rest"
  },
  "dummy_trs": 1,
  "dvars_nstd": 35.32324934490098,
  "dvars_std": 1.1164925623267326,
  "dvars_vstd": 0.9723534427227722,
  "efc": 0.46937488310363434,
  "fber": 5898.669921875,
  "fd_mean": 0.17803792872449503,
  "fd_num": 55,
  "fd_perc": 27.0935960591133,
  "fwhm_avg": 2.478536666666667,
  "fwhm_x": 2.4842866666666668,
  "fwhm_y": 2.5873666666666666,
  "fwhm_z": 2.3639566666666667,
  "gcor": 0.0312288,
  "gsr_x": -0.010565337724983692,
  "gsr_y": 0.025825081393122673,
  "provenance": {
    "md5sum": "bdf10f87895e5704f61e9bf4456dac3d",
    "settings": {
      "fd_thres": 0.2,
      "testing": false
    },
    "software": "mriqc",
    "version": "23.1.0"
  },
  "size_t": 203,
  "size_x": 72,
  "size_y": 72,
  "size_z": 46,
  "snr": 2.6932381696642067,
  "spacing_tr": 3.0,
  "spacing_x": 3.0,
  "spacing_y": 3.0,
  "spacing_z": 3.0,
  "summary_bg_k": 30.651011337431633,
  "summary_bg_mad": 42.783664474207264,
  "summary_bg_mean": 103.32896588301338,
  "summary_bg_median": 31.674877166748047,
  "summary_bg_n": 183775.0,
  "summary_bg_p05": 1.0197044610977173,
  "summary_bg_p95": 466.2807922363281,
  "summary_bg_stdv": 206.04413467136095,
  "summary_fg_k": 1.3487215933592527,
  "summary_fg_mad": 820.0690576355304,
  "summary_fg_mean": 2547.124324277672,
  "summary_fg_median": 2432.71923828125,
  "summary_fg_n": 54689.0,
  "summary_fg_p05": 1327.034423828125,
  "summary_fg_p95": 4227.39404296875,
  "summary_fg_stdv": 903.2609979266971,
  "tsnr": 33.13450882176403
}