{
  "bids_meta": {
    "EchoTime": 0.0034,
    "FlipAngle": 7,
    "RepetitionTime": 2.53,
    "dataset": "ds003592",
    "modality": "T1w",
    "session_id": "1",
    "subject_id": "12"
  },
  "cjv": 0.8904711355841624,
  "cnr": 1.000529608245446,
  "efc": 0.5692894812344034,
  "fber": 10976.266095296398,
  "fwhm_avg": 4.634176666666666,
  "fwhm_x": 4.65898,
  "fwhm_y": 4.80274,
  "fwhm_z": 4.44081,
  "icvs_csf": 0.2656423970986944,
  "icvs_gm": 0.3619324405712917,
  "icvs_wm": 0.3724251623300139,
  "inu_med": 0.8962481617927551,
  "inu_range": 0.9488692432641982,
  "provenance": {
    "md5sum": "8d218a2deb782b9a2440aeb5a0b7057f",
    "settings": {
      "testing": false
    },
    "software": "mriqc",
    "version": "23.1.0",
    "warnings": {
      "large_rot_frame": true,
      "small_air_mask": false
    }
  },
  "qi_1": 0.0,
  "qi_2": 0.0014349465456813678,
  "rpve_csf": 7.541598872683181,
  "rpve_gm": 7.374197208487864,
  "rpve_wm": 7.442447064385713,
  "size_x": 176,
  "size_y": 256,
  "size_z": 256,
  "snr_csf": 1.669476949775407,
  "snr_gm": 3.8974309261950384,
  "snr_total": 4.429858639078373,
  "snr_wm": 7.722668041264674,
  "snrd_csf": 14.376474650655542,
  "snrd_gm": 38.708238746568846,
  "snrd_total": 34.57265194179561,
  "snrd_wm": 50.63324242816244,
  "spacing_x": 1.0,
  "spacing_y": 1.0,
  "spacing_z": 1.0,
  "summary_bg_k": 2163.5112356308305,
  "summary_bg_mad": 0.0,
  "summary_bg_mean": 3.8920403211085457,
  "summary_bg_median": 0.0,
  "summary_bg_n": 2853833.0,
  "summary_bg_p05": 0.0,
  "summary_bg_p95": 23.813592471182346,
  "summary_bg_stdv": 12.240795978156818,
  "summary_csf_k": -0.6686931918995058,
  "summary_csf_mad": 135.73415942722426,
  "summary_csf_mean": 302.54038230339046,
  "summary_csf_median": 268.6150442622602,
  "summary_csf_n": 402523.6741662465,
  "summary_csf_p05": 87.10761456564069,
  "summary_csf_p95": 612.3739365376532,
  "summary_csf_stdv": 160.89752579964042,
  "summary_gm_k": 0.9734117609988049,
  "summary_gm_mad": 88.43414120740746,
  "summary_gm_mean": 720.501395896345,
  "summary_gm_median": 723.2381732575595,
  "summary_gm_n": 548430.436443419,
  "summary_gm_p05": 392.7533648237586,
  "summary_gm_p95": 1031.7894096784294,
  "summary_gm_stdv": 185.56775670490396,
  "summary_wm_k": -0.5402199976405915,
  "summary_wm_mad": 109.97254236107403,
  "summary_wm_mean": 928.4437893699907,
  "summary_wm_median": 946.0490827187896,
  "summary_wm_n": 564329.8898456399,
  "summary_wm_p05": 716.5156758613884,
  "summary_wm_p95": 1106.762346740812,
  "summary_wm_stdv": 122.50277228771996,
  "tpm_overlap_csf": 0.1835425876660662,
  "tpm_overlap_gm": 0.5154305572287214,
  "tpm_overlap_wm": 0.5462099078332792,
  "wm2max": 0.3148365292467192
}