{
  "aor": 0.000944679802955665,
  "aqi": 0.005799489901477833,
  "bids_meta": {
    "EchoTime": 0.047,
    "RepetitionTime": 3.0,
    "SliceEncodingDirection": "k",
    "SliceTiming": [
      0.0,
      1.5,
      0.065,
      1.565,
      0.13,
      1.63,
      0.196,
      1.696,
      0.261,
      1.761,
      0.326,
      1.826,
      0.391,
      1.891,
      0.457,
      1.957,
      0.522,
      2.022,
      0.587,
      2.087,
      0.652,
      2.152,
      0.717,
      2.217,
      0.783,
      2.283,
      0.848,
      2.348,
      0.913,
      2.413,
      0.978,
      2.478,
      1.043,
      2.543,
      1.109,
      2.609,
      1.174,
      2.674,
      1.239,
      2.739,
      1.304,
      2.804,
      1.37,
      2.87,
      1.435,
      2.935
    ],
    "TaskName": "rest",
    "dataset": "ds003592",
    "modality": "bold",
    "session_id": "1",
    "subject_id": "132",
    "task_id": "rest"
  },
  "dummy_trs": 1,
  "dvars_nstd": 24.682798451782162,
  "dvars_std": 1.0837293931188121,
  "dvars_vstd": 0.9677427020297027,
  "efc": 0.39313727232123474,
  "fber": 17868.4296875,
  "fd_mean": 0.08820393933534626,
  "fd_num": 6,
  "fd_perc": 2.955665024630542,
  "fwhm_avg": 2.5159866666666666,
  "fwhm_x": 2.4616633333333335,
  "fwhm_y": 2.63676,
  "fwhm_z": 2.4495366666666665,
  "gcor": 0.0201691,
  "gsr_x": -0.01094700489193201,
  "gsr_y": 0.0158016886562109,
  "provenance": {
    "md5sum": "965fabbe262c7d63df3a128a1e179269",
    "settings": {
      "fd_thres": 0.2,
      "testing": false
    },
    "software": "mriqc",
    "version": "23.1.0"
  },
  "size_t": 203,
  "size_x": 72,
  "size_y": 72,
  "size_z": 46,
  "snr": 3.080924028371539,
  "spacing_tr": 3.0,
  "spacing_x": 3.0,
  "spacing_y": 3.0,
  "spacing_z": 3.0,
  "summary_bg_k": 34.743990682089105,
  "summary_bg_mad": 23.56095978712085,
  "summary_bg_mean": 77.89153555368462,
  "summary_bg_median": 18.182266235351562,
  "summary_bg_n": 200912.0,
  "summary_bg_p05": 0.8374384045600891,
  "summary_bg_p95": 374.04925537109375,
  "summary_bg_stdv": 184.62423445273635,
  "summary_fg_k": 0.8641244369870931,
  "summary_fg_mad": 667.5433682084505,
  "summary_fg_mean": 2553.2870942939835,
  "summary_fg_median": 2430.4752197265625,
  "summary_fg_n": 37552.0,
  "summary_fg_p05": 1424.315185546875,
  "summary_fg_p95": 4054.38916015625,
  "summary_fg_stdv": 788.868156328429,
  "tsnr": 47.29599352926016
}