{
  "aor": 0.0018447029702970297,
  "aqi": 0.002325533069306931,
  "bids_meta": {
    "EchoTime": 0.0137,
    "RepetitionTime": 3.0,
    "SliceEncodingDirection": "k",
    "SliceTiming": [
      0.0,
      1.5,
      0.065,
      1.565,
      0.13,
      1.63,
      0.196,
      1.696,
      0.261,
      1.761,
      0.326,
      1.826,
      0.391,
      1.891,
      0.457,
      1.957,
      0.522,
      2.022,
      0.587,
      2.087,
      0.652,
      2.152,
      0.717,
      2.217,
      0.783,
      2.283,
      0.848,
      2.348,
      0.913,
      2.413,
      0.978,
      2.478,
      1.043,
      2.543,
      1.109,
      2.609,
      1.174,
      2.674,
      1.239,
      2.739,
      1.304,
      2.804,
      1.37,
      2.87,
      1.435,
      2.935
    ],
    "TaskName": "rest",
    "dataset": "ds003592",
    "modality": "bold",
    "session_id": "1",
    "subject_id": "132",
    "task_id": "rest"
  },
  "dummy_trs": 2,
  "dvars_nstd": 16.813146799950253,
  "dvars_std": 1.3008407053233833,
  "dvars_vstd": 0.9699698996019895,
  "efc": 0.46569694260366823,
  "fber": 41797.3515625,
  "fd_mean": 0.08691863105340644,
  "fd_num": 5,
  "fd_perc": 2.4752475247524752,
  "fwhm_avg": 3.344217777777778,
  "fwhm_x": 3.11438,
  "fwhm_y": 3.2691733333333333,
  "fwhm_z": 3.6491000000000002,
  "gcor": 0.028106,
  "gsr_x": -0.013788238167762756,
  "gsr_y": 0.03308659419417381,
  "provenance": {
    "md5sum": "871d4fb43a3954919307797b2e802cec",
    "settings": {
      "fd_thres": 0.2,
      "testing": false
    },
    "software": "mriqc",
    "version": "23.1.0"
  },
  "size_t": 202,
  "size_x": 72,
  "size_y": 72,
  "size_z": 46,
  "snr": 2.9982555756441283,
  "spacing_tr": 3.0,
  "spacing_x": 3.0,
  "spacing_y": 3.0,
  "spacing_z": 3.0,
  "summary_bg_k": 13.738412437739171,
  "summary_bg_mad": 32.98422882631946,
  "summary_bg_mean": 316.19075666696835,
  "summary_bg_median": 23.73762321472168,
  "summary_bg_n": 192091.0,
  "summary_bg_p05": 0.7623762488365173,
  "summary_bg_p95": 1913.2276611328125,
  "summary_bg_stdv": 722.8348838356045,
  "summary_fg_k": 1.3639411095539753,
  "summary_fg_mad": 1268.7477073891364,
  "summary_fg_mean": 5166.683320745165,
  "summary_fg_median": 4853.0146484375,
  "summary_fg_n": 46373.0,
  "summary_fg_p05": 2955.311767578125,
  "summary_fg_p95": 8395.767578125,
  "summary_fg_stdv": 1618.5952797730095,
  "tsnr": 86.22439534869045
}