{
  "bids_meta": {
    "EchoTime": 0.0034,
    "FlipAngle": 7,
    "RepetitionTime": 2.53,
    "dataset": "ds003592",
    "modality": "T1w",
    "session_id": "1",
    "subject_id": "55"
  },
  "cjv": 0.8515072462065211,
  "cnr": 0.996121512928462,
  "efc": 0.667727374366309,
  "fber": 5620.763509847107,
  "fwhm_avg": 4.482033333333334,
  "fwhm_x": 4.56836,
  "fwhm_y": 4.5244,
  "fwhm_z": 4.35334,
  "icvs_csf": 0.25115947099467184,
  "icvs_gm": 0.36120366062337966,
  "icvs_wm": 0.38763686838194844,
  "inu_med": 0.8916525840759277,
  "inu_range": 0.81208336353302,
  "provenance": {
    "md5sum": "18fac381b1efcd9b0dd73919e3792070",
    "settings": {
      "testing": false
    },
    "software": "mriqc",
    "version": "23.1.0",
    "warnings": {
      "large_rot_frame": true,
      "small_air_mask": false
    }
  },
  "qi_1": 0.0,
  "qi_2": 0.0020474707305662312,
  "rpve_csf": 6.599485574283806,
  "rpve_gm": 6.433735899377075,
  "rpve_wm": 6.4981110108139735,
  "size_x": 176,
  "size_y": 256,
  "size_z": 256,
  "snr_csf": 1.7434055760880143,
  "snr_gm": 3.7649388707365086,
  "snr_total": 4.601491085127883,
  "snr_wm": 8.296128808559127,
  "snrd_csf": 6.121403764534783,
  "snrd_gm": 17.583450289689388,
  "snrd_total": 15.579925854632577,
  "snrd_wm": 23.03492350967356,
  "spacing_x": 1.0,
  "spacing_y": 1.0,
  "spacing_z": 1.0,
  "summary_bg_k": 1481.767150636961,
  "summary_bg_mad": 0.0,
  "summary_bg_mean": 2.8735490558750945,
  "summary_bg_median": 0.0,
  "summary_bg_n": 2797343.0,
  "summary_bg_p05": 0.0,
  "summary_bg_p95": 15.983934737741947,
  "summary_bg_stdv": 27.133743170249897,
  "summary_csf_k": -0.4411852036064863,
  "summary_csf_mad": 108.34155870251364,
  "summary_csf_mean": 294.7090864701608,
  "summary_csf_median": 253.52979560941458,
  "summary_csf_n": 434646.78538823215,
  "summary_csf_p05": 120.08443277329206,
  "summary_csf_p95": 586.8972960114479,
  "summary_csf_stdv": 145.42198753761065,
  "summary_gm_k": 0.7898888401373871,
  "summary_gm_mad": 86.34512334058995,
  "summary_gm_mean": 721.8494295699444,
  "summary_gm_median": 728.2526573203504,
  "summary_gm_n": 625084.9682819427,
  "summary_gm_p05": 362.50744296237826,
  "summary_gm_p95": 1037.5622867196798,
  "summary_gm_stdv": 193.42998646209685,
  "summary_wm_k": -0.6711400827258216,
  "summary_wm_mad": 105.91101335865466,
  "summary_wm_mean": 934.7664448594344,
  "summary_wm_median": 954.0359816029668,
  "summary_wm_n": 670829.246744788,
  "summary_wm_p05": 731.9822420924902,
  "summary_wm_p95": 1098.4651765152812,
  "summary_wm_stdv": 114.9976443870268,
  "tpm_overlap_csf": 0.20127013057223717,
  "tpm_overlap_gm": 0.5041466279772975,
  "tpm_overlap_wm": 0.5429799034826992,
  "wm2max": 0.43478585703879413
}