{
  "aor": 0.0014770443349753693,
  "aqi": 0.004658173940886701,
  "bids_meta": {
    "EchoTime": 0.047,
    "RepetitionTime": 3.0,
    "SliceEncodingDirection": "k",
    "SliceTiming": [
      0.0,
      1.5,
      0.065,
      1.565,
      0.13,
      1.63,
      0.196,
      1.696,
      0.261,
      1.761,
      0.326,
      1.826,
      0.391,
      1.891,
      0.457,
      1.957,
      0.522,
      2.022,
      0.587,
      2.087,
      0.652,
      2.152,
      0.717,
      2.217,
      0.783,
      2.283,
      0.848,
      2.348,
      0.913,
      2.413,
      0.978,
      2.478,
      1.043,
      2.543,
      1.109,
      2.609,
      1.174,
      2.674,
      1.239,
      2.739,
      1.304,
      2.804,
      1.37,
      2.87,
      1.435,
      2.935
    ],
    "TaskName": "rest",
    "dataset": "ds003592",
    "modality": "bold",
    "session_id": "2",
    "subject_id": "78",
    "task_id": "rest"
  },
  "dummy_trs": 1,
  "dvars_nstd": 21.44703938757426,
  "dvars_std": 1.0102209948019798,
  "dvars_vstd": 0.9636935019801985,
  "efc": 0.43177831950262396,
  "fber": 11789.30078125,
  "fd_mean": 0.07729144505521104,
  "fd_num": 12,
  "fd_perc": 5.911330049261084,
  "fwhm_avg": 2.8262777777777774,
  "fwhm_x": 2.8082999999999996,
  "fwhm_y": 2.85803,
  "fwhm_z": 2.8125033333333334,
  "gcor": 0.0315887,
  "gsr_x": -0.009495671838521957,
  "gsr_y": 0.01301516406238079,
  "provenance": {
    "md5sum": "173d9d30cf7bb8256e66614a759e34a7",
    "settings": {
      "fd_thres": 0.2,
      "testing": false
    },
    "software": "mriqc",
    "version": "23.1.0"
  },
  "size_t": 203,
  "size_x": 72,
  "size_y": 72,
  "size_z": 46,
  "snr": 2.8933317075208587,
  "spacing_tr": 3.0,
  "spacing_x": 3.0,
  "spacing_y": 3.0,
  "spacing_z": 3.0,
  "summary_bg_k": 23.85266249541623,
  "summary_bg_mad": 30.579581674417213,
  "summary_bg_mean": 96.54107023410575,
  "summary_bg_median": 22.955663681030273,
  "summary_bg_n": 192987.0,
  "summary_bg_p05": 0.8177340030670166,
  "summary_bg_p95": 524.1576538085938,
  "summary_bg_stdv": 221.7992805798719,
  "summary_fg_k": 0.5104183700760805,
  "summary_fg_mad": 774.0207937112516,
  "summary_fg_mean": 2621.616146433995,
  "summary_fg_median": 2492.49267578125,
  "summary_fg_n": 45477.0,
  "summary_fg_p05": 1395.413818359375,
  "summary_fg_p95": 4265.3251953125,
  "summary_fg_stdv": 861.4516148528114,
  "tsnr": 49.35907909856178
}