{
  "aor": 0.0015334,
  "aqi": 0.0053422569,
  "bids_meta": {
    "EchoTime": 0.014,
    "RepetitionTime": 3,
    "SliceEncodingDirection": "k",
    "SliceTiming": [
      0,
      1.5425,
      0.07,
      1.6125,
      0.14,
      1.6825,
      0.21,
      1.7525,
      0.28,
      1.8225,
      0.35,
      1.8925,
      0.42,
      1.9625,
      0.49,
      2.0325,
      0.56,
      2.1025,
      0.63,
      2.1725,
      0.7,
      2.2425,
      0.77,
      2.3125,
      0.84,
      2.3825,
      0.91,
      2.4525,
      0.98,
      2.5225,
      1.05,
      2.5925,
      1.12,
      2.6625,
      1.19,
      2.7325,
      1.26,
      2.8025,
      1.33,
      2.8725,
      1.4,
      2.9425,
      1.47
    ],
    "TaskName": "rest",
    "dataset": "ds003592",
    "modality": "bold",
    "session_id": "2",
    "subject_id": "240",
    "task_id": "rest"
  },
  "dummy_trs": 0,
  "dvars_nstd": 25.745741609447244,
  "dvars_std": 1.1513499067336677,
  "dvars_vstd": 0.9833595282412061,
  "efc": 0.5748683867674047,
  "fber": 979.8855590820312,
  "fd_mean": 0.16596696377287054,
  "fd_num": 56,
  "fd_perc": 28.0,
  "fwhm_avg": 2.781425300992551,
  "fwhm_x": 2.1916681481481484,
  "fwhm_y": 2.865045925925926,
  "fwhm_z": 3.2875618289035797,
  "gcor": 0.0739513,
  "gsr_x": -0.025857022032141685,
  "gsr_y": 0.09987004846334457,
  "provenance": {
    "md5sum": "95e9d87772ffc36f14a86e54faee6adc",
    "settings": {
      "fd_thres": 0.2,
      "testing": false
    },
    "software": "mriqc",
    "version": "23.1.0"
  },
  "size_t": 200,
  "size_x": 64,
  "size_y": 64,
  "size_z": 43,
  "snr": 2.5058459967165647,
  "spacing_tr": 3.0,
  "spacing_x": 3.375,
  "spacing_y": 3.375,
  "spacing_z": 2.9999983310699463,
  "summary_bg_k": 11.760856410181638,
  "summary_bg_mad": 21.76459960619687,
  "summary_bg_mean": 99.25048127811057,
  "summary_bg_median": 26.094999313354492,
  "summary_bg_n": 126567.0,
  "summary_bg_p05": 9.149999618530273,
  "summary_bg_p95": 520.0150146484375,
  "summary_bg_stdv": 183.34813469633548,
  "summary_fg_k": 2.1483452065860966,
  "summary_fg_mad": 277.3281471236624,
  "summary_fg_mean": 876.0554801340323,
  "summary_fg_median": 816.85498046875,
  "summary_fg_n": 49561.0,
  "summary_fg_p05": 468.6399841308594,
  "summary_fg_p95": 1489.5599365234375,
  "summary_fg_stdv": 325.9764329462196,
  "tsnr": 61.14619426801801
}