{
  "aor": 0.0011398522167487687,
  "aqi": 0.005339653399014779,
  "bids_meta": {
    "EchoTime": 0.047,
    "RepetitionTime": 3.0,
    "SliceEncodingDirection": "k",
    "SliceTiming": [
      0.0,
      1.5,
      0.065,
      1.565,
      0.13,
      1.63,
      0.196,
      1.696,
      0.261,
      1.761,
      0.326,
      1.826,
      0.391,
      1.891,
      0.457,
      1.957,
      0.522,
      2.022,
      0.587,
      2.087,
      0.652,
      2.152,
      0.717,
      2.217,
      0.783,
      2.283,
      0.848,
      2.348,
      0.913,
      2.413,
      0.978,
      2.478,
      1.043,
      2.543,
      1.109,
      2.609,
      1.174,
      2.674,
      1.239,
      2.739,
      1.304,
      2.804,
      1.37,
      2.87,
      1.435,
      2.935
    ],
    "TaskName": "rest",
    "dataset": "ds003592",
    "modality": "bold",
    "session_id": "1",
    "subject_id": "117",
    "task_id": "rest"
  },
  "dummy_trs": 1,
  "dvars_nstd": 23.474376319752466,
  "dvars_std": 1.0240772549504948,
  "dvars_vstd": 0.9569336125742579,
  "efc": 0.44904843638637504,
  "fber": 9373.23828125,
  "fd_mean": 0.08519634822988592,
  "fd_num": 1,
  "fd_perc": 0.49261083743842365,
  "fwhm_avg": 2.5184277777777777,
  "fwhm_x": 2.49218,
  "fwhm_y": 2.5737200000000002,
  "fwhm_z": 2.489383333333333,
  "gcor": 0.0102042,
  "gsr_x": -0.005236431024968624,
  "gsr_y": 0.025244932621717453,
  "provenance": {
    "md5sum": "2ab0fa35d5f88660be75ca063031aeb5",
    "settings": {
      "fd_thres": 0.2,
      "testing": false
    },
    "software": "mriqc",
    "version": "23.1.0"
  },
  "size_t": 203,
  "size_x": 72,
  "size_y": 72,
  "size_z": 46,
  "snr": 2.682077883366622,
  "spacing_tr": 3.0,
  "spacing_x": 3.0,
  "spacing_y": 3.0,
  "spacing_z": 3.0,
  "summary_bg_k": 22.495971981292055,
  "summary_bg_mad": 35.1369427132557,
  "summary_bg_mean": 103.04002925707034,
  "summary_bg_median": 25.724138259887695,
  "summary_bg_n": 188622.0,
  "summary_bg_p05": 0.5714285373687744,
  "summary_bg_p95": 539.2069091796875,
  "summary_bg_stdv": 220.86639386627866,
  "summary_fg_k": 1.5899893659281679,
  "summary_fg_mad": 795.5987007798267,
  "summary_fg_mean": 2653.6325200216606,
  "summary_fg_median": 2490.4949951171875,
  "summary_fg_n": 49842.0,
  "summary_fg_p05": 1409.256103515625,
  "summary_fg_p95": 4410.462890625,
  "summary_fg_stdv": 928.5599148846073,
  "tsnr": 47.15724876488093
}