{
  "aor": 0.0018447029702970297,
  "aqi": 0.012376402673267325,
  "bids_meta": {
    "EchoTime": 0.047,
    "RepetitionTime": 3.0,
    "SliceEncodingDirection": "k",
    "SliceTiming": [
      0.0,
      1.5,
      0.065,
      1.565,
      0.13,
      1.63,
      0.196,
      1.696,
      0.261,
      1.761,
      0.326,
      1.826,
      0.391,
      1.891,
      0.457,
      1.957,
      0.522,
      2.022,
      0.587,
      2.087,
      0.652,
      2.152,
      0.717,
      2.217,
      0.783,
      2.283,
      0.848,
      2.348,
      0.913,
      2.413,
      0.978,
      2.478,
      1.043,
      2.543,
      1.109,
      2.609,
      1.174,
      2.674,
      1.239,
      2.739,
      1.304,
      2.804,
      1.37,
      2.87,
      1.435,
      2.935
    ],
    "TaskName": "rest",
    "dataset": "ds003592",
    "modality": "bold",
    "session_id": "2",
    "subject_id": "70",
    "task_id": "rest"
  },
  "dummy_trs": 2,
  "dvars_nstd": 30.03966521761195,
  "dvars_std": 1.0267468313432841,
  "dvars_vstd": 0.9253809123880594,
  "efc": 0.4239564828618393,
  "fber": 13883.400390625,
  "fd_mean": 0.25815651893876396,
  "fd_num": 108,
  "fd_perc": 53.46534653465346,
  "fwhm_avg": 2.6017611111111107,
  "fwhm_x": 2.5707999999999998,
  "fwhm_y": 2.5819633333333334,
  "fwhm_z": 2.65252,
  "gcor": 0.00990765,
  "gsr_x": -0.014340177178382874,
  "gsr_y": 0.014258390292525291,
  "provenance": {
    "md5sum": "13ddb26e79ab33de67b32072eba70766",
    "settings": {
      "fd_thres": 0.2,
      "testing": false
    },
    "software": "mriqc",
    "version": "23.1.0"
  },
  "size_t": 202,
  "size_x": 72,
  "size_y": 72,
  "size_z": 46,
  "snr": 2.603085508205657,
  "spacing_tr": 3.0,
  "spacing_x": 3.0,
  "spacing_y": 3.0,
  "spacing_z": 3.0,
  "summary_bg_k": 51.92227170410736,
  "summary_bg_mad": 28.756610818584228,
  "summary_bg_mean": 87.49534368354733,
  "summary_bg_median": 22.084157943725586,
  "summary_bg_n": 191646.0,
  "summary_bg_p05": 1.1287128925323486,
  "summary_bg_p95": 408.1286926269531,
  "summary_bg_stdv": 216.81150326244259,
  "summary_fg_k": 2.6088652005747726,
  "summary_fg_mad": 798.7666047388993,
  "summary_fg_mean": 2784.513849716662,
  "summary_fg_median": 2602.128662109375,
  "summary_fg_n": 46818.0,
  "summary_fg_p05": 1504.0792236328125,
  "summary_fg_p95": 4689.84130859375,
  "summary_fg_stdv": 999.6217427076175,
  "tsnr": 32.56979570211843
}