{
  "bids_meta": {
    "EchoTime": 0.0034,
    "FlipAngle": 7,
    "RepetitionTime": 2.53,
    "dataset": "ds003592",
    "modality": "T1w",
    "session_id": "1",
    "subject_id": "206"
  },
  "cjv": 0.7224129715209744,
  "cnr": 1.2365121930810967,
  "efc": 0.6376459666857066,
  "fber": -1.0,
  "fwhm_avg": 3.9641999999999995,
  "fwhm_x": 3.96333,
  "fwhm_y": 4.05809,
  "fwhm_z": 3.87118,
  "icvs_csf": 0.26197154231270897,
  "icvs_gm": 0.3712868609471686,
  "icvs_wm": 0.3667415967401224,
  "inu_med": 0.8153187036514282,
  "inu_range": 0.5712537050247193,
  "provenance": {
    "md5sum": "30398396cf257425320673c7b00b02db",
    "settings": {
      "testing": false
    },
    "software": "mriqc",
    "version": "23.1.0",
    "warnings": {
      "large_rot_frame": true,
      "small_air_mask": false
    }
  },
  "qi_1": 0.0,
  "qi_2": 0.0013774901365591734,
  "rpve_csf": 6.891074824602841,
  "rpve_gm": 6.747404021320505,
  "rpve_wm": 6.830614721543456,
  "size_x": 176,
  "size_y": 256,
  "size_z": 256,
  "snr_csf": 1.7039194417493237,
  "snr_gm": 4.749676644543096,
  "snr_total": 5.273136351049161,
  "snr_wm": 9.365812966855064,
  "snrd_csf": 14.141384710198594,
  "snrd_gm": 29.444855852923023,
  "snrd_total": 27.426112463253613,
  "snrd_wm": 38.69209682663922,
  "spacing_x": 1.0,
  "spacing_y": 1.0,
  "spacing_z": 1.0,
  "summary_bg_k": 5765.280276504954,
  "summary_bg_mad": 0.0,
  "summary_bg_mean": 1.2155379536276498,
  "summary_bg_median": 0.0,
  "summary_bg_n": 2924693.0,
  "summary_bg_p05": 0.0,
  "summary_bg_p95": 6.164621103554964,
  "summary_bg_stdv": 16.43083984545756,
  "summary_csf_k": -0.8244818157503597,
  "summary_csf_mad": 181.4415946821596,
  "summary_csf_mean": 384.67441034269496,
  "summary_csf_median": 354.6663372181356,
  "summary_csf_n": 432721.71216621,
  "summary_csf_p05": 99.91063433513045,
  "summary_csf_p95": 746.9405108727515,
  "summary_csf_stdv": 208.14712170017566,
  "summary_gm_k": 0.060416558662701014,
  "summary_gm_mad": 87.66522354091825,
  "summary_gm_mean": 745.3995851379611,
  "summary_gm_median": 738.4778357483447,
  "summary_gm_n": 613287.5531270332,
  "summary_gm_p05": 488.5735802426934,
  "summary_gm_p95": 1018.9133803881705,
  "summary_gm_stdv": 155.47947554106062,
  "summary_wm_k": -0.4018204855869638,
  "summary_wm_mad": 79.87756642192242,
  "summary_wm_mean": 947.5788692839451,
  "summary_wm_median": 970.3989066146314,
  "summary_wm_n": 605779.7357032114,
  "summary_wm_p05": 751.4636648185551,
  "summary_wm_p95": 1085.9946715682745,
  "summary_wm_stdv": 103.6106645625086,
  "tpm_overlap_csf": 0.21486041844548673,
  "tpm_overlap_gm": 0.5193616088510831,
  "tpm_overlap_wm": 0.5372606488693878,
  "wm2max": 0.5521834133986666
}