{
  "aor": 0.00268448275862069,
  "aqi": 0.005153813596059113,
  "bids_meta": {
    "EchoTime": 0.03,
    "RepetitionTime": 3.0,
    "SliceEncodingDirection": "k",
    "SliceTiming": [
      0.0,
      1.5,
      0.065,
      1.565,
      0.13,
      1.63,
      0.196,
      1.696,
      0.261,
      1.761,
      0.326,
      1.826,
      0.391,
      1.891,
      0.457,
      1.957,
      0.522,
      2.022,
      0.587,
      2.087,
      0.652,
      2.152,
      0.717,
      2.217,
      0.783,
      2.283,
      0.848,
      2.348,
      0.913,
      2.413,
      0.978,
      2.478,
      1.043,
      2.543,
      1.109,
      2.609,
      1.174,
      2.674,
      1.239,
      2.739,
      1.304,
      2.804,
      1.37,
      2.87,
      1.435,
      2.935
    ],
    "TaskName": "rest",
    "dataset": "ds003592",
    "modality": "bold",
    "session_id": "1",
    "subject_id": "07",
    "task_id": "rest"
  },
  "dummy_trs": 1,
  "dvars_nstd": 15.355105168663357,
  "dvars_std": 1.0146537663861392,
  "dvars_vstd": 0.9405333978217812,
  "efc": 0.423324172174166,
  "fber": 18402.93359375,
  "fd_mean": 0.06571895683185958,
  "fd_num": 10,
  "fd_perc": 4.926108374384237,
  "fwhm_avg": 2.923988888888889,
  "fwhm_x": 2.8259000000000003,
  "fwhm_y": 2.937673333333333,
  "fwhm_z": 3.0083933333333337,
  "gcor": 0.01858,
  "gsr_x": -0.017221301794052124,
  "gsr_y": 0.02727513015270233,
  "provenance": {
    "md5sum": "4dea68c828161d72e96ee55d91560e75",
    "settings": {
      "fd_thres": 0.2,
      "testing": false
    },
    "software": "mriqc",
    "version": "23.1.0"
  },
  "size_t": 203,
  "size_x": 72,
  "size_y": 72,
  "size_z": 46,
  "snr": 3.275338720258021,
  "spacing_tr": 3.0,
  "spacing_x": 3.0,
  "spacing_y": 3.0,
  "spacing_z": 3.0,
  "summary_bg_k": 33.40443770204914,
  "summary_bg_mad": 34.03411807750391,
  "summary_bg_mean": 122.20061929386193,
  "summary_bg_median": 24.64531898498535,
  "summary_bg_n": 196081.0,
  "summary_bg_p05": 0.8768472671508789,
  "summary_bg_p95": 565.2857055664062,
  "summary_bg_stdv": 260.1052286905436,
  "summary_fg_k": 1.0948191692237188,
  "summary_fg_mad": 832.1854215667453,
  "summary_fg_mean": 3488.552725679762,
  "summary_fg_median": 3343.320068359375,
  "summary_fg_n": 42383.0,
  "summary_fg_p05": 2004.05908203125,
  "summary_fg_p95": 5497.04443359375,
  "summary_fg_stdv": 1020.7434747711325,
  "tsnr": 58.78237912710756
}