{
  "aor": 0.00143895,
  "aqi": 0.00603408235,
  "bids_meta": {
    "EchoTime": 0.014,
    "RepetitionTime": 3,
    "SliceEncodingDirection": "k",
    "SliceTiming": [
      0,
      1.5425,
      0.07,
      1.6125,
      0.14,
      1.6825,
      0.21,
      1.7525,
      0.28,
      1.8225,
      0.35,
      1.8925,
      0.42,
      1.9625,
      0.49,
      2.0325,
      0.56,
      2.1025,
      0.63,
      2.1725,
      0.7,
      2.2425,
      0.77,
      2.3125,
      0.84,
      2.3825,
      0.91,
      2.4525,
      0.98,
      2.5225,
      1.05,
      2.5925,
      1.12,
      2.6625,
      1.19,
      2.7325,
      1.26,
      2.8025,
      1.33,
      2.8725,
      1.4,
      2.9425,
      1.47
    ],
    "TaskName": "rest",
    "dataset": "ds003592",
    "modality": "bold",
    "session_id": "2",
    "subject_id": "299",
    "task_id": "rest"
  },
  "dummy_trs": 0,
  "dvars_nstd": 21.2014860938191,
  "dvars_std": 1.1577092094472359,
  "dvars_vstd": 0.9737804297989946,
  "efc": 0.5419845895747449,
  "fber": 912.6337890625,
  "fd_mean": 0.19175887292120267,
  "fd_num": 75,
  "fd_perc": 37.5,
  "fwhm_avg": 3.391481481481481,
  "fwhm_x": 3.2261629629629627,
  "fwhm_y": 3.1918814814814818,
  "fwhm_z": 3.7563999999999997,
  "gcor": 0.016274,
  "gsr_x": -0.018844502046704292,
  "gsr_y": 0.1105547770857811,
  "provenance": {
    "md5sum": "b91582e3ce97ba6e8e05c888f283e190",
    "settings": {
      "fd_thres": 0.2,
      "testing": false
    },
    "software": "mriqc",
    "version": "23.1.0"
  },
  "size_t": 200,
  "size_x": 64,
  "size_y": 64,
  "size_z": 43,
  "snr": 2.0604740871087373,
  "spacing_tr": 3.0,
  "spacing_x": 3.375,
  "spacing_y": 3.375,
  "spacing_z": 3.0,
  "summary_bg_k": 22.037868772285165,
  "summary_bg_mad": 27.480031893774186,
  "summary_bg_mean": 92.56640365896159,
  "summary_bg_median": 29.094999313354492,
  "summary_bg_n": 130397.0,
  "summary_bg_p05": 8.979999542236328,
  "summary_bg_p95": 394.92999267578125,
  "summary_bg_stdv": 159.94049106558188,
  "summary_fg_k": 5.8056833447978775,
  "summary_fg_mad": 321.5541061482667,
  "summary_fg_mean": 972.7100789387798,
  "summary_fg_median": 878.9549560546875,
  "summary_fg_n": 45731.0,
  "summary_fg_p05": 501.3599853515625,
  "summary_fg_p95": 1789.1649169921875,
  "summary_fg_stdv": 426.57432648392796,
  "tsnr": 64.08360219094902
}