{
  "bids_meta": {
    "EchoTime": 0.00252,
    "FlipAngle": 9,
    "RepetitionTime": 1.9,
    "dataset": "ds003592",
    "modality": "T1w",
    "session_id": "1",
    "subject_id": "292"
  },
  "cjv": 0.6982932784472168,
  "cnr": 1.2564230611098055,
  "efc": 0.48283765099149445,
  "fber": -1.0,
  "fwhm_avg": 4.31632,
  "fwhm_x": 4.41544,
  "fwhm_y": 4.2598,
  "fwhm_z": 4.27372,
  "icvs_csf": 0.2674249151274637,
  "icvs_gm": 0.3598675901559211,
  "icvs_wm": 0.37270749471661524,
  "inu_med": 0.39496947824954987,
  "inu_range": 0.11608477234840392,
  "provenance": {
    "md5sum": "e769b2b6f95464d77e816a0df1269367",
    "settings": {
      "testing": false
    },
    "software": "mriqc",
    "version": "23.1.0",
    "warnings": {
      "large_rot_frame": true,
      "small_air_mask": false
    }
  },
  "qi_1": 0.0,
  "qi_2": 0.0020058028902525215,
  "rpve_csf": 8.3078639042918,
  "rpve_gm": 8.185507090198284,
  "rpve_wm": 8.260347935512202,
  "size_x": 192,
  "size_y": 256,
  "size_z": 256,
  "snr_csf": 2.4291594972038464,
  "snr_gm": 5.824147463757044,
  "snr_total": 7.34587126709665,
  "snr_wm": 13.78430684032906,
  "snrd_csf": 57.53129380017957,
  "snrd_gm": 109.12944174166938,
  "snrd_total": 100.79936413956881,
  "snrd_wm": 135.73735687685746,
  "spacing_x": 1.0,
  "spacing_y": 1.0,
  "spacing_z": 1.0,
  "summary_bg_k": 131.8853883650098,
  "summary_bg_mad": 0.0,
  "summary_bg_mean": 1.593632558904006,
  "summary_bg_median": 0.0,
  "summary_bg_n": 4945246.0,
  "summary_bg_p05": 0.0,
  "summary_bg_p95": 7.629812568426132,
  "summary_bg_stdv": 4.692156083756953,
  "summary_csf_k": 0.1958337108754331,
  "summary_csf_mad": 133.54417339751294,
  "summary_csf_mean": 441.04621413188426,
  "summary_csf_median": 412.04520190134645,
  "summary_csf_n": 401209.5779715519,
  "summary_csf_p05": 193.18261544778943,
  "summary_csf_p95": 757.4001902416348,
  "summary_csf_stdv": 169.62438607741765,
  "summary_gm_k": -0.010476047392733001,
  "summary_gm_mad": 73.68496155698067,
  "summary_gm_mean": 777.5130680182729,
  "summary_gm_median": 781.5965865813196,
  "summary_gm_n": 539898.5502277492,
  "summary_gm_p05": 541.2928138822317,
  "summary_gm_p95": 1003.8148776367307,
  "summary_gm_stdv": 134.19918839765467,
  "summary_wm_k": -0.5349512190245176,
  "summary_wm_mad": 59.38787946383517,
  "summary_wm_mean": 957.6031203126516,
  "summary_wm_median": 972.1652847602963,
  "summary_wm_n": 559161.873869586,
  "summary_wm_p05": 821.2292240895331,
  "summary_wm_p95": 1051.1832973323762,
  "summary_wm_stdv": 70.52689893770035,
  "tpm_overlap_csf": 0.2063292929351331,
  "tpm_overlap_gm": 0.5008502101407538,
  "tpm_overlap_wm": 0.553110422657957,
  "wm2max": 0.501914870335923
}