{
  "aor": 0.00547549504950495,
  "aqi": 0.004905974158415842,
  "bids_meta": {
    "EchoTime": 0.03,
    "RepetitionTime": 3.0,
    "SliceEncodingDirection": "k",
    "SliceTiming": [
      0.0,
      1.5,
      0.065,
      1.565,
      0.13,
      1.63,
      0.196,
      1.696,
      0.261,
      1.761,
      0.326,
      1.826,
      0.391,
      1.891,
      0.457,
      1.957,
      0.522,
      2.022,
      0.587,
      2.087,
      0.652,
      2.152,
      0.717,
      2.217,
      0.783,
      2.283,
      0.848,
      2.348,
      0.913,
      2.413,
      0.978,
      2.478,
      1.043,
      2.543,
      1.109,
      2.609,
      1.174,
      2.674,
      1.239,
      2.739,
      1.304,
      2.804,
      1.37,
      2.87,
      1.435,
      2.935
    ],
    "TaskName": "rest",
    "dataset": "ds003592",
    "modality": "bold",
    "session_id": "1",
    "subject_id": "198",
    "task_id": "rest"
  },
  "dummy_trs": 2,
  "dvars_nstd": 16.988873510049753,
  "dvars_std": 1.0212930735820895,
  "dvars_vstd": 0.9975164702985081,
  "efc": 0.474699778944565,
  "fber": 13696.1474609375,
  "fd_mean": 0.05868989709302533,
  "fd_num": 6,
  "fd_perc": 2.9702970297029703,
  "fwhm_avg": 2.8997611111111112,
  "fwhm_x": 2.7434333333333334,
  "fwhm_y": 3.0016833333333337,
  "fwhm_z": 2.954166666666667,
  "gcor": 0.0218501,
  "gsr_x": -0.008639771491289139,
  "gsr_y": 0.04853346198797226,
  "provenance": {
    "md5sum": "30d19bf929323689a03142d51cb337e4",
    "settings": {
      "fd_thres": 0.2,
      "testing": false
    },
    "software": "mriqc",
    "version": "23.1.0"
  },
  "size_t": 202,
  "size_x": 72,
  "size_y": 72,
  "size_z": 46,
  "snr": 3.0354647775783925,
  "spacing_tr": 3.0,
  "spacing_x": 3.0,
  "spacing_y": 3.0,
  "spacing_z": 3.0,
  "summary_bg_k": 41.02046874695019,
  "summary_bg_mad": 37.358639265909076,
  "summary_bg_mean": 154.93791474162197,
  "summary_bg_median": 27.074256896972656,
  "summary_bg_n": 185429.0,
  "summary_bg_p05": 0.9158415794372559,
  "summary_bg_p95": 769.2573852539062,
  "summary_bg_stdv": 337.6140145483844,
  "summary_fg_k": 1.0253491178887506,
  "summary_fg_mad": 890.1781167919191,
  "summary_fg_mean": 3336.8923598580664,
  "summary_fg_median": 3168.514892578125,
  "summary_fg_n": 53035.0,
  "summary_fg_p05": 1875.589111328125,
  "summary_fg_p95": 5366.59375,
  "summary_fg_stdv": 1043.8220347402123,
  "tsnr": 53.818512230645865
}