{
  "bids_meta": {
    "EchoTime": 0.00252,
    "FlipAngle": 9,
    "RepetitionTime": 1.9,
    "dataset": "ds003592",
    "modality": "T1w",
    "session_id": "1",
    "subject_id": "296"
  },
  "cjv": 0.8400492761593824,
  "cnr": 1.0111617033083498,
  "efc": 0.5157221471185055,
  "fber": -1.0,
  "fwhm_avg": 3.969186666666667,
  "fwhm_x": 3.97025,
  "fwhm_y": 3.96825,
  "fwhm_z": 3.96906,
  "icvs_csf": 0.2629325535504992,
  "icvs_gm": 0.35667426775692623,
  "icvs_wm": 0.38039317869257444,
  "inu_med": 0.42706429958343506,
  "inu_range": 0.13433398902416227,
  "provenance": {
    "md5sum": "ee3c37e7880b257dff476e7357400393",
    "settings": {
      "testing": false
    },
    "software": "mriqc",
    "version": "23.1.0",
    "warnings": {
      "large_rot_frame": true,
      "small_air_mask": false
    }
  },
  "qi_1": 0.0,
  "qi_2": 0.002821054284707895,
  "rpve_csf": 8.331962397457312,
  "rpve_gm": 8.182874476800412,
  "rpve_wm": 8.260902445919621,
  "size_x": 192,
  "size_y": 256,
  "size_z": 256,
  "snr_csf": 2.445545429012418,
  "snr_gm": 5.739243034945573,
  "snr_total": 6.971345525360438,
  "snr_wm": 12.729248112123326,
  "snrd_csf": 50.623863204751174,
  "snrd_gm": 90.530387721317,
  "snrd_total": 83.27772673602094,
  "snrd_wm": 108.67892928199464,
  "spacing_x": 1.0,
  "spacing_y": 1.0,
  "spacing_z": 1.0,
  "summary_bg_k": 101.73111817543518,
  "summary_bg_mad": 0.0,
  "summary_bg_mean": 2.0039442295697927,
  "summary_bg_median": 0.0,
  "summary_bg_n": 3902500.0,
  "summary_bg_p05": 0.0,
  "summary_bg_p95": 9.225643783807755,
  "summary_bg_stdv": 5.798775077363498,
  "summary_csf_k": 0.21817564587712246,
  "summary_csf_mad": 142.03548216527048,
  "summary_csf_mean": 472.1669950185165,
  "summary_csf_median": 448.08439322188497,
  "summary_csf_n": 392929.5635221817,
  "summary_csf_p05": 190.49245961010456,
  "summary_csf_p95": 798.6161456927657,
  "summary_csf_stdv": 183.22449369437942,
  "summary_gm_k": 7.946614141738781,
  "summary_gm_mad": 66.68005471245199,
  "summary_gm_mean": 797.6029911375869,
  "summary_gm_median": 801.306958463043,
  "summary_gm_n": 533018.3062418165,
  "summary_gm_p05": 553.4104930870235,
  "summary_gm_p95": 1021.2275132909417,
  "summary_gm_stdv": 139.6187967497395,
  "summary_wm_k": -0.6041985379206825,
  "summary_wm_mad": 68.26315192784733,
  "summary_wm_mean": 951.1266788603002,
  "summary_wm_median": 961.9442097172141,
  "summary_wm_n": 568464.1313985549,
  "summary_wm_p05": 815.4016920216382,
  "summary_wm_p95": 1059.3260052129626,
  "summary_wm_stdv": 75.56953522731492,
  "tpm_overlap_csf": 0.2135246072983854,
  "tpm_overlap_gm": 0.500283324326246,
  "tpm_overlap_wm": 0.5409169369593531,
  "wm2max": 0.4136686275334654
}