{
  "aor": 0.002382524752475247,
  "aqi": 0.0036079023762376236,
  "bids_meta": {
    "EchoTime": 0.03,
    "RepetitionTime": 3.0,
    "SliceEncodingDirection": "k",
    "SliceTiming": [
      0.0,
      1.5,
      0.065,
      1.565,
      0.13,
      1.63,
      0.196,
      1.696,
      0.261,
      1.761,
      0.326,
      1.826,
      0.391,
      1.891,
      0.457,
      1.957,
      0.522,
      2.022,
      0.587,
      2.087,
      0.652,
      2.152,
      0.717,
      2.217,
      0.783,
      2.283,
      0.848,
      2.348,
      0.913,
      2.413,
      0.978,
      2.478,
      1.043,
      2.543,
      1.109,
      2.609,
      1.174,
      2.674,
      1.239,
      2.739,
      1.304,
      2.804,
      1.37,
      2.87,
      1.435,
      2.935
    ],
    "TaskName": "rest",
    "dataset": "ds003592",
    "modality": "bold",
    "session_id": "2",
    "subject_id": "63",
    "task_id": "rest"
  },
  "dummy_trs": 2,
  "dvars_nstd": 15.507877231442789,
  "dvars_std": 1.0148287024378118,
  "dvars_vstd": 0.9733060592039804,
  "efc": 0.4496847444404646,
  "fber": 12426.88671875,
  "fd_mean": 0.08557824682752051,
  "fd_num": 5,
  "fd_perc": 2.4752475247524752,
  "fwhm_avg": 3.3251411111111113,
  "fwhm_x": 3.1623533333333333,
  "fwhm_y": 3.2502033333333333,
  "fwhm_z": 3.5628666666666664,
  "gcor": 0.0115828,
  "gsr_x": -0.009863610379397869,
  "gsr_y": 0.031843069940805435,
  "provenance": {
    "md5sum": "26dbbb86fd34fd5f266043c5a4a58d60",
    "settings": {
      "fd_thres": 0.2,
      "testing": false
    },
    "software": "mriqc",
    "version": "23.1.0"
  },
  "size_t": 202,
  "size_x": 72,
  "size_y": 72,
  "size_z": 46,
  "snr": 2.6172536863310913,
  "spacing_tr": 3.0,
  "spacing_x": 3.0,
  "spacing_y": 3.0,
  "spacing_z": 3.0,
  "summary_bg_k": 61.592155489301774,
  "summary_bg_mad": 39.494468124298606,
  "summary_bg_mean": 145.94138065556754,
  "summary_bg_median": 28.50990104675293,
  "summary_bg_n": 189639.0,
  "summary_bg_p05": 0.7277227640151978,
  "summary_bg_p95": 726.6831665039062,
  "summary_bg_stdv": 325.17975288164183,
  "summary_fg_k": 1.9563027345400705,
  "summary_fg_mad": 938.8173149642602,
  "summary_fg_mean": 3425.06943734524,
  "summary_fg_median": 3178.168212890625,
  "summary_fg_n": 48825.0,
  "summary_fg_p05": 1839.7919921875,
  "summary_fg_p95": 5875.435546875,
  "summary_fg_stdv": 1214.3017250473947,
  "tsnr": 61.08290016418323
}