{
  "aor": 0.002098019801980198,
  "aqi": 0.003232999603960396,
  "bids_meta": {
    "EchoTime": 0.0137,
    "RepetitionTime": 3.0,
    "SliceEncodingDirection": "k",
    "SliceTiming": [
      0.0,
      1.5,
      0.065,
      1.565,
      0.13,
      1.63,
      0.196,
      1.696,
      0.261,
      1.761,
      0.326,
      1.826,
      0.391,
      1.891,
      0.457,
      1.957,
      0.522,
      2.022,
      0.587,
      2.087,
      0.652,
      2.152,
      0.717,
      2.217,
      0.783,
      2.283,
      0.848,
      2.348,
      0.913,
      2.413,
      0.978,
      2.478,
      1.043,
      2.543,
      1.109,
      2.609,
      1.174,
      2.674,
      1.239,
      2.739,
      1.304,
      2.804,
      1.37,
      2.87,
      1.435,
      2.935
    ],
    "TaskName": "rest",
    "dataset": "ds003592",
    "modality": "bold",
    "session_id": "2",
    "subject_id": "63",
    "task_id": "rest"
  },
  "dummy_trs": 2,
  "dvars_nstd": 12.50783799288557,
  "dvars_std": 1.030477893532339,
  "dvars_vstd": 0.9639033121393036,
  "efc": 0.5136313014188738,
  "fber": 9787.7255859375,
  "fd_mean": 0.08401230254299336,
  "fd_num": 4,
  "fd_perc": 1.9801980198019802,
  "fwhm_avg": 3.541052222222222,
  "fwhm_x": 3.1193899999999997,
  "fwhm_y": 3.309466666666667,
  "fwhm_z": 4.1943,
  "gcor": 0.00584869,
  "gsr_x": -0.022560186684131622,
  "gsr_y": 0.09170868247747421,
  "provenance": {
    "md5sum": "653095892ff18d6930287f486f083ae7",
    "settings": {
      "fd_thres": 0.2,
      "testing": false
    },
    "software": "mriqc",
    "version": "23.1.0"
  },
  "size_t": 202,
  "size_x": 72,
  "size_y": 72,
  "size_z": 46,
  "snr": 2.628662711891714,
  "spacing_tr": 3.0,
  "spacing_x": 3.0,
  "spacing_y": 3.0,
  "spacing_z": 3.0,
  "summary_bg_k": 16.537739011403648,
  "summary_bg_mad": 62.57021699092493,
  "summary_bg_mean": 362.7753663187589,
  "summary_bg_median": 43.44059371948242,
  "summary_bg_n": 182694.0,
  "summary_bg_p05": 0.608910858631134,
  "summary_bg_p95": 1858.0643310546875,
  "summary_bg_stdv": 729.500155561841,
  "summary_fg_k": 1.8901593616206132,
  "summary_fg_mad": 1290.1792002493653,
  "summary_fg_mean": 4599.851075160643,
  "summary_fg_median": 4297.690673828125,
  "summary_fg_n": 55770.0,
  "summary_fg_p05": 2447.940673828125,
  "summary_fg_p95": 7846.2822265625,
  "summary_fg_stdv": 1634.9195823888049,
  "tsnr": 77.06649648793973
}