{
  "aor": 0.001599113300492611,
  "aqi": 0.010748760492610835,
  "bids_meta": {
    "EchoTime": 0.047,
    "RepetitionTime": 3.0,
    "SliceEncodingDirection": "k",
    "SliceTiming": [
      0.0,
      1.5,
      0.065,
      1.565,
      0.13,
      1.63,
      0.196,
      1.696,
      0.261,
      1.761,
      0.326,
      1.826,
      0.391,
      1.891,
      0.457,
      1.957,
      0.522,
      2.022,
      0.587,
      2.087,
      0.652,
      2.152,
      0.717,
      2.217,
      0.783,
      2.283,
      0.848,
      2.348,
      0.913,
      2.413,
      0.978,
      2.478,
      1.043,
      2.543,
      1.109,
      2.609,
      1.174,
      2.674,
      1.239,
      2.739,
      1.304,
      2.804,
      1.37,
      2.87,
      1.435,
      2.935
    ],
    "TaskName": "rest",
    "dataset": "ds003592",
    "modality": "bold",
    "session_id": "2",
    "subject_id": "114",
    "task_id": "rest"
  },
  "dummy_trs": 1,
  "dvars_nstd": 28.926868136435644,
  "dvars_std": 1.039052326881188,
  "dvars_vstd": 0.9452210631683167,
  "efc": 0.4002442667899525,
  "fber": 12839.1337890625,
  "fd_mean": 0.18914386835624752,
  "fd_num": 64,
  "fd_perc": 31.527093596059114,
  "fwhm_avg": 2.3751366666666667,
  "fwhm_x": 2.4467466666666664,
  "fwhm_y": 2.49279,
  "fwhm_z": 2.1858733333333333,
  "gcor": 0.0349115,
  "gsr_x": -0.015302324667572975,
  "gsr_y": 0.017989158630371094,
  "provenance": {
    "md5sum": "0e93f2acca8ad39f5e14d1da3c5d8ed9",
    "settings": {
      "fd_thres": 0.2,
      "testing": false
    },
    "software": "mriqc",
    "version": "23.1.0"
  },
  "size_t": 203,
  "size_x": 72,
  "size_y": 72,
  "size_z": 46,
  "snr": 3.071273863686271,
  "spacing_tr": 3.0,
  "spacing_x": 3.0,
  "spacing_y": 3.0,
  "spacing_z": 3.0,
  "summary_bg_k": 43.87108677653809,
  "summary_bg_mad": 27.48291735031469,
  "summary_bg_mean": 75.44451051489439,
  "summary_bg_median": 21.379310607910156,
  "summary_bg_n": 199017.0,
  "summary_bg_p05": 1.0738916397094727,
  "summary_bg_p95": 323.9704284667969,
  "summary_bg_stdv": 175.21290826213917,
  "summary_fg_k": 1.648735955723411,
  "summary_fg_mad": 719.3321006956772,
  "summary_fg_mean": 2487.8720890356262,
  "summary_fg_median": 2422.487548828125,
  "summary_fg_n": 39447.0,
  "summary_fg_p05": 1347.8226318359375,
  "summary_fg_p95": 3868.49755859375,
  "summary_fg_stdv": 788.7466082645974,
  "tsnr": 33.6508756771218
}