{
  "bids_meta": {
    "EchoTime": 0.0034,
    "FlipAngle": 7,
    "RepetitionTime": 2.53,
    "dataset": "ds003592",
    "modality": "T1w",
    "session_id": "1",
    "subject_id": "155"
  },
  "cjv": 0.6268155357440024,
  "cnr": 1.4861429303296052,
  "efc": 0.5756453292722864,
  "fber": -1.0,
  "fwhm_avg": 4.016793333333333,
  "fwhm_x": 4.05492,
  "fwhm_y": 4.06577,
  "fwhm_z": 3.92969,
  "icvs_csf": 0.2619995454063142,
  "icvs_gm": 0.3840275438983624,
  "icvs_wm": 0.3539729106953234,
  "inu_med": 0.7700127959251404,
  "inu_range": 0.6180478930473328,
  "provenance": {
    "md5sum": "003480c02c0fe282b7754156bdb41eec",
    "settings": {
      "testing": false
    },
    "software": "mriqc",
    "version": "23.1.0",
    "warnings": {
      "large_rot_frame": true,
      "small_air_mask": false
    }
  },
  "qi_1": 0.0,
  "qi_2": 0.0021013965032407687,
  "rpve_csf": 8.300785506144004,
  "rpve_gm": 8.179184311715936,
  "rpve_wm": 8.279634266770532,
  "size_x": 176,
  "size_y": 256,
  "size_z": 256,
  "snr_csf": 1.777811921778918,
  "snr_gm": 4.77136353304441,
  "snr_total": 4.927358165745606,
  "snr_wm": 8.23289904241349,
  "snrd_csf": 54.46095074078506,
  "snrd_gm": 94.63273711158608,
  "snrd_total": 93.90364916790111,
  "snrd_wm": 132.61725965133218,
  "spacing_x": 1.0,
  "spacing_y": 1.0,
  "spacing_z": 1.0,
  "summary_bg_k": 22.909659673228784,
  "summary_bg_mad": 0.0,
  "summary_bg_mean": 1.591252006886862,
  "summary_bg_median": 0.0,
  "summary_bg_n": 2976054.0,
  "summary_bg_p05": 0.0,
  "summary_bg_p95": 10.645557671785355,
  "summary_bg_stdv": 4.660250097060876,
  "summary_csf_k": -0.5396340324477702,
  "summary_csf_mad": 164.30640341271356,
  "summary_csf_mean": 395.479723297603,
  "summary_csf_median": 387.40276219695807,
  "summary_csf_n": 359054.9191671737,
  "summary_csf_p05": 62.16732717305422,
  "summary_csf_p95": 742.3911660984159,
  "summary_csf_stdv": 217.90956510928478,
  "summary_gm_k": -0.22648114220928806,
  "summary_gm_mad": 90.75298267315522,
  "summary_gm_mean": 681.9731386021251,
  "summary_gm_median": 673.1609208546579,
  "summary_gm_n": 526287.0915236011,
  "summary_gm_p05": 458.33902629837394,
  "summary_gm_p95": 951.9926429502666,
  "summary_gm_stdv": 141.08341916405854,
  "summary_wm_k": -0.29328434528152103,
  "summary_wm_mad": 78.61211542591036,
  "summary_wm_mean": 911.000398286473,
  "summary_wm_median": 943.3601875305176,
  "summary_wm_n": 485098.9899237265,
  "summary_wm_p05": 687.9009237848222,
  "summary_wm_p95": 1055.377385724336,
  "summary_wm_stdv": 114.58408639924853,
  "tpm_overlap_csf": 0.20366288819204806,
  "tpm_overlap_gm": 0.5290293290842104,
  "tpm_overlap_wm": 0.5290584359347935,
  "wm2max": 0.6042882433938758
}