{
  "aor": 0.0033497044334975367,
  "aqi": 0.005360648472906403,
  "bids_meta": {
    "EchoTime": 0.047,
    "RepetitionTime": 3.0,
    "SliceEncodingDirection": "k",
    "SliceTiming": [
      0.0,
      1.5,
      0.065,
      1.565,
      0.13,
      1.63,
      0.196,
      1.696,
      0.261,
      1.761,
      0.326,
      1.826,
      0.391,
      1.891,
      0.457,
      1.957,
      0.522,
      2.022,
      0.587,
      2.087,
      0.652,
      2.152,
      0.717,
      2.217,
      0.783,
      2.283,
      0.848,
      2.348,
      0.913,
      2.413,
      0.978,
      2.478,
      1.043,
      2.543,
      1.109,
      2.609,
      1.174,
      2.674,
      1.239,
      2.739,
      1.304,
      2.804,
      1.37,
      2.87,
      1.435,
      2.935
    ],
    "TaskName": "rest",
    "dataset": "ds003592",
    "modality": "bold",
    "session_id": "1",
    "subject_id": "60",
    "task_id": "rest"
  },
  "dummy_trs": 1,
  "dvars_nstd": 27.558847493415854,
  "dvars_std": 1.20924998569307,
  "dvars_vstd": 0.9855860710396038,
  "efc": 0.42285769162661246,
  "fber": 10998.8251953125,
  "fd_mean": 0.08942694558805689,
  "fd_num": 3,
  "fd_perc": 1.477832512315271,
  "fwhm_avg": 2.790515555555556,
  "fwhm_x": 2.7859933333333333,
  "fwhm_y": 2.8655500000000003,
  "fwhm_z": 2.720003333333333,
  "gcor": 0.0195855,
  "gsr_x": -0.012918458320200443,
  "gsr_y": 0.016413873061537743,
  "provenance": {
    "md5sum": "271330b7ad698f6717544d3c80d81e88",
    "settings": {
      "fd_thres": 0.2,
      "testing": false
    },
    "software": "mriqc",
    "version": "23.1.0"
  },
  "size_t": 203,
  "size_x": 72,
  "size_y": 72,
  "size_z": 46,
  "snr": 2.7667560490487584,
  "spacing_tr": 3.0,
  "spacing_x": 3.0,
  "spacing_y": 3.0,
  "spacing_z": 3.0,
  "summary_bg_k": 29.335648082894693,
  "summary_bg_mad": 30.506548128882102,
  "summary_bg_mean": 85.70798201840529,
  "summary_bg_median": 23.403940200805664,
  "summary_bg_n": 193546.0,
  "summary_bg_p05": 0.8866994976997375,
  "summary_bg_p95": 393.5714111328125,
  "summary_bg_stdv": 194.30510546314773,
  "summary_fg_k": 0.8003623541501548,
  "summary_fg_mad": 771.5265036996008,
  "summary_fg_mean": 2613.7630336726993,
  "summary_fg_median": 2454.4949951171875,
  "summary_fg_n": 44918.0,
  "summary_fg_p05": 1415.9852294921875,
  "summary_fg_p95": 4309.896484375,
  "summary_fg_stdv": 887.1283298922255,
  "tsnr": 46.52642185916193
}