{
  "bids_meta": {
    "EchoTime": 0.0034,
    "FlipAngle": 7,
    "RepetitionTime": 2.53,
    "dataset": "ds003592",
    "modality": "T1w",
    "session_id": "1",
    "subject_id": "236"
  },
  "cjv": 0.5997405124900486,
  "cnr": 1.6015393712065258,
  "efc": 0.6213990382753709,
  "fber": -1.0,
  "fwhm_avg": 3.947093333333333,
  "fwhm_x": 3.97496,
  "fwhm_y": 3.93872,
  "fwhm_z": 3.9276,
  "icvs_csf": 0.2524305392920857,
  "icvs_gm": 0.3873355133211146,
  "icvs_wm": 0.3602339473867997,
  "inu_med": 0.8255142271518707,
  "inu_range": 0.6174187332391734,
  "provenance": {
    "md5sum": "26e06061c02dcf543cd09950d9023999",
    "settings": {
      "testing": false
    },
    "software": "mriqc",
    "version": "23.1.0",
    "warnings": {
      "large_rot_frame": true,
      "small_air_mask": false
    }
  },
  "qi_1": 0.0,
  "qi_2": 0.002009107638292829,
  "rpve_csf": 6.837731886660626,
  "rpve_gm": 6.7375366540998805,
  "rpve_wm": 6.834492606858226,
  "size_x": 176,
  "size_y": 256,
  "size_z": 256,
  "snr_csf": 2.0003010898153675,
  "snr_gm": 5.627784903363682,
  "snr_total": 5.982947087736917,
  "snr_wm": 10.3207552700317,
  "snrd_csf": 19.201115557418145,
  "snrd_gm": 31.03195675856579,
  "snrd_total": 30.765479738169564,
  "snrd_wm": 42.06336689852477,
  "spacing_x": 1.0,
  "spacing_y": 1.0,
  "spacing_z": 1.0,
  "summary_bg_k": 6300.587529312806,
  "summary_bg_mad": 0.0,
  "summary_bg_mean": 2.4291993737892446,
  "summary_bg_median": 0.0,
  "summary_bg_n": 2913943.0,
  "summary_bg_p05": 0.0,
  "summary_bg_p95": 14.52602568268776,
  "summary_bg_stdv": 14.811743124953564,
  "summary_csf_k": -0.4429147936524709,
  "summary_csf_mad": 156.2001907693474,
  "summary_csf_mean": 436.8812740338951,
  "summary_csf_median": 434.1111123561859,
  "summary_csf_n": 418946.3447492549,
  "summary_csf_p05": 97.84196609258652,
  "summary_csf_p95": 773.5943505093455,
  "summary_csf_stdv": 217.02262547747108,
  "summary_gm_k": -0.5059540582075455,
  "summary_gm_mad": 84.8456662221772,
  "summary_gm_mean": 708.9443491238857,
  "summary_gm_median": 701.5903438925743,
  "summary_gm_n": 642841.3850104425,
  "summary_gm_p05": 511.24931770563126,
  "summary_gm_p95": 945.8195860460401,
  "summary_gm_stdv": 124.66535417483223,
  "summary_wm_k": 0.05521013722736834,
  "summary_wm_mad": 64.73272565163921,
  "summary_wm_mean": 932.9759063706099,
  "summary_wm_median": 950.9955262318254,
  "summary_wm_n": 597862.271084673,
  "summary_wm_p05": 750.5948098450899,
  "summary_wm_p95": 1056.8518513217568,
  "summary_wm_stdv": 92.14390865976164,
  "tpm_overlap_csf": 0.2364801483131792,
  "tpm_overlap_gm": 0.531306148583638,
  "tpm_overlap_wm": 0.5450420111580901,
  "wm2max": 0.5077444229012057
}