{
  "bids_meta": {
    "EchoTime": 0.0034,
    "FlipAngle": 7,
    "RepetitionTime": 2.53,
    "dataset": "ds003592",
    "modality": "T1w",
    "session_id": "1",
    "subject_id": "69"
  },
  "cjv": 0.8386642907276085,
  "cnr": 0.9537718021854635,
  "efc": 0.5869480335055767,
  "fber": 5618.751736111111,
  "fwhm_avg": 4.508733333333333,
  "fwhm_x": 4.57924,
  "fwhm_y": 4.5726,
  "fwhm_z": 4.37436,
  "icvs_csf": 0.2547645394403645,
  "icvs_gm": 0.3575826766722242,
  "icvs_wm": 0.3876527838874113,
  "inu_med": 0.9078390300273895,
  "inu_range": 0.9694226920604705,
  "provenance": {
    "md5sum": "85285787c615a39688240d12bebe73d3",
    "settings": {
      "testing": false
    },
    "software": "mriqc",
    "version": "23.1.0",
    "warnings": {
      "large_rot_frame": true,
      "small_air_mask": false
    }
  },
  "qi_1": 0.0,
  "qi_2": 0.0016263181239578946,
  "rpve_csf": 7.222633041971194,
  "rpve_gm": 7.062986120533231,
  "rpve_wm": 7.141323998762012,
  "size_x": 176,
  "size_y": 256,
  "size_z": 256,
  "snr_csf": 1.5682944504195402,
  "snr_gm": 3.4680180226996407,
  "snr_total": 4.440849743914236,
  "snr_wm": 8.286236758623527,
  "snrd_csf": 3.4214379619655593,
  "snrd_gm": 9.56867383432867,
  "snrd_total": 8.543329383319579,
  "snrd_wm": 12.639876353664505,
  "spacing_x": 1.0,
  "spacing_y": 1.0,
  "spacing_z": 1.0,
  "summary_bg_k": 859.5412909523301,
  "summary_bg_mad": 0.0,
  "summary_bg_mean": 6.737881592684407,
  "summary_bg_median": 0.0,
  "summary_bg_n": 2623004.0,
  "summary_bg_p05": 0.0,
  "summary_bg_p95": 25.13473056256771,
  "summary_bg_stdv": 49.13385969458833,
  "summary_csf_k": -0.41703937312194483,
  "summary_csf_mad": 122.13456660732372,
  "summary_csf_mean": 303.11224197248333,
  "summary_csf_median": 256.60069075226784,
  "summary_csf_n": 402332.3133058405,
  "summary_csf_p05": 105.61115616559982,
  "summary_csf_p95": 634.1198150217533,
  "summary_csf_stdv": 163.61747106351694,
  "summary_gm_k": 2.312075969545435,
  "summary_gm_mad": 88.42838055076709,
  "summary_gm_mean": 707.967812529728,
  "summary_gm_median": 717.6305234134197,
  "summary_gm_n": 564706.0058658866,
  "summary_gm_p05": 301.5714789479971,
  "summary_gm_p95": 1038.4040307551622,
  "summary_gm_stdv": 206.9279580769365,
  "summary_wm_k": -0.5892228724376745,
  "summary_wm_mad": 104.74432320364211,
  "summary_wm_mean": 931.4058782108568,
  "summary_wm_median": 947.9642885327339,
  "summary_wm_n": 612193.6814419957,
  "summary_wm_p05": 729.1789131313562,
  "summary_wm_p95": 1099.0443987250328,
  "summary_wm_stdv": 114.40217578990416,
  "tpm_overlap_csf": 0.1991214814194195,
  "tpm_overlap_gm": 0.49564557929495945,
  "tpm_overlap_wm": 0.5330220823365358,
  "wm2max": 0.3634101437733045
}