{
  "aor": 0.002023004926108374,
  "aqi": 0.0067092925615763535,
  "bids_meta": {
    "EchoTime": 0.047,
    "RepetitionTime": 3.0,
    "SliceEncodingDirection": "k",
    "SliceTiming": [
      0.0,
      1.5,
      0.065,
      1.565,
      0.13,
      1.63,
      0.196,
      1.696,
      0.261,
      1.761,
      0.326,
      1.826,
      0.391,
      1.891,
      0.457,
      1.957,
      0.522,
      2.022,
      0.587,
      2.087,
      0.652,
      2.152,
      0.717,
      2.217,
      0.783,
      2.283,
      0.848,
      2.348,
      0.913,
      2.413,
      0.978,
      2.478,
      1.043,
      2.543,
      1.109,
      2.609,
      1.174,
      2.674,
      1.239,
      2.739,
      1.304,
      2.804,
      1.37,
      2.87,
      1.435,
      2.935
    ],
    "TaskName": "rest",
    "dataset": "ds003592",
    "modality": "bold",
    "session_id": "1",
    "subject_id": "80",
    "task_id": "rest"
  },
  "dummy_trs": 1,
  "dvars_nstd": 28.182265707029714,
  "dvars_std": 1.0985679587623758,
  "dvars_vstd": 0.980452953564357,
  "efc": 0.44642103608257,
  "fber": 8638.50390625,
  "fd_mean": 0.1304864702476532,
  "fd_num": 30,
  "fd_perc": 14.77832512315271,
  "fwhm_avg": 2.6430255555555555,
  "fwhm_x": 2.6434833333333336,
  "fwhm_y": 2.73054,
  "fwhm_z": 2.5550533333333334,
  "gcor": 0.0194406,
  "gsr_x": 0.0042195068672299385,
  "gsr_y": 0.028992168605327606,
  "provenance": {
    "md5sum": "0627b29a377f2bbff44cfda5528ced3d",
    "settings": {
      "fd_thres": 0.2,
      "testing": false
    },
    "software": "mriqc",
    "version": "23.1.0"
  },
  "size_t": 203,
  "size_x": 72,
  "size_y": 72,
  "size_z": 46,
  "snr": 2.842266616206178,
  "spacing_tr": 3.0,
  "spacing_x": 3.0,
  "spacing_y": 3.0,
  "spacing_z": 3.0,
  "summary_bg_k": 19.461372056820647,
  "summary_bg_mad": 33.245345852939124,
  "summary_bg_mean": 97.7688690097029,
  "summary_bg_median": 24.522167205810547,
  "summary_bg_n": 190758.0,
  "summary_bg_p05": 0.5615763664245605,
  "summary_bg_p95": 507.9901428222656,
  "summary_bg_stdv": 209.64558947290303,
  "summary_fg_k": 1.2236841474182745,
  "summary_fg_mad": 684.7395269478948,
  "summary_fg_mean": 2402.0841144489723,
  "summary_fg_median": 2279.17724609375,
  "summary_fg_n": 47706.0,
  "summary_fg_p05": 1281.3004150390625,
  "summary_fg_p95": 3938.4384765625,
  "summary_fg_stdv": 801.8788051870675,
  "tsnr": 40.47700973646715
}