{
  "bids_meta": {
    "EchoTime": 0.00252,
    "FlipAngle": 9,
    "RepetitionTime": 1.9,
    "dataset": "ds003592",
    "modality": "T1w",
    "session_id": "1",
    "subject_id": "288"
  },
  "cjv": 0.8185129196272362,
  "cnr": 0.9903311053321757,
  "efc": 0.5028158268469785,
  "fber": -1.0,
  "fwhm_avg": 4.323986666666666,
  "fwhm_x": 4.33767,
  "fwhm_y": 4.41018,
  "fwhm_z": 4.22411,
  "icvs_csf": 0.26440458807332357,
  "icvs_gm": 0.34768177782162973,
  "icvs_wm": 0.38791363410504665,
  "inu_med": 0.45081114768981934,
  "inu_range": 0.15064806938171388,
  "provenance": {
    "md5sum": "e4c1e1efd3574920f6ba341134ee0242",
    "settings": {
      "testing": false
    },
    "software": "mriqc",
    "version": "23.1.0",
    "warnings": {
      "large_rot_frame": true,
      "small_air_mask": false
    }
  },
  "qi_1": 0.0,
  "qi_2": 0.0015308654544830362,
  "rpve_csf": 8.024522882599397,
  "rpve_gm": 7.8768631179874316,
  "rpve_wm": 7.949870780100583,
  "size_x": 192,
  "size_y": 256,
  "size_z": 256,
  "snr_csf": 2.72009389575214,
  "snr_gm": 4.965210619495185,
  "snr_total": 6.67210571584117,
  "snr_wm": 12.331012632276185,
  "snrd_csf": 27.395999617620912,
  "snrd_gm": 54.79478564691978,
  "snrd_total": 49.72816041251097,
  "snrd_wm": 66.99369597299223,
  "spacing_x": 1.0,
  "spacing_y": 1.0,
  "spacing_z": 1.0,
  "summary_bg_k": 6115.250434152217,
  "summary_bg_mad": 0.0,
  "summary_bg_mean": 1.9698231307447063,
  "summary_bg_median": 0.0,
  "summary_bg_n": 4847562.0,
  "summary_bg_p05": 0.0,
  "summary_bg_p95": 9.297561302781105,
  "summary_bg_stdv": 9.262825783902851,
  "summary_csf_k": 0.7449980177589302,
  "summary_csf_mad": 100.11346912851866,
  "summary_csf_mean": 421.60539746052405,
  "summary_csf_median": 387.3458590209484,
  "summary_csf_n": 410715.2463668409,
  "summary_csf_p05": 251.38872319087386,
  "summary_csf_p95": 700.7445885278285,
  "summary_csf_stdv": 142.40147668254588,
  "summary_gm_k": 2.944185360872879,
  "summary_gm_mad": 69.1565621051144,
  "summary_gm_mean": 762.2999704839331,
  "summary_gm_median": 774.731114488095,
  "summary_gm_n": 540074.6185072693,
  "summary_gm_p05": 464.2871184460819,
  "summary_gm_p95": 1004.0578278079629,
  "summary_gm_stdv": 156.0317288860581,
  "summary_wm_k": -0.713945895789128,
  "summary_wm_mad": 72.01861577331593,
  "summary_wm_mean": 933.7337797028487,
  "summary_wm_median": 947.2087559439242,
  "summary_wm_n": 602569.1345277575,
  "summary_wm_p05": 794.5475269258022,
  "summary_wm_p95": 1040.499540541321,
  "summary_wm_stdv": 76.81510012317477,
  "tpm_overlap_csf": 0.1922890633516988,
  "tpm_overlap_gm": 0.48575703438169443,
  "tpm_overlap_wm": 0.5200798229808561,
  "wm2max": 0.39388280008518867
}