{
  "aor": 0.002279158415841584,
  "aqi": 0.003819654554455446,
  "bids_meta": {
    "EchoTime": 0.0137,
    "RepetitionTime": 3.0,
    "SliceEncodingDirection": "k",
    "SliceTiming": [
      0.0,
      1.5,
      0.065,
      1.565,
      0.13,
      1.63,
      0.196,
      1.696,
      0.261,
      1.761,
      0.326,
      1.826,
      0.391,
      1.891,
      0.457,
      1.957,
      0.522,
      2.022,
      0.587,
      2.087,
      0.652,
      2.152,
      0.717,
      2.217,
      0.783,
      2.283,
      0.848,
      2.348,
      0.913,
      2.413,
      0.978,
      2.478,
      1.043,
      2.543,
      1.109,
      2.609,
      1.174,
      2.674,
      1.239,
      2.739,
      1.304,
      2.804,
      1.37,
      2.87,
      1.435,
      2.935
    ],
    "TaskName": "rest",
    "dataset": "ds003592",
    "modality": "bold",
    "session_id": "2",
    "subject_id": "121",
    "task_id": "rest"
  },
  "dummy_trs": 2,
  "dvars_nstd": 19.678053457512448,
  "dvars_std": 1.174084132288557,
  "dvars_vstd": 0.9912048866666658,
  "efc": 0.5354104879976782,
  "fber": 2742.877685546875,
  "fd_mean": 0.23678415275690196,
  "fd_num": 110,
  "fd_perc": 54.45544554455446,
  "fwhm_avg": 3.2176788888888894,
  "fwhm_x": 2.8051100000000004,
  "fwhm_y": 3.2415933333333338,
  "fwhm_z": 3.6063333333333336,
  "gcor": 0.0227657,
  "gsr_x": 0.014088297262787819,
  "gsr_y": 0.05978572368621826,
  "provenance": {
    "md5sum": "d839f0f98d9cff1b53c7e786ccab0b66",
    "settings": {
      "fd_thres": 0.2,
      "testing": false
    },
    "software": "mriqc",
    "version": "23.1.0"
  },
  "size_t": 202,
  "size_x": 72,
  "size_y": 72,
  "size_z": 46,
  "snr": 2.890269484812677,
  "spacing_tr": 3.0,
  "spacing_x": 3.0,
  "spacing_y": 3.0,
  "spacing_z": 3.0,
  "summary_bg_k": 11.65997236985573,
  "summary_bg_mad": 131.54057930941815,
  "summary_bg_mean": 523.4785047532024,
  "summary_bg_median": 90.69306945800781,
  "summary_bg_n": 185377.0,
  "summary_bg_p05": 0.8465346693992615,
  "summary_bg_p95": 2573.009765625,
  "summary_bg_stdv": 992.0298674696348,
  "summary_fg_k": 1.1243989075316607,
  "summary_fg_mad": 1424.1422284893904,
  "summary_fg_mean": 4996.909971685537,
  "summary_fg_median": 4749.82177734375,
  "summary_fg_n": 53087.0,
  "summary_fg_p05": 2710.17822265625,
  "summary_fg_p95": 8138.5693359375,
  "summary_fg_stdv": 1643.3682277334108,
  "tsnr": 77.69033656222746
}