{
  "bids_meta": {
    "EchoTime": 0.0034,
    "FlipAngle": 7,
    "RepetitionTime": 2.53,
    "dataset": "ds003592",
    "modality": "T1w",
    "session_id": "1",
    "subject_id": "117"
  },
  "cjv": 0.6782717002173472,
  "cnr": 1.295977830716037,
  "efc": 0.602806640301194,
  "fber": -1.0,
  "fwhm_avg": 4.364916666666667,
  "fwhm_x": 4.39683,
  "fwhm_y": 4.47975,
  "fwhm_z": 4.21817,
  "icvs_csf": 0.26507565018418655,
  "icvs_gm": 0.3677007525918548,
  "icvs_wm": 0.3672235972239586,
  "inu_med": 0.8577778935432434,
  "inu_range": 0.7106701433658598,
  "provenance": {
    "md5sum": "ebd234a385ecbe0605ed4f0c35414877",
    "settings": {
      "testing": false
    },
    "software": "mriqc",
    "version": "23.1.0",
    "warnings": {
      "large_rot_frame": true,
      "small_air_mask": false
    }
  },
  "qi_1": 0.0,
  "qi_2": 0.002210845440178266,
  "rpve_csf": 7.069391605817024,
  "rpve_gm": 6.941735152999466,
  "rpve_wm": 7.016485845345,
  "size_x": 176,
  "size_y": 256,
  "size_z": 256,
  "snr_csf": 1.5798253545904963,
  "snr_gm": 4.375616256970563,
  "snr_total": 5.261270186144238,
  "snr_wm": 9.828368946871656,
  "snrd_csf": 22.962323054171968,
  "snrd_gm": 57.45147403020231,
  "snrd_total": 52.573043305896675,
  "snrd_wm": 77.30533283331575,
  "spacing_x": 1.0,
  "spacing_y": 1.0,
  "spacing_z": 1.0,
  "summary_bg_k": 3932.2889209123846,
  "summary_bg_mad": 0.0,
  "summary_bg_mean": 2.548532505252769,
  "summary_bg_median": 0.0,
  "summary_bg_n": 2503422.0,
  "summary_bg_p05": 0.0,
  "summary_bg_p95": 15.214521452784538,
  "summary_bg_stdv": 8.199247530301987,
  "summary_csf_k": -0.6574331337072223,
  "summary_csf_mad": 150.77014199287703,
  "summary_csf_mean": 331.5706033005373,
  "summary_csf_median": 287.3810256794095,
  "summary_csf_n": 427788.3620112593,
  "summary_csf_p05": 102.28415329009295,
  "summary_csf_p95": 680.987790517509,
  "summary_csf_stdv": 181.90661958461556,
  "summary_gm_k": -0.058806778360203094,
  "summary_gm_mad": 92.68273069794688,
  "summary_gm_mean": 721.9684091834037,
  "summary_gm_median": 719.0240941494703,
  "summary_gm_n": 593408.3441926071,
  "summary_gm_p05": 443.5072419345379,
  "summary_gm_p95": 1006.4445356875658,
  "summary_gm_stdv": 164.3250792756766,
  "summary_wm_k": -0.2192735405082633,
  "summary_wm_mad": 75.85257531269549,
  "summary_wm_mean": 948.7219469549698,
  "summary_wm_median": 967.5016673058271,
  "summary_wm_n": 592638.294159285,
  "summary_wm_p05": 760.4501616284251,
  "summary_wm_p95": 1084.566767603159,
  "summary_wm_stdv": 98.43961457580973,
  "tpm_overlap_csf": 0.20343746200791696,
  "tpm_overlap_gm": 0.5231564666949331,
  "tpm_overlap_wm": 0.559252523134418,
  "wm2max": 0.4900982767243163
}