{
  "aor": 0.0014445,
  "aqi": 0.0025337917499999997,
  "bids_meta": {
    "EchoTime": 0.014,
    "RepetitionTime": 3,
    "SliceEncodingDirection": "k",
    "SliceTiming": [
      0,
      1.5425,
      0.07,
      1.6125,
      0.14,
      1.6825,
      0.21,
      1.7525,
      0.28,
      1.8225,
      0.35,
      1.8925,
      0.42,
      1.9625,
      0.49,
      2.0325,
      0.56,
      2.1025,
      0.63,
      2.1725,
      0.7,
      2.2425,
      0.77,
      2.3125,
      0.84,
      2.3825,
      0.91,
      2.4525,
      0.98,
      2.5225,
      1.05,
      2.5925,
      1.12,
      2.6625,
      1.19,
      2.7325,
      1.26,
      2.8025,
      1.33,
      2.8725,
      1.4,
      2.9425,
      1.47
    ],
    "TaskName": "rest",
    "dataset": "ds003592",
    "modality": "bold",
    "session_id": "2",
    "subject_id": "270",
    "task_id": "rest"
  },
  "dummy_trs": 0,
  "dvars_nstd": 22.3103744179397,
  "dvars_std": 1.2701593815577887,
  "dvars_vstd": 0.9727499412562813,
  "efc": 0.5160985951145489,
  "fber": 1771.68505859375,
  "fd_mean": 0.05412113480791035,
  "fd_num": 9,
  "fd_perc": 4.5,
  "fwhm_avg": 2.632985925925926,
  "fwhm_x": 2.4299348148148145,
  "fwhm_y": 2.515762962962963,
  "fwhm_z": 2.95326,
  "gcor": 0.023554,
  "gsr_x": -0.0061635165475308895,
  "gsr_y": 0.056876085698604584,
  "provenance": {
    "md5sum": "7153dea1ed7d3b602dca19243d4b53ad",
    "settings": {
      "fd_thres": 0.2,
      "testing": false
    },
    "software": "mriqc",
    "version": "23.1.0"
  },
  "size_t": 200,
  "size_x": 64,
  "size_y": 64,
  "size_z": 43,
  "snr": 3.2427540295636246,
  "spacing_tr": 3.0,
  "spacing_x": 3.375,
  "spacing_y": 3.375,
  "spacing_z": 3.0,
  "summary_bg_k": 21.91480226728232,
  "summary_bg_mad": 15.270801719471974,
  "summary_bg_mean": 65.87105369138888,
  "summary_bg_median": 18.98499870300293,
  "summary_bg_n": 138927.0,
  "summary_bg_p05": 7.84499979019165,
  "summary_bg_p95": 303.2049865722656,
  "summary_bg_stdv": 115.90782877793443,
  "summary_fg_k": 0.9711542496580647,
  "summary_fg_mad": 223.89519574542942,
  "summary_fg_mean": 830.2098253070211,
  "summary_fg_median": 799.10498046875,
  "summary_fg_n": 37201.0,
  "summary_fg_p05": 466.79998779296875,
  "summary_fg_p95": 1275.06494140625,
  "summary_fg_stdv": 246.42456157381898,
  "tsnr": 85.15592133253813
}