{
  "aor": 0.003739704433497537,
  "aqi": 0.0045827175369458125,
  "bids_meta": {
    "EchoTime": 0.0137,
    "RepetitionTime": 3.0,
    "SliceEncodingDirection": "k",
    "SliceTiming": [
      0.0,
      1.5,
      0.065,
      1.565,
      0.13,
      1.63,
      0.196,
      1.696,
      0.261,
      1.761,
      0.326,
      1.826,
      0.391,
      1.891,
      0.457,
      1.957,
      0.522,
      2.022,
      0.587,
      2.087,
      0.652,
      2.152,
      0.717,
      2.217,
      0.783,
      2.283,
      0.848,
      2.348,
      0.913,
      2.413,
      0.978,
      2.478,
      1.043,
      2.543,
      1.109,
      2.609,
      1.174,
      2.674,
      1.239,
      2.739,
      1.304,
      2.804,
      1.37,
      2.87,
      1.435,
      2.935
    ],
    "TaskName": "rest",
    "dataset": "ds003592",
    "modality": "bold",
    "session_id": "1",
    "subject_id": "04",
    "task_id": "rest"
  },
  "dummy_trs": 1,
  "dvars_nstd": 18.03008094118811,
  "dvars_std": 1.1364963596534654,
  "dvars_vstd": 0.9602715564356429,
  "efc": 0.5503970992217438,
  "fber": 3801.248046875,
  "fd_mean": 0.13161104234038842,
  "fd_num": 37,
  "fd_perc": 18.226600985221676,
  "fwhm_avg": 3.355846666666667,
  "fwhm_x": 2.9346933333333336,
  "fwhm_y": 3.2810466666666667,
  "fwhm_z": 3.8518000000000003,
  "gcor": 0.0111216,
  "gsr_x": -0.018742959946393967,
  "gsr_y": 0.09331832081079483,
  "provenance": {
    "md5sum": "c170d6afb1a9dc1c0e202f46feed1f89",
    "settings": {
      "fd_thres": 0.2,
      "testing": false
    },
    "software": "mriqc",
    "version": "23.1.0"
  },
  "size_t": 203,
  "size_x": 72,
  "size_y": 72,
  "size_z": 46,
  "snr": 2.780606565346617,
  "spacing_tr": 3.0,
  "spacing_x": 3.0,
  "spacing_y": 3.0,
  "spacing_z": 3.0,
  "summary_bg_k": 9.788866979516866,
  "summary_bg_mad": 109.09177072558812,
  "summary_bg_mean": 528.1119513123551,
  "summary_bg_median": 74.77339935302734,
  "summary_bg_n": 180151.0,
  "summary_bg_p05": 0.5221675038337708,
  "summary_bg_p95": 2632.487548828125,
  "summary_bg_stdv": 988.1051007175229,
  "summary_fg_k": 0.9072382121830356,
  "summary_fg_mad": 1457.302422444892,
  "summary_fg_mean": 4870.324547669595,
  "summary_fg_median": 4610.0986328125,
  "summary_fg_n": 58313.0,
  "summary_fg_p05": 2554.408935546875,
  "summary_fg_p95": 8031.7041015625,
  "summary_fg_stdv": 1657.9328989531373,
  "tsnr": 65.00027805473655
}