{
  "bids_meta": {
    "EchoTime": 0.0034,
    "FlipAngle": 7,
    "RepetitionTime": 2.53,
    "dataset": "ds003592",
    "modality": "T1w",
    "session_id": "1",
    "subject_id": "40"
  },
  "cjv": 0.5422349843821581,
  "cnr": 1.9773665308914579,
  "efc": 0.6346891191002747,
  "fber": 9764.911659970781,
  "fwhm_avg": 4.39953,
  "fwhm_x": 4.44684,
  "fwhm_y": 4.45432,
  "fwhm_z": 4.29743,
  "icvs_csf": 0.2576682046402285,
  "icvs_gm": 0.38846886659381397,
  "icvs_wm": 0.3538629287659576,
  "inu_med": 0.7169232368469238,
  "inu_range": 0.5963483929634094,
  "provenance": {
    "md5sum": "345eb3629b8d6ee11d2bea42596b4749",
    "settings": {
      "testing": false
    },
    "software": "mriqc",
    "version": "23.1.0",
    "warnings": {
      "large_rot_frame": true,
      "small_air_mask": false
    }
  },
  "qi_1": 0.0,
  "qi_2": 0.0010136570511463834,
  "rpve_csf": 7.4159116575825355,
  "rpve_gm": 7.349928367040016,
  "rpve_wm": 7.446211471942693,
  "size_x": 176,
  "size_y": 256,
  "size_z": 256,
  "snr_csf": 1.9744607849609013,
  "snr_gm": 5.904299070658903,
  "snr_total": 6.870835268916825,
  "snr_wm": 12.73374595113067,
  "snrd_csf": 49.82799867421574,
  "snrd_gm": 82.91807268712913,
  "snrd_total": 82.93119429630231,
  "snrd_wm": 116.04751152756205,
  "spacing_x": 1.0,
  "spacing_y": 1.0,
  "spacing_z": 1.0,
  "summary_bg_k": 15.832324365310662,
  "summary_bg_mad": 0.0,
  "summary_bg_mean": 2.037194003370154,
  "summary_bg_median": 0.0,
  "summary_bg_n": 3044403.0,
  "summary_bg_p05": 0.0,
  "summary_bg_p95": 13.714512683451176,
  "summary_bg_stdv": 5.513195796814058,
  "summary_csf_k": -0.6349268193656967,
  "summary_csf_mad": 164.97369014146966,
  "summary_csf_mean": 426.88367644567364,
  "summary_csf_median": 419.31956895440817,
  "summary_csf_n": 395069.7749961597,
  "summary_csf_p05": 104.44893355295062,
  "summary_csf_p95": 764.5012649968266,
  "summary_csf_stdv": 212.37141879819882,
  "summary_gm_k": -0.7470406348841099,
  "summary_gm_mad": 92.87444121986279,
  "summary_gm_mean": 704.153465582358,
  "summary_gm_median": 697.783804744482,
  "summary_gm_n": 595619.8900540264,
  "summary_gm_p05": 520.2570572309196,
  "summary_gm_p95": 923.1788392812014,
  "summary_gm_stdv": 118.18222800554828,
  "summary_wm_k": -0.0867598171961026,
  "summary_wm_mad": 58.298234652552686,
  "summary_wm_mean": 963.6991017546716,
  "summary_wm_median": 976.5793089568615,
  "summary_wm_n": 542560.3358483702,
  "summary_wm_p05": 812.7670741267502,
  "summary_wm_p95": 1069.0031987801194,
  "summary_wm_stdv": 76.69215427505296,
  "tpm_overlap_csf": 0.2195600421745482,
  "tpm_overlap_gm": 0.5369984193327754,
  "tpm_overlap_wm": 0.5420301233754775,
  "wm2max": 0.5997416614827047
}