{
  "aor": 0.00217865,
  "aqi": 0.0071253808,
  "bids_meta": {
    "EchoTime": 0.04592,
    "RepetitionTime": 3,
    "SliceEncodingDirection": "k",
    "SliceTiming": [
      0,
      1.54,
      0.07,
      1.61,
      0.14,
      1.68,
      0.21,
      1.75,
      0.28,
      1.82,
      0.35,
      1.89,
      0.42,
      1.96,
      0.49,
      2.03,
      0.56,
      2.1,
      0.63,
      2.17,
      0.7,
      2.24,
      0.77,
      2.31,
      0.84,
      2.38,
      0.91,
      2.45,
      0.98,
      2.52,
      1.05,
      2.5925,
      1.12,
      2.6625,
      1.19,
      2.7325,
      1.26,
      2.8025,
      1.33,
      2.8725,
      1.4,
      2.9425,
      1.47
    ],
    "TaskName": "rest",
    "dataset": "ds003592",
    "modality": "bold",
    "session_id": "2",
    "subject_id": "299",
    "task_id": "rest"
  },
  "dummy_trs": 0,
  "dvars_nstd": 35.91492561814071,
  "dvars_std": 1.1395532321608037,
  "dvars_vstd": 0.9707061900000002,
  "efc": 0.4609845654163602,
  "fber": 836.0493774414062,
  "fd_mean": 0.19777821250578334,
  "fd_num": 77,
  "fd_perc": 38.5,
  "fwhm_avg": 2.5086933333333334,
  "fwhm_x": 2.4348651851851852,
  "fwhm_y": 2.521294814814815,
  "fwhm_z": 2.56992,
  "gcor": 0.0173653,
  "gsr_x": -0.014890237711369991,
  "gsr_y": 0.057817719876766205,
  "provenance": {
    "md5sum": "51135f5152571c21f1b49d8b2f7f3a21",
    "settings": {
      "fd_thres": 0.2,
      "testing": false
    },
    "software": "mriqc",
    "version": "23.1.0"
  },
  "size_t": 200,
  "size_x": 64,
  "size_y": 64,
  "size_z": 43,
  "snr": 1.4851849041675598,
  "spacing_tr": 3.0,
  "spacing_x": 3.375,
  "spacing_y": 3.375,
  "spacing_z": 3.0,
  "summary_bg_k": 80.57880571480246,
  "summary_bg_mad": 9.748109303890402,
  "summary_bg_mean": 33.626077498206755,
  "summary_bg_median": 17.2549991607666,
  "summary_bg_n": 136383.0,
  "summary_bg_p05": 8.934999465942383,
  "summary_bg_p95": 121.54999542236328,
  "summary_bg_stdv": 50.036300063587674,
  "summary_fg_k": 7.9212356955783925,
  "summary_fg_mad": 211.02617410227472,
  "summary_fg_mean": 593.3245453459734,
  "summary_fg_median": 498.91998291015625,
  "summary_fg_n": 39745.0,
  "summary_fg_p05": 267.69000244140625,
  "summary_fg_p95": 1248.2349853515625,
  "summary_fg_stdv": 335.9269980176381,
  "tsnr": 35.4733075783588
}