{
  "aor": 0.004812772277227723,
  "aqi": 0.005974933069306931,
  "bids_meta": {
    "EchoTime": 0.0137,
    "RepetitionTime": 3.0,
    "SliceEncodingDirection": "k",
    "SliceTiming": [
      0.0,
      1.5,
      0.065,
      1.565,
      0.13,
      1.63,
      0.196,
      1.696,
      0.261,
      1.761,
      0.326,
      1.826,
      0.391,
      1.891,
      0.457,
      1.957,
      0.522,
      2.022,
      0.587,
      2.087,
      0.652,
      2.152,
      0.717,
      2.217,
      0.783,
      2.283,
      0.848,
      2.348,
      0.913,
      2.413,
      0.978,
      2.478,
      1.043,
      2.543,
      1.109,
      2.609,
      1.174,
      2.674,
      1.239,
      2.739,
      1.304,
      2.804,
      1.37,
      2.87,
      1.435,
      2.935
    ],
    "TaskName": "rest",
    "dataset": "ds003592",
    "modality": "bold",
    "session_id": "2",
    "subject_id": "90",
    "task_id": "rest"
  },
  "dummy_trs": 2,
  "dvars_nstd": 45.16645448592036,
  "dvars_std": 1.1845389771641797,
  "dvars_vstd": 1.01829521159204,
  "efc": 0.5398875383839624,
  "fber": 9836.0625,
  "fd_mean": 0.3848677722460156,
  "fd_num": 164,
  "fd_perc": 81.18811881188118,
  "fwhm_avg": 3.2995433333333337,
  "fwhm_x": 2.89832,
  "fwhm_y": 3.3087433333333336,
  "fwhm_z": 3.6915666666666667,
  "gcor": 0.0821283,
  "gsr_x": -0.017712915316224098,
  "gsr_y": 0.09847142547369003,
  "provenance": {
    "md5sum": "0f5235b22e463ea9624a942bac7e44a8",
    "settings": {
      "fd_thres": 0.2,
      "testing": false
    },
    "software": "mriqc",
    "version": "23.1.0"
  },
  "size_t": 202,
  "size_x": 72,
  "size_y": 72,
  "size_z": 46,
  "snr": 2.817367959339787,
  "spacing_tr": 3.0,
  "spacing_x": 3.0,
  "spacing_y": 3.0,
  "spacing_z": 3.0,
  "summary_bg_k": 10.033969994050361,
  "summary_bg_mad": 67.76666618003482,
  "summary_bg_mean": 468.98308597958203,
  "summary_bg_median": 47.00495147705078,
  "summary_bg_n": 177883.0,
  "summary_bg_p05": 0.7277227640151978,
  "summary_bg_p95": 2653.47021484375,
  "summary_bg_stdv": 979.4139739131614,
  "summary_fg_k": 0.9340621126398672,
  "summary_fg_mad": 1454.5652549702,
  "summary_fg_mean": 4906.86044000558,
  "summary_fg_median": 4661.806640625,
  "summary_fg_n": 60581.0,
  "summary_fg_p05": 2573.9306640625,
  "summary_fg_p95": 8029.2080078125,
  "summary_fg_stdv": 1654.653645505399,
  "tsnr": 43.42606660630554
}