{
  "bids_meta": {
    "EchoTime": 0.0034,
    "FlipAngle": 7,
    "RepetitionTime": 2.53,
    "dataset": "ds003592",
    "modality": "T1w",
    "session_id": "1",
    "subject_id": "162"
  },
  "cjv": 0.5414529440371388,
  "cnr": 1.999786773238207,
  "efc": 0.5502240047880304,
  "fber": -1.0,
  "fwhm_avg": 4.252070000000001,
  "fwhm_x": 4.25036,
  "fwhm_y": 4.37734,
  "fwhm_z": 4.12851,
  "icvs_csf": 0.25459844573732626,
  "icvs_gm": 0.392636490154582,
  "icvs_wm": 0.35276506410809166,
  "inu_med": 0.751956582069397,
  "inu_range": 0.6372543215751649,
  "provenance": {
    "md5sum": "cde990964347428692763086eb0c8bce",
    "settings": {
      "testing": false
    },
    "software": "mriqc",
    "version": "23.1.0",
    "warnings": {
      "large_rot_frame": true,
      "small_air_mask": false
    }
  },
  "qi_1": 0.0,
  "qi_2": 0.0006202868881514385,
  "rpve_csf": 8.085393453264782,
  "rpve_gm": 8.020251868422887,
  "rpve_wm": 8.11606817090733,
  "size_x": 176,
  "size_y": 256,
  "size_z": 256,
  "snr_csf": 2.0209955863698505,
  "snr_gm": 6.383631129675552,
  "snr_total": 6.839821510689507,
  "snr_wm": 12.114837816023117,
  "snrd_csf": 43.442493209269166,
  "snrd_gm": 68.96595435717373,
  "snrd_total": 69.39240818959499,
  "snrd_wm": 95.76877700234208,
  "spacing_x": 1.0,
  "spacing_y": 1.0,
  "spacing_z": 1.0,
  "summary_bg_k": 9.101266086940623,
  "summary_bg_mad": 0.0,
  "summary_bg_mean": 3.2767878341372483,
  "summary_bg_median": 0.0,
  "summary_bg_n": 2599875.0,
  "summary_bg_p05": 0.0,
  "summary_bg_p95": 17.148416239768267,
  "summary_bg_stdv": 6.663879496430041,
  "summary_csf_k": -0.4965756106909085,
  "summary_csf_mad": 154.16850614611295,
  "summary_csf_mean": 441.8869281465562,
  "summary_csf_median": 441.88590310513973,
  "summary_csf_n": 358357.49646073557,
  "summary_csf_p05": 88.33664062991738,
  "summary_csf_p95": 779.4624090828001,
  "summary_csf_stdv": 218.64732884203164,
  "summary_gm_k": -0.7037225494275576,
  "summary_gm_mad": 87.27199646165926,
  "summary_gm_mean": 705.7839297425668,
  "summary_gm_median": 701.504006177187,
  "summary_gm_n": 552651.5655798359,
  "summary_gm_p05": 531.4792834594846,
  "summary_gm_p95": 901.8121022544801,
  "summary_gm_stdv": 109.89096287921113,
  "summary_wm_k": -0.1841972963470484,
  "summary_wm_mad": 60.34509948175337,
  "summary_wm_mean": 959.383615173827,
  "summary_wm_median": 974.135446395725,
  "summary_wm_n": 496530.938539241,
  "summary_wm_p05": 800.3810444958508,
  "summary_wm_p95": 1068.0260658077896,
  "summary_wm_stdv": 80.40837857238999,
  "tpm_overlap_csf": 0.22124237714401807,
  "tpm_overlap_gm": 0.5402174438896924,
  "tpm_overlap_wm": 0.5488480290299921,
  "wm2max": 0.531039359985856
}