{
  "aor": 0.0015197044334975369,
  "aqi": 0.00622374,
  "bids_meta": {
    "EchoTime": 0.047,
    "RepetitionTime": 3.0,
    "SliceEncodingDirection": "k",
    "SliceTiming": [
      0.0,
      1.5,
      0.065,
      1.565,
      0.13,
      1.63,
      0.196,
      1.696,
      0.261,
      1.761,
      0.326,
      1.826,
      0.391,
      1.891,
      0.457,
      1.957,
      0.522,
      2.022,
      0.587,
      2.087,
      0.652,
      2.152,
      0.717,
      2.217,
      0.783,
      2.283,
      0.848,
      2.348,
      0.913,
      2.413,
      0.978,
      2.478,
      1.043,
      2.543,
      1.109,
      2.609,
      1.174,
      2.674,
      1.239,
      2.739,
      1.304,
      2.804,
      1.37,
      2.87,
      1.435,
      2.935
    ],
    "TaskName": "rest",
    "dataset": "ds003592",
    "modality": "bold",
    "session_id": "1",
    "subject_id": "218",
    "task_id": "rest"
  },
  "dummy_trs": 1,
  "dvars_nstd": 23.16596808321782,
  "dvars_std": 1.024439421188119,
  "dvars_vstd": 0.9565299614851485,
  "efc": 0.45793143248965906,
  "fber": 9604.0537109375,
  "fd_mean": 0.0587128022526239,
  "fd_num": 2,
  "fd_perc": 0.9852216748768473,
  "fwhm_avg": 2.506628888888889,
  "fwhm_x": 2.4769533333333333,
  "fwhm_y": 2.64724,
  "fwhm_z": 2.3956933333333335,
  "gcor": 0.0288311,
  "gsr_x": -0.00019701092969626188,
  "gsr_y": 0.022027499973773956,
  "provenance": {
    "md5sum": "6c743807282c06eb8d3e9e34a385e555",
    "settings": {
      "fd_thres": 0.2,
      "testing": false
    },
    "software": "mriqc",
    "version": "23.1.0"
  },
  "size_t": 203,
  "size_x": 72,
  "size_y": 72,
  "size_z": 46,
  "snr": 3.0062234348040398,
  "spacing_tr": 3.0,
  "spacing_x": 3.0,
  "spacing_y": 3.0,
  "spacing_z": 3.0,
  "summary_bg_k": 26.122452392471782,
  "summary_bg_mad": 35.29031446675512,
  "summary_bg_mean": 100.65155718416732,
  "summary_bg_median": 26.177339553833008,
  "summary_bg_n": 186762.0,
  "summary_bg_p05": 0.7931034564971924,
  "summary_bg_p95": 512.0738525390625,
  "summary_bg_stdv": 216.96149107443262,
  "summary_fg_k": 0.7818197306914003,
  "summary_fg_mad": 767.2028505013465,
  "summary_fg_mean": 2672.330152432465,
  "summary_fg_median": 2565.3865966796875,
  "summary_fg_n": 51702.0,
  "summary_fg_p05": 1448.9014892578125,
  "summary_fg_p95": 4263.93603515625,
  "summary_fg_stdv": 853.350339001479,
  "tsnr": 44.7729174757842
}