{
  "aor": 0.0014766995073891625,
  "aqi": 0.004939555270935961,
  "bids_meta": {
    "EchoTime": 0.0137,
    "RepetitionTime": 3.0,
    "SliceEncodingDirection": "k",
    "SliceTiming": [
      0.0,
      1.5,
      0.065,
      1.565,
      0.13,
      1.63,
      0.196,
      1.696,
      0.261,
      1.761,
      0.326,
      1.826,
      0.391,
      1.891,
      0.457,
      1.957,
      0.522,
      2.022,
      0.587,
      2.087,
      0.652,
      2.152,
      0.717,
      2.217,
      0.783,
      2.283,
      0.848,
      2.348,
      0.913,
      2.413,
      0.978,
      2.478,
      1.043,
      2.543,
      1.109,
      2.609,
      1.174,
      2.674,
      1.239,
      2.739,
      1.304,
      2.804,
      1.37,
      2.87,
      1.435,
      2.935
    ],
    "TaskName": "rest",
    "dataset": "ds003592",
    "modality": "bold",
    "session_id": "2",
    "subject_id": "130",
    "task_id": "rest"
  },
  "dummy_trs": 1,
  "dvars_nstd": 31.55827678089111,
  "dvars_std": 1.7834269500495055,
  "dvars_vstd": 0.9777091743564362,
  "efc": 0.5201070753907592,
  "fber": 8705.87109375,
  "fd_mean": 0.16801824246110886,
  "fd_num": 64,
  "fd_perc": 31.527093596059114,
  "fwhm_avg": 3.2940544444444444,
  "fwhm_x": 2.93059,
  "fwhm_y": 3.170506666666667,
  "fwhm_z": 3.7810666666666664,
  "gcor": 0.0180462,
  "gsr_x": -0.022205756977200508,
  "gsr_y": 0.08935993164777756,
  "provenance": {
    "md5sum": "544af0f3b2476b6a3057713f2b7ebdb6",
    "settings": {
      "fd_thres": 0.2,
      "testing": false
    },
    "software": "mriqc",
    "version": "23.1.0"
  },
  "size_t": 203,
  "size_x": 72,
  "size_y": 72,
  "size_z": 46,
  "snr": 2.8637869400960048,
  "spacing_tr": 3.0,
  "spacing_x": 3.0,
  "spacing_y": 3.0,
  "spacing_z": 3.0,
  "summary_bg_k": 10.88808753979872,
  "summary_bg_mad": 70.17893913086841,
  "summary_bg_mean": 425.6336127373826,
  "summary_bg_median": 48.71921157836914,
  "summary_bg_n": 184902.0,
  "summary_bg_p05": 0.935960590839386,
  "summary_bg_p95": 2163.2314453125,
  "summary_bg_stdv": 837.0784905611151,
  "summary_fg_k": 1.275116732177616,
  "summary_fg_mad": 1302.6339999897364,
  "summary_fg_mean": 4812.208929909188,
  "summary_fg_median": 4545.758544921875,
  "summary_fg_n": 53562.0,
  "summary_fg_p05": 2573.152587890625,
  "summary_fg_p95": 7875.19677734375,
  "summary_fg_stdv": 1587.3094630507633,
  "tsnr": 81.11138566816226
}