{
  "aor": 0.001637586206896552,
  "aqi": 0.002452350738916256,
  "bids_meta": {
    "EchoTime": 0.03,
    "RepetitionTime": 3.0,
    "SliceEncodingDirection": "k",
    "SliceTiming": [
      0.0,
      1.5,
      0.065,
      1.565,
      0.13,
      1.63,
      0.196,
      1.696,
      0.261,
      1.761,
      0.326,
      1.826,
      0.391,
      1.891,
      0.457,
      1.957,
      0.522,
      2.022,
      0.587,
      2.087,
      0.652,
      2.152,
      0.717,
      2.217,
      0.783,
      2.283,
      0.848,
      2.348,
      0.913,
      2.413,
      0.978,
      2.478,
      1.043,
      2.543,
      1.109,
      2.609,
      1.174,
      2.674,
      1.239,
      2.739,
      1.304,
      2.804,
      1.37,
      2.87,
      1.435,
      2.935
    ],
    "TaskName": "rest",
    "dataset": "ds003592",
    "modality": "bold",
    "session_id": "2",
    "subject_id": "48",
    "task_id": "rest"
  },
  "dummy_trs": 1,
  "dvars_nstd": 16.929584130247534,
  "dvars_std": 1.0489713160891092,
  "dvars_vstd": 0.9626992218316821,
  "efc": 0.47726984328563077,
  "fber": 12207.8623046875,
  "fd_mean": 0.0630629793575408,
  "fd_num": 2,
  "fd_perc": 0.9852216748768473,
  "fwhm_avg": 3.0050009513339417,
  "fwhm_x": 2.983616666666667,
  "fwhm_y": 3.083076421645767,
  "fwhm_z": 2.9483097656893915,
  "gcor": 0.0134688,
  "gsr_x": -0.0048522623255848885,
  "gsr_y": 0.031901802867650986,
  "provenance": {
    "md5sum": "b8220a703b1cea6144c6db56a56a580a",
    "settings": {
      "fd_thres": 0.2,
      "testing": false
    },
    "software": "mriqc",
    "version": "23.1.0"
  },
  "size_t": 203,
  "size_x": 72,
  "size_y": 72,
  "size_z": 46,
  "snr": 2.8245027756948358,
  "spacing_tr": 3.0,
  "spacing_x": 3.0,
  "spacing_y": 3.000000238418579,
  "spacing_z": 3.000000238418579,
  "summary_bg_k": 17.773119417361187,
  "summary_bg_mad": 44.14210581237211,
  "summary_bg_mean": 182.5170820818974,
  "summary_bg_median": 31.236452102661133,
  "summary_bg_n": 185199.0,
  "summary_bg_p05": 0.6847290396690369,
  "summary_bg_p95": 995.5911254882812,
  "summary_bg_stdv": 381.6180754135997,
  "summary_fg_k": 0.4412785179679606,
  "summary_fg_mad": 1117.5606492253837,
  "summary_fg_mean": 3660.6721565134144,
  "summary_fg_median": 3451.29052734375,
  "summary_fg_n": 53265.0,
  "summary_fg_p05": 1958.6256103515625,
  "summary_fg_p95": 6009.9111328125,
  "summary_fg_stdv": 1221.899358546342,
  "tsnr": 71.67617361666635
}