{
  "aor": 0.0032492118226600986,
  "aqi": 0.0027656230147783253,
  "bids_meta": {
    "EchoTime": 0.0137,
    "RepetitionTime": 3.0,
    "SliceEncodingDirection": "k",
    "SliceTiming": [
      0.0,
      1.5,
      0.065,
      1.565,
      0.13,
      1.63,
      0.196,
      1.696,
      0.261,
      1.761,
      0.326,
      1.826,
      0.391,
      1.891,
      0.457,
      1.957,
      0.522,
      2.022,
      0.587,
      2.087,
      0.652,
      2.152,
      0.717,
      2.217,
      0.783,
      2.283,
      0.848,
      2.348,
      0.913,
      2.413,
      0.978,
      2.478,
      1.043,
      2.543,
      1.109,
      2.609,
      1.174,
      2.674,
      1.239,
      2.739,
      1.304,
      2.804,
      1.37,
      2.87,
      1.435,
      2.935
    ],
    "TaskName": "rest",
    "dataset": "ds003592",
    "modality": "bold",
    "session_id": "1",
    "subject_id": "160",
    "task_id": "rest"
  },
  "dummy_trs": 1,
  "dvars_nstd": 11.853876991930685,
  "dvars_std": 1.0527607100990095,
  "dvars_vstd": 0.9706356043564361,
  "efc": 0.5315412391938682,
  "fber": 7522.162109375,
  "fd_mean": 0.04875897217879899,
  "fd_num": 2,
  "fd_perc": 0.9852216748768473,
  "fwhm_avg": 3.292075555555556,
  "fwhm_x": 3.0955733333333337,
  "fwhm_y": 3.3096200000000002,
  "fwhm_z": 3.471033333333333,
  "gcor": 0.0151406,
  "gsr_x": -0.01377047412097454,
  "gsr_y": 0.07647203654050827,
  "provenance": {
    "md5sum": "22f2355bb17ae8b58b5abd7a654c1180",
    "settings": {
      "fd_thres": 0.2,
      "testing": false
    },
    "software": "mriqc",
    "version": "23.1.0"
  },
  "size_t": 203,
  "size_x": 72,
  "size_y": 72,
  "size_z": 46,
  "snr": 2.962937905743448,
  "spacing_tr": 3.0,
  "spacing_x": 3.0,
  "spacing_y": 3.0,
  "spacing_z": 3.0,
  "summary_bg_k": 11.47333322402517,
  "summary_bg_mad": 78.490272236044,
  "summary_bg_mean": 448.49421104092255,
  "summary_bg_median": 54.40393829345703,
  "summary_bg_n": 181118.0,
  "summary_bg_p05": 0.8916255831718445,
  "summary_bg_p95": 2388.1181640625,
  "summary_bg_stdv": 912.3093664946256,
  "summary_fg_k": 1.325446259871077,
  "summary_fg_mad": 1397.3891492481873,
  "summary_fg_mean": 4982.10876318252,
  "summary_fg_median": 4718.475341796875,
  "summary_fg_n": 57346.0,
  "summary_fg_p05": 2850.71923828125,
  "summary_fg_p95": 8019.90625,
  "summary_fg_stdv": 1592.4850102548783,
  "tsnr": 82.51754915714264
}