{
  "bids_meta": {
    "EchoTime": 0.0034,
    "FlipAngle": 7,
    "RepetitionTime": 2.53,
    "dataset": "ds003592",
    "modality": "T1w",
    "session_id": "1",
    "subject_id": "04"
  },
  "cjv": 0.8864904523077968,
  "cnr": 0.9435979360606089,
  "efc": 0.5827699911103119,
  "fber": -1.0,
  "fwhm_avg": 3.9558966666666664,
  "fwhm_x": 4.07147,
  "fwhm_y": 3.99762,
  "fwhm_z": 3.7986,
  "icvs_csf": 0.2585001488761011,
  "icvs_gm": 0.3580307903150859,
  "icvs_wm": 0.3834690608088131,
  "inu_med": 0.9343734383583069,
  "inu_range": 0.7529958128929137,
  "provenance": {
    "md5sum": "ad3d6da2bb67a4e9e13227f5e7020d74",
    "settings": {
      "testing": false
    },
    "software": "mriqc",
    "version": "23.1.0",
    "warnings": {
      "large_rot_frame": true,
      "small_air_mask": false
    }
  },
  "qi_1": 0.0,
  "qi_2": 0.0008939142948077944,
  "rpve_csf": 7.092897968017942,
  "rpve_gm": 6.929547300735099,
  "rpve_wm": 7.009495354870427,
  "size_x": 176,
  "size_y": 256,
  "size_z": 256,
  "snr_csf": 1.6298268430925078,
  "snr_gm": 4.047595584671752,
  "snr_total": 4.8579809080530945,
  "snr_wm": 8.896520296395025,
  "snrd_csf": 22.03384081455206,
  "snrd_gm": 52.34755901787983,
  "snrd_total": 46.94508582804036,
  "snrd_wm": 66.45385765168919,
  "spacing_x": 1.0,
  "spacing_y": 1.0,
  "spacing_z": 1.0,
  "summary_bg_k": 59.800690507315906,
  "summary_bg_mad": 0.0,
  "summary_bg_mean": 4.320326154842411,
  "summary_bg_median": 0.0,
  "summary_bg_n": 2774790.0,
  "summary_bg_p05": 0.0,
  "summary_bg_p95": 24.67495523393154,
  "summary_bg_stdv": 9.646756254953377,
  "summary_csf_k": -0.5553021129666935,
  "summary_csf_mad": 162.65428360494013,
  "summary_csf_mean": 367.6778248606676,
  "summary_csf_median": 324.44402676820755,
  "summary_csf_n": 415256.70757708617,
  "summary_csf_p05": 108.37999568134546,
  "summary_csf_p95": 743.095767237246,
  "summary_csf_stdv": 199.06632259018923,
  "summary_gm_k": 3.5329062820033172,
  "summary_gm_mad": 87.14292356919803,
  "summary_gm_mean": 770.0481959008757,
  "summary_gm_median": 770.8076400384307,
  "summary_gm_n": 575143.5263920266,
  "summary_gm_p05": 431.811716593802,
  "summary_gm_p95": 1079.3711186945438,
  "summary_gm_stdv": 190.43576706549868,
  "summary_wm_k": -0.42660479508693827,
  "summary_wm_mad": 96.992231399947,
  "summary_wm_mean": 968.0505961703375,
  "summary_wm_median": 978.5201478153467,
  "summary_wm_n": 616007.7676607755,
  "summary_wm_p05": 775.173209041357,
  "summary_wm_p95": 1135.5540936887264,
  "summary_wm_stdv": 109.98899805446187,
  "tpm_overlap_csf": 0.20938351567034924,
  "tpm_overlap_gm": 0.5077025796358046,
  "tpm_overlap_wm": 0.5331556747837953,
  "wm2max": 0.3249102838695004
}