{
  "aor": 0.000991576354679803,
  "aqi": 0.006334697044334976,
  "bids_meta": {
    "EchoTime": 0.047,
    "RepetitionTime": 3.0,
    "SliceEncodingDirection": "k",
    "SliceTiming": [
      0.0,
      1.5,
      0.065,
      1.565,
      0.13,
      1.63,
      0.196,
      1.696,
      0.261,
      1.761,
      0.326,
      1.826,
      0.391,
      1.891,
      0.457,
      1.957,
      0.522,
      2.022,
      0.587,
      2.087,
      0.652,
      2.152,
      0.717,
      2.217,
      0.783,
      2.283,
      0.848,
      2.348,
      0.913,
      2.413,
      0.978,
      2.478,
      1.043,
      2.543,
      1.109,
      2.609,
      1.174,
      2.674,
      1.239,
      2.739,
      1.304,
      2.804,
      1.37,
      2.87,
      1.435,
      2.935
    ],
    "TaskName": "rest",
    "dataset": "ds003592",
    "modality": "bold",
    "session_id": "1",
    "subject_id": "59",
    "task_id": "rest"
  },
  "dummy_trs": 1,
  "dvars_nstd": 31.460516485693084,
  "dvars_std": 1.187907157326733,
  "dvars_vstd": 0.9660043602475252,
  "efc": 0.4173011504207277,
  "fber": 8459.5654296875,
  "fd_mean": 0.10543039157466785,
  "fd_num": 21,
  "fd_perc": 10.344827586206897,
  "fwhm_avg": 2.6729233333333333,
  "fwhm_x": 2.61498,
  "fwhm_y": 2.693513333333333,
  "fwhm_z": 2.7102766666666667,
  "gcor": 0.0274799,
  "gsr_x": -0.0050118668004870415,
  "gsr_y": 0.013323630206286907,
  "provenance": {
    "md5sum": "c0e9ffccbb8b26f6d19114489899a97a",
    "settings": {
      "fd_thres": 0.2,
      "testing": false
    },
    "software": "mriqc",
    "version": "23.1.0"
  },
  "size_t": 203,
  "size_x": 72,
  "size_y": 72,
  "size_z": 46,
  "snr": 3.076936609446096,
  "spacing_tr": 3.0,
  "spacing_x": 3.0,
  "spacing_y": 3.0,
  "spacing_z": 3.0,
  "summary_bg_k": 33.33223931690691,
  "summary_bg_mad": 35.61897090060179,
  "summary_bg_mean": 90.76764389736705,
  "summary_bg_median": 27.182266235351562,
  "summary_bg_n": 197190.0,
  "summary_bg_p05": 1.0837438106536865,
  "summary_bg_p95": 413.27093505859375,
  "summary_bg_stdv": 191.58327671661155,
  "summary_fg_k": 0.9781685124328128,
  "summary_fg_mad": 686.4557765619194,
  "summary_fg_mean": 2627.0289661751103,
  "summary_fg_median": 2500.11328125,
  "summary_fg_n": 41274.0,
  "summary_fg_p05": 1460.5615234375,
  "summary_fg_p95": 4190.650390625,
  "summary_fg_stdv": 812.5233996077025,
  "tsnr": 47.59361704625189
}