{
  "aor": 0.0013202970297029703,
  "aqi": 0.0028953665346534655,
  "bids_meta": {
    "EchoTime": 0.0137,
    "RepetitionTime": 3.0,
    "SliceEncodingDirection": "k",
    "SliceTiming": [
      0.0,
      1.5,
      0.065,
      1.565,
      0.13,
      1.63,
      0.196,
      1.696,
      0.261,
      1.761,
      0.326,
      1.826,
      0.391,
      1.891,
      0.457,
      1.957,
      0.522,
      2.022,
      0.587,
      2.087,
      0.652,
      2.152,
      0.717,
      2.217,
      0.783,
      2.283,
      0.848,
      2.348,
      0.913,
      2.413,
      0.978,
      2.478,
      1.043,
      2.543,
      1.109,
      2.609,
      1.174,
      2.674,
      1.239,
      2.739,
      1.304,
      2.804,
      1.37,
      2.87,
      1.435,
      2.935
    ],
    "TaskName": "rest",
    "dataset": "ds003592",
    "modality": "bold",
    "session_id": "1",
    "subject_id": "59",
    "task_id": "rest"
  },
  "dummy_trs": 2,
  "dvars_nstd": 22.13422814606965,
  "dvars_std": 1.3443570128358207,
  "dvars_vstd": 0.9723990542288555,
  "efc": 0.5122193427702629,
  "fber": 7629.21923828125,
  "fd_mean": 0.1013750704021668,
  "fd_num": 20,
  "fd_perc": 9.900990099009901,
  "fwhm_avg": 3.4659188888888885,
  "fwhm_x": 3.05554,
  "fwhm_y": 3.2825166666666665,
  "fwhm_z": 4.0597,
  "gcor": 0.0360623,
  "gsr_x": 0.0042647854425013065,
  "gsr_y": 0.060871515423059464,
  "provenance": {
    "md5sum": "2e3eb1df327efffb67348f3576bd3e54",
    "settings": {
      "fd_thres": 0.2,
      "testing": false
    },
    "software": "mriqc",
    "version": "23.1.0"
  },
  "size_t": 202,
  "size_x": 72,
  "size_y": 72,
  "size_z": 46,
  "snr": 3.0098355943896893,
  "spacing_tr": 3.0,
  "spacing_x": 3.0,
  "spacing_y": 3.0,
  "spacing_z": 3.0,
  "summary_bg_k": 11.068962315216796,
  "summary_bg_mad": 74.29892162099678,
  "summary_bg_mean": 395.50644825988877,
  "summary_bg_median": 51.94059371948242,
  "summary_bg_n": 186589.0,
  "summary_bg_p05": 1.133663296699524,
  "summary_bg_p95": 2038.3861083984375,
  "summary_bg_stdv": 783.6272558856156,
  "summary_fg_k": 1.5760241348208766,
  "summary_fg_mad": 1212.930050428367,
  "summary_fg_mean": 4749.360475680331,
  "summary_fg_median": 4536.77197265625,
  "summary_fg_n": 51875.0,
  "summary_fg_p05": 2607.207763671875,
  "summary_fg_p95": 7648.83154296875,
  "summary_fg_stdv": 1507.3010143741105,
  "tsnr": 81.82670357543975
}