{
  "aor": 0.0024834,
  "aqi": 0.0077237752000000005,
  "bids_meta": {
    "EchoTime": 0.04592,
    "RepetitionTime": 3,
    "SliceEncodingDirection": "k",
    "SliceTiming": [
      0,
      1.54,
      0.07,
      1.61,
      0.14,
      1.68,
      0.21,
      1.75,
      0.28,
      1.82,
      0.35,
      1.89,
      0.42,
      1.96,
      0.49,
      2.03,
      0.56,
      2.1,
      0.63,
      2.17,
      0.7,
      2.24,
      0.77,
      2.31,
      0.84,
      2.38,
      0.91,
      2.45,
      0.98,
      2.52,
      1.05,
      2.5925,
      1.12,
      2.6625,
      1.19,
      2.7325,
      1.26,
      2.8025,
      1.33,
      2.8725,
      1.4,
      2.9425,
      1.47
    ],
    "TaskName": "rest",
    "dataset": "ds003592",
    "modality": "bold",
    "session_id": "2",
    "subject_id": "281",
    "task_id": "rest"
  },
  "dummy_trs": 0,
  "dvars_nstd": 25.248989641809043,
  "dvars_std": 0.9840142726130654,
  "dvars_vstd": 0.9411614542211054,
  "efc": 0.4288357542354012,
  "fber": 1289.1798095703125,
  "fd_mean": 0.10782895338430233,
  "fd_num": 14,
  "fd_perc": 7.0,
  "fwhm_avg": 2.0103948818615085,
  "fwhm_x": 1.8845481481481483,
  "fwhm_y": 2.0172266666666667,
  "fwhm_z": 2.129409830769711,
  "gcor": 0.00927628,
  "gsr_x": -0.00985412485897541,
  "gsr_y": 0.026203090324997902,
  "provenance": {
    "md5sum": "17783351dc68e7addfe40681035f77a8",
    "settings": {
      "fd_thres": 0.2,
      "testing": false
    },
    "software": "mriqc",
    "version": "23.1.0"
  },
  "size_t": 200,
  "size_x": 64,
  "size_y": 64,
  "size_z": 43,
  "snr": 2.186156363242021,
  "spacing_tr": 3.0,
  "spacing_x": 3.375,
  "spacing_y": 3.375,
  "spacing_z": 3.000000238418579,
  "summary_bg_k": 54.02996872451213,
  "summary_bg_mad": 4.974129764404859,
  "summary_bg_mean": 20.47558955596076,
  "summary_bg_median": 11.359999656677246,
  "summary_bg_n": 146428.0,
  "summary_bg_p05": 7.190000057220459,
  "summary_bg_p95": 67.62999725341797,
  "summary_bg_stdv": 30.021705964721363,
  "summary_fg_k": 4.941143716116762,
  "summary_fg_mad": 131.14729207781934,
  "summary_fg_mean": 448.16568585151776,
  "summary_fg_median": 407.8824920654297,
  "summary_fg_n": 29700.0,
  "summary_fg_p05": 231.48749542236328,
  "summary_fg_p95": 811.3249816894531,
  "summary_fg_stdv": 186.57202758092615,
  "tsnr": 39.84761587250978
}