{
  "bids_meta": {
    "EchoTime": 0.0034,
    "FlipAngle": 7,
    "RepetitionTime": 2.53,
    "dataset": "ds003592",
    "modality": "T1w",
    "session_id": "1",
    "subject_id": "149"
  },
  "cjv": 0.6203547035701039,
  "cnr": 1.4676519859181938,
  "efc": 0.5824840482000168,
  "fber": -1.0,
  "fwhm_avg": 4.115913333333333,
  "fwhm_x": 4.16783,
  "fwhm_y": 4.16681,
  "fwhm_z": 4.0131,
  "icvs_csf": 0.2657720537420733,
  "icvs_gm": 0.3809259218296778,
  "icvs_wm": 0.353302024428249,
  "inu_med": 0.8077490925788879,
  "inu_range": 0.5890835225582123,
  "provenance": {
    "md5sum": "de4ae261a3f791e297dca4f4b096fafd",
    "settings": {
      "testing": false
    },
    "software": "mriqc",
    "version": "23.1.0",
    "warnings": {
      "large_rot_frame": true,
      "small_air_mask": false
    }
  },
  "qi_1": 0.0,
  "qi_2": 0.0022296694922499683,
  "rpve_csf": 7.7567318799740335,
  "rpve_gm": 7.62651677203132,
  "rpve_wm": 7.699202887586367,
  "size_x": 176,
  "size_y": 256,
  "size_z": 256,
  "snr_csf": 1.522132957496834,
  "snr_gm": 4.995725163605428,
  "snr_total": 4.9831569850396,
  "snr_wm": 8.431612834016539,
  "snrd_csf": 30.472588750845677,
  "snrd_gm": 72.17876519608495,
  "snrd_total": 67.41172576930732,
  "snrd_wm": 99.58382336099135,
  "spacing_x": 1.0,
  "spacing_y": 1.0,
  "spacing_z": 1.0,
  "summary_bg_k": 15.297063193808082,
  "summary_bg_mad": 0.0,
  "summary_bg_mean": 2.8669430709446733,
  "summary_bg_median": 0.0,
  "summary_bg_n": 3021974.0,
  "summary_bg_p05": 0.0,
  "summary_bg_p95": 15.590160265564919,
  "summary_bg_stdv": 6.210110396165519,
  "summary_csf_k": -0.7602743603471702,
  "summary_csf_mad": 163.73316947627018,
  "summary_csf_mean": 332.9308755957589,
  "summary_csf_median": 288.85303915292025,
  "summary_csf_n": 391281.8431518579,
  "summary_csf_p05": 90.42292954027653,
  "summary_csf_p95": 678.6070457920432,
  "summary_csf_stdv": 189.76835671207286,
  "summary_gm_k": -0.2983496953559506,
  "summary_gm_mad": 86.0056044524072,
  "summary_gm_mean": 694.7400514462818,
  "summary_gm_median": 684.1904985383153,
  "summary_gm_n": 560816.6648796208,
  "summary_gm_p05": 482.0622578859329,
  "summary_gm_p95": 959.8825419321656,
  "summary_gm_stdv": 136.95506981201942,
  "summary_wm_k": -0.2918346871047208,
  "summary_wm_mad": 75.14739689029078,
  "summary_wm_mean": 911.5083114238265,
  "summary_wm_median": 943.9660759866238,
  "summary_wm_n": 520147.49241366034,
  "summary_wm_p05": 692.8919833377004,
  "summary_wm_p95": 1051.1031075790524,
  "summary_wm_stdv": 111.95546891995994,
  "tpm_overlap_csf": 0.18508552753596028,
  "tpm_overlap_gm": 0.5270017855702067,
  "tpm_overlap_wm": 0.5431007649764927,
  "wm2max": 0.5418879590033169
}