{
  "aor": 0.0007592,
  "aqi": 0.001166832015,
  "bids_meta": {
    "EchoTime": 0.014,
    "RepetitionTime": 3,
    "SliceEncodingDirection": "k",
    "SliceTiming": [
      0,
      1.5425,
      0.07,
      1.6125,
      0.14,
      1.6825,
      0.21,
      1.7525,
      0.28,
      1.8225,
      0.35,
      1.8925,
      0.42,
      1.9625,
      0.49,
      2.0325,
      0.56,
      2.1025,
      0.63,
      2.1725,
      0.7,
      2.2425,
      0.77,
      2.3125,
      0.84,
      2.3825,
      0.91,
      2.4525,
      0.98,
      2.5225,
      1.05,
      2.5925,
      1.12,
      2.6625,
      1.19,
      2.7325,
      1.26,
      2.8025,
      1.33,
      2.8725,
      1.4,
      2.9425,
      1.47
    ],
    "TaskName": "rest",
    "dataset": "ds003592",
    "modality": "bold",
    "session_id": "2",
    "subject_id": "293",
    "task_id": "rest"
  },
  "dummy_trs": 0,
  "dvars_nstd": 19.399967107487438,
  "dvars_std": 1.2756206244723618,
  "dvars_vstd": 0.9921024063819092,
  "efc": 0.520311339784983,
  "fber": 2293.31396484375,
  "fd_mean": 0.026303790557705264,
  "fd_num": 0,
  "fd_perc": 0.0,
  "fwhm_avg": 2.7080190951322494,
  "fwhm_x": 2.404865185185185,
  "fwhm_y": 2.607751111111111,
  "fwhm_z": 3.1114409891004526,
  "gcor": 0.0770645,
  "gsr_x": -0.013052280992269516,
  "gsr_y": 0.058935005217790604,
  "provenance": {
    "md5sum": "d393b73b8619795555b1e3896f732df0",
    "settings": {
      "fd_thres": 0.2,
      "testing": false
    },
    "software": "mriqc",
    "version": "23.1.0"
  },
  "size_t": 200,
  "size_x": 64,
  "size_y": 64,
  "size_z": 43,
  "snr": 2.8494146438238914,
  "spacing_tr": 3.0,
  "spacing_x": 3.375,
  "spacing_y": 3.375,
  "spacing_z": 2.9999990463256836,
  "summary_bg_k": 18.016591943815104,
  "summary_bg_mad": 10.919364999953041,
  "summary_bg_mean": 58.781691659084885,
  "summary_bg_median": 15.904999732971191,
  "summary_bg_n": 134116.0,
  "summary_bg_p05": 7.924999713897705,
  "summary_bg_p95": 295.6999816894531,
  "summary_bg_stdv": 109.69209752578784,
  "summary_fg_k": 1.2541100894782584,
  "summary_fg_mad": 232.97613433377623,
  "summary_fg_mean": 803.2615968008604,
  "summary_fg_median": 761.66748046875,
  "summary_fg_n": 42012.0,
  "summary_fg_p05": 434.7049865722656,
  "summary_fg_p95": 1311.9549560546875,
  "summary_fg_stdv": 267.3034678142272,
  "tsnr": 111.45491106435657
}