{
  "aor": 0.0024764851485148515,
  "aqi": 0.0027107049504950494,
  "bids_meta": {
    "EchoTime": 0.0137,
    "RepetitionTime": 3.0,
    "SliceEncodingDirection": "k",
    "SliceTiming": [
      0.0,
      1.5,
      0.065,
      1.565,
      0.13,
      1.63,
      0.196,
      1.696,
      0.261,
      1.761,
      0.326,
      1.826,
      0.391,
      1.891,
      0.457,
      1.957,
      0.522,
      2.022,
      0.587,
      2.087,
      0.652,
      2.152,
      0.717,
      2.217,
      0.783,
      2.283,
      0.848,
      2.348,
      0.913,
      2.413,
      0.978,
      2.478,
      1.043,
      2.543,
      1.109,
      2.609,
      1.174,
      2.674,
      1.239,
      2.739,
      1.304,
      2.804,
      1.37,
      2.87,
      1.435,
      2.935
    ],
    "TaskName": "rest",
    "dataset": "ds003592",
    "modality": "bold",
    "session_id": "1",
    "subject_id": "188",
    "task_id": "rest"
  },
  "dummy_trs": 2,
  "dvars_nstd": 16.428584877064676,
  "dvars_std": 1.1459883701990043,
  "dvars_vstd": 0.9751662814427868,
  "efc": 0.5041897238307065,
  "fber": 11386.8251953125,
  "fd_mean": 0.13183951423499823,
  "fd_num": 27,
  "fd_perc": 13.366336633663366,
  "fwhm_avg": 3.5099455555555554,
  "fwhm_x": 3.27674,
  "fwhm_y": 3.3322633333333336,
  "fwhm_z": 3.920833333333333,
  "gcor": 0.0189236,
  "gsr_x": -0.002060770522803068,
  "gsr_y": 0.04861442744731903,
  "provenance": {
    "md5sum": "1270add9dfe403515ee0fb7e33724f09",
    "settings": {
      "fd_thres": 0.2,
      "testing": false
    },
    "software": "mriqc",
    "version": "23.1.0"
  },
  "size_t": 202,
  "size_x": 72,
  "size_y": 72,
  "size_z": 46,
  "snr": 2.8418937789628114,
  "spacing_tr": 3.0,
  "spacing_x": 3.0,
  "spacing_y": 3.0,
  "spacing_z": 3.0,
  "summary_bg_k": 12.920714236305061,
  "summary_bg_mad": 65.78496499194145,
  "summary_bg_mean": 351.62890931591187,
  "summary_bg_median": 45.89108657836914,
  "summary_bg_n": 183277.0,
  "summary_bg_p05": 0.9653465151786804,
  "summary_bg_p95": 1885.163330078125,
  "summary_bg_stdv": 709.1909167778313,
  "summary_fg_k": 1.513222303350184,
  "summary_fg_mad": 1436.854746193525,
  "summary_fg_mean": 5245.838061092426,
  "summary_fg_median": 4896.9951171875,
  "summary_fg_n": 55187.0,
  "summary_fg_p05": 3027.04443359375,
  "summary_fg_p95": 8623.7919921875,
  "summary_fg_stdv": 1723.1294096731071,
  "tsnr": 79.58901773020625
}