{
  "aor": 0.0023625247524752474,
  "aqi": 0.004341340891089108,
  "bids_meta": {
    "EchoTime": 0.03,
    "RepetitionTime": 3.0,
    "SliceEncodingDirection": "k",
    "SliceTiming": [
      0.0,
      1.5,
      0.065,
      1.565,
      0.13,
      1.63,
      0.196,
      1.696,
      0.261,
      1.761,
      0.326,
      1.826,
      0.391,
      1.891,
      0.457,
      1.957,
      0.522,
      2.022,
      0.587,
      2.087,
      0.652,
      2.152,
      0.717,
      2.217,
      0.783,
      2.283,
      0.848,
      2.348,
      0.913,
      2.413,
      0.978,
      2.478,
      1.043,
      2.543,
      1.109,
      2.609,
      1.174,
      2.674,
      1.239,
      2.739,
      1.304,
      2.804,
      1.37,
      2.87,
      1.435,
      2.935
    ],
    "TaskName": "rest",
    "dataset": "ds003592",
    "modality": "bold",
    "session_id": "1",
    "subject_id": "188",
    "task_id": "rest"
  },
  "dummy_trs": 2,
  "dvars_nstd": 21.31483268691543,
  "dvars_std": 1.1110320047263682,
  "dvars_vstd": 0.9599819636815923,
  "efc": 0.4566911183323189,
  "fber": 13253.208984375,
  "fd_mean": 0.12661658115613683,
  "fd_num": 26,
  "fd_perc": 12.871287128712872,
  "fwhm_avg": 2.968544444444445,
  "fwhm_x": 2.9333733333333334,
  "fwhm_y": 2.9667933333333334,
  "fwhm_z": 3.005466666666667,
  "gcor": 0.019652,
  "gsr_x": 0.0015363501152023673,
  "gsr_y": 0.023823322728276253,
  "provenance": {
    "md5sum": "84ad0edd1c6f3dda84cc5774bdd100f0",
    "settings": {
      "fd_thres": 0.2,
      "testing": false
    },
    "software": "mriqc",
    "version": "23.1.0"
  },
  "size_t": 202,
  "size_x": 72,
  "size_y": 72,
  "size_z": 46,
  "snr": 2.90830266127179,
  "spacing_tr": 3.0,
  "spacing_x": 3.0,
  "spacing_y": 3.0,
  "spacing_z": 3.0,
  "summary_bg_k": 21.40920943559654,
  "summary_bg_mad": 43.83218010244471,
  "summary_bg_mean": 148.60300369330352,
  "summary_bg_median": 31.297029495239258,
  "summary_bg_n": 187669.0,
  "summary_bg_p05": 0.8514851331710815,
  "summary_bg_p95": 688.7178344726562,
  "summary_bg_stdv": 303.94998680025816,
  "summary_fg_k": 0.8947895035523361,
  "summary_fg_mad": 1070.8134339134258,
  "summary_fg_mean": 3817.9455656751143,
  "summary_fg_median": 3602.994873046875,
  "summary_fg_n": 50795.0,
  "summary_fg_p05": 2103.554443359375,
  "summary_fg_p95": 6205.11865234375,
  "summary_fg_stdv": 1238.8529759340943,
  "tsnr": 54.42087398911826
}