{
  "aor": 0.001995369458128079,
  "aqi": 0.006745726896551724,
  "bids_meta": {
    "EchoTime": 0.047,
    "RepetitionTime": 3.0,
    "SliceEncodingDirection": "k",
    "SliceTiming": [
      0.0,
      1.5,
      0.065,
      1.565,
      0.13,
      1.63,
      0.196,
      1.696,
      0.261,
      1.761,
      0.326,
      1.826,
      0.391,
      1.891,
      0.457,
      1.957,
      0.522,
      2.022,
      0.587,
      2.087,
      0.652,
      2.152,
      0.717,
      2.217,
      0.783,
      2.283,
      0.848,
      2.348,
      0.913,
      2.413,
      0.978,
      2.478,
      1.043,
      2.543,
      1.109,
      2.609,
      1.174,
      2.674,
      1.239,
      2.739,
      1.304,
      2.804,
      1.37,
      2.87,
      1.435,
      2.935
    ],
    "TaskName": "rest",
    "dataset": "ds003592",
    "modality": "bold",
    "session_id": "2",
    "subject_id": "118",
    "task_id": "rest"
  },
  "dummy_trs": 1,
  "dvars_nstd": 25.590187601435645,
  "dvars_std": 1.0064602373762377,
  "dvars_vstd": 0.9535466061881187,
  "efc": 0.45526401814425227,
  "fber": 10476.9912109375,
  "fd_mean": 0.13637642452800045,
  "fd_num": 34,
  "fd_perc": 16.748768472906406,
  "fwhm_avg": 2.5899722222222223,
  "fwhm_x": 2.5730999999999997,
  "fwhm_y": 2.63931,
  "fwhm_z": 2.5575066666666664,
  "gcor": 0.00992989,
  "gsr_x": -0.00923835951834917,
  "gsr_y": 0.029833707958459854,
  "provenance": {
    "md5sum": "e5d61e21d4a5e16a9b743c38217572d5",
    "settings": {
      "fd_thres": 0.2,
      "testing": false
    },
    "software": "mriqc",
    "version": "23.1.0"
  },
  "size_t": 203,
  "size_x": 72,
  "size_y": 72,
  "size_z": 46,
  "snr": 2.7009581833106395,
  "spacing_tr": 3.0,
  "spacing_x": 3.0,
  "spacing_y": 3.0,
  "spacing_z": 3.0,
  "summary_bg_k": 27.120122768042677,
  "summary_bg_mad": 32.55882140512729,
  "summary_bg_mean": 97.00970971827009,
  "summary_bg_median": 24.246305465698242,
  "summary_bg_n": 185939.0,
  "summary_bg_p05": 0.7487684488296509,
  "summary_bg_p95": 486.1625671386719,
  "summary_bg_stdv": 215.4193878841627,
  "summary_fg_k": 1.6272872964693184,
  "summary_fg_mad": 816.8407057832717,
  "summary_fg_mean": 2622.201046522676,
  "summary_fg_median": 2481.783203125,
  "summary_fg_n": 52525.0,
  "summary_fg_p05": 1395.975341796875,
  "summary_fg_p95": 4336.3447265625,
  "summary_fg_stdv": 918.8441322664171,
  "tsnr": 41.448422133224085
}