{
  "aor": 0.00219795,
  "aqi": 0.010167352049999998,
  "bids_meta": {
    "EchoTime": 0.014,
    "RepetitionTime": 3,
    "SliceEncodingDirection": "k",
    "SliceTiming": [
      0,
      1.5425,
      0.07,
      1.6125,
      0.14,
      1.6825,
      0.21,
      1.7525,
      0.28,
      1.8225,
      0.35,
      1.8925,
      0.42,
      1.9625,
      0.49,
      2.0325,
      0.56,
      2.1025,
      0.63,
      2.1725,
      0.7,
      2.2425,
      0.77,
      2.3125,
      0.84,
      2.3825,
      0.91,
      2.4525,
      0.98,
      2.5225,
      1.05,
      2.5925,
      1.12,
      2.6625,
      1.19,
      2.7325,
      1.26,
      2.8025,
      1.33,
      2.8725,
      1.4,
      2.9425,
      1.47
    ],
    "TaskName": "rest",
    "dataset": "ds003592",
    "modality": "bold",
    "session_id": "1",
    "subject_id": "258",
    "task_id": "rest"
  },
  "dummy_trs": 0,
  "dvars_nstd": 32.30154398804022,
  "dvars_std": 1.2332118167839186,
  "dvars_vstd": 0.9722233151758795,
  "efc": 0.575024573100931,
  "fber": 626.8977661132812,
  "fd_mean": 0.21376831165200386,
  "fd_num": 76,
  "fd_perc": 38.0,
  "fwhm_avg": 2.6982054708324603,
  "fwhm_x": 2.0179525925925925,
  "fwhm_y": 2.878474074074074,
  "fwhm_z": 3.1981897458307147,
  "gcor": 0.0223381,
  "gsr_x": -0.029372435063123703,
  "gsr_y": 0.16203497350215912,
  "provenance": {
    "md5sum": "a89c64d02e0ebcee8d6528e569472ff8",
    "settings": {
      "fd_thres": 0.2,
      "testing": false
    },
    "software": "mriqc",
    "version": "23.1.0"
  },
  "size_t": 200,
  "size_x": 64,
  "size_y": 64,
  "size_z": 43,
  "snr": 2.6386232994223624,
  "spacing_tr": 3.0,
  "spacing_x": 3.375,
  "spacing_y": 3.375,
  "spacing_z": 3.000000238418579,
  "summary_bg_k": 11.88732296757381,
  "summary_bg_mad": 22.531846848119773,
  "summary_bg_mean": 82.55760624056245,
  "summary_bg_median": 23.137499809265137,
  "summary_bg_n": 133462.0,
  "summary_bg_p05": 6.619999885559082,
  "summary_bg_p95": 372.2200012207031,
  "summary_bg_stdv": 140.79060912926758,
  "summary_fg_k": 1.1790613404762258,
  "summary_fg_mad": 189.81753760274054,
  "summary_fg_mean": 616.5281007815831,
  "summary_fg_median": 579.3150024414062,
  "summary_fg_n": 42666.0,
  "summary_fg_p05": 323.3299865722656,
  "summary_fg_p95": 1035.824951171875,
  "summary_fg_stdv": 219.5494194168163,
  "tsnr": 46.35743716545403
}