{
  "aor": 0.002207277227722772,
  "aqi": 0.005037589603960396,
  "bids_meta": {
    "EchoTime": 0.03,
    "RepetitionTime": 3.0,
    "SliceEncodingDirection": "k",
    "SliceTiming": [
      0.0,
      1.5,
      0.065,
      1.565,
      0.13,
      1.63,
      0.196,
      1.696,
      0.261,
      1.761,
      0.326,
      1.826,
      0.391,
      1.891,
      0.457,
      1.957,
      0.522,
      2.022,
      0.587,
      2.087,
      0.652,
      2.152,
      0.717,
      2.217,
      0.783,
      2.283,
      0.848,
      2.348,
      0.913,
      2.413,
      0.978,
      2.478,
      1.043,
      2.543,
      1.109,
      2.609,
      1.174,
      2.674,
      1.239,
      2.739,
      1.304,
      2.804,
      1.37,
      2.87,
      1.435,
      2.935
    ],
    "TaskName": "rest",
    "dataset": "ds003592",
    "modality": "bold",
    "session_id": "1",
    "subject_id": "80",
    "task_id": "rest"
  },
  "dummy_trs": 2,
  "dvars_nstd": 22.010443848855708,
  "dvars_std": 1.122947929850747,
  "dvars_vstd": 0.9775190492537308,
  "efc": 0.47468003437711465,
  "fber": 12423.2734375,
  "fd_mean": 0.13176746721457397,
  "fd_num": 28,
  "fd_perc": 13.861386138613861,
  "fwhm_avg": 3.0650955555555552,
  "fwhm_x": 2.9818700000000002,
  "fwhm_y": 3.0807333333333333,
  "fwhm_z": 3.132683333333333,
  "gcor": 0.0173767,
  "gsr_x": 0.017442330718040466,
  "gsr_y": 0.03403056040406227,
  "provenance": {
    "md5sum": "fd0efab9fcc8005b16ce7471e94d94ca",
    "settings": {
      "fd_thres": 0.2,
      "testing": false
    },
    "software": "mriqc",
    "version": "23.1.0"
  },
  "size_t": 202,
  "size_x": 72,
  "size_y": 72,
  "size_z": 46,
  "snr": 2.785340032334346,
  "spacing_tr": 3.0,
  "spacing_x": 3.0,
  "spacing_y": 3.0,
  "spacing_z": 3.0,
  "summary_bg_k": 17.987416945159477,
  "summary_bg_mad": 41.10184168295697,
  "summary_bg_mean": 177.78096395459835,
  "summary_bg_median": 29.262374877929688,
  "summary_bg_n": 186094.0,
  "summary_bg_p05": 0.7178217768669128,
  "summary_bg_p95": 970.3118896484375,
  "summary_bg_stdv": 385.9775626658341,
  "summary_fg_k": 1.371022672202023,
  "summary_fg_mad": 977.7026845276973,
  "summary_fg_mean": 3465.7091905223474,
  "summary_fg_median": 3261.57666015625,
  "summary_fg_n": 52370.0,
  "summary_fg_p05": 1875.7623291015625,
  "summary_fg_p95": 5719.4306640625,
  "summary_fg_stdv": 1170.9685289416377,
  "tsnr": 52.06306475889869
}