{
  "aor": 0.0007139,
  "aqi": 0.0027446709999999997,
  "bids_meta": {
    "EchoTime": 0.02996,
    "RepetitionTime": 3,
    "SliceEncodingDirection": "k",
    "SliceTiming": [
      0,
      1.54,
      0.07,
      1.61,
      0.14,
      1.68,
      0.21,
      1.75,
      0.28,
      1.82,
      0.35,
      1.89,
      0.42,
      1.96,
      0.49,
      2.03,
      0.56,
      2.1,
      0.63,
      2.17,
      0.7,
      2.24,
      0.77,
      2.31,
      0.84,
      2.38,
      0.91,
      2.45,
      0.98,
      2.52,
      1.05,
      2.59,
      1.12,
      2.66,
      1.19,
      2.73,
      1.26,
      2.8,
      1.33,
      2.87,
      1.4,
      2.94,
      1.47
    ],
    "TaskName": "rest",
    "dataset": "ds003592",
    "modality": "bold",
    "session_id": "1",
    "subject_id": "243",
    "task_id": "rest"
  },
  "dummy_trs": 0,
  "dvars_nstd": 27.62937959849245,
  "dvars_std": 1.1376536710552758,
  "dvars_vstd": 0.9882012210050248,
  "efc": 0.5149003959804748,
  "fber": 1274.46826171875,
  "fd_mean": 0.11904939325730411,
  "fd_num": 37,
  "fd_perc": 18.5,
  "fwhm_avg": 2.7898813145463914,
  "fwhm_x": 2.5223022222222222,
  "fwhm_y": 2.828254814814815,
  "fwhm_z": 3.0190869066021366,
  "gcor": 0.0266821,
  "gsr_x": -0.023470668122172356,
  "gsr_y": 0.08284953981637955,
  "provenance": {
    "md5sum": "e804fd7fc36abc8615a2b69ee3c316f0",
    "settings": {
      "fd_thres": 0.2,
      "testing": false
    },
    "software": "mriqc",
    "version": "23.1.0"
  },
  "size_t": 200,
  "size_x": 64,
  "size_y": 64,
  "size_z": 43,
  "snr": 1.9981613304564214,
  "spacing_tr": 3.0,
  "spacing_x": 3.375,
  "spacing_y": 3.375,
  "spacing_z": 2.999999761581421,
  "summary_bg_k": 34.0579083889479,
  "summary_bg_mad": 10.066869007096251,
  "summary_bg_mean": 50.68212310811371,
  "summary_bg_median": 16.5,
  "summary_bg_n": 132323.0,
  "summary_bg_p05": 8.625,
  "summary_bg_p95": 230.17498779296875,
  "summary_bg_stdv": 92.13706726152891,
  "summary_fg_k": 3.4621130661181017,
  "summary_fg_mad": 222.16795149215025,
  "summary_fg_mean": 661.9402013543344,
  "summary_fg_median": 589.0449829101562,
  "summary_fg_n": 43805.0,
  "summary_fg_p05": 326.6199951171875,
  "summary_fg_p95": 1252.5799560546875,
  "summary_fg_stdv": 294.79014051731326,
  "tsnr": 62.6098155034706
}