{
  "aor": 0.0013061951219512198,
  "aqi": 0.004790847268292683,
  "bids_meta": {
    "EchoTime": 0.047,
    "RepetitionTime": 3.0,
    "SliceEncodingDirection": "k",
    "SliceTiming": [
      0.0,
      1.5,
      0.065,
      1.565,
      0.13,
      1.63,
      0.196,
      1.696,
      0.261,
      1.761,
      0.326,
      1.826,
      0.391,
      1.891,
      0.457,
      1.957,
      0.522,
      2.022,
      0.587,
      2.087,
      0.652,
      2.152,
      0.717,
      2.217,
      0.783,
      2.283,
      0.848,
      2.348,
      0.913,
      2.413,
      0.978,
      2.478,
      1.043,
      2.543,
      1.109,
      2.609,
      1.174,
      2.674,
      1.239,
      2.739,
      1.304,
      2.804,
      1.37,
      2.87,
      1.435,
      2.935
    ],
    "TaskName": "rest",
    "dataset": "ds003592",
    "modality": "bold",
    "session_id": "2",
    "subject_id": "149",
    "task_id": "rest"
  },
  "dummy_trs": 1,
  "dvars_nstd": 23.233854265637234,
  "dvars_std": 1.0538646936764704,
  "dvars_vstd": 0.9653170292156863,
  "efc": 0.43549958499415287,
  "fber": 6384.39453125,
  "fd_mean": 0.058722499921134236,
  "fd_num": 4,
  "fd_perc": 1.951219512195122,
  "fwhm_avg": 2.4809188888888887,
  "fwhm_x": 2.4555433333333334,
  "fwhm_y": 2.5787566666666666,
  "fwhm_z": 2.4084566666666665,
  "gcor": 0.0118568,
  "gsr_x": -0.006226280238479376,
  "gsr_y": 0.021391667425632477,
  "provenance": {
    "md5sum": "9b7aa5819eca5196e73464bb6e8f9bec",
    "settings": {
      "fd_thres": 0.2,
      "testing": false
    },
    "software": "mriqc",
    "version": "23.1.0"
  },
  "size_t": 205,
  "size_x": 72,
  "size_y": 72,
  "size_z": 46,
  "snr": 2.9455402086389,
  "spacing_tr": 3.0,
  "spacing_x": 3.0,
  "spacing_y": 3.0,
  "spacing_z": 3.0,
  "summary_bg_k": 36.14084911369318,
  "summary_bg_mad": 39.88561450479638,
  "summary_bg_mean": 107.57121677163225,
  "summary_bg_median": 29.88780403137207,
  "summary_bg_n": 195659.0,
  "summary_bg_p05": 0.6585366129875183,
  "summary_bg_p95": 528.9853515625,
  "summary_bg_stdv": 218.38557503786288,
  "summary_fg_k": 1.0246640729249012,
  "summary_fg_mad": 706.3477484539211,
  "summary_fg_mean": 2509.0399333551936,
  "summary_fg_median": 2388.107421875,
  "summary_fg_n": 42805.0,
  "summary_fg_p05": 1366.1512451171875,
  "summary_fg_p95": 4040.9755859375,
  "summary_fg_stdv": 810.7441614667945,
  "tsnr": 51.63741098367609
}