{
  "aor": 0.0024180693069306932,
  "aqi": 0.0022690777524752475,
  "bids_meta": {
    "EchoTime": 0.0137,
    "RepetitionTime": 3.0,
    "SliceEncodingDirection": "k",
    "SliceTiming": [
      0.0,
      1.5,
      0.065,
      1.565,
      0.13,
      1.63,
      0.196,
      1.696,
      0.261,
      1.761,
      0.326,
      1.826,
      0.391,
      1.891,
      0.457,
      1.957,
      0.522,
      2.022,
      0.587,
      2.087,
      0.652,
      2.152,
      0.717,
      2.217,
      0.783,
      2.283,
      0.848,
      2.348,
      0.913,
      2.413,
      0.978,
      2.478,
      1.043,
      2.543,
      1.109,
      2.609,
      1.174,
      2.674,
      1.239,
      2.739,
      1.304,
      2.804,
      1.37,
      2.87,
      1.435,
      2.935
    ],
    "TaskName": "rest",
    "dataset": "ds003592",
    "modality": "bold",
    "session_id": "2",
    "subject_id": "48",
    "task_id": "rest"
  },
  "dummy_trs": 2,
  "dvars_nstd": 18.40128910034826,
  "dvars_std": 1.421338577611941,
  "dvars_vstd": 0.9636566688059706,
  "efc": 0.5403665359374661,
  "fber": 9783.4140625,
  "fd_mean": 0.06013269704180677,
  "fd_num": 2,
  "fd_perc": 0.9900990099009901,
  "fwhm_avg": 3.227279823744752,
  "fwhm_x": 3.0284266666666664,
  "fwhm_y": 3.232513076436275,
  "fwhm_z": 3.420899728131316,
  "gcor": 0.0101289,
  "gsr_x": -0.01945258118212223,
  "gsr_y": 0.08729557693004608,
  "provenance": {
    "md5sum": "951524784e1738a4072d680d5b2bad35",
    "settings": {
      "fd_thres": 0.2,
      "testing": false
    },
    "software": "mriqc",
    "version": "23.1.0"
  },
  "size_t": 202,
  "size_x": 72,
  "size_y": 72,
  "size_z": 46,
  "snr": 2.673608289879591,
  "spacing_tr": 3.0,
  "spacing_x": 3.0,
  "spacing_y": 3.000000238418579,
  "spacing_z": 3.000000238418579,
  "summary_bg_k": 11.213064200766919,
  "summary_bg_mad": 70.29883350864345,
  "summary_bg_mean": 455.96860545660644,
  "summary_bg_median": 48.52475357055664,
  "summary_bg_n": 175903.0,
  "summary_bg_p05": 0.6485148668289185,
  "summary_bg_p95": 2427.668212890625,
  "summary_bg_stdv": 930.8009955244872,
  "summary_fg_k": 0.7920761648476584,
  "summary_fg_mad": 1585.4378394256541,
  "summary_fg_mean": 5122.9811008245815,
  "summary_fg_median": 4799.638671875,
  "summary_fg_n": 62561.0,
  "summary_fg_p05": 2687.18310546875,
  "summary_fg_p95": 8562.90625,
  "summary_fg_stdv": 1795.1770759461283,
  "tsnr": 92.70271565532312
}