{
  "aor": 0.001406600985221675,
  "aqi": 0.0052895267980295575,
  "bids_meta": {
    "EchoTime": 0.03,
    "RepetitionTime": 3.0,
    "SliceEncodingDirection": "k",
    "SliceTiming": [
      0.0,
      1.5,
      0.065,
      1.565,
      0.13,
      1.63,
      0.196,
      1.696,
      0.261,
      1.761,
      0.326,
      1.826,
      0.391,
      1.891,
      0.457,
      1.957,
      0.522,
      2.022,
      0.587,
      2.087,
      0.652,
      2.152,
      0.717,
      2.217,
      0.783,
      2.283,
      0.848,
      2.348,
      0.913,
      2.413,
      0.978,
      2.478,
      1.043,
      2.543,
      1.109,
      2.609,
      1.174,
      2.674,
      1.239,
      2.739,
      1.304,
      2.804,
      1.37,
      2.87,
      1.435,
      2.935
    ],
    "TaskName": "rest",
    "dataset": "ds003592",
    "modality": "bold",
    "session_id": "1",
    "subject_id": "11",
    "task_id": "rest"
  },
  "dummy_trs": 1,
  "dvars_nstd": 25.595622837178222,
  "dvars_std": 1.0593254757425743,
  "dvars_vstd": 0.9439075882673263,
  "efc": 0.4400509702448053,
  "fber": 9701.7197265625,
  "fd_mean": 0.20750555255226444,
  "fd_num": 103,
  "fd_perc": 50.73891625615764,
  "fwhm_avg": 3.0436666666666667,
  "fwhm_x": 2.9949933333333334,
  "fwhm_y": 3.126386666666667,
  "fwhm_z": 3.00962,
  "gcor": 0.0207235,
  "gsr_x": -0.009732245467603207,
  "gsr_y": 0.025001831352710724,
  "provenance": {
    "md5sum": "1f633045550ca3c1bd0bc139d9d318cd",
    "settings": {
      "fd_thres": 0.2,
      "testing": false
    },
    "software": "mriqc",
    "version": "23.1.0"
  },
  "size_t": 203,
  "size_x": 72,
  "size_y": 72,
  "size_z": 46,
  "snr": 2.893808684331729,
  "spacing_tr": 3.0,
  "spacing_x": 3.0,
  "spacing_y": 3.0,
  "spacing_z": 3.0,
  "summary_bg_k": 18.51487199185222,
  "summary_bg_mad": 46.05561471583674,
  "summary_bg_mean": 143.45846919842555,
  "summary_bg_median": 33.0541877746582,
  "summary_bg_n": 193850.0,
  "summary_bg_p05": 0.8226600885391235,
  "summary_bg_p95": 672.9359741210938,
  "summary_bg_stdv": 278.3189978902331,
  "summary_fg_k": 1.3591271836243592,
  "summary_fg_mad": 921.5831500644292,
  "summary_fg_mean": 3442.97677433891,
  "summary_fg_median": 3255.7486572265625,
  "summary_fg_n": 44614.0,
  "summary_fg_p05": 1905.6256103515625,
  "summary_fg_p95": 5681.650390625,
  "summary_fg_stdv": 1125.0613030084107,
  "tsnr": 50.681949003832415
}