{
  "bids_meta": {
    "EchoTime": 0.0034,
    "FlipAngle": 7,
    "RepetitionTime": 2.53,
    "dataset": "ds003592",
    "modality": "T1w",
    "session_id": "1",
    "subject_id": "183"
  },
  "cjv": 0.7969868027212365,
  "cnr": 1.0590863407254376,
  "efc": 0.554024172320293,
  "fber": -1.0,
  "fwhm_avg": 4.295750000000001,
  "fwhm_x": 4.35407,
  "fwhm_y": 4.38407,
  "fwhm_z": 4.14911,
  "icvs_csf": 0.26769443537084336,
  "icvs_gm": 0.35342457253577336,
  "icvs_wm": 0.3788809920933834,
  "inu_med": 0.7875667214393616,
  "inu_range": 0.701146113872528,
  "provenance": {
    "md5sum": "4893d0af21e76eacf5aa720aec456b35",
    "settings": {
      "testing": false
    },
    "software": "mriqc",
    "version": "23.1.0",
    "warnings": {
      "large_rot_frame": true,
      "small_air_mask": false
    }
  },
  "qi_1": 0.0,
  "qi_2": 0.0008143124394215175,
  "rpve_csf": 7.499654240166463,
  "rpve_gm": 7.352732848518597,
  "rpve_wm": 7.425857262857449,
  "size_x": 176,
  "size_y": 256,
  "size_z": 256,
  "snr_csf": 1.6435199509891705,
  "snr_gm": 3.700010911594046,
  "snr_total": 4.816984510142599,
  "snr_wm": 9.107422667844581,
  "snrd_csf": 24.973465188075867,
  "snrd_gm": 69.59353606921285,
  "snrd_total": 62.26506876395013,
  "snrd_wm": 92.2282050345617,
  "spacing_x": 1.0,
  "spacing_y": 1.0,
  "spacing_z": 1.0,
  "summary_bg_k": 13.76623684032175,
  "summary_bg_mad": 0.0,
  "summary_bg_mean": 2.954214357283775,
  "summary_bg_median": 0.0,
  "summary_bg_n": 2843957.0,
  "summary_bg_p05": 0.0,
  "summary_bg_p95": 16.920222133398056,
  "summary_bg_stdv": 6.7768544707674465,
  "summary_csf_k": -0.5783836686802313,
  "summary_csf_mad": 128.34548695117854,
  "summary_csf_mean": 295.78797777960557,
  "summary_csf_median": 258.33023353666067,
  "summary_csf_n": 407649.1015219088,
  "summary_csf_p05": 90.09276171028614,
  "summary_csf_p95": 601.9294812455773,
  "summary_csf_stdv": 157.18088273118352,
  "summary_gm_k": 0.6335278880761663,
  "summary_gm_mad": 91.4867315901457,
  "summary_gm_mean": 709.329524218445,
  "summary_gm_median": 719.8886614255607,
  "summary_gm_n": 538200.2403239526,
  "summary_gm_p05": 343.11687295511365,
  "summary_gm_p95": 1023.1168528161943,
  "summary_gm_stdv": 194.5637485491955,
  "summary_wm_k": -0.6555778528769234,
  "summary_wm_mad": 95.11759405854595,
  "summary_wm_mean": 935.5314377941775,
  "summary_wm_median": 954.0259457714856,
  "summary_wm_n": 576965.6578652196,
  "summary_wm_p05": 745.7142636291683,
  "summary_wm_p95": 1082.782899286598,
  "summary_wm_stdv": 104.75248089429535,
  "tpm_overlap_csf": 0.18680814529812495,
  "tpm_overlap_gm": 0.4996545742967448,
  "tpm_overlap_wm": 0.5400841572679317,
  "wm2max": 0.47153941176139097
}