{
  "aor": 0.0007179,
  "aqi": 0.00231217655,
  "bids_meta": {
    "EchoTime": 0.014,
    "RepetitionTime": 3,
    "SliceEncodingDirection": "k",
    "SliceTiming": [
      0,
      1.5425,
      0.07,
      1.6125,
      0.14,
      1.6825,
      0.21,
      1.7525,
      0.28,
      1.8225,
      0.35,
      1.8925,
      0.42,
      1.9625,
      0.49,
      2.0325,
      0.56,
      2.1025,
      0.63,
      2.1725,
      0.7,
      2.2425,
      0.77,
      2.3125,
      0.84,
      2.3825,
      0.91,
      2.4525,
      0.98,
      2.5225,
      1.05,
      2.5925,
      1.12,
      2.6625,
      1.19,
      2.7325,
      1.26,
      2.8025,
      1.33,
      2.8725,
      1.4,
      2.9425,
      1.47
    ],
    "TaskName": "rest",
    "dataset": "ds003592",
    "modality": "bold",
    "session_id": "1",
    "subject_id": "262",
    "task_id": "rest"
  },
  "dummy_trs": 0,
  "dvars_nstd": 20.382122053969855,
  "dvars_std": 1.136443487939698,
  "dvars_vstd": 0.9764578873366834,
  "efc": 0.5155658374144352,
  "fber": 2100.725341796875,
  "fd_mean": 0.21576751606622382,
  "fd_num": 99,
  "fd_perc": 49.5,
  "fwhm_avg": 2.5734371610633526,
  "fwhm_x": 2.1631051851851852,
  "fwhm_y": 2.644172038642886,
  "fwhm_z": 2.9130342593619853,
  "gcor": 0.0360437,
  "gsr_x": 0.0013610561145469546,
  "gsr_y": 0.04785606265068054,
  "provenance": {
    "md5sum": "50f80155bb45dcf1635025212011f270",
    "settings": {
      "fd_thres": 0.2,
      "testing": false
    },
    "software": "mriqc",
    "version": "23.1.0"
  },
  "size_t": 200,
  "size_x": 64,
  "size_y": 64,
  "size_z": 43,
  "snr": 3.139089128897004,
  "spacing_tr": 3.0,
  "spacing_x": 3.375,
  "spacing_y": 3.374999761581421,
  "spacing_z": 2.9999990463256836,
  "summary_bg_k": 20.651510692668566,
  "summary_bg_mad": 11.282603080776383,
  "summary_bg_mean": 54.00589326513487,
  "summary_bg_median": 14.90999984741211,
  "summary_bg_n": 137477.0,
  "summary_bg_p05": 6.664999961853027,
  "summary_bg_p95": 255.6599884033203,
  "summary_bg_stdv": 96.23606140927043,
  "summary_fg_k": 0.8714626570786983,
  "summary_fg_mad": 193.82797931852394,
  "summary_fg_mean": 715.5753252581574,
  "summary_fg_median": 683.3800048828125,
  "summary_fg_n": 38651.0,
  "summary_fg_p05": 410.2850036621094,
  "summary_fg_p95": 1128.8699951171875,
  "summary_fg_stdv": 217.69727980723476,
  "tsnr": 83.798635432031
}