{
  "aor": 0.0029214778325123147,
  "aqi": 0.004905001773399014,
  "bids_meta": {
    "EchoTime": 0.047,
    "RepetitionTime": 3.0,
    "SliceEncodingDirection": "k",
    "SliceTiming": [
      0.0,
      1.5,
      0.065,
      1.565,
      0.13,
      1.63,
      0.196,
      1.696,
      0.261,
      1.761,
      0.326,
      1.826,
      0.391,
      1.891,
      0.457,
      1.957,
      0.522,
      2.022,
      0.587,
      2.087,
      0.652,
      2.152,
      0.717,
      2.217,
      0.783,
      2.283,
      0.848,
      2.348,
      0.913,
      2.413,
      0.978,
      2.478,
      1.043,
      2.543,
      1.109,
      2.609,
      1.174,
      2.674,
      1.239,
      2.739,
      1.304,
      2.804,
      1.37,
      2.87,
      1.435,
      2.935
    ],
    "TaskName": "rest",
    "dataset": "ds003592",
    "modality": "bold",
    "session_id": "1",
    "subject_id": "91",
    "task_id": "rest"
  },
  "dummy_trs": 1,
  "dvars_nstd": 24.766852879059417,
  "dvars_std": 1.0775039755940599,
  "dvars_vstd": 0.9699528481683163,
  "efc": 0.4468072462822887,
  "fber": 11048.9931640625,
  "fd_mean": 0.12460662536234013,
  "fd_num": 21,
  "fd_perc": 10.344827586206897,
  "fwhm_avg": 2.713792222222222,
  "fwhm_x": 2.639603333333333,
  "fwhm_y": 2.8212733333333335,
  "fwhm_z": 2.6805,
  "gcor": 0.0108523,
  "gsr_x": -0.007625361904501915,
  "gsr_y": 0.02715824544429779,
  "provenance": {
    "md5sum": "3a48b10dc35bad3390f8290736b59742",
    "settings": {
      "fd_thres": 0.2,
      "testing": false
    },
    "software": "mriqc",
    "version": "23.1.0"
  },
  "size_t": 203,
  "size_x": 72,
  "size_y": 72,
  "size_z": 46,
  "snr": 2.686850271848497,
  "spacing_tr": 3.0,
  "spacing_x": 3.0,
  "spacing_y": 3.0,
  "spacing_z": 3.0,
  "summary_bg_k": 35.1373810935516,
  "summary_bg_mad": 33.9829939240175,
  "summary_bg_mean": 103.90340596201962,
  "summary_bg_median": 24.891624450683594,
  "summary_bg_n": 188624.0,
  "summary_bg_p05": 0.6009852290153503,
  "summary_bg_p95": 519.1231689453125,
  "summary_bg_stdv": 224.80778416393272,
  "summary_fg_k": 0.8076637781097937,
  "summary_fg_mad": 870.1305006240489,
  "summary_fg_mean": 2789.3470706857033,
  "summary_fg_median": 2616.4556884765625,
  "summary_fg_n": 49840.0,
  "summary_fg_p05": 1486.812744140625,
  "summary_fg_p95": 4684.884033203125,
  "summary_fg_stdv": 973.7905633247647,
  "tsnr": 46.67043535178527
}