{
  "aor": 0.004721527093596059,
  "aqi": 0.0075653970443349755,
  "bids_meta": {
    "EchoTime": 0.03,
    "RepetitionTime": 3.0,
    "SliceEncodingDirection": "k",
    "SliceTiming": [
      0.0,
      1.5,
      0.065,
      1.565,
      0.13,
      1.63,
      0.196,
      1.696,
      0.261,
      1.761,
      0.326,
      1.826,
      0.391,
      1.891,
      0.457,
      1.957,
      0.522,
      2.022,
      0.587,
      2.087,
      0.652,
      2.152,
      0.717,
      2.217,
      0.783,
      2.283,
      0.848,
      2.348,
      0.913,
      2.413,
      0.978,
      2.478,
      1.043,
      2.543,
      1.109,
      2.609,
      1.174,
      2.674,
      1.239,
      2.739,
      1.304,
      2.804,
      1.37,
      2.87,
      1.435,
      2.935
    ],
    "TaskName": "rest",
    "dataset": "ds003592",
    "modality": "bold",
    "session_id": "2",
    "subject_id": "236",
    "task_id": "rest"
  },
  "dummy_trs": 1,
  "dvars_nstd": 28.508832261485153,
  "dvars_std": 1.1881544008910896,
  "dvars_vstd": 1.0179960813366327,
  "efc": 0.47311221881570564,
  "fber": 12182.755859375,
  "fd_mean": 0.12885678750687624,
  "fd_num": 29,
  "fd_perc": 14.285714285714286,
  "fwhm_avg": 2.841688888888889,
  "fwhm_x": 2.786436666666667,
  "fwhm_y": 2.916816666666667,
  "fwhm_z": 2.821813333333333,
  "gcor": 0.111983,
  "gsr_x": 0.002709082793444395,
  "gsr_y": 0.025689534842967987,
  "provenance": {
    "md5sum": "900400d19c41be6406a61c8090b0468c",
    "settings": {
      "fd_thres": 0.2,
      "testing": false
    },
    "software": "mriqc",
    "version": "23.1.0"
  },
  "size_t": 203,
  "size_x": 72,
  "size_y": 72,
  "size_z": 46,
  "snr": 3.2439193133958057,
  "spacing_tr": 3.0,
  "spacing_x": 3.0,
  "spacing_y": 3.0,
  "spacing_z": 3.0,
  "summary_bg_k": 28.479717238785337,
  "summary_bg_mad": 43.22917412138622,
  "summary_bg_mean": 171.90024360043333,
  "summary_bg_median": 30.8472900390625,
  "summary_bg_n": 187024.0,
  "summary_bg_p05": 0.778325080871582,
  "summary_bg_p95": 939.9950561523438,
  "summary_bg_stdv": 381.91560543635075,
  "summary_fg_k": 0.6811900736677106,
  "summary_fg_mad": 936.580923898089,
  "summary_fg_mean": 3538.0908561291258,
  "summary_fg_median": 3404.78564453125,
  "summary_fg_n": 51440.0,
  "summary_fg_p05": 1998.9852294921875,
  "summary_fg_p95": 5511.82763671875,
  "summary_fg_stdv": 1049.5799126637235,
  "tsnr": 49.67553260852583
}