{
  "aor": 0.0022001499999999997,
  "aqi": 0.007130684149999999,
  "bids_meta": {
    "EchoTime": 0.02996,
    "RepetitionTime": 3,
    "SliceEncodingDirection": "k",
    "SliceTiming": [
      0,
      1.54,
      0.07,
      1.61,
      0.14,
      1.68,
      0.21,
      1.75,
      0.28,
      1.82,
      0.35,
      1.89,
      0.42,
      1.96,
      0.49,
      2.03,
      0.56,
      2.1,
      0.63,
      2.17,
      0.7,
      2.24,
      0.77,
      2.31,
      0.84,
      2.38,
      0.91,
      2.45,
      0.98,
      2.52,
      1.05,
      2.59,
      1.12,
      2.66,
      1.19,
      2.73,
      1.26,
      2.8,
      1.33,
      2.87,
      1.4,
      2.94,
      1.47
    ],
    "TaskName": "rest",
    "dataset": "ds003592",
    "modality": "bold",
    "session_id": "1",
    "subject_id": "272",
    "task_id": "rest"
  },
  "dummy_trs": 0,
  "dvars_nstd": 42.17869458587943,
  "dvars_std": 1.144165866532663,
  "dvars_vstd": 0.9803319460301508,
  "efc": 0.4480519709762843,
  "fber": 1877.4847412109375,
  "fd_mean": 0.24018635448041795,
  "fd_num": 106,
  "fd_perc": 53.0,
  "fwhm_avg": 2.802719304092857,
  "fwhm_x": 2.6053333333333333,
  "fwhm_y": 2.84290053991102,
  "fwhm_z": 2.959924039034217,
  "gcor": 0.0189599,
  "gsr_x": -0.006584890186786652,
  "gsr_y": 0.027643609791994095,
  "provenance": {
    "md5sum": "126fd2aef48c8ff88dc358d3f4dc8c41",
    "settings": {
      "fd_thres": 0.2,
      "testing": false
    },
    "software": "mriqc",
    "version": "23.1.0"
  },
  "size_t": 200,
  "size_x": 64,
  "size_y": 64,
  "size_z": 43,
  "snr": 2.183167803645345,
  "spacing_tr": 3.0,
  "spacing_x": 3.375,
  "spacing_y": 3.375000238418579,
  "spacing_z": 2.9999992847442627,
  "summary_bg_k": 46.286528058150495,
  "summary_bg_mad": 8.762177471221305,
  "summary_bg_mean": 33.11374040976446,
  "summary_bg_median": 14.789999961853027,
  "summary_bg_n": 141542.0,
  "summary_bg_p05": 7.539999961853027,
  "summary_bg_p95": 124.85499572753906,
  "summary_bg_stdv": 57.685009591915744,
  "summary_fg_k": 2.7998988525763693,
  "summary_fg_mad": 231.54538337694078,
  "summary_fg_mean": 709.1742726792927,
  "summary_fg_median": 640.8499755859375,
  "summary_fg_n": 34586.0,
  "summary_fg_p05": 356.875,
  "summary_fg_p95": 1288.2750244140625,
  "summary_fg_stdv": 293.5370839852304,
  "tsnr": 38.21472944668494
}