{
  "bids_meta": {
    "EchoTime": 0.0034,
    "FlipAngle": 7,
    "RepetitionTime": 2.53,
    "dataset": "ds003592",
    "modality": "T1w",
    "session_id": "1",
    "subject_id": "215"
  },
  "cjv": 0.6998973349232966,
  "cnr": 1.4335716746493707,
  "efc": 0.5904998253525304,
  "fber": -1.0,
  "fwhm_avg": 4.3650166666666665,
  "fwhm_x": 4.30539,
  "fwhm_y": 4.63387,
  "fwhm_z": 4.15579,
  "icvs_csf": 0.26055878189868936,
  "icvs_gm": 0.3773426237722902,
  "icvs_wm": 0.3620985943290204,
  "inu_med": 0.81680828332901,
  "inu_range": 0.620590656995773,
  "provenance": {
    "md5sum": "89a7f8da7a5c310ad71e8cff925c6e16",
    "settings": {
      "testing": false
    },
    "software": "mriqc",
    "version": "23.1.0",
    "warnings": {
      "large_rot_frame": true,
      "small_air_mask": false
    }
  },
  "qi_1": 0.0,
  "qi_2": 0.0021901620888233704,
  "rpve_csf": 7.918871937616558,
  "rpve_gm": 7.810760846272968,
  "rpve_wm": 7.913541552306391,
  "size_x": 176,
  "size_y": 256,
  "size_z": 256,
  "snr_csf": 2.0687749750370914,
  "snr_gm": 4.961236041668307,
  "snr_total": 5.8459193445481406,
  "snr_wm": 10.507747016939025,
  "snrd_csf": 43.21614571609806,
  "snrd_gm": 70.75231204640404,
  "snrd_total": 69.64784092459418,
  "snrd_wm": 94.97506501128045,
  "spacing_x": 1.0,
  "spacing_y": 1.0,
  "spacing_z": 1.0,
  "summary_bg_k": 14.407796666405421,
  "summary_bg_mad": 0.0,
  "summary_bg_mean": 2.6240769714266508,
  "summary_bg_median": 0.0,
  "summary_bg_n": 2665891.0,
  "summary_bg_p05": 0.0,
  "summary_bg_p95": 17.05188374221325,
  "summary_bg_stdv": 6.535357144337528,
  "summary_csf_k": -0.6688743449844519,
  "summary_csf_mad": 147.1339587570204,
  "summary_csf_mean": 431.0844711002362,
  "summary_csf_median": 431.1055631414056,
  "summary_csf_n": 374031.87096398533,
  "summary_csf_p05": 101.34152707457542,
  "summary_csf_p95": 767.4963976293802,
  "summary_csf_stdv": 208.38660175598125,
  "summary_gm_k": -0.30967136145454033,
  "summary_gm_mad": 100.40574709966049,
  "summary_gm_mean": 712.3780050949156,
  "summary_gm_median": 705.7944391593337,
  "summary_gm_n": 541674.9592377444,
  "summary_gm_p05": 487.79701548814774,
  "summary_gm_p95": 962.8253218233585,
  "summary_gm_stdv": 142.26168272153237,
  "summary_wm_k": 0.35088890890673596,
  "summary_wm_mad": 68.71443432178435,
  "summary_wm_mean": 937.8228123220665,
  "summary_wm_median": 947.4301376864314,
  "summary_wm_n": 519792.1702096884,
  "summary_wm_p05": 772.5069037526846,
  "summary_wm_p95": 1073.5817515328526,
  "summary_wm_stdv": 90.16483027274336,
  "tpm_overlap_csf": 0.2086712508087104,
  "tpm_overlap_gm": 0.536126601202636,
  "tpm_overlap_wm": 0.5390992385018022,
  "wm2max": 0.48938657093360605
}