{
  "aor": 0.0029493034825870644,
  "aqi": 0.009971604577114428,
  "bids_meta": {
    "EchoTime": 0.03,
    "RepetitionTime": 3.0,
    "SliceEncodingDirection": "k",
    "SliceTiming": [
      0.0,
      1.5,
      0.065,
      1.565,
      0.13,
      1.63,
      0.196,
      1.696,
      0.261,
      1.761,
      0.326,
      1.826,
      0.391,
      1.891,
      0.457,
      1.957,
      0.522,
      2.022,
      0.587,
      2.087,
      0.652,
      2.152,
      0.717,
      2.217,
      0.783,
      2.283,
      0.848,
      2.348,
      0.913,
      2.413,
      0.978,
      2.478,
      1.043,
      2.543,
      1.109,
      2.609,
      1.174,
      2.674,
      1.239,
      2.739,
      1.304,
      2.804,
      1.37,
      2.87,
      1.435,
      2.935
    ],
    "TaskName": "rest",
    "dataset": "ds003592",
    "modality": "bold",
    "session_id": "1",
    "subject_id": "147",
    "task_id": "rest"
  },
  "dummy_trs": 3,
  "dvars_nstd": 23.2246413996,
  "dvars_std": 1.08369186245,
  "dvars_vstd": 0.9266700097500002,
  "efc": 0.46465835412931755,
  "fber": 16031.0595703125,
  "fd_mean": 0.10121174217185637,
  "fd_num": 21,
  "fd_perc": 10.447761194029852,
  "fwhm_avg": 3.1143377777777776,
  "fwhm_x": 2.990576666666667,
  "fwhm_y": 3.1565166666666666,
  "fwhm_z": 3.1959199999999996,
  "gcor": 0.0539297,
  "gsr_x": -0.0014830133877694607,
  "gsr_y": 0.035818636417388916,
  "provenance": {
    "md5sum": "cf287f1895abc78d05fbdd383da37edd",
    "settings": {
      "fd_thres": 0.2,
      "testing": false
    },
    "software": "mriqc",
    "version": "23.1.0"
  },
  "size_t": 201,
  "size_x": 72,
  "size_y": 72,
  "size_z": 46,
  "snr": 3.0082298599519013,
  "spacing_tr": 3.0,
  "spacing_x": 3.0,
  "spacing_y": 3.0,
  "spacing_z": 3.0,
  "summary_bg_k": 41.99235316061015,
  "summary_bg_mad": 39.130371794243324,
  "summary_bg_mean": 160.55364477286747,
  "summary_bg_median": 28.213930130004883,
  "summary_bg_n": 186692.0,
  "summary_bg_p05": 0.9303482174873352,
  "summary_bg_p95": 817.52734375,
  "summary_bg_stdv": 356.13927186282785,
  "summary_fg_k": 0.967100475840879,
  "summary_fg_mad": 1029.9696611997874,
  "summary_fg_mean": 3779.1926238784963,
  "summary_fg_median": 3572.2735595703125,
  "summary_fg_n": 51772.0,
  "summary_fg_p05": 2133.258544921875,
  "summary_fg_p95": 6071.07470703125,
  "summary_fg_stdv": 1187.4887311327793,
  "tsnr": 43.68424342176877
}