{
  "aor": 0.0005326368159203979,
  "aqi": 0.002091509004975124,
  "bids_meta": {
    "EchoTime": 0.0137,
    "RepetitionTime": 3.0,
    "SliceEncodingDirection": "k",
    "SliceTiming": [
      0.0,
      1.5,
      0.065,
      1.565,
      0.13,
      1.63,
      0.196,
      1.696,
      0.261,
      1.761,
      0.326,
      1.826,
      0.391,
      1.891,
      0.457,
      1.957,
      0.522,
      2.022,
      0.587,
      2.087,
      0.652,
      2.152,
      0.717,
      2.217,
      0.783,
      2.283,
      0.848,
      2.348,
      0.913,
      2.413,
      0.978,
      2.478,
      1.043,
      2.543,
      1.109,
      2.609,
      1.174,
      2.674,
      1.239,
      2.739,
      1.304,
      2.804,
      1.37,
      2.87,
      1.435,
      2.935
    ],
    "TaskName": "rest",
    "dataset": "ds003592",
    "modality": "bold",
    "session_id": "2",
    "subject_id": "151",
    "task_id": "rest"
  },
  "dummy_trs": 3,
  "dvars_nstd": 18.2326370813,
  "dvars_std": 1.3125667752499992,
  "dvars_vstd": 0.9603609765999995,
  "efc": 0.47789149432952716,
  "fber": 14005.634765625,
  "fd_mean": 0.06785789807752134,
  "fd_num": 7,
  "fd_perc": 3.482587064676617,
  "fwhm_avg": 3.6323777777777777,
  "fwhm_x": 3.4299,
  "fwhm_y": 3.4265333333333334,
  "fwhm_z": 4.0407,
  "gcor": 0.0155339,
  "gsr_x": -0.00019293994409963489,
  "gsr_y": 0.020316509529948235,
  "provenance": {
    "md5sum": "374c1503462943b8a5ac4d9d70f07d34",
    "settings": {
      "fd_thres": 0.2,
      "testing": false
    },
    "software": "mriqc",
    "version": "23.1.0"
  },
  "size_t": 201,
  "size_x": 72,
  "size_y": 72,
  "size_z": 46,
  "snr": 2.7701652033900137,
  "spacing_tr": 3.0,
  "spacing_x": 3.0,
  "spacing_y": 3.0,
  "spacing_z": 3.0,
  "summary_bg_k": 11.819976806960424,
  "summary_bg_mad": 55.56807610463322,
  "summary_bg_mean": 353.00724801074676,
  "summary_bg_median": 39.2363166809082,
  "summary_bg_n": 192170.0,
  "summary_bg_p05": 1.0746268033981323,
  "summary_bg_p95": 1947.8258056640625,
  "summary_bg_stdv": 735.8842644366213,
  "summary_fg_k": 1.4636257870926022,
  "summary_fg_mad": 1263.7819310620666,
  "summary_fg_mean": 5006.0021141382995,
  "summary_fg_median": 4643.437744140625,
  "summary_fg_n": 46294.0,
  "summary_fg_p05": 2842.069580078125,
  "summary_fg_p95": 8410.2490234375,
  "summary_fg_stdv": 1676.2132404855302,
  "tsnr": 92.1264727464877
}