{
  "aor": 0.0007147524752475247,
  "aqi": 0.005262785841584158,
  "bids_meta": {
    "EchoTime": 0.047,
    "RepetitionTime": 3.0,
    "SliceEncodingDirection": "k",
    "SliceTiming": [
      0.0,
      1.5,
      0.065,
      1.565,
      0.13,
      1.63,
      0.196,
      1.696,
      0.261,
      1.761,
      0.326,
      1.826,
      0.391,
      1.891,
      0.457,
      1.957,
      0.522,
      2.022,
      0.587,
      2.087,
      0.652,
      2.152,
      0.717,
      2.217,
      0.783,
      2.283,
      0.848,
      2.348,
      0.913,
      2.413,
      0.978,
      2.478,
      1.043,
      2.543,
      1.109,
      2.609,
      1.174,
      2.674,
      1.239,
      2.739,
      1.304,
      2.804,
      1.37,
      2.87,
      1.435,
      2.935
    ],
    "TaskName": "rest",
    "dataset": "ds003592",
    "modality": "bold",
    "session_id": "2",
    "subject_id": "45",
    "task_id": "rest"
  },
  "dummy_trs": 2,
  "dvars_nstd": 24.151841898756214,
  "dvars_std": 1.0409637910945269,
  "dvars_vstd": 0.9734291194527361,
  "efc": 0.4271830035988305,
  "fber": 8097.90869140625,
  "fd_mean": 0.059718754919007876,
  "fd_num": 1,
  "fd_perc": 0.49504950495049505,
  "fwhm_avg": 2.4208833333333333,
  "fwhm_x": 2.4912733333333335,
  "fwhm_y": 2.5393266666666667,
  "fwhm_z": 2.23205,
  "gcor": 0.0634071,
  "gsr_x": -0.005336785688996315,
  "gsr_y": 0.013267063535749912,
  "provenance": {
    "md5sum": "9f70e78dc0fb28f5257103afaf6ce8bc",
    "settings": {
      "fd_thres": 0.2,
      "testing": false
    },
    "software": "mriqc",
    "version": "23.1.0"
  },
  "size_t": 202,
  "size_x": 72,
  "size_y": 72,
  "size_z": 46,
  "snr": 2.891306640520356,
  "spacing_tr": 3.0,
  "spacing_x": 3.0,
  "spacing_y": 3.0,
  "spacing_z": 3.0,
  "summary_bg_k": 24.250509243116415,
  "summary_bg_mad": 35.824660951108136,
  "summary_bg_mean": 88.67180400402489,
  "summary_bg_median": 24.712871551513672,
  "summary_bg_n": 195267.0,
  "summary_bg_p05": 0.044554453343153,
  "summary_bg_p95": 438.9900817871094,
  "summary_bg_stdv": 185.5540728053368,
  "summary_fg_k": 1.5058561875663532,
  "summary_fg_mad": 660.9763561479542,
  "summary_fg_mean": 2329.1182429986598,
  "summary_fg_median": 2223.871337890625,
  "summary_fg_n": 43197.0,
  "summary_fg_p05": 1250.7969970703125,
  "summary_fg_p95": 3784.3564453125,
  "summary_fg_stdv": 769.1489949686724,
  "tsnr": 46.16885135276243
}