{
  "aor": 0.0006878325123152709,
  "aqi": 0.00375173763546798,
  "bids_meta": {
    "EchoTime": 0.03,
    "RepetitionTime": 3.0,
    "SliceEncodingDirection": "k",
    "SliceTiming": [
      0.0,
      1.5,
      0.065,
      1.565,
      0.13,
      1.63,
      0.196,
      1.696,
      0.261,
      1.761,
      0.326,
      1.826,
      0.391,
      1.891,
      0.457,
      1.957,
      0.522,
      2.022,
      0.587,
      2.087,
      0.652,
      2.152,
      0.717,
      2.217,
      0.783,
      2.283,
      0.848,
      2.348,
      0.913,
      2.413,
      0.978,
      2.478,
      1.043,
      2.543,
      1.109,
      2.609,
      1.174,
      2.674,
      1.239,
      2.739,
      1.304,
      2.804,
      1.37,
      2.87,
      1.435,
      2.935
    ],
    "TaskName": "rest",
    "dataset": "ds003592",
    "modality": "bold",
    "session_id": "1",
    "subject_id": "206",
    "task_id": "rest"
  },
  "dummy_trs": 1,
  "dvars_nstd": 19.48107844985149,
  "dvars_std": 1.1506058462871287,
  "dvars_vstd": 0.9486946613366338,
  "efc": 0.4796300660785588,
  "fber": 17163.5078125,
  "fd_mean": 0.05232258876089651,
  "fd_num": 3,
  "fd_perc": 1.477832512315271,
  "fwhm_avg": 2.801755403000526,
  "fwhm_x": 2.646506666666667,
  "fwhm_y": 2.871746438440765,
  "fwhm_z": 2.887013103894146,
  "gcor": 0.0430489,
  "gsr_x": 0.010125880129635334,
  "gsr_y": 0.028651729226112366,
  "provenance": {
    "md5sum": "fee93c4637b8b7d781f639512733fbcf",
    "settings": {
      "fd_thres": 0.2,
      "testing": false
    },
    "software": "mriqc",
    "version": "23.1.0"
  },
  "size_t": 203,
  "size_x": 72,
  "size_y": 72,
  "size_z": 46,
  "snr": 3.2786327539710904,
  "spacing_tr": 3.0,
  "spacing_x": 3.0,
  "spacing_y": 3.000000238418579,
  "spacing_z": 3.000000238418579,
  "summary_bg_k": 22.907307494566567,
  "summary_bg_mad": 39.70160328906462,
  "summary_bg_mean": 181.49907226919757,
  "summary_bg_median": 28.305418014526367,
  "summary_bg_n": 184491.0,
  "summary_bg_p05": 0.7586206793785095,
  "summary_bg_p95": 956.2462768554688,
  "summary_bg_stdv": 409.434794610749,
  "summary_fg_k": 0.4406509560745806,
  "summary_fg_mad": 1054.3274474280606,
  "summary_fg_mean": 3855.445661874795,
  "summary_fg_median": 3708.28076171875,
  "summary_fg_n": 53973.0,
  "summary_fg_p05": 2206.83740234375,
  "summary_fg_p95": 5940.85205078125,
  "summary_fg_stdv": 1131.0343935162161,
  "tsnr": 62.683026363141835
}