{
  "bids_meta": {
    "EchoTime": 0.0034,
    "FlipAngle": 7,
    "RepetitionTime": 2.53,
    "dataset": "ds003592",
    "modality": "T1w",
    "session_id": "1",
    "subject_id": "198"
  },
  "cjv": 0.6447813152099346,
  "cnr": 1.4560109495992304,
  "efc": 0.5737915152912789,
  "fber": -1.0,
  "fwhm_avg": 4.3338833333333335,
  "fwhm_x": 4.33694,
  "fwhm_y": 4.3425,
  "fwhm_z": 4.32221,
  "icvs_csf": 0.2665764887833885,
  "icvs_gm": 0.370913310511219,
  "icvs_wm": 0.36251020070539236,
  "inu_med": 0.8120744228363037,
  "inu_range": 0.7118131518363953,
  "provenance": {
    "md5sum": "7b5bddcfc58501b64599d9c3c6dfb060",
    "settings": {
      "testing": false
    },
    "software": "mriqc",
    "version": "23.1.0",
    "warnings": {
      "large_rot_frame": true,
      "small_air_mask": false
    }
  },
  "qi_1": 0.0,
  "qi_2": 0.001524682649477407,
  "rpve_csf": 6.847554981816272,
  "rpve_gm": 6.740193704331511,
  "rpve_wm": 6.814091889019889,
  "size_x": 176,
  "size_y": 256,
  "size_z": 256,
  "snr_csf": 1.5160998551684401,
  "snr_gm": 4.700178109982155,
  "snr_total": 5.892165495420027,
  "snr_wm": 11.460218521109486,
  "snrd_csf": 24.167787524870416,
  "snrd_gm": 59.46014807189219,
  "snrd_total": 54.7271049125873,
  "snrd_wm": 80.55337914099928,
  "spacing_x": 1.0,
  "spacing_y": 1.0,
  "spacing_z": 1.0,
  "summary_bg_k": 12.976208404110043,
  "summary_bg_mad": 0.0,
  "summary_bg_mean": 3.258411382933288,
  "summary_bg_median": 0.0,
  "summary_bg_n": 3011814.0,
  "summary_bg_p05": 0.0,
  "summary_bg_p95": 20.63469409942627,
  "summary_bg_stdv": 7.884109339739561,
  "summary_csf_k": -0.8567488123031541,
  "summary_csf_mad": 169.42216365341417,
  "summary_csf_mean": 327.8080821522622,
  "summary_csf_median": 290.84245562553406,
  "summary_csf_n": 444048.71994799696,
  "summary_csf_p05": 75.95702052116394,
  "summary_csf_p95": 687.3843529224396,
  "summary_csf_stdv": 191.8357337377915,
  "summary_gm_k": -0.357131007209174,
  "summary_gm_mad": 98.05597827885957,
  "summary_gm_mean": 718.4982242753839,
  "summary_gm_median": 715.5613834857941,
  "summary_gm_n": 617847.3634185104,
  "summary_gm_p05": 466.130624294281,
  "summary_gm_p95": 990.2518544197083,
  "summary_gm_stdv": 152.24121036810993,
  "summary_wm_k": -0.2479950370213837,
  "summary_wm_mad": 65.61680310860748,
  "summary_wm_mean": 953.2868354074819,
  "summary_wm_median": 969.4036979675293,
  "summary_wm_n": 603849.9168699073,
  "summary_wm_p05": 787.5693504810333,
  "summary_wm_p95": 1068.343498468399,
  "summary_wm_stdv": 84.58851753093703,
  "tpm_overlap_csf": 0.19307706265050598,
  "tpm_overlap_gm": 0.5110212812362613,
  "tpm_overlap_wm": 0.5494014042784368,
  "wm2max": 0.5120008177581784
}