{
  "bids_meta": {
    "EchoTime": 0.00252,
    "FlipAngle": 9,
    "RepetitionTime": 1.9,
    "dataset": "ds003592",
    "modality": "T1w",
    "session_id": "1",
    "subject_id": "276"
  },
  "cjv": 0.8832693313578902,
  "cnr": 0.9030357764387944,
  "efc": 0.48834868303057966,
  "fber": -1.0,
  "fwhm_avg": 4.457153333333333,
  "fwhm_x": 4.52969,
  "fwhm_y": 4.54182,
  "fwhm_z": 4.29995,
  "icvs_csf": 0.26034654266124935,
  "icvs_gm": 0.34459493612599834,
  "icvs_wm": 0.3950585212127523,
  "inu_med": 0.47078241407871246,
  "inu_range": 0.17025044113397597,
  "provenance": {
    "md5sum": "e8f23456d749c18ce5309df2794e6328",
    "settings": {
      "testing": false
    },
    "software": "mriqc",
    "version": "23.1.0",
    "warnings": {
      "large_rot_frame": true,
      "small_air_mask": false
    }
  },
  "qi_1": 0.0,
  "qi_2": 0.0021587288899462924,
  "rpve_csf": 8.103137296394252,
  "rpve_gm": 7.95159007220145,
  "rpve_wm": 8.028737610427692,
  "size_x": 192,
  "size_y": 256,
  "size_z": 256,
  "snr_csf": 2.475945040455008,
  "snr_gm": 4.499570839953742,
  "snr_total": 6.22989693728535,
  "snr_wm": 11.7141749314473,
  "snrd_csf": 38.13650706806876,
  "snrd_gm": 80.54399580098982,
  "snrd_total": 72.36354627512665,
  "snrd_wm": 98.41013595632138,
  "spacing_x": 1.0,
  "spacing_y": 1.0,
  "spacing_z": 1.0,
  "summary_bg_k": 799.3785060393053,
  "summary_bg_mad": 0.0,
  "summary_bg_mean": 1.829816559608845,
  "summary_bg_median": 0.0,
  "summary_bg_n": 4365386.0,
  "summary_bg_p05": 0.0,
  "summary_bg_p95": 9.652599457651377,
  "summary_bg_stdv": 6.366019568256434,
  "summary_csf_k": 0.9574437592188767,
  "summary_csf_mad": 96.09778678580321,
  "summary_csf_mean": 408.5835139439256,
  "summary_csf_median": 370.575883526355,
  "summary_csf_n": 400299.47116219206,
  "summary_csf_p05": 212.49708081409335,
  "summary_csf_p95": 703.520618442446,
  "summary_csf_stdv": 149.67029340225312,
  "summary_gm_k": 2.812467482533089,
  "summary_gm_mad": 72.73012352421941,
  "summary_gm_mean": 762.2231791456643,
  "summary_gm_median": 782.6532816290855,
  "summary_gm_n": 529836.7678955086,
  "summary_gm_p05": 410.3520542383194,
  "summary_gm_p95": 1025.8335046805441,
  "summary_gm_stdv": 173.93937575103473,
  "summary_wm_k": -0.7679095437363412,
  "summary_wm_mad": 80.6115247426234,
  "summary_wm_mean": 945.2182204331115,
  "summary_wm_median": 956.2601791210473,
  "summary_wm_n": 607427.7595664058,
  "summary_wm_p05": 802.5646824426949,
  "summary_wm_p95": 1062.9517132230103,
  "summary_wm_stdv": 81.63267132152681,
  "tpm_overlap_csf": 0.1947374021551202,
  "tpm_overlap_gm": 0.48414902992007963,
  "tpm_overlap_wm": 0.525061229492138,
  "wm2max": 0.3904641632982879
}