{
  "aor": 0.0016734653465346533,
  "aqi": 0.007969667277227723,
  "bids_meta": {
    "EchoTime": 0.047,
    "RepetitionTime": 3.0,
    "SliceEncodingDirection": "k",
    "SliceTiming": [
      0.0,
      1.5,
      0.065,
      1.565,
      0.13,
      1.63,
      0.196,
      1.696,
      0.261,
      1.761,
      0.326,
      1.826,
      0.391,
      1.891,
      0.457,
      1.957,
      0.522,
      2.022,
      0.587,
      2.087,
      0.652,
      2.152,
      0.717,
      2.217,
      0.783,
      2.283,
      0.848,
      2.348,
      0.913,
      2.413,
      0.978,
      2.478,
      1.043,
      2.543,
      1.109,
      2.609,
      1.174,
      2.674,
      1.239,
      2.739,
      1.304,
      2.804,
      1.37,
      2.87,
      1.435,
      2.935
    ],
    "TaskName": "rest",
    "dataset": "ds003592",
    "modality": "bold",
    "session_id": "2",
    "subject_id": "115",
    "task_id": "rest"
  },
  "dummy_trs": 2,
  "dvars_nstd": 30.617084863731343,
  "dvars_std": 1.0270740514925372,
  "dvars_vstd": 0.9656302518407953,
  "efc": 0.4380655308364867,
  "fber": 8642.1083984375,
  "fd_mean": 0.1699431912985339,
  "fd_num": 63,
  "fd_perc": 31.18811881188119,
  "fwhm_avg": 2.69915,
  "fwhm_x": 2.6082566666666667,
  "fwhm_y": 2.8456233333333336,
  "fwhm_z": 2.64357,
  "gcor": 0.0262216,
  "gsr_x": 0.006156384013593197,
  "gsr_y": 0.020238233730196953,
  "provenance": {
    "md5sum": "666f3d8c977e94991bd152fe99bf29e4",
    "settings": {
      "fd_thres": 0.2,
      "testing": false
    },
    "software": "mriqc",
    "version": "23.1.0"
  },
  "size_t": 202,
  "size_x": 72,
  "size_y": 72,
  "size_z": 46,
  "snr": 2.9106497288237168,
  "spacing_tr": 3.0,
  "spacing_x": 3.0,
  "spacing_y": 3.0,
  "spacing_z": 3.0,
  "summary_bg_k": 32.626881516857395,
  "summary_bg_mad": 32.82275884798322,
  "summary_bg_mean": 97.46795453456681,
  "summary_bg_median": 25.25247573852539,
  "summary_bg_n": 192755.0,
  "summary_bg_p05": 0.6534653306007385,
  "summary_bg_p95": 505.9900817871094,
  "summary_bg_stdv": 214.7534181507541,
  "summary_fg_k": 0.6575693167049308,
  "summary_fg_mad": 735.6128539149554,
  "summary_fg_mean": 2466.810237802818,
  "summary_fg_median": 2347.54443359375,
  "summary_fg_n": 45709.0,
  "summary_fg_p05": 1315.7969970703125,
  "summary_fg_p95": 3961.3662109375,
  "summary_fg_stdv": 806.5273986662762,
  "tsnr": 40.438260411377996
}