{
  "aor": 0.0036782266009852214,
  "aqi": 0.003101962955665024,
  "bids_meta": {
    "EchoTime": 0.0137,
    "RepetitionTime": 3.0,
    "SliceEncodingDirection": "k",
    "SliceTiming": [
      0.0,
      1.5,
      0.065,
      1.565,
      0.13,
      1.63,
      0.196,
      1.696,
      0.261,
      1.761,
      0.326,
      1.826,
      0.391,
      1.891,
      0.457,
      1.957,
      0.522,
      2.022,
      0.587,
      2.087,
      0.652,
      2.152,
      0.717,
      2.217,
      0.783,
      2.283,
      0.848,
      2.348,
      0.913,
      2.413,
      0.978,
      2.478,
      1.043,
      2.543,
      1.109,
      2.609,
      1.174,
      2.674,
      1.239,
      2.739,
      1.304,
      2.804,
      1.37,
      2.87,
      1.435,
      2.935
    ],
    "TaskName": "rest",
    "dataset": "ds003592",
    "modality": "bold",
    "session_id": "1",
    "subject_id": "146",
    "task_id": "rest"
  },
  "dummy_trs": 1,
  "dvars_nstd": 14.034168261980195,
  "dvars_std": 1.0848531574257418,
  "dvars_vstd": 0.9587137148514848,
  "efc": 0.507641510297361,
  "fber": 17158.748046875,
  "fd_mean": 0.07150012887875432,
  "fd_num": 14,
  "fd_perc": 6.896551724137931,
  "fwhm_avg": 3.006183164634541,
  "fwhm_x": 2.6503833333333335,
  "fwhm_y": 2.9872330959293767,
  "fwhm_z": 3.380933064640914,
  "gcor": 0.0222358,
  "gsr_x": -0.003919042646884918,
  "gsr_y": 0.042536064982414246,
  "provenance": {
    "md5sum": "620c224b7be06aedd39e7e0fbffa6e00",
    "settings": {
      "fd_thres": 0.2,
      "testing": false
    },
    "software": "mriqc",
    "version": "23.1.0"
  },
  "size_t": 203,
  "size_x": 72,
  "size_y": 72,
  "size_z": 46,
  "snr": 3.4854705175619545,
  "spacing_tr": 3.0,
  "spacing_x": 3.0,
  "spacing_y": 3.000000238418579,
  "spacing_z": 3.000000238418579,
  "summary_bg_k": 14.073995863560398,
  "summary_bg_mad": 55.19224159032352,
  "summary_bg_mean": 354.1164495262328,
  "summary_bg_median": 38.98522186279297,
  "summary_bg_n": 183375.0,
  "summary_bg_p05": 0.9901477694511414,
  "summary_bg_p95": 1995.1871337890625,
  "summary_bg_stdv": 754.363318639744,
  "summary_fg_k": 0.5423476384313215,
  "summary_fg_mad": 1324.3800390725928,
  "summary_fg_mean": 5302.925929344015,
  "summary_fg_median": 5106.72900390625,
  "summary_fg_n": 55089.0,
  "summary_fg_p05": 3184.38427734375,
  "summary_fg_p95": 7983.72412109375,
  "summary_fg_stdv": 1465.134370857126,
  "tsnr": 78.08529966138303
}