{
  "bids_meta": {
    "EchoTime": 0.00252,
    "FlipAngle": 9,
    "RepetitionTime": 1.9,
    "dataset": "ds003592",
    "modality": "T1w",
    "session_id": "1",
    "subject_id": "301"
  },
  "cjv": 0.8580266172494325,
  "cnr": 1.002293193480336,
  "efc": 0.5018072267516539,
  "fber": -1.0,
  "fwhm_avg": 4.176376666666667,
  "fwhm_x": 4.18771,
  "fwhm_y": 4.2112,
  "fwhm_z": 4.13022,
  "icvs_csf": 0.26451120773642467,
  "icvs_gm": 0.35582103834441026,
  "icvs_wm": 0.3796677539191651,
  "inu_med": 0.4889334738254547,
  "inu_range": 0.1746152982115745,
  "provenance": {
    "md5sum": "e9febb40ba75401974b29a53b663ba82",
    "settings": {
      "testing": false
    },
    "software": "mriqc",
    "version": "23.1.0",
    "warnings": {
      "large_rot_frame": true,
      "small_air_mask": false
    }
  },
  "qi_1": 0.0,
  "qi_2": 0.002449664577632492,
  "rpve_csf": 9.352320647988199,
  "rpve_gm": 9.198795916300524,
  "rpve_wm": 9.27637638133332,
  "size_x": 192,
  "size_y": 256,
  "size_z": 256,
  "snr_csf": 2.516457808245781,
  "snr_gm": 5.381392453995947,
  "snr_total": 6.459658498055128,
  "snr_wm": 11.481125231923658,
  "snrd_csf": 20.971701060574247,
  "snrd_gm": 39.253623395443775,
  "snrd_total": 35.97266488341219,
  "snrd_wm": 47.69267019421854,
  "spacing_x": 1.0,
  "spacing_y": 1.0,
  "spacing_z": 1.0,
  "summary_bg_k": 4770.438650613646,
  "summary_bg_mad": 0.0,
  "summary_bg_mean": 1.4824051131034894,
  "summary_bg_median": 0.0,
  "summary_bg_n": 4457738.0,
  "summary_bg_p05": 0.0,
  "summary_bg_p95": 9.867719281464815,
  "summary_bg_stdv": 13.043494101794668,
  "summary_csf_k": 0.3482829924596005,
  "summary_csf_mad": 127.63601422832673,
  "summary_csf_mean": 446.96661100089113,
  "summary_csf_median": 417.5378731638193,
  "summary_csf_n": 352708.2376535857,
  "summary_csf_p05": 219.49008023366332,
  "summary_csf_p95": 755.3872457519174,
  "summary_csf_stdv": 165.92262341637496,
  "summary_gm_k": 3.071047413822896,
  "summary_gm_mad": 69.51180700538984,
  "summary_gm_mean": 776.5091269814358,
  "summary_gm_median": 781.5233670920134,
  "summary_gm_n": 474463.87027797644,
  "summary_gm_p05": 517.1751683950424,
  "summary_gm_p95": 1010.9345056302845,
  "summary_gm_stdv": 145.22682561936335,
  "summary_wm_k": 0.03614856611202777,
  "summary_wm_mad": 74.65204301830262,
  "summary_wm_mean": 938.7725090712111,
  "summary_wm_median": 949.5412899926305,
  "summary_wm_n": 506261.89160257473,
  "summary_wm_p05": 792.8312399983406,
  "summary_wm_p95": 1059.4730166904628,
  "summary_wm_stdv": 82.70446781256325,
  "tpm_overlap_csf": 0.20609015152474022,
  "tpm_overlap_gm": 0.5036985561102588,
  "tpm_overlap_wm": 0.5428498809114897,
  "wm2max": 0.3705816228818852
}