{
  "aor": 0.0031199014778325123,
  "aqi": 0.003152614630541872,
  "bids_meta": {
    "EchoTime": 0.0137,
    "RepetitionTime": 3.0,
    "SliceEncodingDirection": "k",
    "SliceTiming": [
      0.0,
      1.5,
      0.065,
      1.565,
      0.13,
      1.63,
      0.196,
      1.696,
      0.261,
      1.761,
      0.326,
      1.826,
      0.391,
      1.891,
      0.457,
      1.957,
      0.522,
      2.022,
      0.587,
      2.087,
      0.652,
      2.152,
      0.717,
      2.217,
      0.783,
      2.283,
      0.848,
      2.348,
      0.913,
      2.413,
      0.978,
      2.478,
      1.043,
      2.543,
      1.109,
      2.609,
      1.174,
      2.674,
      1.239,
      2.739,
      1.304,
      2.804,
      1.37,
      2.87,
      1.435,
      2.935
    ],
    "TaskName": "rest",
    "dataset": "ds003592",
    "modality": "bold",
    "session_id": "1",
    "subject_id": "137",
    "task_id": "rest"
  },
  "dummy_trs": 1,
  "dvars_nstd": 15.692095468613875,
  "dvars_std": 1.1739105739108904,
  "dvars_vstd": 0.9505357008910891,
  "efc": 0.48185058293410815,
  "fber": 45000.08203125,
  "fd_mean": 0.04378044758332208,
  "fd_num": 0,
  "fd_perc": 0.0,
  "fwhm_avg": 3.323034444444444,
  "fwhm_x": 3.2301366666666667,
  "fwhm_y": 3.2064,
  "fwhm_z": 3.5325666666666664,
  "gcor": 0.0262443,
  "gsr_x": -0.032843876630067825,
  "gsr_y": 0.055607542395591736,
  "provenance": {
    "md5sum": "fd6aacdad03dcfaae2a46cf57fea3f48",
    "settings": {
      "fd_thres": 0.2,
      "testing": false
    },
    "software": "mriqc",
    "version": "23.1.0"
  },
  "size_t": 203,
  "size_x": 72,
  "size_y": 72,
  "size_z": 46,
  "snr": 2.9783530992985656,
  "spacing_tr": 3.0,
  "spacing_x": 3.0,
  "spacing_y": 3.0,
  "spacing_z": 3.0,
  "summary_bg_k": 13.637298912761803,
  "summary_bg_mad": 31.930724005831497,
  "summary_bg_mean": 300.12197380552004,
  "summary_bg_median": 23.133005142211914,
  "summary_bg_n": 186301.0,
  "summary_bg_p05": 0.9901477694511414,
  "summary_bg_p95": 1810.5467529296875,
  "summary_bg_stdv": 665.9503480600238,
  "summary_fg_k": 1.5304518245017098,
  "summary_fg_mad": 1376.1987240338383,
  "summary_fg_mean": 5211.9977341240865,
  "summary_fg_median": 4907.255859375,
  "summary_fg_n": 52163.0,
  "summary_fg_p05": 3046.527099609375,
  "summary_fg_p95": 8455.275390625,
  "summary_fg_stdv": 1647.6249315764105,
  "tsnr": 78.20593638345599
}