{
  "aor": 0.0038236453201970443,
  "aqi": 0.0051610310837438425,
  "bids_meta": {
    "EchoTime": 0.03,
    "RepetitionTime": 3.0,
    "SliceEncodingDirection": "k",
    "SliceTiming": [
      0.0,
      1.5,
      0.065,
      1.565,
      0.13,
      1.63,
      0.196,
      1.696,
      0.261,
      1.761,
      0.326,
      1.826,
      0.391,
      1.891,
      0.457,
      1.957,
      0.522,
      2.022,
      0.587,
      2.087,
      0.652,
      2.152,
      0.717,
      2.217,
      0.783,
      2.283,
      0.848,
      2.348,
      0.913,
      2.413,
      0.978,
      2.478,
      1.043,
      2.543,
      1.109,
      2.609,
      1.174,
      2.674,
      1.239,
      2.739,
      1.304,
      2.804,
      1.37,
      2.87,
      1.435,
      2.935
    ],
    "TaskName": "rest",
    "dataset": "ds003592",
    "modality": "bold",
    "session_id": "1",
    "subject_id": "137",
    "task_id": "rest"
  },
  "dummy_trs": 1,
  "dvars_nstd": 21.46635969569308,
  "dvars_std": 1.126045643564357,
  "dvars_vstd": 0.9558399182673263,
  "efc": 0.4363510240408301,
  "fber": 30462.24609375,
  "fd_mean": 0.05236806187284816,
  "fd_num": 0,
  "fd_perc": 0.0,
  "fwhm_avg": 3.008735555555555,
  "fwhm_x": 2.936643333333333,
  "fwhm_y": 3.05115,
  "fwhm_z": 3.038413333333333,
  "gcor": 0.0265175,
  "gsr_x": -0.02064664475619793,
  "gsr_y": 0.024573812261223793,
  "provenance": {
    "md5sum": "d492a082fde6dc243a057cf1d6626c4f",
    "settings": {
      "fd_thres": 0.2,
      "testing": false
    },
    "software": "mriqc",
    "version": "23.1.0"
  },
  "size_t": 203,
  "size_x": 72,
  "size_y": 72,
  "size_z": 46,
  "snr": 3.038077446206505,
  "spacing_tr": 3.0,
  "spacing_x": 3.0,
  "spacing_y": 3.0,
  "spacing_z": 3.0,
  "summary_bg_k": 28.536348115286103,
  "summary_bg_mad": 27.190777512495618,
  "summary_bg_mean": 131.25276450775002,
  "summary_bg_median": 20.354679107666016,
  "summary_bg_n": 191403.0,
  "summary_bg_p05": 1.0837438106536865,
  "summary_bg_p95": 691.5418701171875,
  "summary_bg_stdv": 304.84652201370244,
  "summary_fg_k": 0.8787574807211769,
  "summary_fg_mad": 1040.3849779811324,
  "summary_fg_mean": 3720.3621402710164,
  "summary_fg_median": 3552.591064453125,
  "summary_fg_n": 47061.0,
  "summary_fg_p05": 2086.921142578125,
  "summary_fg_p95": 5952.1083984375,
  "summary_fg_stdv": 1169.342580174885,
  "tsnr": 54.339649518951774
}