{
  "aor": 0.002435665024630542,
  "aqi": 0.0049023734975369455,
  "bids_meta": {
    "EchoTime": 0.047,
    "RepetitionTime": 3.0,
    "SliceEncodingDirection": "k",
    "SliceTiming": [
      0.0,
      1.5,
      0.065,
      1.565,
      0.13,
      1.63,
      0.196,
      1.696,
      0.261,
      1.761,
      0.326,
      1.826,
      0.391,
      1.891,
      0.457,
      1.957,
      0.522,
      2.022,
      0.587,
      2.087,
      0.652,
      2.152,
      0.717,
      2.217,
      0.783,
      2.283,
      0.848,
      2.348,
      0.913,
      2.413,
      0.978,
      2.478,
      1.043,
      2.543,
      1.109,
      2.609,
      1.174,
      2.674,
      1.239,
      2.739,
      1.304,
      2.804,
      1.37,
      2.87,
      1.435,
      2.935
    ],
    "TaskName": "rest",
    "dataset": "ds003592",
    "modality": "bold",
    "session_id": "2",
    "subject_id": "83",
    "task_id": "rest"
  },
  "dummy_trs": 1,
  "dvars_nstd": 20.66683017658416,
  "dvars_std": 1.0699301626732673,
  "dvars_vstd": 0.9853165643069306,
  "efc": 0.44106694735356866,
  "fber": 8060.3466796875,
  "fd_mean": 0.03821175763725449,
  "fd_num": 0,
  "fd_perc": 0.0,
  "fwhm_avg": 2.524115555555556,
  "fwhm_x": 2.50871,
  "fwhm_y": 2.6302866666666667,
  "fwhm_z": 2.43335,
  "gcor": 0.0100285,
  "gsr_x": -0.0050714206881821156,
  "gsr_y": 0.016700444743037224,
  "provenance": {
    "md5sum": "6545622426103d145de06d575fdef88a",
    "settings": {
      "fd_thres": 0.2,
      "testing": false
    },
    "software": "mriqc",
    "version": "23.1.0"
  },
  "size_t": 203,
  "size_x": 72,
  "size_y": 72,
  "size_z": 46,
  "snr": 3.0269213835935287,
  "spacing_tr": 3.0,
  "spacing_x": 3.0,
  "spacing_y": 3.0,
  "spacing_z": 3.0,
  "summary_bg_k": 39.296150729946625,
  "summary_bg_mad": 38.70833551099392,
  "summary_bg_mean": 102.0071749351549,
  "summary_bg_median": 28.876846313476562,
  "summary_bg_n": 191539.0,
  "summary_bg_p05": 0.6403940916061401,
  "summary_bg_p95": 481.88177490234375,
  "summary_bg_stdv": 227.37161406422382,
  "summary_fg_k": 0.48945260169244653,
  "summary_fg_mad": 777.3874155946307,
  "summary_fg_mean": 2721.9230085064214,
  "summary_fg_median": 2592.546875,
  "summary_fg_n": 46925.0,
  "summary_fg_p05": 1507.246337890625,
  "summary_fg_p95": 4342.5908203125,
  "summary_fg_stdv": 856.4871438476782,
  "tsnr": 51.942562993615866
}