{
  "aor": 0.0021966995073891627,
  "aqi": 0.003234118472906403,
  "bids_meta": {
    "EchoTime": 0.03,
    "RepetitionTime": 3.0,
    "SliceEncodingDirection": "k",
    "SliceTiming": [
      0.0,
      1.5,
      0.065,
      1.565,
      0.13,
      1.63,
      0.196,
      1.696,
      0.261,
      1.761,
      0.326,
      1.826,
      0.391,
      1.891,
      0.457,
      1.957,
      0.522,
      2.022,
      0.587,
      2.087,
      0.652,
      2.152,
      0.717,
      2.217,
      0.783,
      2.283,
      0.848,
      2.348,
      0.913,
      2.413,
      0.978,
      2.478,
      1.043,
      2.543,
      1.109,
      2.609,
      1.174,
      2.674,
      1.239,
      2.739,
      1.304,
      2.804,
      1.37,
      2.87,
      1.435,
      2.935
    ],
    "TaskName": "rest",
    "dataset": "ds003592",
    "modality": "bold",
    "session_id": "2",
    "subject_id": "83",
    "task_id": "rest"
  },
  "dummy_trs": 1,
  "dvars_nstd": 16.130302301534662,
  "dvars_std": 1.1001198676732669,
  "dvars_vstd": 0.9801431355940594,
  "efc": 0.47199384452278265,
  "fber": 8918.5615234375,
  "fd_mean": 0.04282267022160754,
  "fd_num": 0,
  "fd_perc": 0.0,
  "fwhm_avg": 2.999865555555555,
  "fwhm_x": 2.9048499999999997,
  "fwhm_y": 3.0558,
  "fwhm_z": 3.0389466666666665,
  "gcor": 0.0110506,
  "gsr_x": -0.0009954646229743958,
  "gsr_y": 0.021252691745758057,
  "provenance": {
    "md5sum": "e276e89adea7b44c085caece264bdafb",
    "settings": {
      "fd_thres": 0.2,
      "testing": false
    },
    "software": "mriqc",
    "version": "23.1.0"
  },
  "size_t": 203,
  "size_x": 72,
  "size_y": 72,
  "size_z": 46,
  "snr": 3.054056077548593,
  "spacing_tr": 3.0,
  "spacing_x": 3.0,
  "spacing_y": 3.0,
  "spacing_z": 3.0,
  "summary_bg_k": 28.595144812672167,
  "summary_bg_mad": 54.22088143690194,
  "summary_bg_mean": 192.0386837323745,
  "summary_bg_median": 38.18226623535156,
  "summary_bg_n": 187769.0,
  "summary_bg_p05": 0.6305418610572815,
  "summary_bg_p95": 970.7881469726562,
  "summary_bg_stdv": 422.1390181305695,
  "summary_fg_k": 0.3593532898161924,
  "summary_fg_mad": 1081.868883024709,
  "summary_fg_mean": 3802.455155349109,
  "summary_fg_median": 3605.862060546875,
  "summary_fg_n": 50695.0,
  "summary_fg_p05": 2121.428466796875,
  "summary_fg_p95": 6039.802734375,
  "summary_fg_stdv": 1180.6680704398311,
  "tsnr": 69.46901617920958
}