{
  "aor": 0.003557611940298507,
  "aqi": 0.0033605466666666666,
  "bids_meta": {
    "EchoTime": 0.0137,
    "RepetitionTime": 3.0,
    "SliceEncodingDirection": "k",
    "SliceTiming": [
      0.0,
      1.5,
      0.065,
      1.565,
      0.13,
      1.63,
      0.196,
      1.696,
      0.261,
      1.761,
      0.326,
      1.826,
      0.391,
      1.891,
      0.457,
      1.957,
      0.522,
      2.022,
      0.587,
      2.087,
      0.652,
      2.152,
      0.717,
      2.217,
      0.783,
      2.283,
      0.848,
      2.348,
      0.913,
      2.413,
      0.978,
      2.478,
      1.043,
      2.543,
      1.109,
      2.609,
      1.174,
      2.674,
      1.239,
      2.739,
      1.304,
      2.804,
      1.37,
      2.87,
      1.435,
      2.935
    ],
    "TaskName": "rest",
    "dataset": "ds003592",
    "modality": "bold",
    "session_id": "1",
    "subject_id": "192",
    "task_id": "rest"
  },
  "dummy_trs": 3,
  "dvars_nstd": 16.209656033350008,
  "dvars_std": 1.2289019759999995,
  "dvars_vstd": 0.9493102042000003,
  "efc": 0.47788632601739295,
  "fber": 18586.224609375,
  "fd_mean": 0.09325950084950042,
  "fd_num": 10,
  "fd_perc": 4.975124378109452,
  "fwhm_avg": 3.8592999999999997,
  "fwhm_x": 3.4703999999999997,
  "fwhm_y": 3.6856000000000004,
  "fwhm_z": 4.4219,
  "gcor": 0.00824552,
  "gsr_x": -0.02167908474802971,
  "gsr_y": 0.056968215852975845,
  "provenance": {
    "md5sum": "e25a30c647393681e6e9fd8e17bc3cc6",
    "settings": {
      "fd_thres": 0.2,
      "testing": false
    },
    "software": "mriqc",
    "version": "23.1.0"
  },
  "size_t": 201,
  "size_x": 72,
  "size_y": 72,
  "size_z": 46,
  "snr": 2.559911285593577,
  "spacing_tr": 3.0,
  "spacing_x": 3.0,
  "spacing_y": 3.0,
  "spacing_z": 3.0,
  "summary_bg_k": 12.31898113983337,
  "summary_bg_mad": 50.08761110657482,
  "summary_bg_mean": 312.7094340978434,
  "summary_bg_median": 35.08706283569336,
  "summary_bg_n": 187864.0,
  "summary_bg_p05": 0.606965184211731,
  "summary_bg_p95": 1691.0994873046875,
  "summary_bg_stdv": 633.029093571252,
  "summary_fg_k": 3.0538578475891374,
  "summary_fg_mad": 1284.0071807843146,
  "summary_fg_mean": 5220.99307308001,
  "summary_fg_median": 4783.465087890625,
  "summary_fg_n": 50600.0,
  "summary_fg_p05": 2965.0845947265625,
  "summary_fg_p95": 9020.22607421875,
  "summary_fg_stdv": 1868.5873401688439,
  "tsnr": 70.5066346488893
}