{
  "aor": 0.003003793103448276,
  "aqi": 0.005046042315270936,
  "bids_meta": {
    "EchoTime": 0.0137,
    "RepetitionTime": 3.0,
    "SliceEncodingDirection": "k",
    "SliceTiming": [
      0.0,
      1.5,
      0.065,
      1.565,
      0.13,
      1.63,
      0.196,
      1.696,
      0.261,
      1.761,
      0.326,
      1.826,
      0.391,
      1.891,
      0.457,
      1.957,
      0.522,
      2.022,
      0.587,
      2.087,
      0.652,
      2.152,
      0.717,
      2.217,
      0.783,
      2.283,
      0.848,
      2.348,
      0.913,
      2.413,
      0.978,
      2.478,
      1.043,
      2.543,
      1.109,
      2.609,
      1.174,
      2.674,
      1.239,
      2.739,
      1.304,
      2.804,
      1.37,
      2.87,
      1.435,
      2.935
    ],
    "TaskName": "rest",
    "dataset": "ds003592",
    "modality": "bold",
    "session_id": "1",
    "subject_id": "44",
    "task_id": "rest"
  },
  "dummy_trs": 1,
  "dvars_nstd": 25.909828573019794,
  "dvars_std": 1.5664693395049514,
  "dvars_vstd": 0.977840745841584,
  "efc": 0.5332732294204163,
  "fber": 13410.3955078125,
  "fd_mean": 0.05547010707121887,
  "fd_num": 0,
  "fd_perc": 0.0,
  "fwhm_avg": 3.1407442620166286,
  "fwhm_x": 2.5358133333333335,
  "fwhm_y": 3.199653079047753,
  "fwhm_z": 3.6867663736688,
  "gcor": 0.012153,
  "gsr_x": -0.023788481950759888,
  "gsr_y": 0.07492653280496597,
  "provenance": {
    "md5sum": "213bc599bb9209af1e194815045c7d48",
    "settings": {
      "fd_thres": 0.2,
      "testing": false
    },
    "software": "mriqc",
    "version": "23.1.0"
  },
  "size_t": 203,
  "size_x": 72,
  "size_y": 72,
  "size_z": 46,
  "snr": 2.7889893389990443,
  "spacing_tr": 3.0,
  "spacing_x": 3.0,
  "spacing_y": 3.000000238418579,
  "spacing_z": 3.000000238418579,
  "summary_bg_k": 13.982454792518599,
  "summary_bg_mad": 59.187230578172986,
  "summary_bg_mean": 419.12416386144815,
  "summary_bg_median": 40.049259185791016,
  "summary_bg_n": 176578.0,
  "summary_bg_p05": 0.03448275849223137,
  "summary_bg_p95": 2317.541748046875,
  "summary_bg_stdv": 920.3940364665738,
  "summary_fg_k": 0.748825861948724,
  "summary_fg_mad": 1444.6715274947305,
  "summary_fg_mean": 4832.858290798947,
  "summary_fg_median": 4637.8349609375,
  "summary_fg_n": 61886.0,
  "summary_fg_p05": 2437.94580078125,
  "summary_fg_p95": 7992.0390625,
  "summary_fg_stdv": 1662.8953811841595,
  "tsnr": 66.09853794216178
}