{
  "aor": 0.0012497536945812807,
  "aqi": 0.007849279901477832,
  "bids_meta": {
    "EchoTime": 0.047,
    "RepetitionTime": 3.0,
    "SliceEncodingDirection": "k",
    "SliceTiming": [
      0.0,
      1.5,
      0.065,
      1.565,
      0.13,
      1.63,
      0.196,
      1.696,
      0.261,
      1.761,
      0.326,
      1.826,
      0.391,
      1.891,
      0.457,
      1.957,
      0.522,
      2.022,
      0.587,
      2.087,
      0.652,
      2.152,
      0.717,
      2.217,
      0.783,
      2.283,
      0.848,
      2.348,
      0.913,
      2.413,
      0.978,
      2.478,
      1.043,
      2.543,
      1.109,
      2.609,
      1.174,
      2.674,
      1.239,
      2.739,
      1.304,
      2.804,
      1.37,
      2.87,
      1.435,
      2.935
    ],
    "TaskName": "rest",
    "dataset": "ds003592",
    "modality": "bold",
    "session_id": "2",
    "subject_id": "185",
    "task_id": "rest"
  },
  "dummy_trs": 1,
  "dvars_nstd": 30.538999708811872,
  "dvars_std": 1.072056695643565,
  "dvars_vstd": 0.9406013460891085,
  "efc": 0.41550730195832286,
  "fber": 10891.73828125,
  "fd_mean": 0.13596478742355578,
  "fd_num": 37,
  "fd_perc": 18.226600985221676,
  "fwhm_avg": 2.393927651640231,
  "fwhm_x": 2.42025,
  "fwhm_y": 2.4774998031060056,
  "fwhm_z": 2.284033151814687,
  "gcor": 0.0411951,
  "gsr_x": -0.010546046309173107,
  "gsr_y": 0.011707023717463017,
  "provenance": {
    "md5sum": "5fc39a328ed827279917291aaabd0e69",
    "settings": {
      "fd_thres": 0.2,
      "testing": false
    },
    "software": "mriqc",
    "version": "23.1.0"
  },
  "size_t": 203,
  "size_x": 72,
  "size_y": 72,
  "size_z": 46,
  "snr": 2.7737531893753165,
  "spacing_tr": 3.0,
  "spacing_x": 3.0,
  "spacing_y": 3.000000238418579,
  "spacing_z": 3.000000238418579,
  "summary_bg_k": 40.57635421154461,
  "summary_bg_mad": 28.25708360808028,
  "summary_bg_mean": 80.20774855597246,
  "summary_bg_median": 22.211822509765625,
  "summary_bg_n": 195252.0,
  "summary_bg_p05": 1.167487621307373,
  "summary_bg_p95": 396.305419921875,
  "summary_bg_stdv": 189.99143204188124,
  "summary_fg_k": 1.6046287488814048,
  "summary_fg_mad": 729.0057544043373,
  "summary_fg_mean": 2450.7907295421264,
  "summary_fg_median": 2318.1033935546875,
  "summary_fg_n": 43212.0,
  "summary_fg_p05": 1292.591064453125,
  "summary_fg_p95": 3995.305419921875,
  "summary_fg_stdv": 835.7183976674788,
  "tsnr": 38.671364227775484
}