{
  "aor": 0.0012371428571428572,
  "aqi": 0.005124459950738916,
  "bids_meta": {
    "EchoTime": 0.03,
    "RepetitionTime": 3.0,
    "SliceEncodingDirection": "k",
    "SliceTiming": [
      0.0,
      1.5,
      0.065,
      1.565,
      0.13,
      1.63,
      0.196,
      1.696,
      0.261,
      1.761,
      0.326,
      1.826,
      0.391,
      1.891,
      0.457,
      1.957,
      0.522,
      2.022,
      0.587,
      2.087,
      0.652,
      2.152,
      0.717,
      2.217,
      0.783,
      2.283,
      0.848,
      2.348,
      0.913,
      2.413,
      0.978,
      2.478,
      1.043,
      2.543,
      1.109,
      2.609,
      1.174,
      2.674,
      1.239,
      2.739,
      1.304,
      2.804,
      1.37,
      2.87,
      1.435,
      2.935
    ],
    "TaskName": "rest",
    "dataset": "ds003592",
    "modality": "bold",
    "session_id": "2",
    "subject_id": "232",
    "task_id": "rest"
  },
  "dummy_trs": 1,
  "dvars_nstd": 22.25547423232673,
  "dvars_std": 1.1131164844554455,
  "dvars_vstd": 0.9582082096039596,
  "efc": 0.47783201836254485,
  "fber": 14983.689453125,
  "fd_mean": 0.16565685583093043,
  "fd_num": 52,
  "fd_perc": 25.61576354679803,
  "fwhm_avg": 2.8556600000000003,
  "fwhm_x": 2.7218166666666668,
  "fwhm_y": 2.997336666666667,
  "fwhm_z": 2.8478266666666667,
  "gcor": 0.0593134,
  "gsr_x": -0.0001491382863605395,
  "gsr_y": 0.027545761317014694,
  "provenance": {
    "md5sum": "8654302d166dca9818bc2c5083bc52ec",
    "settings": {
      "fd_thres": 0.2,
      "testing": false
    },
    "software": "mriqc",
    "version": "23.1.0"
  },
  "size_t": 203,
  "size_x": 72,
  "size_y": 72,
  "size_z": 46,
  "snr": 3.2273572979984646,
  "spacing_tr": 3.0,
  "spacing_x": 3.0,
  "spacing_y": 3.0,
  "spacing_z": 3.0,
  "summary_bg_k": 22.723988607160287,
  "summary_bg_mad": 40.709481452433465,
  "summary_bg_mean": 169.96495799561802,
  "summary_bg_median": 29.35960578918457,
  "summary_bg_n": 184523.0,
  "summary_bg_p05": 0.9556649923324585,
  "summary_bg_p95": 896.1329956054688,
  "summary_bg_stdv": 372.217419027892,
  "summary_fg_k": 0.011067184093482396,
  "summary_fg_mad": 1075.7629218860443,
  "summary_fg_mean": 3749.2946235488566,
  "summary_fg_median": 3593.84716796875,
  "summary_fg_n": 53941.0,
  "summary_fg_p05": 2139.37939453125,
  "summary_fg_p95": 5815.1474609375,
  "summary_fg_stdv": 1113.5469435885566,
  "tsnr": 57.05648899078369
}