{
  "aor": 0.0012936633663366336,
  "aqi": 0.0036935570792079203,
  "bids_meta": {
    "EchoTime": 0.0137,
    "RepetitionTime": 3.0,
    "SliceEncodingDirection": "k",
    "SliceTiming": [
      0.0,
      1.5,
      0.065,
      1.565,
      0.13,
      1.63,
      0.196,
      1.696,
      0.261,
      1.761,
      0.326,
      1.826,
      0.391,
      1.891,
      0.457,
      1.957,
      0.522,
      2.022,
      0.587,
      2.087,
      0.652,
      2.152,
      0.717,
      2.217,
      0.783,
      2.283,
      0.848,
      2.348,
      0.913,
      2.413,
      0.978,
      2.478,
      1.043,
      2.543,
      1.109,
      2.609,
      1.174,
      2.674,
      1.239,
      2.739,
      1.304,
      2.804,
      1.37,
      2.87,
      1.435,
      2.935
    ],
    "TaskName": "rest",
    "dataset": "ds003592",
    "modality": "bold",
    "session_id": "2",
    "subject_id": "232",
    "task_id": "rest"
  },
  "dummy_trs": 2,
  "dvars_nstd": 23.566569090746253,
  "dvars_std": 1.5285032942288552,
  "dvars_vstd": 0.9596380159701497,
  "efc": 0.5322979931471487,
  "fber": 12795.3505859375,
  "fd_mean": 0.15777912698685462,
  "fd_num": 48,
  "fd_perc": 23.762376237623762,
  "fwhm_avg": 3.0227144444444445,
  "fwhm_x": 2.667426666666667,
  "fwhm_y": 3.0905566666666666,
  "fwhm_z": 3.3101599999999998,
  "gcor": 0.0338142,
  "gsr_x": -0.002008267678320408,
  "gsr_y": 0.06504309922456741,
  "provenance": {
    "md5sum": "c6dd61f58efc590b2f7202a95d0ffdcb",
    "settings": {
      "fd_thres": 0.2,
      "testing": false
    },
    "software": "mriqc",
    "version": "23.1.0"
  },
  "size_t": 202,
  "size_x": 72,
  "size_y": 72,
  "size_z": 46,
  "snr": 3.2376225626249506,
  "spacing_tr": 3.0,
  "spacing_x": 3.0,
  "spacing_y": 3.0,
  "spacing_z": 3.0,
  "summary_bg_k": 10.759198398737409,
  "summary_bg_mad": 61.924329124281925,
  "summary_bg_mean": 396.6809870372586,
  "summary_bg_median": 43.41584014892578,
  "summary_bg_n": 177951.0,
  "summary_bg_p05": 0.9554455280303955,
  "summary_bg_p95": 2198.593994140625,
  "summary_bg_stdv": 820.3238952212945,
  "summary_fg_k": 0.31237523036492876,
  "summary_fg_mad": 1411.1513609058536,
  "summary_fg_mean": 5135.049214901365,
  "summary_fg_median": 4911.04931640625,
  "summary_fg_n": 60513.0,
  "summary_fg_p05": 2934.42578125,
  "summary_fg_p95": 7934.509765625,
  "summary_fg_stdv": 1516.856471926684,
  "tsnr": 80.75930065475404
}