{
  "aor": 0.0007995073891625614,
  "aqi": 0.003017472610837439,
  "bids_meta": {
    "EchoTime": 0.03,
    "RepetitionTime": 3.0,
    "SliceEncodingDirection": "k",
    "SliceTiming": [
      0.0,
      1.5,
      0.065,
      1.565,
      0.13,
      1.63,
      0.196,
      1.696,
      0.261,
      1.761,
      0.326,
      1.826,
      0.391,
      1.891,
      0.457,
      1.957,
      0.522,
      2.022,
      0.587,
      2.087,
      0.652,
      2.152,
      0.717,
      2.217,
      0.783,
      2.283,
      0.848,
      2.348,
      0.913,
      2.413,
      0.978,
      2.478,
      1.043,
      2.543,
      1.109,
      2.609,
      1.174,
      2.674,
      1.239,
      2.739,
      1.304,
      2.804,
      1.37,
      2.87,
      1.435,
      2.935
    ],
    "TaskName": "rest",
    "dataset": "ds003592",
    "modality": "bold",
    "session_id": "2",
    "subject_id": "32",
    "task_id": "rest"
  },
  "dummy_trs": 1,
  "dvars_nstd": 19.450232916336635,
  "dvars_std": 1.1143275809900992,
  "dvars_vstd": 0.983495671930693,
  "efc": 0.4400840393669767,
  "fber": 15686.107421875,
  "fd_mean": 0.13224147531062302,
  "fd_num": 43,
  "fd_perc": 21.182266009852217,
  "fwhm_avg": 3.0265911111111112,
  "fwhm_x": 2.8870233333333335,
  "fwhm_y": 3.08605,
  "fwhm_z": 3.1067,
  "gcor": 0.0304557,
  "gsr_x": -0.013639446347951889,
  "gsr_y": 0.028866536915302277,
  "provenance": {
    "md5sum": "92b88bb0a826f78debfcba9c10347765",
    "settings": {
      "fd_thres": 0.2,
      "testing": false
    },
    "software": "mriqc",
    "version": "23.1.0"
  },
  "size_t": 203,
  "size_x": 72,
  "size_y": 72,
  "size_z": 46,
  "snr": 3.088623564820199,
  "spacing_tr": 3.0,
  "spacing_x": 3.0,
  "spacing_y": 3.0,
  "spacing_z": 3.0,
  "summary_bg_k": 26.022316308630216,
  "summary_bg_mad": 40.03025830899164,
  "summary_bg_mean": 141.17080874792046,
  "summary_bg_median": 27.33497428894043,
  "summary_bg_n": 192477.0,
  "summary_bg_p05": 0.04433497413992882,
  "summary_bg_p95": 726.2955322265625,
  "summary_bg_stdv": 311.76841637638034,
  "summary_fg_k": 0.9033663851198397,
  "summary_fg_mad": 979.4668942964952,
  "summary_fg_mean": 3604.322677773065,
  "summary_fg_median": 3423.546630859375,
  "summary_fg_n": 45987.0,
  "summary_fg_p05": 2043.50244140625,
  "summary_fg_p95": 5711.66015625,
  "summary_fg_stdv": 1108.4255934158798,
  "tsnr": 78.53591559338383
}