{
  "aor": 0.0016952216748768476,
  "aqi": 0.006813315221674877,
  "bids_meta": {
    "EchoTime": 0.047,
    "RepetitionTime": 3.0,
    "SliceEncodingDirection": "k",
    "SliceTiming": [
      0.0,
      1.5,
      0.065,
      1.565,
      0.13,
      1.63,
      0.196,
      1.696,
      0.261,
      1.761,
      0.326,
      1.826,
      0.391,
      1.891,
      0.457,
      1.957,
      0.522,
      2.022,
      0.587,
      2.087,
      0.652,
      2.152,
      0.717,
      2.217,
      0.783,
      2.283,
      0.848,
      2.348,
      0.913,
      2.413,
      0.978,
      2.478,
      1.043,
      2.543,
      1.109,
      2.609,
      1.174,
      2.674,
      1.239,
      2.739,
      1.304,
      2.804,
      1.37,
      2.87,
      1.435,
      2.935
    ],
    "TaskName": "rest",
    "dataset": "ds003592",
    "modality": "bold",
    "session_id": "2",
    "subject_id": "224",
    "task_id": "rest"
  },
  "dummy_trs": 1,
  "dvars_nstd": 31.5180206580693,
  "dvars_std": 1.0307390605445548,
  "dvars_vstd": 0.9658845795544547,
  "efc": 0.4249837656533963,
  "fber": 11322.2607421875,
  "fd_mean": 0.20981036401103925,
  "fd_num": 81,
  "fd_perc": 39.90147783251231,
  "fwhm_avg": 2.611448888888889,
  "fwhm_x": 2.6232,
  "fwhm_y": 2.74009,
  "fwhm_z": 2.4710566666666667,
  "gcor": 0.0713349,
  "gsr_x": -0.004875171463936567,
  "gsr_y": 0.02033318765461445,
  "provenance": {
    "md5sum": "13e0fba3f76f1fc2a64b18b8d235799d",
    "settings": {
      "fd_thres": 0.2,
      "testing": false
    },
    "software": "mriqc",
    "version": "23.1.0"
  },
  "size_t": 203,
  "size_x": 72,
  "size_y": 72,
  "size_z": 46,
  "snr": 3.001103936426424,
  "spacing_tr": 3.0,
  "spacing_x": 3.0,
  "spacing_y": 3.0,
  "spacing_z": 3.0,
  "summary_bg_k": 25.9365650311317,
  "summary_bg_mad": 29.739686533545708,
  "summary_bg_mean": 83.72989436224279,
  "summary_bg_median": 22.56157684326172,
  "summary_bg_n": 194059.0,
  "summary_bg_p05": 0.6206896305084229,
  "summary_bg_p95": 403.8916320800781,
  "summary_bg_stdv": 182.21726419996725,
  "summary_fg_k": 0.6944533925773841,
  "summary_fg_mad": 724.956107524298,
  "summary_fg_mean": 2506.4441855678983,
  "summary_fg_median": 2400.689697265625,
  "summary_fg_n": 44405.0,
  "summary_fg_p05": 1358.536865234375,
  "summary_fg_p95": 4011.083740234375,
  "summary_fg_stdv": 799.9265324420122,
  "tsnr": 38.31669095996767
}