{
  "aor": 0.003090344827586207,
  "aqi": 0.0028222780295566498,
  "bids_meta": {
    "EchoTime": 0.0137,
    "RepetitionTime": 3.0,
    "SliceEncodingDirection": "k",
    "SliceTiming": [
      0.0,
      1.5,
      0.065,
      1.565,
      0.13,
      1.63,
      0.196,
      1.696,
      0.261,
      1.761,
      0.326,
      1.826,
      0.391,
      1.891,
      0.457,
      1.957,
      0.522,
      2.022,
      0.587,
      2.087,
      0.652,
      2.152,
      0.717,
      2.217,
      0.783,
      2.283,
      0.848,
      2.348,
      0.913,
      2.413,
      0.978,
      2.478,
      1.043,
      2.543,
      1.109,
      2.609,
      1.174,
      2.674,
      1.239,
      2.739,
      1.304,
      2.804,
      1.37,
      2.87,
      1.435,
      2.935
    ],
    "TaskName": "rest",
    "dataset": "ds003592",
    "modality": "bold",
    "session_id": "2",
    "subject_id": "224",
    "task_id": "rest"
  },
  "dummy_trs": 1,
  "dvars_nstd": 19.17030076237624,
  "dvars_std": 1.1084524707425747,
  "dvars_vstd": 0.9771878055445549,
  "efc": 0.5072173856828451,
  "fber": 15783.6083984375,
  "fd_mean": 0.2022473641743537,
  "fd_num": 73,
  "fd_perc": 35.960591133004925,
  "fwhm_avg": 3.3201,
  "fwhm_x": 3.0270566666666667,
  "fwhm_y": 3.3161766666666668,
  "fwhm_z": 3.6170666666666667,
  "gcor": 0.0521419,
  "gsr_x": -0.008162086829543114,
  "gsr_y": 0.06497237831354141,
  "provenance": {
    "md5sum": "39f32e945912e1ab3eef889122f75629",
    "settings": {
      "fd_thres": 0.2,
      "testing": false
    },
    "software": "mriqc",
    "version": "23.1.0"
  },
  "size_t": 203,
  "size_x": 72,
  "size_y": 72,
  "size_z": 46,
  "snr": 2.919555534841269,
  "spacing_tr": 3.0,
  "spacing_x": 3.0,
  "spacing_y": 3.0,
  "spacing_z": 3.0,
  "summary_bg_k": 12.456848036914112,
  "summary_bg_mad": 52.814962797526604,
  "summary_bg_mean": 349.9860688317217,
  "summary_bg_median": 36.78078651428223,
  "summary_bg_n": 183252.0,
  "summary_bg_p05": 0.5320196747779846,
  "summary_bg_p95": 1916.812744140625,
  "summary_bg_stdv": 734.2049007171388,
  "summary_fg_k": 1.2733330416932027,
  "summary_fg_mad": 1331.9720410823695,
  "summary_fg_mean": 4889.6526093161,
  "summary_fg_median": 4620.874267578125,
  "summary_fg_n": 55212.0,
  "summary_fg_p05": 2712.640380859375,
  "summary_fg_p95": 7932.28076171875,
  "summary_fg_stdv": 1582.7177683714751,
  "tsnr": 72.99734768574126
}