{
  "bids_meta": {
    "EchoTime": 0.0034,
    "FlipAngle": 7,
    "RepetitionTime": 2.53,
    "dataset": "ds003592",
    "modality": "T1w",
    "session_id": "1",
    "subject_id": "175"
  },
  "cjv": 0.5850039566885157,
  "cnr": 1.756102523556233,
  "efc": 0.6106041364306259,
  "fber": 19635.70251826221,
  "fwhm_avg": 4.277760000000001,
  "fwhm_x": 4.26011,
  "fwhm_y": 4.46114,
  "fwhm_z": 4.11203,
  "icvs_csf": 0.25905737124792527,
  "icvs_gm": 0.386565787086191,
  "icvs_wm": 0.3543768416658836,
  "inu_med": 0.8344129323959351,
  "inu_range": 0.6849689960479733,
  "provenance": {
    "md5sum": "8e6e35ba1fdc84a8069300d848d00ea4",
    "settings": {
      "testing": false
    },
    "software": "mriqc",
    "version": "23.1.0",
    "warnings": {
      "large_rot_frame": true,
      "small_air_mask": false
    }
  },
  "qi_1": 0.0,
  "qi_2": 0.0012419113104866295,
  "rpve_csf": 6.964841741243495,
  "rpve_gm": 6.879390122793255,
  "rpve_wm": 6.973969933823061,
  "size_x": 176,
  "size_y": 256,
  "size_z": 256,
  "snr_csf": 1.8614177096845388,
  "snr_gm": 5.464145681169814,
  "snr_total": 6.053806511461185,
  "snr_wm": 10.835856143529202,
  "snrd_csf": 22.676890430926246,
  "snrd_gm": 39.99807918723433,
  "snrd_total": 39.47591887569302,
  "snrd_wm": 55.752787008918474,
  "spacing_x": 1.0,
  "spacing_y": 1.0,
  "spacing_z": 1.0,
  "summary_bg_k": 6248.318265086677,
  "summary_bg_mad": 0.0,
  "summary_bg_mean": 2.9977091155201387,
  "summary_bg_median": 0.0,
  "summary_bg_n": 2565834.0,
  "summary_bg_p05": 0.0,
  "summary_bg_p95": 15.773115932941437,
  "summary_bg_stdv": 11.324808223530287,
  "summary_csf_k": -0.5917514508465325,
  "summary_csf_mad": 165.94316374497294,
  "summary_csf_mean": 403.5684382573371,
  "summary_csf_median": 391.99689596891403,
  "summary_csf_n": 422696.9182690199,
  "summary_csf_p05": 92.8515937924385,
  "summary_csf_p95": 745.9596035182476,
  "summary_csf_stdv": 210.5902561491879,
  "summary_gm_k": -0.6930699434230552,
  "summary_gm_mad": 94.2898157065327,
  "summary_gm_mean": 697.4515102102918,
  "summary_gm_median": 691.4141484200954,
  "summary_gm_n": 630748.9577403008,
  "summary_gm_p05": 497.785552829504,
  "summary_gm_p95": 936.0916955769062,
  "summary_gm_stdv": 126.536450650058,
  "summary_wm_k": -0.02256170554199244,
  "summary_wm_mad": 65.02944528569054,
  "summary_wm_mean": 947.4507055065875,
  "summary_wm_median": 963.7529235184193,
  "summary_wm_n": 578227.1245805251,
  "summary_wm_p05": 772.7272805571556,
  "summary_wm_p95": 1067.9875788092613,
  "summary_wm_stdv": 88.941019277443,
  "tpm_overlap_csf": 0.21342161685328925,
  "tpm_overlap_gm": 0.5316029560435326,
  "tpm_overlap_wm": 0.5446634198839078,
  "wm2max": 0.48083968133976857
}