{
  "aor": 0.001085742574257426,
  "aqi": 0.004049411336633663,
  "bids_meta": {
    "EchoTime": 0.03,
    "RepetitionTime": 3.0,
    "SliceEncodingDirection": "k",
    "SliceTiming": [
      0.0,
      1.5,
      0.065,
      1.565,
      0.13,
      1.63,
      0.196,
      1.696,
      0.261,
      1.761,
      0.326,
      1.826,
      0.391,
      1.891,
      0.457,
      1.957,
      0.522,
      2.022,
      0.587,
      2.087,
      0.652,
      2.152,
      0.717,
      2.217,
      0.783,
      2.283,
      0.848,
      2.348,
      0.913,
      2.413,
      0.978,
      2.478,
      1.043,
      2.543,
      1.109,
      2.609,
      1.174,
      2.674,
      1.239,
      2.739,
      1.304,
      2.804,
      1.37,
      2.87,
      1.435,
      2.935
    ],
    "TaskName": "rest",
    "dataset": "ds003592",
    "modality": "bold",
    "session_id": "1",
    "subject_id": "237",
    "task_id": "rest"
  },
  "dummy_trs": 2,
  "dvars_nstd": 18.240839791791053,
  "dvars_std": 1.0891276459203976,
  "dvars_vstd": 0.9298539940298503,
  "efc": 0.4798751571305496,
  "fber": 16175.6572265625,
  "fd_mean": 0.04055166916974071,
  "fd_num": 2,
  "fd_perc": 0.9900990099009901,
  "fwhm_avg": 2.9236400000000002,
  "fwhm_x": 2.7985933333333333,
  "fwhm_y": 3.04334,
  "fwhm_z": 2.928986666666667,
  "gcor": 0.0195046,
  "gsr_x": 0.0011789731215685606,
  "gsr_y": 0.035555724054574966,
  "provenance": {
    "md5sum": "ff556699090c0848abdf36f32786670e",
    "settings": {
      "fd_thres": 0.2,
      "testing": false
    },
    "software": "mriqc",
    "version": "23.1.0"
  },
  "size_t": 202,
  "size_x": 72,
  "size_y": 72,
  "size_z": 46,
  "snr": 2.95221893000866,
  "spacing_tr": 3.0,
  "spacing_x": 3.0,
  "spacing_y": 3.0,
  "spacing_z": 3.0,
  "summary_bg_k": 18.111852718640694,
  "summary_bg_mad": 36.39714809495504,
  "summary_bg_mean": 167.5097244848987,
  "summary_bg_median": 26.18811798095703,
  "summary_bg_n": 183831.0,
  "summary_bg_p05": 0.7920792102813721,
  "summary_bg_p95": 923.4901123046875,
  "summary_bg_stdv": 363.446824666671,
  "summary_fg_k": 0.5221802604539061,
  "summary_fg_mad": 1014.687022144945,
  "summary_fg_mean": 3502.8741147073074,
  "summary_fg_median": 3330.697998046875,
  "summary_fg_n": 54633.0,
  "summary_fg_p05": 1910.53466796875,
  "summary_fg_p95": 5670.796875,
  "summary_fg_stdv": 1128.1912332374588,
  "tsnr": 59.99232074059546
}