{
  "aor": 0.0009177227722772277,
  "aqi": 0.004799597673267327,
  "bids_meta": {
    "EchoTime": 0.047,
    "RepetitionTime": 3.0,
    "SliceEncodingDirection": "k",
    "SliceTiming": [
      0.0,
      1.5,
      0.065,
      1.565,
      0.13,
      1.63,
      0.196,
      1.696,
      0.261,
      1.761,
      0.326,
      1.826,
      0.391,
      1.891,
      0.457,
      1.957,
      0.522,
      2.022,
      0.587,
      2.087,
      0.652,
      2.152,
      0.717,
      2.217,
      0.783,
      2.283,
      0.848,
      2.348,
      0.913,
      2.413,
      0.978,
      2.478,
      1.043,
      2.543,
      1.109,
      2.609,
      1.174,
      2.674,
      1.239,
      2.739,
      1.304,
      2.804,
      1.37,
      2.87,
      1.435,
      2.935
    ],
    "TaskName": "rest",
    "dataset": "ds003592",
    "modality": "bold",
    "session_id": "1",
    "subject_id": "237",
    "task_id": "rest"
  },
  "dummy_trs": 2,
  "dvars_nstd": 23.907514439452747,
  "dvars_std": 1.0928013670646766,
  "dvars_vstd": 0.9564922807960193,
  "efc": 0.4497119184566079,
  "fber": 9935.7236328125,
  "fd_mean": 0.040235014273752805,
  "fd_num": 2,
  "fd_perc": 0.9900990099009901,
  "fwhm_avg": 2.6025355555555554,
  "fwhm_x": 2.5734933333333334,
  "fwhm_y": 2.7573366666666668,
  "fwhm_z": 2.4767766666666664,
  "gcor": 0.0183148,
  "gsr_x": -0.004807577468454838,
  "gsr_y": 0.024142293259501457,
  "provenance": {
    "md5sum": "ab8fbaee9a8da0dca72e843a4ed44baa",
    "settings": {
      "fd_thres": 0.2,
      "testing": false
    },
    "software": "mriqc",
    "version": "23.1.0"
  },
  "size_t": 202,
  "size_x": 72,
  "size_y": 72,
  "size_z": 46,
  "snr": 2.853932032991811,
  "spacing_tr": 3.0,
  "spacing_x": 3.0,
  "spacing_y": 3.0,
  "spacing_z": 3.0,
  "summary_bg_k": 22.52541286696847,
  "summary_bg_mad": 31.384193864162057,
  "summary_bg_mean": 97.5371088706623,
  "summary_bg_median": 23.52970314025879,
  "summary_bg_n": 189231.0,
  "summary_bg_p05": 0.8564356565475464,
  "summary_bg_p95": 522.1534423828125,
  "summary_bg_stdv": 214.00159979164343,
  "summary_fg_k": 0.7447438665195114,
  "summary_fg_mad": 763.7529770285494,
  "summary_fg_mean": 2432.7600904573237,
  "summary_fg_median": 2345.39599609375,
  "summary_fg_n": 49233.0,
  "summary_fg_p05": 1248.7969970703125,
  "summary_fg_p95": 3962.60888671875,
  "summary_fg_stdv": 821.8037954342395,
  "tsnr": 48.205221712589264
}