{
  "bids_meta": {
    "EchoTime": 0.0034,
    "FlipAngle": 7,
    "RepetitionTime": 2.53,
    "dataset": "ds003592",
    "modality": "T1w",
    "session_id": "1",
    "subject_id": "17"
  },
  "cjv": 0.6331614850714784,
  "cnr": 1.4324651727451163,
  "efc": 0.6693276017331703,
  "fber": 10497.985496878253,
  "fwhm_avg": 4.421593333333333,
  "fwhm_x": 4.50128,
  "fwhm_y": 4.41522,
  "fwhm_z": 4.34828,
  "icvs_csf": 0.2558654590255629,
  "icvs_gm": 0.3806394728409812,
  "icvs_wm": 0.3634950681334559,
  "inu_med": 0.8306446075439453,
  "inu_range": 0.7327328771352768,
  "provenance": {
    "md5sum": "ebee4b88f3e13ba414af85d496291fa4",
    "settings": {
      "testing": false
    },
    "software": "mriqc",
    "version": "23.1.0",
    "warnings": {
      "large_rot_frame": true,
      "small_air_mask": false
    }
  },
  "qi_1": 0.0,
  "qi_2": 0.00190481020266631,
  "rpve_csf": 6.16493824239165,
  "rpve_gm": 6.058934778789096,
  "rpve_wm": 6.161850981049319,
  "size_x": 176,
  "size_y": 256,
  "size_z": 256,
  "snr_csf": 2.037199929086832,
  "snr_gm": 5.046008933913663,
  "snr_total": 5.968852721660659,
  "snr_wm": 10.823349301981482,
  "snrd_csf": 6.232377870175885,
  "snrd_gm": 9.968569255860839,
  "snrd_total": 9.88042707773616,
  "snrd_wm": 13.440334107171754,
  "spacing_x": 1.0,
  "spacing_y": 1.0,
  "spacing_z": 1.0,
  "summary_bg_k": 659.3899860635671,
  "summary_bg_mad": 0.0,
  "summary_bg_mean": 4.10306172935758,
  "summary_bg_median": 0.0,
  "summary_bg_n": 2810411.0,
  "summary_bg_p05": 0.0,
  "summary_bg_p95": 14.208569381386042,
  "summary_bg_stdv": 46.6080514589466,
  "summary_csf_k": 0.3638474589199361,
  "summary_csf_mad": 168.4596267949805,
  "summary_csf_mean": 445.4157763248405,
  "summary_csf_median": 443.3870389200747,
  "summary_csf_n": 469663.0546750049,
  "summary_csf_p05": 123.93767684698105,
  "summary_csf_p95": 787.0485114343464,
  "summary_csf_stdv": 217.64509244403533,
  "summary_gm_k": 0.07357119084569197,
  "summary_gm_mad": 91.80951222679303,
  "summary_gm_mean": 719.4062074670474,
  "summary_gm_median": 709.1890923008323,
  "summary_gm_n": 698696.4876979275,
  "summary_gm_p05": 499.60162806138396,
  "summary_gm_p95": 975.4780436977744,
  "summary_gm_stdv": 140.54445683311684,
  "summary_wm_k": 0.13387623981202168,
  "summary_wm_mad": 64.57509651977438,
  "summary_wm_mean": 942.6273642840061,
  "summary_wm_median": 956.1791768744588,
  "summary_wm_n": 667226.4584247835,
  "summary_wm_p05": 771.113667268306,
  "summary_wm_p95": 1066.7492900043726,
  "summary_wm_stdv": 88.34404523620236,
  "tpm_overlap_csf": 0.2301983715990627,
  "tpm_overlap_gm": 0.5249042976841339,
  "tpm_overlap_wm": 0.5368284462163412,
  "wm2max": 0.5545966186986944
}