{
  "aor": 0.0011301500000000001,
  "aqi": 0.00608518935,
  "bids_meta": {
    "EchoTime": 0.014,
    "RepetitionTime": 3,
    "SliceEncodingDirection": "k",
    "SliceTiming": [
      0,
      1.5425,
      0.07,
      1.6125,
      0.14,
      1.6825,
      0.21,
      1.7525,
      0.28,
      1.8225,
      0.35,
      1.8925,
      0.42,
      1.9625,
      0.49,
      2.0325,
      0.56,
      2.1025,
      0.63,
      2.1725,
      0.7,
      2.2425,
      0.77,
      2.3125,
      0.84,
      2.3825,
      0.91,
      2.4525,
      0.98,
      2.5225,
      1.05,
      2.5925,
      1.12,
      2.6625,
      1.19,
      2.7325,
      1.26,
      2.8025,
      1.33,
      2.8725,
      1.4,
      2.9425,
      1.47
    ],
    "TaskName": "rest",
    "dataset": "ds003592",
    "modality": "bold",
    "session_id": "2",
    "subject_id": "294",
    "task_id": "rest"
  },
  "dummy_trs": 0,
  "dvars_nstd": 27.124691526984925,
  "dvars_std": 1.136778868391959,
  "dvars_vstd": 0.9733989998994971,
  "efc": 0.5326831467851634,
  "fber": 1161.906982421875,
  "fd_mean": 0.2173659874533024,
  "fd_num": 79,
  "fd_perc": 39.5,
  "fwhm_avg": 2.9540890123456793,
  "fwhm_x": 2.663724444444444,
  "fwhm_y": 2.876165925925926,
  "fwhm_z": 3.3223766666666665,
  "gcor": 0.0154886,
  "gsr_x": -0.016524694859981537,
  "gsr_y": 0.08010714501142502,
  "provenance": {
    "md5sum": "ce1c04b388e6f447b5a8c9e519ea7407",
    "settings": {
      "fd_thres": 0.2,
      "testing": false
    },
    "software": "mriqc",
    "version": "23.1.0"
  },
  "size_t": 200,
  "size_x": 64,
  "size_y": 64,
  "size_z": 43,
  "snr": 2.78786372852588,
  "spacing_tr": 3.0,
  "spacing_x": 3.375,
  "spacing_y": 3.375,
  "spacing_z": 3.0,
  "summary_bg_k": 22.632315784149533,
  "summary_bg_mad": 20.044781258957517,
  "summary_bg_mean": 69.79239745745927,
  "summary_bg_median": 23.369998931884766,
  "summary_bg_n": 134536.0,
  "summary_bg_p05": 8.579999923706055,
  "summary_bg_p95": 298.8450012207031,
  "summary_bg_stdv": 118.98573835767985,
  "summary_fg_k": 1.6288527168664597,
  "summary_fg_mad": 260.3449133732405,
  "summary_fg_mean": 838.3766291854611,
  "summary_fg_median": 796.6074829101562,
  "summary_fg_n": 41592.0,
  "summary_fg_p05": 448.17999267578125,
  "summary_fg_p95": 1361.679931640625,
  "summary_fg_stdv": 285.7377490337416,
  "tsnr": 54.9779873364605
}