{
  "aor": 0.0022529064039408866,
  "aqi": 0.013799915812807883,
  "bids_meta": {
    "EchoTime": 0.047,
    "RepetitionTime": 3.0,
    "SliceEncodingDirection": "k",
    "SliceTiming": [
      0.0,
      1.5,
      0.065,
      1.565,
      0.13,
      1.63,
      0.196,
      1.696,
      0.261,
      1.761,
      0.326,
      1.826,
      0.391,
      1.891,
      0.457,
      1.957,
      0.522,
      2.022,
      0.587,
      2.087,
      0.652,
      2.152,
      0.717,
      2.217,
      0.783,
      2.283,
      0.848,
      2.348,
      0.913,
      2.413,
      0.978,
      2.478,
      1.043,
      2.543,
      1.109,
      2.609,
      1.174,
      2.674,
      1.239,
      2.739,
      1.304,
      2.804,
      1.37,
      2.87,
      1.435,
      2.935
    ],
    "TaskName": "rest",
    "dataset": "ds003592",
    "modality": "bold",
    "session_id": "2",
    "subject_id": "50",
    "task_id": "rest"
  },
  "dummy_trs": 1,
  "dvars_nstd": 38.260044012970276,
  "dvars_std": 1.0313497302970296,
  "dvars_vstd": 0.9418055004950502,
  "efc": 0.470267264873,
  "fber": 6840.45361328125,
  "fd_mean": 0.2975916552092554,
  "fd_num": 125,
  "fd_perc": 61.576354679802954,
  "fwhm_avg": 2.631693333333333,
  "fwhm_x": 2.6443666666666665,
  "fwhm_y": 2.736166666666667,
  "fwhm_z": 2.5145466666666665,
  "gcor": 0.0252837,
  "gsr_x": -0.0008376098121516407,
  "gsr_y": 0.030194595456123352,
  "provenance": {
    "md5sum": "aa38c16b3725931ad1eb8d0408d4def8",
    "settings": {
      "fd_thres": 0.2,
      "testing": false
    },
    "software": "mriqc",
    "version": "23.1.0"
  },
  "size_t": 203,
  "size_x": 72,
  "size_y": 72,
  "size_z": 46,
  "snr": 2.983257360974619,
  "spacing_tr": 3.0,
  "spacing_x": 3.0,
  "spacing_y": 3.0,
  "spacing_z": 3.0,
  "summary_bg_k": 99.04518091343583,
  "summary_bg_mad": 37.6018590742474,
  "summary_bg_mean": 100.0736752199972,
  "summary_bg_median": 28.635467529296875,
  "summary_bg_n": 184416.0,
  "summary_bg_p05": 0.5911329984664917,
  "summary_bg_p95": 467.89654541015625,
  "summary_bg_stdv": 218.92623015777392,
  "summary_fg_k": 0.40960917869791125,
  "summary_fg_mad": 740.6363634094696,
  "summary_fg_mean": 2461.2866234660605,
  "summary_fg_median": 2368.3546142578125,
  "summary_fg_n": 54048.0,
  "summary_fg_p05": 1289.0738525390625,
  "summary_fg_p95": 3923.758544921875,
  "summary_fg_stdv": 793.8747542882691,
  "tsnr": 31.60552934720181
}