{
  "aor": 0.0005453694581280789,
  "aqi": 0.006293790443349754,
  "bids_meta": {
    "EchoTime": 0.047,
    "RepetitionTime": 3.0,
    "SliceEncodingDirection": "k",
    "SliceTiming": [
      0.0,
      1.5,
      0.065,
      1.565,
      0.13,
      1.63,
      0.196,
      1.696,
      0.261,
      1.761,
      0.326,
      1.826,
      0.391,
      1.891,
      0.457,
      1.957,
      0.522,
      2.022,
      0.587,
      2.087,
      0.652,
      2.152,
      0.717,
      2.217,
      0.783,
      2.283,
      0.848,
      2.348,
      0.913,
      2.413,
      0.978,
      2.478,
      1.043,
      2.543,
      1.109,
      2.609,
      1.174,
      2.674,
      1.239,
      2.739,
      1.304,
      2.804,
      1.37,
      2.87,
      1.435,
      2.935
    ],
    "TaskName": "rest",
    "dataset": "ds003592",
    "modality": "bold",
    "session_id": "1",
    "subject_id": "34",
    "task_id": "rest"
  },
  "dummy_trs": 1,
  "dvars_nstd": 24.62669138341585,
  "dvars_std": 1.051778115,
  "dvars_vstd": 0.9515166633663369,
  "efc": 0.41134446879882497,
  "fber": 10941.6591796875,
  "fd_mean": 0.06882401603811522,
  "fd_num": 2,
  "fd_perc": 0.9852216748768473,
  "fwhm_avg": 2.365264444444444,
  "fwhm_x": 2.3712633333333333,
  "fwhm_y": 2.443093333333333,
  "fwhm_z": 2.2814366666666666,
  "gcor": 0.0532576,
  "gsr_x": -0.01085957046598196,
  "gsr_y": 0.01250697486102581,
  "provenance": {
    "md5sum": "6ff552941591cd4f596d32e8aa5a6750",
    "settings": {
      "fd_thres": 0.2,
      "testing": false
    },
    "software": "mriqc",
    "version": "23.1.0"
  },
  "size_t": 203,
  "size_x": 72,
  "size_y": 72,
  "size_z": 46,
  "snr": 3.140874196614268,
  "spacing_tr": 3.0,
  "spacing_x": 3.0,
  "spacing_y": 3.0,
  "spacing_z": 3.0,
  "summary_bg_k": 32.511276478025636,
  "summary_bg_mad": 33.223436549260406,
  "summary_bg_mean": 81.31989510971174,
  "summary_bg_median": 23.068965911865234,
  "summary_bg_n": 197315.0,
  "summary_bg_p05": 0.06896551698446274,
  "summary_bg_p95": 385.6699523925781,
  "summary_bg_stdv": 186.18538378061712,
  "summary_fg_k": 1.2653099025350887,
  "summary_fg_mad": 680.5945931943152,
  "summary_fg_mean": 2503.777343699221,
  "summary_fg_median": 2413.06884765625,
  "summary_fg_n": 41149.0,
  "summary_fg_p05": 1380.9852294921875,
  "summary_fg_p95": 3885.418701171875,
  "summary_fg_stdv": 768.2700341731614,
  "tsnr": 46.41830639913678
}