{
  "bids_meta": {
    "EchoTime": 0.0034,
    "FlipAngle": 7,
    "RepetitionTime": 2.53,
    "dataset": "ds003592",
    "modality": "T1w",
    "session_id": "1",
    "subject_id": "138"
  },
  "cjv": 0.5580594212271203,
  "cnr": 1.7626187813970275,
  "efc": 0.5707771817869395,
  "fber": -1.0,
  "fwhm_avg": 4.156936666666667,
  "fwhm_x": 4.20519,
  "fwhm_y": 4.19885,
  "fwhm_z": 4.06677,
  "icvs_csf": 0.2647172322666995,
  "icvs_gm": 0.3854028772431619,
  "icvs_wm": 0.34987989049013857,
  "inu_med": 0.8006930947303772,
  "inu_range": 0.6515485346317291,
  "provenance": {
    "md5sum": "43b5b145eb4d2d81080fb429b73a414d",
    "settings": {
      "testing": false
    },
    "software": "mriqc",
    "version": "23.1.0",
    "warnings": {
      "large_rot_frame": true,
      "small_air_mask": false
    }
  },
  "qi_1": 0.0,
  "qi_2": 0.0013308807072919288,
  "rpve_csf": 7.593689132045883,
  "rpve_gm": 7.501092621987539,
  "rpve_wm": 7.586765028000541,
  "size_x": 176,
  "size_y": 256,
  "size_z": 256,
  "snr_csf": 1.7527232249222622,
  "snr_gm": 5.472101209778294,
  "snr_total": 5.646142275572412,
  "snr_wm": 9.71360239201668,
  "snrd_csf": 38.84816052214068,
  "snrd_gm": 74.57881766092888,
  "snrd_total": 72.90731862888353,
  "snrd_wm": 105.29497770358103,
  "spacing_x": 1.0,
  "spacing_y": 1.0,
  "spacing_z": 1.0,
  "summary_bg_k": 12.723765664928402,
  "summary_bg_mad": 0.0,
  "summary_bg_mean": 2.6187666517435133,
  "summary_bg_median": 0.0,
  "summary_bg_n": 3086538.0,
  "summary_bg_p05": 0.0,
  "summary_bg_p95": 15.39395535364747,
  "summary_bg_stdv": 6.005263671878147,
  "summary_csf_k": -0.5023160420608894,
  "summary_csf_mad": 172.3627161526609,
  "summary_csf_mean": 374.3985512115974,
  "summary_csf_median": 356.0990460962057,
  "summary_csf_n": 397232.2964176215,
  "summary_csf_p05": 78.96448647603393,
  "summary_csf_p95": 712.1980921924114,
  "summary_csf_stdv": 203.1687563714024,
  "summary_gm_k": 0.01434883331272685,
  "summary_gm_mad": 88.78512159896484,
  "summary_gm_mean": 690.7751134180392,
  "summary_gm_median": 683.6217074654996,
  "summary_gm_n": 578332.0891592694,
  "summary_gm_p05": 494.2543749883771,
  "summary_gm_p95": 929.5780870877206,
  "summary_gm_stdv": 124.92844891373223,
  "summary_wm_k": 0.2190530296125499,
  "summary_wm_mad": 68.34075616198379,
  "summary_wm_mean": 941.1944151546503,
  "summary_wm_median": 965.1793190464377,
  "summary_wm_n": 525026.6149266751,
  "summary_wm_p05": 741.2081094644964,
  "summary_wm_p95": 1067.4732364527881,
  "summary_wm_stdv": 99.36358942048622,
  "tpm_overlap_csf": 0.20875435465630357,
  "tpm_overlap_gm": 0.5386719747415811,
  "tpm_overlap_wm": 0.553145118916952,
  "wm2max": 0.4951962922794842
}