{
  "aor": 0.003258374384236453,
  "aqi": 0.00506837172413793,
  "bids_meta": {
    "EchoTime": 0.0137,
    "RepetitionTime": 3.0,
    "SliceEncodingDirection": "k",
    "SliceTiming": [
      0.0,
      1.5,
      0.065,
      1.565,
      0.13,
      1.63,
      0.196,
      1.696,
      0.261,
      1.761,
      0.326,
      1.826,
      0.391,
      1.891,
      0.457,
      1.957,
      0.522,
      2.022,
      0.587,
      2.087,
      0.652,
      2.152,
      0.717,
      2.217,
      0.783,
      2.283,
      0.848,
      2.348,
      0.913,
      2.413,
      0.978,
      2.478,
      1.043,
      2.543,
      1.109,
      2.609,
      1.174,
      2.674,
      1.239,
      2.739,
      1.304,
      2.804,
      1.37,
      2.87,
      1.435,
      2.935
    ],
    "TaskName": "rest",
    "dataset": "ds003592",
    "modality": "bold",
    "session_id": "1",
    "subject_id": "103",
    "task_id": "rest"
  },
  "dummy_trs": 1,
  "dvars_nstd": 16.15410797673267,
  "dvars_std": 1.0680966960891087,
  "dvars_vstd": 0.9699450404455446,
  "efc": 0.5365189294407182,
  "fber": 6929.13916015625,
  "fd_mean": 0.12965472537467662,
  "fd_num": 36,
  "fd_perc": 17.733990147783253,
  "fwhm_avg": 3.2049355555555556,
  "fwhm_x": 2.58899,
  "fwhm_y": 3.25915,
  "fwhm_z": 3.766666666666667,
  "gcor": 0.0218878,
  "gsr_x": 0.004256424959748983,
  "gsr_y": 0.08359764516353607,
  "provenance": {
    "md5sum": "8a360ce5c37f33226c42fd66a1c76c7b",
    "settings": {
      "fd_thres": 0.2,
      "testing": false
    },
    "software": "mriqc",
    "version": "23.1.0"
  },
  "size_t": 203,
  "size_x": 72,
  "size_y": 72,
  "size_z": 46,
  "snr": 3.0298981028317122,
  "spacing_tr": 3.0,
  "spacing_x": 3.0,
  "spacing_y": 3.0,
  "spacing_z": 3.0,
  "summary_bg_k": 12.11390904719363,
  "summary_bg_mad": 79.20601568705253,
  "summary_bg_mean": 438.156496099283,
  "summary_bg_median": 55.16748809814453,
  "summary_bg_n": 180125.0,
  "summary_bg_p05": 0.8866994976997375,
  "summary_bg_p95": 2200.591064453125,
  "summary_bg_stdv": 882.1445239233166,
  "summary_fg_k": 1.692434464146916,
  "summary_fg_mad": 1290.207433397081,
  "summary_fg_mean": 4796.243916637321,
  "summary_fg_median": 4592.2216796875,
  "summary_fg_n": 58339.0,
  "summary_fg_p05": 2708.3251953125,
  "summary_fg_p95": 7547.61083984375,
  "summary_fg_stdv": 1515.6226927731575,
  "tsnr": 66.34502655710094
}