{
  "aor": 0.002441379310344827,
  "aqi": 0.010206594926108375,
  "bids_meta": {
    "EchoTime": 0.047,
    "RepetitionTime": 3.0,
    "SliceEncodingDirection": "k",
    "SliceTiming": [
      0.0,
      1.5,
      0.065,
      1.565,
      0.13,
      1.63,
      0.196,
      1.696,
      0.261,
      1.761,
      0.326,
      1.826,
      0.391,
      1.891,
      0.457,
      1.957,
      0.522,
      2.022,
      0.587,
      2.087,
      0.652,
      2.152,
      0.717,
      2.217,
      0.783,
      2.283,
      0.848,
      2.348,
      0.913,
      2.413,
      0.978,
      2.478,
      1.043,
      2.543,
      1.109,
      2.609,
      1.174,
      2.674,
      1.239,
      2.739,
      1.304,
      2.804,
      1.37,
      2.87,
      1.435,
      2.935
    ],
    "TaskName": "rest",
    "dataset": "ds003592",
    "modality": "bold",
    "session_id": "1",
    "subject_id": "103",
    "task_id": "rest"
  },
  "dummy_trs": 1,
  "dvars_nstd": 27.436411451633667,
  "dvars_std": 1.0335728220297022,
  "dvars_vstd": 0.9696175079702967,
  "efc": 0.4487993883454064,
  "fber": 7596.08349609375,
  "fd_mean": 0.13876367156374636,
  "fd_num": 41,
  "fd_perc": 20.19704433497537,
  "fwhm_avg": 2.6734566666666666,
  "fwhm_x": 2.63152,
  "fwhm_y": 2.7985333333333333,
  "fwhm_z": 2.590316666666667,
  "gcor": 0.0297414,
  "gsr_x": 0.016102969646453857,
  "gsr_y": 0.016540586948394775,
  "provenance": {
    "md5sum": "3cb8b84b7a5961b9b756f24aa017a25d",
    "settings": {
      "fd_thres": 0.2,
      "testing": false
    },
    "software": "mriqc",
    "version": "23.1.0"
  },
  "size_t": 203,
  "size_x": 72,
  "size_y": 72,
  "size_z": 46,
  "snr": 3.1069061190711733,
  "spacing_tr": 3.0,
  "spacing_x": 3.0,
  "spacing_y": 3.0,
  "spacing_z": 3.0,
  "summary_bg_k": 18.709530411985885,
  "summary_bg_mad": 35.65548714314947,
  "summary_bg_mean": 103.06378616930347,
  "summary_bg_median": 26.79802894592285,
  "summary_bg_n": 191805.0,
  "summary_bg_p05": 0.7635467648506165,
  "summary_bg_p95": 549.6502075195312,
  "summary_bg_stdv": 218.79373374587524,
  "summary_fg_k": 0.9375792525580446,
  "summary_fg_mad": 658.6404251379138,
  "summary_fg_mean": 2405.6640290877353,
  "summary_fg_median": 2335.595947265625,
  "summary_fg_n": 46659.0,
  "summary_fg_p05": 1294.246337890625,
  "summary_fg_p95": 3778.95556640625,
  "summary_fg_stdv": 751.7352727335256,
  "tsnr": 36.27954346546903
}