{
  "aor": 0.002844630541871921,
  "aqi": 0.007476480788177342,
  "bids_meta": {
    "EchoTime": 0.03,
    "RepetitionTime": 3.0,
    "SliceEncodingDirection": "k",
    "SliceTiming": [
      0.0,
      1.5,
      0.065,
      1.565,
      0.13,
      1.63,
      0.196,
      1.696,
      0.261,
      1.761,
      0.326,
      1.826,
      0.391,
      1.891,
      0.457,
      1.957,
      0.522,
      2.022,
      0.587,
      2.087,
      0.652,
      2.152,
      0.717,
      2.217,
      0.783,
      2.283,
      0.848,
      2.348,
      0.913,
      2.413,
      0.978,
      2.478,
      1.043,
      2.543,
      1.109,
      2.609,
      1.174,
      2.674,
      1.239,
      2.739,
      1.304,
      2.804,
      1.37,
      2.87,
      1.435,
      2.935
    ],
    "TaskName": "rest",
    "dataset": "ds003592",
    "modality": "bold",
    "session_id": "1",
    "subject_id": "103",
    "task_id": "rest"
  },
  "dummy_trs": 1,
  "dvars_nstd": 21.51679022475249,
  "dvars_std": 1.0510301824257424,
  "dvars_vstd": 0.9666054555940601,
  "efc": 0.4816203507795032,
  "fber": 8704.8935546875,
  "fd_mean": 0.1363150069812885,
  "fd_num": 40,
  "fd_perc": 19.704433497536947,
  "fwhm_avg": 3.055807777777778,
  "fwhm_x": 2.7947133333333336,
  "fwhm_y": 3.18037,
  "fwhm_z": 3.1923399999999997,
  "gcor": 0.0319991,
  "gsr_x": 0.014242846518754959,
  "gsr_y": 0.03681626543402672,
  "provenance": {
    "md5sum": "118828cf66f88623ecc975487eafbb76",
    "settings": {
      "fd_thres": 0.2,
      "testing": false
    },
    "software": "mriqc",
    "version": "23.1.0"
  },
  "size_t": 203,
  "size_x": 72,
  "size_y": 72,
  "size_z": 46,
  "snr": 3.0307496860518888,
  "spacing_tr": 3.0,
  "spacing_x": 3.0,
  "spacing_y": 3.0,
  "spacing_z": 3.0,
  "summary_bg_k": 20.307769652193993,
  "summary_bg_mad": 49.22531346917416,
  "summary_bg_mean": 179.8377713785091,
  "summary_bg_median": 35.187191009521484,
  "summary_bg_n": 185933.0,
  "summary_bg_p05": 0.9655172228813171,
  "summary_bg_p95": 927.3300170898438,
  "summary_bg_stdv": 369.312241025511,
  "summary_fg_k": 1.2574118990532295,
  "summary_fg_mad": 942.8984526629054,
  "summary_fg_mean": 3408.5022712512205,
  "summary_fg_median": 3282.965576171875,
  "summary_fg_n": 52531.0,
  "summary_fg_p05": 1857.197021484375,
  "summary_fg_p95": 5403.08349609375,
  "summary_fg_stdv": 1083.2086672298244,
  "tsnr": 45.684464948717505
}