{
  "aor": 0.008751287128712872,
  "aqi": 0.004595158811881188,
  "bids_meta": {
    "EchoTime": 0.0137,
    "RepetitionTime": 3.0,
    "SliceEncodingDirection": "k",
    "SliceTiming": [
      0.0,
      1.5,
      0.065,
      1.565,
      0.13,
      1.63,
      0.196,
      1.696,
      0.261,
      1.761,
      0.326,
      1.826,
      0.391,
      1.891,
      0.457,
      1.957,
      0.522,
      2.022,
      0.587,
      2.087,
      0.652,
      2.152,
      0.717,
      2.217,
      0.783,
      2.283,
      0.848,
      2.348,
      0.913,
      2.413,
      0.978,
      2.478,
      1.043,
      2.543,
      1.109,
      2.609,
      1.174,
      2.674,
      1.239,
      2.739,
      1.304,
      2.804,
      1.37,
      2.87,
      1.435,
      2.935
    ],
    "TaskName": "rest",
    "dataset": "ds003592",
    "modality": "bold",
    "session_id": "2",
    "subject_id": "36",
    "task_id": "rest"
  },
  "dummy_trs": 2,
  "dvars_nstd": 24.68037801721393,
  "dvars_std": 1.36741204880597,
  "dvars_vstd": 0.9408433843781095,
  "efc": 0.5466830612917152,
  "fber": 9060.095703125,
  "fd_mean": 0.14306161990428695,
  "fd_num": 23,
  "fd_perc": 11.386138613861386,
  "fwhm_avg": 3.3200588888888887,
  "fwhm_x": 2.967693333333333,
  "fwhm_y": 3.2709166666666665,
  "fwhm_z": 3.7215666666666665,
  "gcor": 0.0817545,
  "gsr_x": -0.0077247656881809235,
  "gsr_y": 0.09384351968765259,
  "provenance": {
    "md5sum": "c75c2ad9442d0e5b7c6fe87974612feb",
    "settings": {
      "fd_thres": 0.2,
      "testing": false
    },
    "software": "mriqc",
    "version": "23.1.0"
  },
  "size_t": 202,
  "size_x": 72,
  "size_y": 72,
  "size_z": 46,
  "snr": 2.88659934623281,
  "spacing_tr": 3.0,
  "spacing_x": 3.0,
  "spacing_y": 3.0,
  "spacing_z": 3.0,
  "summary_bg_k": 9.061106267582826,
  "summary_bg_mad": 74.2695635676388,
  "summary_bg_mean": 469.8728642173125,
  "summary_bg_median": 50.32673263549805,
  "summary_bg_n": 176035.0,
  "summary_bg_p05": 0.07920791953802109,
  "summary_bg_p95": 2553.4306640625,
  "summary_bg_stdv": 943.4967685703399,
  "summary_fg_k": 1.5777724542930178,
  "summary_fg_mad": 1474.4844646104787,
  "summary_fg_mean": 5066.115825355894,
  "summary_fg_median": 4790.32666015625,
  "summary_fg_n": 62429.0,
  "summary_fg_p05": 2892.480224609375,
  "summary_fg_p95": 8137.25732421875,
  "summary_fg_stdv": 1659.4919208503773,
  "tsnr": 62.85168465413153
}