{
  "aor": 0.0008876119402985075,
  "aqi": 0.0026199983084577117,
  "bids_meta": {
    "EchoTime": 0.03,
    "RepetitionTime": 3.0,
    "SliceEncodingDirection": "k",
    "SliceTiming": [
      0.0,
      1.5,
      0.065,
      1.565,
      0.13,
      1.63,
      0.196,
      1.696,
      0.261,
      1.761,
      0.326,
      1.826,
      0.391,
      1.891,
      0.457,
      1.957,
      0.522,
      2.022,
      0.587,
      2.087,
      0.652,
      2.152,
      0.717,
      2.217,
      0.783,
      2.283,
      0.848,
      2.348,
      0.913,
      2.413,
      0.978,
      2.478,
      1.043,
      2.543,
      1.109,
      2.609,
      1.174,
      2.674,
      1.239,
      2.739,
      1.304,
      2.804,
      1.37,
      2.87,
      1.435,
      2.935
    ],
    "TaskName": "rest",
    "dataset": "ds003592",
    "modality": "bold",
    "session_id": "2",
    "subject_id": "108",
    "task_id": "rest"
  },
  "dummy_trs": 3,
  "dvars_nstd": 21.03426239025001,
  "dvars_std": 1.2332621421999999,
  "dvars_vstd": 0.962028570849999,
  "efc": 0.44347206985816284,
  "fber": 16267.3125,
  "fd_mean": 0.06589116003173703,
  "fd_num": 6,
  "fd_perc": 2.985074626865672,
  "fwhm_avg": 3.2293720482683317,
  "fwhm_x": 3.1215766666666664,
  "fwhm_y": 3.1940730794912113,
  "fwhm_z": 3.3724663986471177,
  "gcor": 0.0146037,
  "gsr_x": 0.0012486653868108988,
  "gsr_y": 0.01311367005109787,
  "provenance": {
    "md5sum": "1064607aadc11a257a8173d87ef9ba04",
    "settings": {
      "fd_thres": 0.2,
      "testing": false
    },
    "software": "mriqc",
    "version": "23.1.0"
  },
  "size_t": 201,
  "size_x": 72,
  "size_y": 72,
  "size_z": 46,
  "snr": 2.8612660878478553,
  "spacing_tr": 3.0,
  "spacing_x": 3.0,
  "spacing_y": 3.000000238418579,
  "spacing_z": 3.000000238418579,
  "summary_bg_k": 20.10062709819941,
  "summary_bg_mad": 35.198894663477226,
  "summary_bg_mean": 128.0562911418141,
  "summary_bg_median": 25.97512435913086,
  "summary_bg_n": 189791.0,
  "summary_bg_p05": 0.9054726362228394,
  "summary_bg_p95": 670.3980102539062,
  "summary_bg_stdv": 279.10240396123527,
  "summary_fg_k": 0.7232595335275818,
  "summary_fg_mad": 986.7568378220574,
  "summary_fg_mean": 3528.837625925153,
  "summary_fg_median": 3312.955078125,
  "summary_fg_n": 48673.0,
  "summary_fg_p05": 1957.9154052734375,
  "summary_fg_p95": 5834.5771484375,
  "summary_fg_stdv": 1157.8514348035612,
  "tsnr": 70.02952207601629
}