{
  "aor": 0.0011679802955665024,
  "aqi": 0.00506922684729064,
  "bids_meta": {
    "EchoTime": 0.03,
    "RepetitionTime": 3.0,
    "SliceEncodingDirection": "k",
    "SliceTiming": [
      0.0,
      1.5,
      0.065,
      1.565,
      0.13,
      1.63,
      0.196,
      1.696,
      0.261,
      1.761,
      0.326,
      1.826,
      0.391,
      1.891,
      0.457,
      1.957,
      0.522,
      2.022,
      0.587,
      2.087,
      0.652,
      2.152,
      0.717,
      2.217,
      0.783,
      2.283,
      0.848,
      2.348,
      0.913,
      2.413,
      0.978,
      2.478,
      1.043,
      2.543,
      1.109,
      2.609,
      1.174,
      2.674,
      1.239,
      2.739,
      1.304,
      2.804,
      1.37,
      2.87,
      1.435,
      2.935
    ],
    "TaskName": "rest",
    "dataset": "ds003592",
    "modality": "bold",
    "session_id": "1",
    "subject_id": "69",
    "task_id": "rest"
  },
  "dummy_trs": 1,
  "dvars_nstd": 23.553546168663377,
  "dvars_std": 1.1052968336138618,
  "dvars_vstd": 0.9455931952970286,
  "efc": 0.4757058635808839,
  "fber": 6710.16943359375,
  "fd_mean": 0.12304163000186502,
  "fd_num": 33,
  "fd_perc": 16.25615763546798,
  "fwhm_avg": 3.270257597781478,
  "fwhm_x": 3.01614,
  "fwhm_y": 3.294466404846,
  "fwhm_z": 3.5001663884984344,
  "gcor": 0.0128078,
  "gsr_x": -0.0004437904281076044,
  "gsr_y": 0.030193991959095,
  "provenance": {
    "md5sum": "0c9542cd1e814ef0bb4b4c1d41d47d9b",
    "settings": {
      "fd_thres": 0.2,
      "testing": false
    },
    "software": "mriqc",
    "version": "23.1.0"
  },
  "size_t": 203,
  "size_x": 72,
  "size_y": 72,
  "size_z": 46,
  "snr": 2.5380273656932038,
  "spacing_tr": 3.0,
  "spacing_x": 3.0,
  "spacing_y": 3.000000238418579,
  "spacing_z": 3.000000238418579,
  "summary_bg_k": 49.44569344346057,
  "summary_bg_mad": 53.47592640577493,
  "summary_bg_mean": 176.4561387660769,
  "summary_bg_median": 38.00492477416992,
  "summary_bg_n": 185515.0,
  "summary_bg_p05": 0.6157635450363159,
  "summary_bg_p95": 876.9359741210938,
  "summary_bg_stdv": 377.0816146434651,
  "summary_fg_k": 1.5432815904803672,
  "summary_fg_mad": 971.8128155580871,
  "summary_fg_mean": 3345.367692039993,
  "summary_fg_median": 3113.197021484375,
  "summary_fg_n": 52949.0,
  "summary_fg_p05": 1726.2708740234375,
  "summary_fg_p95": 5773.8125,
  "summary_fg_stdv": 1226.6091632244272,
  "tsnr": 52.409124481491745
}