{
  "aor": 0.002082758620689655,
  "aqi": 0.0038128981280788183,
  "bids_meta": {
    "EchoTime": 0.0137,
    "RepetitionTime": 3.0,
    "SliceEncodingDirection": "k",
    "SliceTiming": [
      0.0,
      1.5,
      0.065,
      1.565,
      0.13,
      1.63,
      0.196,
      1.696,
      0.261,
      1.761,
      0.326,
      1.826,
      0.391,
      1.891,
      0.457,
      1.957,
      0.522,
      2.022,
      0.587,
      2.087,
      0.652,
      2.152,
      0.717,
      2.217,
      0.783,
      2.283,
      0.848,
      2.348,
      0.913,
      2.413,
      0.978,
      2.478,
      1.043,
      2.543,
      1.109,
      2.609,
      1.174,
      2.674,
      1.239,
      2.739,
      1.304,
      2.804,
      1.37,
      2.87,
      1.435,
      2.935
    ],
    "TaskName": "rest",
    "dataset": "ds003592",
    "modality": "bold",
    "session_id": "1",
    "subject_id": "69",
    "task_id": "rest"
  },
  "dummy_trs": 1,
  "dvars_nstd": 18.093303576435638,
  "dvars_std": 1.110374297970297,
  "dvars_vstd": 0.9457500568316834,
  "efc": 0.5466259272161688,
  "fber": 4441.4091796875,
  "fd_mean": 0.11982672389227722,
  "fd_num": 33,
  "fd_perc": 16.25615763546798,
  "fwhm_avg": 3.6769997855522187,
  "fwhm_x": 2.935866666666667,
  "fwhm_y": 3.6081997132460506,
  "fwhm_z": 4.4869329767439385,
  "gcor": 0.00968276,
  "gsr_x": -0.019001241773366928,
  "gsr_y": 0.10432513803243637,
  "provenance": {
    "md5sum": "d033acff91ac20fde9e1ab3cfdb15d40",
    "settings": {
      "fd_thres": 0.2,
      "testing": false
    },
    "software": "mriqc",
    "version": "23.1.0"
  },
  "size_t": 203,
  "size_x": 72,
  "size_y": 72,
  "size_z": 46,
  "snr": 2.4881907723813486,
  "spacing_tr": 3.0,
  "spacing_x": 3.0,
  "spacing_y": 3.000000238418579,
  "spacing_z": 3.000000238418579,
  "summary_bg_k": 11.70459964056483,
  "summary_bg_mad": 94.61996422328266,
  "summary_bg_mean": 477.30978982119797,
  "summary_bg_median": 64.98275756835938,
  "summary_bg_n": 177226.0,
  "summary_bg_p05": 0.3694581091403961,
  "summary_bg_p95": 2366.17236328125,
  "summary_bg_stdv": 926.7889655773329,
  "summary_fg_k": 1.7842424303913056,
  "summary_fg_mad": 1401.5701888541341,
  "summary_fg_mean": 4620.328377448621,
  "summary_fg_median": 4330.704345703125,
  "summary_fg_n": 61238.0,
  "summary_fg_p05": 2305.802978515625,
  "summary_fg_p95": 8042.3447265625,
  "summary_fg_stdv": 1740.4891272858167,
  "tsnr": 67.80802784115076
}