{
  "aor": 0.003346896551724138,
  "aqi": 0.0049411892118226605,
  "bids_meta": {
    "EchoTime": 0.0137,
    "RepetitionTime": 3.0,
    "SliceEncodingDirection": "k",
    "SliceTiming": [
      0.0,
      1.5,
      0.065,
      1.565,
      0.13,
      1.63,
      0.196,
      1.696,
      0.261,
      1.761,
      0.326,
      1.826,
      0.391,
      1.891,
      0.457,
      1.957,
      0.522,
      2.022,
      0.587,
      2.087,
      0.652,
      2.152,
      0.717,
      2.217,
      0.783,
      2.283,
      0.848,
      2.348,
      0.913,
      2.413,
      0.978,
      2.478,
      1.043,
      2.543,
      1.109,
      2.609,
      1.174,
      2.674,
      1.239,
      2.739,
      1.304,
      2.804,
      1.37,
      2.87,
      1.435,
      2.935
    ],
    "TaskName": "rest",
    "dataset": "ds003592",
    "modality": "bold",
    "session_id": "2",
    "subject_id": "74",
    "task_id": "rest"
  },
  "dummy_trs": 1,
  "dvars_nstd": 19.062395369801973,
  "dvars_std": 1.232537363960396,
  "dvars_vstd": 0.9354619869801986,
  "efc": 0.488234417478418,
  "fber": 28656.2265625,
  "fd_mean": 0.11600164622762242,
  "fd_num": 23,
  "fd_perc": 11.330049261083744,
  "fwhm_avg": 3.2961733333333334,
  "fwhm_x": 3.07058,
  "fwhm_y": 3.21184,
  "fwhm_z": 3.6061,
  "gcor": 0.0692886,
  "gsr_x": 0.007562742568552494,
  "gsr_y": 0.03979921340942383,
  "provenance": {
    "md5sum": "ede329a7612a56e2aafc43ca8bce0d8a",
    "settings": {
      "fd_thres": 0.2,
      "testing": false
    },
    "software": "mriqc",
    "version": "23.1.0"
  },
  "size_t": 203,
  "size_x": 72,
  "size_y": 72,
  "size_z": 46,
  "snr": 2.9492012381375985,
  "spacing_tr": 3.0,
  "spacing_x": 3.0,
  "spacing_y": 3.0,
  "spacing_z": 3.0,
  "summary_bg_k": 13.927137261755629,
  "summary_bg_mad": 40.570716019213165,
  "summary_bg_mean": 305.8014747241478,
  "summary_bg_median": 27.492610931396484,
  "summary_bg_n": 185445.0,
  "summary_bg_p05": 0.04433497413992882,
  "summary_bg_p95": 1767.16748046875,
  "summary_bg_stdv": 684.3845443364876,
  "summary_fg_k": 1.2538353668208826,
  "summary_fg_mad": 1251.3969902641204,
  "summary_fg_mean": 4976.0547283135875,
  "summary_fg_median": 4653.990234375,
  "summary_fg_n": 53019.0,
  "summary_fg_p05": 2873.236328125,
  "summary_fg_p95": 8161.75830078125,
  "summary_fg_stdv": 1578.0362099918364,
  "tsnr": 69.82573873922229
}