{
  "aor": 0.0035380295566502466,
  "aqi": 0.0059912716256157635,
  "bids_meta": {
    "EchoTime": 0.03,
    "RepetitionTime": 3.0,
    "SliceEncodingDirection": "k",
    "SliceTiming": [
      0.0,
      1.5,
      0.065,
      1.565,
      0.13,
      1.63,
      0.196,
      1.696,
      0.261,
      1.761,
      0.326,
      1.826,
      0.391,
      1.891,
      0.457,
      1.957,
      0.522,
      2.022,
      0.587,
      2.087,
      0.652,
      2.152,
      0.717,
      2.217,
      0.783,
      2.283,
      0.848,
      2.348,
      0.913,
      2.413,
      0.978,
      2.478,
      1.043,
      2.543,
      1.109,
      2.609,
      1.174,
      2.674,
      1.239,
      2.739,
      1.304,
      2.804,
      1.37,
      2.87,
      1.435,
      2.935
    ],
    "TaskName": "rest",
    "dataset": "ds003592",
    "modality": "bold",
    "session_id": "2",
    "subject_id": "74",
    "task_id": "rest"
  },
  "dummy_trs": 1,
  "dvars_nstd": 19.248152043415846,
  "dvars_std": 1.0137709842574256,
  "dvars_vstd": 0.934558244504951,
  "efc": 0.4380385587075361,
  "fber": 24769.283203125,
  "fd_mean": 0.11432555359072306,
  "fd_num": 23,
  "fd_perc": 11.330049261083744,
  "fwhm_avg": 3.0841433333333335,
  "fwhm_x": 3.0284266666666664,
  "fwhm_y": 3.0706633333333335,
  "fwhm_z": 3.15334,
  "gcor": 0.0871177,
  "gsr_x": 0.0016556518385186791,
  "gsr_y": 0.016090625897049904,
  "provenance": {
    "md5sum": "b11669ec914c9c802f91155f0b8f1fa0",
    "settings": {
      "fd_thres": 0.2,
      "testing": false
    },
    "software": "mriqc",
    "version": "23.1.0"
  },
  "size_t": 203,
  "size_x": 72,
  "size_y": 72,
  "size_z": 46,
  "snr": 2.923140360837098,
  "spacing_tr": 3.0,
  "spacing_x": 3.0,
  "spacing_y": 3.0,
  "spacing_z": 3.0,
  "summary_bg_k": 20.865510673013244,
  "summary_bg_mad": 31.3610542294566,
  "summary_bg_mean": 128.1519947088871,
  "summary_bg_median": 21.379310607910156,
  "summary_bg_n": 190768.0,
  "summary_bg_p05": 0.04433497413992882,
  "summary_bg_p95": 691.669921875,
  "summary_bg_stdv": 300.8219084379255,
  "summary_fg_k": 0.8842924148223243,
  "summary_fg_mad": 952.5719253898492,
  "summary_fg_mean": 3575.5696756451853,
  "summary_fg_median": 3364.7314453125,
  "summary_fg_n": 47696.0,
  "summary_fg_p05": 2019.33984375,
  "summary_fg_p95": 5926.8916015625,
  "summary_fg_stdv": 1151.0552888690381,
  "tsnr": 49.418854996562004
}