{
  "aor": 0.0014424000000000001,
  "aqi": 0.0042392341,
  "bids_meta": {
    "EchoTime": 0.02996,
    "RepetitionTime": 3,
    "SliceEncodingDirection": "k",
    "SliceTiming": [
      0,
      1.54,
      0.07,
      1.61,
      0.14,
      1.68,
      0.21,
      1.75,
      0.28,
      1.82,
      0.35,
      1.89,
      0.42,
      1.96,
      0.49,
      2.03,
      0.56,
      2.1,
      0.63,
      2.17,
      0.7,
      2.24,
      0.77,
      2.31,
      0.84,
      2.38,
      0.91,
      2.45,
      0.98,
      2.52,
      1.05,
      2.59,
      1.12,
      2.66,
      1.19,
      2.73,
      1.26,
      2.8,
      1.33,
      2.87,
      1.4,
      2.94,
      1.47
    ],
    "TaskName": "rest",
    "dataset": "ds003592",
    "modality": "bold",
    "session_id": "2",
    "subject_id": "272",
    "task_id": "rest"
  },
  "dummy_trs": 0,
  "dvars_nstd": 26.875381441105517,
  "dvars_std": 1.0709283521105526,
  "dvars_vstd": 0.970088772160804,
  "efc": 0.4487342206219008,
  "fber": 1794.3126220703125,
  "fd_mean": 0.15451270768554085,
  "fd_num": 42,
  "fd_perc": 21.0,
  "fwhm_avg": 2.768490080504948,
  "fwhm_x": 2.564100921875348,
  "fwhm_y": 2.7932148148148146,
  "fwhm_z": 2.94815450482468,
  "gcor": 0.0312951,
  "gsr_x": -0.005339147988706827,
  "gsr_y": 0.024545375257730484,
  "provenance": {
    "md5sum": "b14dc0e88644cb57da14cc7acfc21856",
    "settings": {
      "fd_thres": 0.2,
      "testing": false
    },
    "software": "mriqc",
    "version": "23.1.0"
  },
  "size_t": 200,
  "size_x": 64,
  "size_y": 64,
  "size_z": 43,
  "snr": 2.161269413424911,
  "spacing_tr": 3.0,
  "spacing_x": 3.374999761581421,
  "spacing_y": 3.375,
  "spacing_z": 2.9999988079071045,
  "summary_bg_k": 35.01334810600738,
  "summary_bg_mad": 9.362632387738227,
  "summary_bg_mean": 33.71502687653556,
  "summary_bg_median": 15.194999694824219,
  "summary_bg_n": 141542.0,
  "summary_bg_p05": 7.214999675750732,
  "summary_bg_p95": 128.42999267578125,
  "summary_bg_stdv": 57.11105979775448,
  "summary_fg_k": 2.81835687826585,
  "summary_fg_mad": 232.90573244620316,
  "summary_fg_mean": 714.0612780474971,
  "summary_fg_median": 643.6499633789062,
  "summary_fg_n": 34586.0,
  "summary_fg_p05": 359.85498046875,
  "summary_fg_p95": 1298.864990234375,
  "summary_fg_stdv": 297.806767748857,
  "tsnr": 50.75855446048081
}