{
  "aor": 0.00135845,
  "aqi": 0.0034721950499999998,
  "bids_meta": {
    "EchoTime": 0.02996,
    "RepetitionTime": 3,
    "SliceEncodingDirection": "k",
    "SliceTiming": [
      0,
      1.54,
      0.07,
      1.61,
      0.14,
      1.68,
      0.21,
      1.75,
      0.28,
      1.82,
      0.35,
      1.89,
      0.42,
      1.96,
      0.49,
      2.03,
      0.56,
      2.1,
      0.63,
      2.17,
      0.7,
      2.24,
      0.77,
      2.31,
      0.84,
      2.38,
      0.91,
      2.45,
      0.98,
      2.52,
      1.05,
      2.59,
      1.12,
      2.66,
      1.19,
      2.73,
      1.26,
      2.8,
      1.33,
      2.87,
      1.4,
      2.94,
      1.47
    ],
    "TaskName": "rest",
    "dataset": "ds003592",
    "modality": "bold",
    "session_id": "2",
    "subject_id": "264",
    "task_id": "rest"
  },
  "dummy_trs": 0,
  "dvars_nstd": 22.808681027688454,
  "dvars_std": 1.1526886053768852,
  "dvars_vstd": 0.9865452614070356,
  "efc": 0.45951647167449033,
  "fber": 1676.74462890625,
  "fd_mean": 0.057767863156615085,
  "fd_num": 5,
  "fd_perc": 2.5,
  "fwhm_avg": 3.106525114610886,
  "fwhm_x": 3.0327111111111114,
  "fwhm_y": 3.1246222222222224,
  "fwhm_z": 3.162242010499325,
  "gcor": 0.044301,
  "gsr_x": -0.017377901822328568,
  "gsr_y": 0.05353319272398949,
  "provenance": {
    "md5sum": "06ca2c3c43e7f23d460e99164c523fc9",
    "settings": {
      "fd_thres": 0.2,
      "testing": false
    },
    "software": "mriqc",
    "version": "23.1.0"
  },
  "size_t": 200,
  "size_x": 64,
  "size_y": 64,
  "size_z": 43,
  "snr": 2.03020054643832,
  "spacing_tr": 3.0,
  "spacing_x": 3.375,
  "spacing_y": 3.375,
  "spacing_z": 2.999998092651367,
  "summary_bg_k": 63.717683959752435,
  "summary_bg_mad": 9.622088058760639,
  "summary_bg_mean": 42.952581808107226,
  "summary_bg_median": 15.694999694824219,
  "summary_bg_n": 141991.0,
  "summary_bg_p05": 8.0649995803833,
  "summary_bg_p95": 182.989990234375,
  "summary_bg_stdv": 80.02807678739141,
  "summary_fg_k": 4.355483815477188,
  "summary_fg_mad": 223.88777549506824,
  "summary_fg_mean": 719.4952315984699,
  "summary_fg_median": 642.6799926757812,
  "summary_fg_n": 34137.0,
  "summary_fg_p05": 371.3800048828125,
  "summary_fg_p95": 1363.2099609375,
  "summary_fg_stdv": 316.5552193785952,
  "tsnr": 66.20619854331017
}