{
  "bids_meta": {
    "EchoTime": 0.0034,
    "FlipAngle": 7,
    "RepetitionTime": 2.53,
    "dataset": "ds003592",
    "modality": "T1w",
    "session_id": "1",
    "subject_id": "181"
  },
  "cjv": 0.6179167635516636,
  "cnr": 1.47946459227563,
  "efc": 0.5222268050366812,
  "fber": -1.0,
  "fwhm_avg": 4.7503,
  "fwhm_x": 4.81072,
  "fwhm_y": 4.76274,
  "fwhm_z": 4.67744,
  "icvs_csf": 0.2701776236901209,
  "icvs_gm": 0.37476408266039324,
  "icvs_wm": 0.3550582936494858,
  "inu_med": 0.7492884397506714,
  "inu_range": 0.7537466347217561,
  "provenance": {
    "md5sum": "02f68934988a7299aecb9484b06caf5b",
    "settings": {
      "testing": false
    },
    "software": "mriqc",
    "version": "23.1.0",
    "warnings": {
      "large_rot_frame": true,
      "small_air_mask": false
    }
  },
  "qi_1": 0.0,
  "qi_2": 0.0011448458399783052,
  "rpve_csf": 7.808293877331302,
  "rpve_gm": 7.687371551953548,
  "rpve_wm": 7.745665261332006,
  "size_x": 176,
  "size_y": 256,
  "size_z": 256,
  "snr_csf": 1.4244768891418433,
  "snr_gm": 4.797727602871638,
  "snr_total": 5.2582023069724215,
  "snr_wm": 9.552402428903783,
  "snrd_csf": 21.7927709097945,
  "snrd_gm": 62.10158046059373,
  "snrd_total": 56.42983204877634,
  "snrd_wm": 85.39514477594079,
  "spacing_x": 1.0,
  "spacing_y": 1.0,
  "spacing_z": 1.0,
  "summary_bg_k": 8.656293637776365,
  "summary_bg_mad": 0.0,
  "summary_bg_mean": 3.5326694770435876,
  "summary_bg_median": 0.0,
  "summary_bg_n": 3016507.0,
  "summary_bg_p05": 0.0,
  "summary_bg_p95": 19.604068100452423,
  "summary_bg_stdv": 7.3351707854762,
  "summary_csf_k": -0.7632065124689644,
  "summary_csf_mad": 143.66431515261598,
  "summary_csf_mean": 288.96524400067636,
  "summary_csf_median": 244.00063332170248,
  "summary_csf_n": 396062.83479192917,
  "summary_csf_p05": 75.75572030246258,
  "summary_csf_p95": 627.890295445919,
  "summary_csf_stdv": 171.29117864156552,
  "summary_gm_k": -0.3143264201838756,
  "summary_gm_mad": 90.72443023366068,
  "summary_gm_mean": 702.9511295487886,
  "summary_gm_median": 695.3142868056893,
  "summary_gm_n": 549379.7855255161,
  "summary_gm_p05": 470.46262714639306,
  "summary_gm_p95": 974.532228179276,
  "summary_gm_stdv": 144.92562136535756,
  "summary_wm_k": -0.30209746564669393,
  "summary_wm_mad": 70.43080768139447,
  "summary_wm_mean": 929.8411250691279,
  "summary_wm_median": 956.1184070706367,
  "summary_wm_n": 520492.3797112462,
  "summary_wm_p05": 731.1617256179452,
  "summary_wm_p95": 1056.799299672246,
  "summary_wm_stdv": 100.09183508666155,
  "tpm_overlap_csf": 0.17735511764894402,
  "tpm_overlap_gm": 0.5313108376425408,
  "tpm_overlap_wm": 0.5626909300131337,
  "wm2max": 0.5388913275777714
}