{
  "bids_meta": {
    "EchoTime": 0.0034,
    "FlipAngle": 7,
    "RepetitionTime": 2.53,
    "dataset": "ds003592",
    "modality": "T1w",
    "session_id": "1",
    "subject_id": "23"
  },
  "cjv": 0.6026693323570577,
  "cnr": 1.5421357872429837,
  "efc": 0.6605843812406108,
  "fber": 7699.351029948867,
  "fwhm_avg": 3.9028233333333335,
  "fwhm_x": 3.89091,
  "fwhm_y": 3.99634,
  "fwhm_z": 3.82122,
  "icvs_csf": 0.26586429939347883,
  "icvs_gm": 0.3791694510362672,
  "icvs_wm": 0.3549662495702541,
  "inu_med": 0.8289352655410767,
  "inu_range": 0.5591916203498843,
  "provenance": {
    "md5sum": "f1722136ac5d61697e89c277134d3fa0",
    "settings": {
      "testing": false
    },
    "software": "mriqc",
    "version": "23.1.0",
    "warnings": {
      "large_rot_frame": true,
      "small_air_mask": false
    }
  },
  "qi_1": 0.0,
  "qi_2": 0.0020096025086676667,
  "rpve_csf": 7.49955240563361,
  "rpve_gm": 7.393524484249086,
  "rpve_wm": 7.496513283080844,
  "size_x": 176,
  "size_y": 256,
  "size_z": 256,
  "snr_csf": 1.8945364152496156,
  "snr_gm": 4.653602582914069,
  "snr_total": 5.400191314430352,
  "snr_wm": 9.652434945127375,
  "snrd_csf": 37.34175080995986,
  "snrd_gm": 66.40166555425566,
  "snrd_total": 65.57092582544676,
  "snrd_wm": 92.96936111212476,
  "spacing_x": 1.0,
  "spacing_y": 1.0,
  "spacing_z": 1.0,
  "summary_bg_k": 17.904797079466935,
  "summary_bg_mad": 0.0,
  "summary_bg_mean": 2.2448030271712707,
  "summary_bg_median": 0.0,
  "summary_bg_n": 2941052.0,
  "summary_bg_p05": 0.0,
  "summary_bg_p95": 17.088960707187653,
  "summary_bg_stdv": 6.738332000505432,
  "summary_csf_k": -0.7663989692068269,
  "summary_csf_mad": 160.3971989187931,
  "summary_csf_mean": 397.521840013732,
  "summary_csf_median": 384.0743918940425,
  "summary_csf_n": 402876.1369795159,
  "summary_csf_p05": 100.13473706692457,
  "summary_csf_p95": 728.2526332139969,
  "summary_csf_stdv": 202.7271221268882,
  "summary_gm_k": -0.332587083828388,
  "summary_gm_mad": 94.13347154043386,
  "summary_gm_mean": 690.9406007524165,
  "summary_gm_median": 682.9668873399496,
  "summary_gm_n": 574572.5320873297,
  "summary_gm_p05": 455.4536662325263,
  "summary_gm_p95": 964.7375586926937,
  "summary_gm_stdv": 146.76076885489755,
  "summary_wm_k": -0.11763030226316618,
  "summary_wm_mad": 70.55138032637072,
  "summary_wm_mean": 935.7772905790479,
  "summary_wm_median": 956.2259417250752,
  "summary_wm_n": 537896.3317422317,
  "summary_wm_p05": 739.1961407437921,
  "summary_wm_p95": 1067.7314103394747,
  "summary_wm_stdv": 99.06568221423518,
  "tpm_overlap_csf": 0.2144688123664423,
  "tpm_overlap_gm": 0.5221926275575626,
  "tpm_overlap_wm": 0.5322163579718046,
  "wm2max": 0.644708854028184
}