{
  "aor": 0.003375566502463054,
  "aqi": 0.00711261448275862,
  "bids_meta": {
    "EchoTime": 0.047,
    "RepetitionTime": 3.0,
    "SliceEncodingDirection": "k",
    "SliceTiming": [
      0.0,
      1.5,
      0.065,
      1.565,
      0.13,
      1.63,
      0.196,
      1.696,
      0.261,
      1.761,
      0.326,
      1.826,
      0.391,
      1.891,
      0.457,
      1.957,
      0.522,
      2.022,
      0.587,
      2.087,
      0.652,
      2.152,
      0.717,
      2.217,
      0.783,
      2.283,
      0.848,
      2.348,
      0.913,
      2.413,
      0.978,
      2.478,
      1.043,
      2.543,
      1.109,
      2.609,
      1.174,
      2.674,
      1.239,
      2.739,
      1.304,
      2.804,
      1.37,
      2.87,
      1.435,
      2.935
    ],
    "TaskName": "rest",
    "dataset": "ds003592",
    "modality": "bold",
    "session_id": "1",
    "subject_id": "47",
    "task_id": "rest"
  },
  "dummy_trs": 1,
  "dvars_nstd": 24.07150971069308,
  "dvars_std": 1.0451350286633656,
  "dvars_vstd": 0.9696691025247528,
  "efc": 0.4400812129462783,
  "fber": 10924.6748046875,
  "fd_mean": 0.09033034980106928,
  "fd_num": 11,
  "fd_perc": 5.41871921182266,
  "fwhm_avg": 2.82015,
  "fwhm_x": 2.8642966666666667,
  "fwhm_y": 2.9212566666666664,
  "fwhm_z": 2.6748966666666667,
  "gcor": 0.0318841,
  "gsr_x": 0.012526530772447586,
  "gsr_y": 0.01706981286406517,
  "provenance": {
    "md5sum": "d841e0318411ba565fb8def2722ebc35",
    "settings": {
      "fd_thres": 0.2,
      "testing": false
    },
    "software": "mriqc",
    "version": "23.1.0"
  },
  "size_t": 203,
  "size_x": 72,
  "size_y": 72,
  "size_z": 46,
  "snr": 2.7655860515032136,
  "spacing_tr": 3.0,
  "spacing_x": 3.0,
  "spacing_y": 3.0,
  "spacing_z": 3.0,
  "summary_bg_k": 47.96113335044146,
  "summary_bg_mad": 34.486933977771685,
  "summary_bg_mean": 110.2758670148273,
  "summary_bg_median": 23.620689392089844,
  "summary_bg_n": 192385.0,
  "summary_bg_p05": 0.04433497413992882,
  "summary_bg_p95": 592.753662109375,
  "summary_bg_stdv": 250.64185427773273,
  "summary_fg_k": 0.6241273374539102,
  "summary_fg_mad": 789.6427734838305,
  "summary_fg_mean": 2626.0300418706647,
  "summary_fg_median": 2468.862060546875,
  "summary_fg_n": 46079.0,
  "summary_fg_p05": 1400.2314453125,
  "summary_fg_p95": 4361.96044921875,
  "summary_fg_stdv": 892.6987716077026,
  "tsnr": 40.16351733938791
}