{
  "aor": 0.0049489655172413795,
  "aqi": 0.00351158078817734,
  "bids_meta": {
    "EchoTime": 0.0137,
    "RepetitionTime": 3.0,
    "SliceEncodingDirection": "k",
    "SliceTiming": [
      0.0,
      1.5,
      0.065,
      1.565,
      0.13,
      1.63,
      0.196,
      1.696,
      0.261,
      1.761,
      0.326,
      1.826,
      0.391,
      1.891,
      0.457,
      1.957,
      0.522,
      2.022,
      0.587,
      2.087,
      0.652,
      2.152,
      0.717,
      2.217,
      0.783,
      2.283,
      0.848,
      2.348,
      0.913,
      2.413,
      0.978,
      2.478,
      1.043,
      2.543,
      1.109,
      2.609,
      1.174,
      2.674,
      1.239,
      2.739,
      1.304,
      2.804,
      1.37,
      2.87,
      1.435,
      2.935
    ],
    "TaskName": "rest",
    "dataset": "ds003592",
    "modality": "bold",
    "session_id": "1",
    "subject_id": "47",
    "task_id": "rest"
  },
  "dummy_trs": 1,
  "dvars_nstd": 16.814539380891087,
  "dvars_std": 1.1973954555445552,
  "dvars_vstd": 0.9595398663366337,
  "efc": 0.5224125463770151,
  "fber": 15285.8154296875,
  "fd_mean": 0.08072469629926805,
  "fd_num": 7,
  "fd_perc": 3.4482758620689653,
  "fwhm_avg": 3.188767777777777,
  "fwhm_x": 2.7478166666666666,
  "fwhm_y": 3.169753333333333,
  "fwhm_z": 3.648733333333333,
  "gcor": 0.0398824,
  "gsr_x": 0.023581547662615776,
  "gsr_y": 0.038737647235393524,
  "provenance": {
    "md5sum": "29633508e25f284dc10d8aec2b611209",
    "settings": {
      "fd_thres": 0.2,
      "testing": false
    },
    "software": "mriqc",
    "version": "23.1.0"
  },
  "size_t": 203,
  "size_x": 72,
  "size_y": 72,
  "size_z": 46,
  "snr": 2.7876777308064162,
  "spacing_tr": 3.0,
  "spacing_x": 3.0,
  "spacing_y": 3.0,
  "spacing_z": 3.0,
  "summary_bg_k": 14.561549219042824,
  "summary_bg_mad": 57.083837312876625,
  "summary_bg_mean": 384.164259126392,
  "summary_bg_median": 38.59113311767578,
  "summary_bg_n": 177483.0,
  "summary_bg_p05": 0.029556650668382645,
  "summary_bg_p95": 2131.975341796875,
  "summary_bg_stdv": 867.701988816968,
  "summary_fg_k": 1.104348947221391,
  "summary_fg_mad": 1419.1862251749913,
  "summary_fg_mean": 5066.464857337302,
  "summary_fg_median": 4771.24609375,
  "summary_fg_n": 60981.0,
  "summary_fg_p05": 2787.11328125,
  "summary_fg_p95": 8403.4580078125,
  "summary_fg_stdv": 1711.5346297398999,
  "tsnr": 70.656194136478
}