{
  "aor": 0.002449261083743842,
  "aqi": 0.007860368768472905,
  "bids_meta": {
    "EchoTime": 0.047,
    "RepetitionTime": 3.0,
    "SliceEncodingDirection": "k",
    "SliceTiming": [
      0.0,
      1.5,
      0.065,
      1.565,
      0.13,
      1.63,
      0.196,
      1.696,
      0.261,
      1.761,
      0.326,
      1.826,
      0.391,
      1.891,
      0.457,
      1.957,
      0.522,
      2.022,
      0.587,
      2.087,
      0.652,
      2.152,
      0.717,
      2.217,
      0.783,
      2.283,
      0.848,
      2.348,
      0.913,
      2.413,
      0.978,
      2.478,
      1.043,
      2.543,
      1.109,
      2.609,
      1.174,
      2.674,
      1.239,
      2.739,
      1.304,
      2.804,
      1.37,
      2.87,
      1.435,
      2.935
    ],
    "TaskName": "rest",
    "dataset": "ds003592",
    "modality": "bold",
    "session_id": "1",
    "subject_id": "32",
    "task_id": "rest"
  },
  "dummy_trs": 1,
  "dvars_nstd": 23.22849187762375,
  "dvars_std": 1.0695878783663366,
  "dvars_vstd": 0.9845458702475252,
  "efc": 0.41469317166486463,
  "fber": 10461.921875,
  "fd_mean": 0.10656965295645464,
  "fd_num": 22,
  "fd_perc": 10.83743842364532,
  "fwhm_avg": 2.5991255555555557,
  "fwhm_x": 2.55159,
  "fwhm_y": 2.74667,
  "fwhm_z": 2.4991166666666667,
  "gcor": 0.0216918,
  "gsr_x": -0.013829609379172325,
  "gsr_y": 0.0292806476354599,
  "provenance": {
    "md5sum": "c7ea352a80cd38fe88893532ca860e14",
    "settings": {
      "fd_thres": 0.2,
      "testing": false
    },
    "software": "mriqc",
    "version": "23.1.0"
  },
  "size_t": 203,
  "size_x": 72,
  "size_y": 72,
  "size_z": 46,
  "snr": 3.19339554777871,
  "spacing_tr": 3.0,
  "spacing_x": 3.0,
  "spacing_y": 3.0,
  "spacing_z": 3.0,
  "summary_bg_k": 57.25194253010356,
  "summary_bg_mad": 35.07121003024071,
  "summary_bg_mean": 82.97658623495043,
  "summary_bg_median": 24.305418014526367,
  "summary_bg_n": 196501.0,
  "summary_bg_p05": 0.04433497413992882,
  "summary_bg_p95": 384.36944580078125,
  "summary_bg_stdv": 191.13912082603187,
  "summary_fg_k": 0.3190213926853698,
  "summary_fg_mad": 719.9825489834346,
  "summary_fg_mean": 2576.0290668265006,
  "summary_fg_median": 2486.044189453125,
  "summary_fg_n": 41963.0,
  "summary_fg_p05": 1417.28564453125,
  "summary_fg_p95": 4022.812744140625,
  "summary_fg_stdv": 778.4862633588509,
  "tsnr": 49.25489778397605
}