{
  "bids_meta": {
    "EchoTime": 0.0034,
    "FlipAngle": 7,
    "RepetitionTime": 2.53,
    "dataset": "ds003592",
    "modality": "T1w",
    "session_id": "1",
    "subject_id": "191"
  },
  "cjv": 0.8328135684632009,
  "cnr": 1.1076666005650402,
  "efc": 0.5797571641590197,
  "fber": -1.0,
  "fwhm_avg": 4.44013,
  "fwhm_x": 4.52392,
  "fwhm_y": 4.47683,
  "fwhm_z": 4.31964,
  "icvs_csf": 0.25826494975445413,
  "icvs_gm": 0.3668172116653031,
  "icvs_wm": 0.3749178385802428,
  "inu_med": 0.850812166929245,
  "inu_range": 0.702289390563965,
  "provenance": {
    "md5sum": "4a7137c492c6ec1dfdc452cbc43d6f74",
    "settings": {
      "testing": false
    },
    "software": "mriqc",
    "version": "23.1.0",
    "warnings": {
      "large_rot_frame": true,
      "small_air_mask": false
    }
  },
  "qi_1": 0.0,
  "qi_2": 0.00161326022193082,
  "rpve_csf": 7.861487906927141,
  "rpve_gm": 7.70415627672432,
  "rpve_wm": 7.772466097826514,
  "size_x": 176,
  "size_y": 256,
  "size_z": 256,
  "snr_csf": 1.5538145784893198,
  "snr_gm": 4.484411860959857,
  "snr_total": 4.976535663027527,
  "snr_wm": 8.891380549633405,
  "snrd_csf": 9.341796365973535,
  "snrd_gm": 23.819427510576876,
  "snrd_total": 21.349335545616825,
  "snrd_wm": 30.88678276030007,
  "spacing_x": 1.0,
  "spacing_y": 1.0,
  "spacing_z": 1.0,
  "summary_bg_k": 4270.468379006111,
  "summary_bg_mad": 0.0,
  "summary_bg_mean": 3.193069218718411,
  "summary_bg_median": 0.0,
  "summary_bg_n": 2840995.0,
  "summary_bg_p05": 0.0,
  "summary_bg_p95": 17.757333405315876,
  "summary_bg_stdv": 20.317012980055296,
  "summary_csf_k": -0.8223873446595173,
  "summary_csf_mad": 158.84238461998075,
  "summary_csf_mean": 330.2893065644752,
  "summary_csf_median": 289.70669012516737,
  "summary_csf_n": 375460.4187701138,
  "summary_csf_p05": 84.9285277351737,
  "summary_csf_p95": 684.8197242245078,
  "summary_csf_stdv": 186.448440073634,
  "summary_gm_k": 0.03506028951033224,
  "summary_gm_mad": 91.00803292400559,
  "summary_gm_mean": 741.5883754667063,
  "summary_gm_median": 738.6852843314409,
  "summary_gm_n": 533271.5261396593,
  "summary_gm_p05": 466.2412943691015,
  "summary_gm_p95": 1021.615499034524,
  "summary_gm_stdv": 164.72273614388482,
  "summary_wm_k": -0.4606060005624393,
  "summary_wm_mad": 91.52137396386702,
  "summary_wm_mean": 939.670658414823,
  "summary_wm_median": 957.8572740778327,
  "summary_wm_n": 545048.0555397014,
  "summary_wm_p05": 745.6596130505204,
  "summary_wm_p95": 1093.6340991407633,
  "summary_wm_stdv": 107.72864686645988,
  "tpm_overlap_csf": 0.1970112870060754,
  "tpm_overlap_gm": 0.5127048190166734,
  "tpm_overlap_wm": 0.5393750520863544,
  "wm2max": 0.3435652895801565
}