{
  "aor": 0.004606386138613861,
  "aqi": 0.005792115198019802,
  "bids_meta": {
    "EchoTime": 0.0137,
    "RepetitionTime": 3.0,
    "SliceEncodingDirection": "k",
    "SliceTiming": [
      0.0,
      1.5,
      0.065,
      1.565,
      0.13,
      1.63,
      0.196,
      1.696,
      0.261,
      1.761,
      0.326,
      1.826,
      0.391,
      1.891,
      0.457,
      1.957,
      0.522,
      2.022,
      0.587,
      2.087,
      0.652,
      2.152,
      0.717,
      2.217,
      0.783,
      2.283,
      0.848,
      2.348,
      0.913,
      2.413,
      0.978,
      2.478,
      1.043,
      2.543,
      1.109,
      2.609,
      1.174,
      2.674,
      1.239,
      2.739,
      1.304,
      2.804,
      1.37,
      2.87,
      1.435,
      2.935
    ],
    "TaskName": "rest",
    "dataset": "ds003592",
    "modality": "bold",
    "session_id": "2",
    "subject_id": "235",
    "task_id": "rest"
  },
  "dummy_trs": 2,
  "dvars_nstd": 38.09399759945274,
  "dvars_std": 2.1033985662189063,
  "dvars_vstd": 1.0122637351243775,
  "efc": 0.5000745360486961,
  "fber": 11726.080078125,
  "fd_mean": 0.2698699641380524,
  "fd_num": 109,
  "fd_perc": 53.960396039603964,
  "fwhm_avg": 2.8096688888888885,
  "fwhm_x": 2.1686733333333335,
  "fwhm_y": 3.024813333333333,
  "fwhm_z": 3.2355199999999997,
  "gcor": 0.0214507,
  "gsr_x": -0.01777653582394123,
  "gsr_y": 0.055039506405591965,
  "provenance": {
    "md5sum": "c549e2865898537cfb06fccfe58a859b",
    "settings": {
      "fd_thres": 0.2,
      "testing": false
    },
    "software": "mriqc",
    "version": "23.1.0"
  },
  "size_t": 202,
  "size_x": 72,
  "size_y": 72,
  "size_z": 46,
  "snr": 3.3291560471798736,
  "spacing_tr": 3.0,
  "spacing_x": 3.0,
  "spacing_y": 3.0,
  "spacing_z": 3.0,
  "summary_bg_k": 16.305677914522146,
  "summary_bg_mad": 61.38119857568835,
  "summary_bg_mean": 335.2570307972149,
  "summary_bg_median": 43.01485061645508,
  "summary_bg_n": 187649.0,
  "summary_bg_p05": 0.801980197429657,
  "summary_bg_p95": 1748.4752197265625,
  "summary_bg_stdv": 653.4599907437544,
  "summary_fg_k": 1.56850129950071,
  "summary_fg_mad": 1236.3215752742424,
  "summary_fg_mean": 4798.237437715515,
  "summary_fg_median": 4657.9501953125,
  "summary_fg_n": 50815.0,
  "summary_fg_p05": 2712.712890625,
  "summary_fg_p95": 7206.77197265625,
  "summary_fg_stdv": 1399.124672031949,
  "tsnr": 73.38818464614451
}