{
  "aor": 0.005913399014778325,
  "aqi": 0.013625622709359608,
  "bids_meta": {
    "EchoTime": 0.047,
    "RepetitionTime": 3.0,
    "SliceEncodingDirection": "k",
    "SliceTiming": [
      0.0,
      1.5,
      0.065,
      1.565,
      0.13,
      1.63,
      0.196,
      1.696,
      0.261,
      1.761,
      0.326,
      1.826,
      0.391,
      1.891,
      0.457,
      1.957,
      0.522,
      2.022,
      0.587,
      2.087,
      0.652,
      2.152,
      0.717,
      2.217,
      0.783,
      2.283,
      0.848,
      2.348,
      0.913,
      2.413,
      0.978,
      2.478,
      1.043,
      2.543,
      1.109,
      2.609,
      1.174,
      2.674,
      1.239,
      2.739,
      1.304,
      2.804,
      1.37,
      2.87,
      1.435,
      2.935
    ],
    "TaskName": "rest",
    "dataset": "ds003592",
    "modality": "bold",
    "session_id": "2",
    "subject_id": "235",
    "task_id": "rest"
  },
  "dummy_trs": 1,
  "dvars_nstd": 31.641219781386148,
  "dvars_std": 1.111054752821782,
  "dvars_vstd": 1.016764925,
  "efc": 0.4097827906080754,
  "fber": 10095.80078125,
  "fd_mean": 0.315364136197209,
  "fd_num": 125,
  "fd_perc": 61.576354679802954,
  "fwhm_avg": 2.5125177777777776,
  "fwhm_x": 2.5015199999999997,
  "fwhm_y": 2.69795,
  "fwhm_z": 2.338083333333333,
  "gcor": 0.037033,
  "gsr_x": -0.0025323363952338696,
  "gsr_y": 0.0211684200912714,
  "provenance": {
    "md5sum": "8642a5880cade1ca38a8cb96681d4208",
    "settings": {
      "fd_thres": 0.2,
      "testing": false
    },
    "software": "mriqc",
    "version": "23.1.0"
  },
  "size_t": 203,
  "size_x": 72,
  "size_y": 72,
  "size_z": 46,
  "snr": 3.3097036966411504,
  "spacing_tr": 3.0,
  "spacing_x": 3.0,
  "spacing_y": 3.0,
  "spacing_z": 3.0,
  "summary_bg_k": 97.72720720714682,
  "summary_bg_mad": 30.27283816741838,
  "summary_bg_mean": 91.37010406934604,
  "summary_bg_median": 23.4729061126709,
  "summary_bg_n": 200157.0,
  "summary_bg_p05": 0.45320194959640503,
  "summary_bg_p95": 462.13299560546875,
  "summary_bg_stdv": 227.36375022582183,
  "summary_fg_k": 2.245176143094806,
  "summary_fg_mad": 626.3009832650442,
  "summary_fg_mean": 2388.2674584445617,
  "summary_fg_median": 2358.50732421875,
  "summary_fg_n": 38307.0,
  "summary_fg_p05": 1281.4827880859375,
  "summary_fg_p95": 3552.7783203125,
  "summary_fg_stdv": 712.5944664245509,
  "tsnr": 35.62031399121042
}