{
  "aor": 0.005397650000000001,
  "aqi": 0.0053006035500000005,
  "bids_meta": {
    "EchoTime": 0.04592,
    "RepetitionTime": 3,
    "SliceEncodingDirection": "k",
    "SliceTiming": [
      0,
      1.54,
      0.07,
      1.61,
      0.14,
      1.68,
      0.21,
      1.75,
      0.28,
      1.82,
      0.35,
      1.89,
      0.42,
      1.96,
      0.49,
      2.03,
      0.56,
      2.1,
      0.63,
      2.17,
      0.7,
      2.24,
      0.77,
      2.31,
      0.84,
      2.38,
      0.91,
      2.45,
      0.98,
      2.52,
      1.05,
      2.5925,
      1.12,
      2.6625,
      1.19,
      2.7325,
      1.26,
      2.8025,
      1.33,
      2.8725,
      1.4,
      2.9425,
      1.47
    ],
    "TaskName": "rest",
    "dataset": "ds003592",
    "modality": "bold",
    "session_id": "1",
    "subject_id": "287",
    "task_id": "rest"
  },
  "dummy_trs": 0,
  "dvars_nstd": 29.88485323824119,
  "dvars_std": 1.1892750887939703,
  "dvars_vstd": 0.9872521243216075,
  "efc": 0.44300589539958857,
  "fber": 1654.2637939453125,
  "fd_mean": 0.07776553121737764,
  "fd_num": 1,
  "fd_perc": 0.5,
  "fwhm_avg": 2.303294938271605,
  "fwhm_x": 2.230980740740741,
  "fwhm_y": 2.2525274074074075,
  "fwhm_z": 2.4263766666666666,
  "gcor": 0.0152111,
  "gsr_x": -0.011936911381781101,
  "gsr_y": 0.027738727629184723,
  "provenance": {
    "md5sum": "f5edf5427b4407344e64bb47f6429aeb",
    "settings": {
      "fd_thres": 0.2,
      "testing": false
    },
    "software": "mriqc",
    "version": "23.1.0"
  },
  "size_t": 200,
  "size_x": 64,
  "size_y": 64,
  "size_z": 43,
  "snr": 2.046312863049299,
  "spacing_tr": 3.0,
  "spacing_x": 3.375,
  "spacing_y": 3.375,
  "spacing_z": 3.0,
  "summary_bg_k": 50.32327157089404,
  "summary_bg_mad": 5.922995693259521,
  "summary_bg_mean": 25.86136892981736,
  "summary_bg_median": 12.554999351501465,
  "summary_bg_n": 141733.0,
  "summary_bg_p05": 6.855000019073486,
  "summary_bg_p95": 94.15499877929688,
  "summary_bg_stdv": 42.29840049843229,
  "summary_fg_k": 5.015166407101839,
  "summary_fg_mad": 185.1325770309549,
  "summary_fg_mean": 565.3383428032548,
  "summary_fg_median": 510.6449890136719,
  "summary_fg_n": 34395.0,
  "summary_fg_p05": 279.68499755859375,
  "summary_fg_p95": 1048.489990234375,
  "summary_fg_stdv": 249.5403195356424,
  "tsnr": 45.84104110300541
}