{
  "aor": 0.004826799999999999,
  "aqi": 0.0035569510500000003,
  "bids_meta": {
    "EchoTime": 0.02996,
    "RepetitionTime": 3,
    "SliceEncodingDirection": "k",
    "SliceTiming": [
      0,
      1.54,
      0.07,
      1.61,
      0.14,
      1.68,
      0.21,
      1.75,
      0.28,
      1.82,
      0.35,
      1.89,
      0.42,
      1.96,
      0.49,
      2.03,
      0.56,
      2.1,
      0.63,
      2.17,
      0.7,
      2.24,
      0.77,
      2.31,
      0.84,
      2.38,
      0.91,
      2.45,
      0.98,
      2.52,
      1.05,
      2.59,
      1.12,
      2.66,
      1.19,
      2.73,
      1.26,
      2.8,
      1.33,
      2.87,
      1.4,
      2.94,
      1.47
    ],
    "TaskName": "rest",
    "dataset": "ds003592",
    "modality": "bold",
    "session_id": "1",
    "subject_id": "287",
    "task_id": "rest"
  },
  "dummy_trs": 0,
  "dvars_nstd": 23.836272790904538,
  "dvars_std": 1.2049535186432159,
  "dvars_vstd": 0.9891511060301512,
  "efc": 0.4608756732485825,
  "fber": 2452.98876953125,
  "fd_mean": 0.0768556925128395,
  "fd_num": 0,
  "fd_perc": 0.0,
  "fwhm_avg": 2.5918882716049385,
  "fwhm_x": 2.507928888888889,
  "fwhm_y": 2.5433925925925926,
  "fwhm_z": 2.7243433333333336,
  "gcor": 0.0267732,
  "gsr_x": -0.008049394935369492,
  "gsr_y": 0.03212328255176544,
  "provenance": {
    "md5sum": "2b656102b1d5a8fa9c43aa9c1b334e9e",
    "settings": {
      "fd_thres": 0.2,
      "testing": false
    },
    "software": "mriqc",
    "version": "23.1.0"
  },
  "size_t": 200,
  "size_x": 64,
  "size_y": 64,
  "size_z": 43,
  "snr": 2.3929178247117395,
  "spacing_tr": 3.0,
  "spacing_x": 3.375,
  "spacing_y": 3.375,
  "spacing_z": 3.0,
  "summary_bg_k": 50.26573533766847,
  "summary_bg_mad": 7.7614221048657495,
  "summary_bg_mean": 33.51913295762809,
  "summary_bg_median": 13.559999465942383,
  "summary_bg_n": 139127.0,
  "summary_bg_p05": 6.789999961853027,
  "summary_bg_p95": 129.44000244140625,
  "summary_bg_stdv": 60.628774979837495,
  "summary_fg_k": 3.633554767325113,
  "summary_fg_mad": 228.34291191008816,
  "summary_fg_mean": 724.5542577502953,
  "summary_fg_median": 671.594970703125,
  "summary_fg_n": 37001.0,
  "summary_fg_p05": 378.0950012207031,
  "summary_fg_p95": 1258.489990234375,
  "summary_fg_stdv": 280.6556448967384,
  "tsnr": 60.63894361862913
}