{
  "bids_meta": {
    "EchoTime": 0.0034,
    "FlipAngle": 7,
    "RepetitionTime": 2.53,
    "dataset": "ds003592",
    "modality": "T1w",
    "session_id": "1",
    "subject_id": "11"
  },
  "cjv": 0.8398916608200927,
  "cnr": 1.0816731517912077,
  "efc": 0.5565597118764183,
  "fber": -1.0,
  "fwhm_avg": 4.739396666666667,
  "fwhm_x": 4.84289,
  "fwhm_y": 4.7526,
  "fwhm_z": 4.6227,
  "icvs_csf": 0.2647712846953138,
  "icvs_gm": 0.3634719618225858,
  "icvs_wm": 0.3717567534821004,
  "inu_med": 0.834716796875,
  "inu_range": 0.8218883872032166,
  "provenance": {
    "md5sum": "d7e8ca328693c4651c20be7528e9a1c3",
    "settings": {
      "testing": false
    },
    "software": "mriqc",
    "version": "23.1.0",
    "warnings": {
      "large_rot_frame": true,
      "small_air_mask": false
    }
  },
  "qi_1": 0.0,
  "qi_2": 0.0016520867941622218,
  "rpve_csf": 8.304573454705857,
  "rpve_gm": 8.144133175585331,
  "rpve_wm": 8.209003656400585,
  "size_x": 176,
  "size_y": 256,
  "size_z": 256,
  "snr_csf": 1.5175334025291953,
  "snr_gm": 4.2658939623113845,
  "snr_total": 4.750420642882055,
  "snr_wm": 8.467834563805585,
  "snrd_csf": 19.710751990834343,
  "snrd_gm": 55.56429744390279,
  "snrd_total": 49.23664429218621,
  "snrd_wm": 72.43488344182151,
  "spacing_x": 1.0,
  "spacing_y": 1.0,
  "spacing_z": 1.0,
  "summary_bg_k": 3722.342068169907,
  "summary_bg_mad": 0.0,
  "summary_bg_mean": 2.98720540525318,
  "summary_bg_median": 0.0,
  "summary_bg_n": 2931305.0,
  "summary_bg_p05": 0.0,
  "summary_bg_p95": 17.268813259899616,
  "summary_bg_stdv": 8.636029573944217,
  "summary_csf_k": -0.5753656459736098,
  "summary_csf_mad": 132.1769580471926,
  "summary_csf_mean": 309.88399079474334,
  "summary_csf_median": 259.82778108119965,
  "summary_csf_n": 364767.98563185876,
  "summary_csf_p05": 101.27293196320534,
  "summary_csf_p95": 649.9906432703137,
  "summary_csf_stdv": 171.21693960281553,
  "summary_gm_k": 0.1754334607970227,
  "summary_gm_mad": 87.6322824218395,
  "summary_gm_mean": 733.4200673639996,
  "summary_gm_median": 732.4503965601325,
  "summary_gm_n": 500745.14500412915,
  "summary_gm_p05": 441.08012188225985,
  "summary_gm_p95": 1025.084242939949,
  "summary_gm_stdv": 171.6989854108909,
  "summary_wm_k": -0.6192167517084934,
  "summary_wm_mad": 99.15006459288097,
  "summary_wm_mean": 934.4375204851888,
  "summary_wm_median": 954.8390161022544,
  "summary_wm_n": 512158.87050876004,
  "summary_wm_p05": 732.8247881755233,
  "summary_wm_p95": 1092.3343368545175,
  "summary_wm_stdv": 112.76059738015825,
  "tpm_overlap_csf": 0.18202113512886225,
  "tpm_overlap_gm": 0.5209999651545393,
  "tpm_overlap_wm": 0.5425824055921984,
  "wm2max": 0.41927275811574277
}