{
  "aor": 0.0012198522167487685,
  "aqi": 0.0029940829556650245,
  "bids_meta": {
    "EchoTime": 0.03,
    "RepetitionTime": 3.0,
    "SliceEncodingDirection": "k",
    "SliceTiming": [
      0.0,
      1.5,
      0.065,
      1.565,
      0.13,
      1.63,
      0.196,
      1.696,
      0.261,
      1.761,
      0.326,
      1.826,
      0.391,
      1.891,
      0.457,
      1.957,
      0.522,
      2.022,
      0.587,
      2.087,
      0.652,
      2.152,
      0.717,
      2.217,
      0.783,
      2.283,
      0.848,
      2.348,
      0.913,
      2.413,
      0.978,
      2.478,
      1.043,
      2.543,
      1.109,
      2.609,
      1.174,
      2.674,
      1.239,
      2.739,
      1.304,
      2.804,
      1.37,
      2.87,
      1.435,
      2.935
    ],
    "TaskName": "rest",
    "dataset": "ds003592",
    "modality": "bold",
    "session_id": "2",
    "subject_id": "210",
    "task_id": "rest"
  },
  "dummy_trs": 1,
  "dvars_nstd": 17.946674418019796,
  "dvars_std": 1.1889073361386142,
  "dvars_vstd": 0.9624076080693075,
  "efc": 0.42175619510300283,
  "fber": 33410.18359375,
  "fd_mean": 0.042215348528429085,
  "fd_num": 0,
  "fd_perc": 0.0,
  "fwhm_avg": 3.0451433333333333,
  "fwhm_x": 2.9924666666666666,
  "fwhm_y": 3.0134133333333337,
  "fwhm_z": 3.12955,
  "gcor": 0.028145,
  "gsr_x": -0.018098890781402588,
  "gsr_y": 0.024316970258951187,
  "provenance": {
    "md5sum": "45f5fac4e14c9259ab670f19f8970f94",
    "settings": {
      "fd_thres": 0.2,
      "testing": false
    },
    "software": "mriqc",
    "version": "23.1.0"
  },
  "size_t": 203,
  "size_x": 72,
  "size_y": 72,
  "size_z": 46,
  "snr": 3.0452899146522667,
  "spacing_tr": 3.0,
  "spacing_x": 3.0,
  "spacing_y": 3.0,
  "spacing_z": 3.0,
  "summary_bg_k": 29.70656583038688,
  "summary_bg_mad": 26.803695090572653,
  "summary_bg_mean": 132.34520627875108,
  "summary_bg_median": 20.507389068603516,
  "summary_bg_n": 194535.0,
  "summary_bg_p05": 1.1773399114608765,
  "summary_bg_p95": 725.5468139648438,
  "summary_bg_stdv": 314.7620894689233,
  "summary_fg_k": 1.0362756556346184,
  "summary_fg_mad": 1050.295898719634,
  "summary_fg_mean": 3958.896586157356,
  "summary_fg_median": 3748.433349609375,
  "summary_fg_n": 43929.0,
  "summary_fg_p05": 2246.61572265625,
  "summary_fg_p95": 6378.63037109375,
  "summary_fg_stdv": 1230.8813905213324,
  "tsnr": 74.72363263973966
}