{
  "aor": 0.0023285714285714285,
  "aqi": 0.006192352857142858,
  "bids_meta": {
    "EchoTime": 0.03,
    "RepetitionTime": 3.0,
    "SliceEncodingDirection": "k",
    "SliceTiming": [
      0.0,
      1.5,
      0.065,
      1.565,
      0.13,
      1.63,
      0.196,
      1.696,
      0.261,
      1.761,
      0.326,
      1.826,
      0.391,
      1.891,
      0.457,
      1.957,
      0.522,
      2.022,
      0.587,
      2.087,
      0.652,
      2.152,
      0.717,
      2.217,
      0.783,
      2.283,
      0.848,
      2.348,
      0.913,
      2.413,
      0.978,
      2.478,
      1.043,
      2.543,
      1.109,
      2.609,
      1.174,
      2.674,
      1.239,
      2.739,
      1.304,
      2.804,
      1.37,
      2.87,
      1.435,
      2.935
    ],
    "TaskName": "rest",
    "dataset": "ds003592",
    "modality": "bold",
    "session_id": "1",
    "subject_id": "53",
    "task_id": "rest"
  },
  "dummy_trs": 1,
  "dvars_nstd": 21.14401477831682,
  "dvars_std": 1.0951930898019802,
  "dvars_vstd": 0.9438929914356436,
  "efc": 0.4309199355365163,
  "fber": 17241.986328125,
  "fd_mean": 0.08099154417011796,
  "fd_num": 6,
  "fd_perc": 2.955665024630542,
  "fwhm_avg": 3.3771400000000003,
  "fwhm_x": 3.178686666666667,
  "fwhm_y": 3.3864666666666667,
  "fwhm_z": 3.566266666666667,
  "gcor": 0.0194325,
  "gsr_x": -0.010505967773497105,
  "gsr_y": 0.0334688276052475,
  "provenance": {
    "md5sum": "a06d058c45b2ee03b880e9050aee5d9a",
    "settings": {
      "fd_thres": 0.2,
      "testing": false
    },
    "software": "mriqc",
    "version": "23.1.0"
  },
  "size_t": 203,
  "size_x": 72,
  "size_y": 72,
  "size_z": 46,
  "snr": 2.5082349960601067,
  "spacing_tr": 3.0,
  "spacing_x": 3.0,
  "spacing_y": 3.0,
  "spacing_z": 3.0,
  "summary_bg_k": 63.40457606023871,
  "summary_bg_mad": 32.5807323878356,
  "summary_bg_mean": 134.92732354855653,
  "summary_bg_median": 23.709360122680664,
  "summary_bg_n": 192892.0,
  "summary_bg_p05": 0.8226600885391235,
  "summary_bg_p95": 687.2117919921875,
  "summary_bg_stdv": 325.3410655453572,
  "summary_fg_k": 1.8226475108366902,
  "summary_fg_mad": 880.0230517183636,
  "summary_fg_mean": 3392.1863865435075,
  "summary_fg_median": 3113.2462158203125,
  "summary_fg_n": 45572.0,
  "summary_fg_p05": 1812.9407958984375,
  "summary_fg_p95": 6000.5908203125,
  "summary_fg_stdv": 1241.196324538002,
  "tsnr": 49.23228254914284
}