{
  "aor": 0.001141039603960396,
  "aqi": 0.003586382871287129,
  "bids_meta": {
    "EchoTime": 0.0137,
    "RepetitionTime": 3.0,
    "SliceEncodingDirection": "k",
    "SliceTiming": [
      0.0,
      1.5,
      0.065,
      1.565,
      0.13,
      1.63,
      0.196,
      1.696,
      0.261,
      1.761,
      0.326,
      1.826,
      0.391,
      1.891,
      0.457,
      1.957,
      0.522,
      2.022,
      0.587,
      2.087,
      0.652,
      2.152,
      0.717,
      2.217,
      0.783,
      2.283,
      0.848,
      2.348,
      0.913,
      2.413,
      0.978,
      2.478,
      1.043,
      2.543,
      1.109,
      2.609,
      1.174,
      2.674,
      1.239,
      2.739,
      1.304,
      2.804,
      1.37,
      2.87,
      1.435,
      2.935
    ],
    "TaskName": "rest",
    "dataset": "ds003592",
    "modality": "bold",
    "session_id": "2",
    "subject_id": "59",
    "task_id": "rest"
  },
  "dummy_trs": 2,
  "dvars_nstd": 19.23612392014925,
  "dvars_std": 1.1961682531343285,
  "dvars_vstd": 0.9419518773134333,
  "efc": 0.5138979540230497,
  "fber": 6833.587890625,
  "fd_mean": 0.09261031389978942,
  "fd_num": 14,
  "fd_perc": 6.930693069306931,
  "fwhm_avg": 3.46072,
  "fwhm_x": 3.061306666666667,
  "fwhm_y": 3.24902,
  "fwhm_z": 4.071833333333333,
  "gcor": 0.0149119,
  "gsr_x": 0.0017765244701877236,
  "gsr_y": 0.07041673362255096,
  "provenance": {
    "md5sum": "59f001ad20547b7b28b0d837b39935e1",
    "settings": {
      "fd_thres": 0.2,
      "testing": false
    },
    "software": "mriqc",
    "version": "23.1.0"
  },
  "size_t": 202,
  "size_x": 72,
  "size_y": 72,
  "size_z": 46,
  "snr": 2.965006327080261,
  "spacing_tr": 3.0,
  "spacing_x": 3.0,
  "spacing_y": 3.0,
  "spacing_z": 3.0,
  "summary_bg_k": 11.165455380728574,
  "summary_bg_mad": 78.59993301681989,
  "summary_bg_mean": 409.64094181523444,
  "summary_bg_median": 54.58415603637695,
  "summary_bg_n": 186944.0,
  "summary_bg_p05": 0.7524752616882324,
  "summary_bg_p95": 2089.89111328125,
  "summary_bg_stdv": 807.7287110208351,
  "summary_fg_k": 1.6191613334698722,
  "summary_fg_mad": 1217.7964677932837,
  "summary_fg_mean": 4737.04108848035,
  "summary_fg_median": 4512.2275390625,
  "summary_fg_n": 51520.0,
  "summary_fg_p05": 2589.7796630859375,
  "summary_fg_p95": 7676.296875,
  "summary_fg_stdv": 1521.812519120377,
  "tsnr": 73.79335711617023
}