{
  "aor": 0.001020886699507389,
  "aqi": 0.00811336694581281,
  "bids_meta": {
    "EchoTime": 0.047,
    "RepetitionTime": 3.0,
    "SliceEncodingDirection": "k",
    "SliceTiming": [
      0.0,
      1.5,
      0.065,
      1.565,
      0.13,
      1.63,
      0.196,
      1.696,
      0.261,
      1.761,
      0.326,
      1.826,
      0.391,
      1.891,
      0.457,
      1.957,
      0.522,
      2.022,
      0.587,
      2.087,
      0.652,
      2.152,
      0.717,
      2.217,
      0.783,
      2.283,
      0.848,
      2.348,
      0.913,
      2.413,
      0.978,
      2.478,
      1.043,
      2.543,
      1.109,
      2.609,
      1.174,
      2.674,
      1.239,
      2.739,
      1.304,
      2.804,
      1.37,
      2.87,
      1.435,
      2.935
    ],
    "TaskName": "rest",
    "dataset": "ds003592",
    "modality": "bold",
    "session_id": "2",
    "subject_id": "59",
    "task_id": "rest"
  },
  "dummy_trs": 1,
  "dvars_nstd": 29.45829226237624,
  "dvars_std": 1.1163255922277222,
  "dvars_vstd": 0.9344224423762373,
  "efc": 0.41438965445929377,
  "fber": 8955.546875,
  "fd_mean": 0.09840207804174973,
  "fd_num": 11,
  "fd_perc": 5.41871921182266,
  "fwhm_avg": 2.69994,
  "fwhm_x": 2.626333333333333,
  "fwhm_y": 2.707793333333333,
  "fwhm_z": 2.765693333333333,
  "gcor": 0.0182357,
  "gsr_x": -0.004068359266966581,
  "gsr_y": 0.010269665159285069,
  "provenance": {
    "md5sum": "1fd4701fa3884beefbd9656fca7efea8",
    "settings": {
      "fd_thres": 0.2,
      "testing": false
    },
    "software": "mriqc",
    "version": "23.1.0"
  },
  "size_t": 203,
  "size_x": 72,
  "size_y": 72,
  "size_z": 46,
  "snr": 3.0350972718315736,
  "spacing_tr": 3.0,
  "spacing_x": 3.0,
  "spacing_y": 3.0,
  "spacing_z": 3.0,
  "summary_bg_k": 31.685128328847632,
  "summary_bg_mad": 33.77849713333188,
  "summary_bg_mean": 86.65071971030073,
  "summary_bg_median": 26.187191009521484,
  "summary_bg_n": 197120.0,
  "summary_bg_p05": 1.0492610931396484,
  "summary_bg_p95": 406.5935821533203,
  "summary_bg_stdv": 186.7963180186686,
  "summary_fg_k": 0.9616574851397641,
  "summary_fg_mad": 688.7782244341084,
  "summary_fg_mean": 2615.0306034750615,
  "summary_fg_median": 2478.192138671875,
  "summary_fg_n": 41344.0,
  "summary_fg_p05": 1451.5418701171875,
  "summary_fg_p95": 4199.9853515625,
  "summary_fg_stdv": 816.5017283280514,
  "tsnr": 42.34991636755876
}