{
  "aor": 0.007777142857142857,
  "aqi": 0.01153748778325123,
  "bids_meta": {
    "EchoTime": 0.047,
    "RepetitionTime": 3.0,
    "SliceEncodingDirection": "k",
    "SliceTiming": [
      0.0,
      1.5,
      0.065,
      1.565,
      0.13,
      1.63,
      0.196,
      1.696,
      0.261,
      1.761,
      0.326,
      1.826,
      0.391,
      1.891,
      0.457,
      1.957,
      0.522,
      2.022,
      0.587,
      2.087,
      0.652,
      2.152,
      0.717,
      2.217,
      0.783,
      2.283,
      0.848,
      2.348,
      0.913,
      2.413,
      0.978,
      2.478,
      1.043,
      2.543,
      1.109,
      2.609,
      1.174,
      2.674,
      1.239,
      2.739,
      1.304,
      2.804,
      1.37,
      2.87,
      1.435,
      2.935
    ],
    "TaskName": "rest",
    "dataset": "ds003592",
    "modality": "bold",
    "session_id": "1",
    "subject_id": "74",
    "task_id": "rest"
  },
  "dummy_trs": 1,
  "dvars_nstd": 30.383108516881205,
  "dvars_std": 0.9830334205445538,
  "dvars_vstd": 0.9331961341089107,
  "efc": 0.4184150024405332,
  "fber": 12135.4375,
  "fd_mean": 0.19755892133343603,
  "fd_num": 51,
  "fd_perc": 25.123152709359605,
  "fwhm_avg": 2.7032644444444447,
  "fwhm_x": 2.7059033333333335,
  "fwhm_y": 2.7819933333333338,
  "fwhm_z": 2.6218966666666668,
  "gcor": 0.104654,
  "gsr_x": -0.00667612487450242,
  "gsr_y": 0.01808246411383152,
  "provenance": {
    "md5sum": "2dccc314b29af603003a586db6fd2ee9",
    "settings": {
      "fd_thres": 0.2,
      "testing": false
    },
    "software": "mriqc",
    "version": "23.1.0"
  },
  "size_t": 203,
  "size_x": 72,
  "size_y": 72,
  "size_z": 46,
  "snr": 2.8739547228043936,
  "spacing_tr": 3.0,
  "spacing_x": 3.0,
  "spacing_y": 3.0,
  "spacing_z": 3.0,
  "summary_bg_k": 25.74161439462719,
  "summary_bg_mad": 31.003182724877284,
  "summary_bg_mean": 77.68687481808634,
  "summary_bg_median": 21.28571319580078,
  "summary_bg_n": 194376.0,
  "summary_bg_p05": 0.03940886631608009,
  "summary_bg_p95": 361.5024719238281,
  "summary_bg_stdv": 173.16107045828346,
  "summary_fg_k": 0.8496919479384744,
  "summary_fg_mad": 702.209330042122,
  "summary_fg_mean": 2469.171842354479,
  "summary_fg_median": 2344.8546142578125,
  "summary_fg_n": 44088.0,
  "summary_fg_p05": 1320.4876708984375,
  "summary_fg_p95": 4062.63037109375,
  "summary_fg_stdv": 815.8889917825702,
  "tsnr": 29.63955525541678
}