{
  "aor": 0.00932615763546798,
  "aqi": 0.007757662118226601,
  "bids_meta": {
    "EchoTime": 0.03,
    "RepetitionTime": 3.0,
    "SliceEncodingDirection": "k",
    "SliceTiming": [
      0.0,
      1.5,
      0.065,
      1.565,
      0.13,
      1.63,
      0.196,
      1.696,
      0.261,
      1.761,
      0.326,
      1.826,
      0.391,
      1.891,
      0.457,
      1.957,
      0.522,
      2.022,
      0.587,
      2.087,
      0.652,
      2.152,
      0.717,
      2.217,
      0.783,
      2.283,
      0.848,
      2.348,
      0.913,
      2.413,
      0.978,
      2.478,
      1.043,
      2.543,
      1.109,
      2.609,
      1.174,
      2.674,
      1.239,
      2.739,
      1.304,
      2.804,
      1.37,
      2.87,
      1.435,
      2.935
    ],
    "TaskName": "rest",
    "dataset": "ds003592",
    "modality": "bold",
    "session_id": "1",
    "subject_id": "74",
    "task_id": "rest"
  },
  "dummy_trs": 1,
  "dvars_nstd": 23.731955117326738,
  "dvars_std": 0.9752608063366335,
  "dvars_vstd": 0.9182768738613858,
  "efc": 0.4421880269348744,
  "fber": 20731.431640625,
  "fd_mean": 0.19700502332895803,
  "fd_num": 51,
  "fd_perc": 25.123152709359605,
  "fwhm_avg": 3.0310799999999998,
  "fwhm_x": 2.97205,
  "fwhm_y": 3.05681,
  "fwhm_z": 3.06438,
  "gcor": 0.114969,
  "gsr_x": -0.00018632336286827922,
  "gsr_y": 0.02078796923160553,
  "provenance": {
    "md5sum": "3b3caeb89c1656cd942eed6102bb1459",
    "settings": {
      "fd_thres": 0.2,
      "testing": false
    },
    "software": "mriqc",
    "version": "23.1.0"
  },
  "size_t": 203,
  "size_x": 72,
  "size_y": 72,
  "size_z": 46,
  "snr": 2.9567615205198394,
  "spacing_tr": 3.0,
  "spacing_x": 3.0,
  "spacing_y": 3.0,
  "spacing_z": 3.0,
  "summary_bg_k": 20.233073861881035,
  "summary_bg_mad": 34.24591944224875,
  "summary_bg_mean": 133.9671658635433,
  "summary_bg_median": 23.290639877319336,
  "summary_bg_n": 190775.0,
  "summary_bg_p05": 0.03940886631608009,
  "summary_bg_p95": 687.3300170898438,
  "summary_bg_stdv": 299.5908845949335,
  "summary_fg_k": 0.8319737079207714,
  "summary_fg_mad": 954.6933930662802,
  "summary_fg_mean": 3542.193385065913,
  "summary_fg_median": 3353.482666015625,
  "summary_fg_n": 47689.0,
  "summary_fg_p05": 1971.4876708984375,
  "summary_fg_p95": 5809.61572265625,
  "summary_fg_stdv": 1134.1623200384618,
  "tsnr": 38.90751083381474
}