{
  "aor": 0.0018994581280788177,
  "aqi": 0.006464203743842364,
  "bids_meta": {
    "EchoTime": 0.047,
    "RepetitionTime": 3.0,
    "SliceEncodingDirection": "k",
    "SliceTiming": [
      0.0,
      1.5,
      0.065,
      1.565,
      0.13,
      1.63,
      0.196,
      1.696,
      0.261,
      1.761,
      0.326,
      1.826,
      0.391,
      1.891,
      0.457,
      1.957,
      0.522,
      2.022,
      0.587,
      2.087,
      0.652,
      2.152,
      0.717,
      2.217,
      0.783,
      2.283,
      0.848,
      2.348,
      0.913,
      2.413,
      0.978,
      2.478,
      1.043,
      2.543,
      1.109,
      2.609,
      1.174,
      2.674,
      1.239,
      2.739,
      1.304,
      2.804,
      1.37,
      2.87,
      1.435,
      2.935
    ],
    "TaskName": "rest",
    "dataset": "ds003592",
    "modality": "bold",
    "session_id": "1",
    "subject_id": "210",
    "task_id": "rest"
  },
  "dummy_trs": 1,
  "dvars_nstd": 20.76875094584157,
  "dvars_std": 1.0326262079702968,
  "dvars_vstd": 0.949458063069307,
  "efc": 0.4028752203083498,
  "fber": 17422.697265625,
  "fd_mean": 0.039638786618320904,
  "fd_num": 1,
  "fd_perc": 0.49261083743842365,
  "fwhm_avg": 2.50191,
  "fwhm_x": 2.490596666666667,
  "fwhm_y": 2.58112,
  "fwhm_z": 2.434013333333333,
  "gcor": 0.0307817,
  "gsr_x": -0.016349270939826965,
  "gsr_y": 0.023267516866326332,
  "provenance": {
    "md5sum": "baac979ba8645b10e5cb8be6c6bc5df6",
    "settings": {
      "fd_thres": 0.2,
      "testing": false
    },
    "software": "mriqc",
    "version": "23.1.0"
  },
  "size_t": 203,
  "size_x": 72,
  "size_y": 72,
  "size_z": 46,
  "snr": 3.2171050796744676,
  "spacing_tr": 3.0,
  "spacing_x": 3.0,
  "spacing_y": 3.0,
  "spacing_z": 3.0,
  "summary_bg_k": 38.233711650774346,
  "summary_bg_mad": 24.11602258044179,
  "summary_bg_mean": 76.6353861638354,
  "summary_bg_median": 18.93596076965332,
  "summary_bg_n": 198358.0,
  "summary_bg_p05": 0.8669950366020203,
  "summary_bg_p95": 348.33990478515625,
  "summary_bg_stdv": 180.47943962174415,
  "summary_fg_k": 0.9802005404439864,
  "summary_fg_mad": 691.9477572286261,
  "summary_fg_mean": 2597.15147621369,
  "summary_fg_median": 2499.4532470703125,
  "summary_fg_n": 40106.0,
  "summary_fg_p05": 1473.9063720703125,
  "summary_fg_p95": 4039.16259765625,
  "summary_fg_stdv": 776.9165210291975,
  "tsnr": 48.670640777563676
}