{
  "aor": 0.012737960199004975,
  "aqi": 0.005759270248756218,
  "bids_meta": {
    "EchoTime": 0.0137,
    "RepetitionTime": 3.0,
    "SliceEncodingDirection": "k",
    "SliceTiming": [
      0.0,
      1.5,
      0.065,
      1.565,
      0.13,
      1.63,
      0.196,
      1.696,
      0.261,
      1.761,
      0.326,
      1.826,
      0.391,
      1.891,
      0.457,
      1.957,
      0.522,
      2.022,
      0.587,
      2.087,
      0.652,
      2.152,
      0.717,
      2.217,
      0.783,
      2.283,
      0.848,
      2.348,
      0.913,
      2.413,
      0.978,
      2.478,
      1.043,
      2.543,
      1.109,
      2.609,
      1.174,
      2.674,
      1.239,
      2.739,
      1.304,
      2.804,
      1.37,
      2.87,
      1.435,
      2.935
    ],
    "TaskName": "rest",
    "dataset": "ds003592",
    "modality": "bold",
    "session_id": "2",
    "subject_id": "174",
    "task_id": "rest"
  },
  "dummy_trs": 3,
  "dvars_nstd": 25.7851400375,
  "dvars_std": 1.1585872295999993,
  "dvars_vstd": 1.0730517536000002,
  "efc": 0.5404341681470353,
  "fber": 7259.037109375,
  "fd_mean": 0.23291556535341884,
  "fd_num": 69,
  "fd_perc": 34.32835820895522,
  "fwhm_avg": 3.17393,
  "fwhm_x": 2.7112,
  "fwhm_y": 3.2024566666666665,
  "fwhm_z": 3.6081333333333334,
  "gcor": 0.0593363,
  "gsr_x": -0.020073315128684044,
  "gsr_y": 0.09386052936315536,
  "provenance": {
    "md5sum": "040ca1f62cd892a4e11f80233e1d1282",
    "settings": {
      "fd_thres": 0.2,
      "testing": false
    },
    "software": "mriqc",
    "version": "23.1.0"
  },
  "size_t": 201,
  "size_x": 72,
  "size_y": 72,
  "size_z": 46,
  "snr": 2.6779797334637423,
  "spacing_tr": 3.0,
  "spacing_x": 3.0,
  "spacing_y": 3.0,
  "spacing_z": 3.0,
  "summary_bg_k": 9.985313853898704,
  "summary_bg_mad": 76.0700297270624,
  "summary_bg_mean": 470.8637720356619,
  "summary_bg_median": 52.84079360961914,
  "summary_bg_n": 178643.0,
  "summary_bg_p05": 0.8656716346740723,
  "summary_bg_p95": 2516.0595703125,
  "summary_bg_stdv": 945.4558897788135,
  "summary_fg_k": 1.2628498097954415,
  "summary_fg_mad": 1424.5078115559652,
  "summary_fg_mean": 4759.401573969427,
  "summary_fg_median": 4502.03466796875,
  "summary_fg_n": 59821.0,
  "summary_fg_p05": 2397.49755859375,
  "summary_fg_p95": 7900.77587890625,
  "summary_fg_stdv": 1681.1169189740185,
  "tsnr": 54.6398867003154
}