{
  "aor": 0.005034158415841584,
  "aqi": 0.006651407623762377,
  "bids_meta": {
    "EchoTime": 0.0137,
    "RepetitionTime": 3.0,
    "SliceEncodingDirection": "k",
    "SliceTiming": [
      0.0,
      1.5,
      0.065,
      1.565,
      0.13,
      1.63,
      0.196,
      1.696,
      0.261,
      1.761,
      0.326,
      1.826,
      0.391,
      1.891,
      0.457,
      1.957,
      0.522,
      2.022,
      0.587,
      2.087,
      0.652,
      2.152,
      0.717,
      2.217,
      0.783,
      2.283,
      0.848,
      2.348,
      0.913,
      2.413,
      0.978,
      2.478,
      1.043,
      2.543,
      1.109,
      2.609,
      1.174,
      2.674,
      1.239,
      2.739,
      1.304,
      2.804,
      1.37,
      2.87,
      1.435,
      2.935
    ],
    "TaskName": "rest",
    "dataset": "ds003592",
    "modality": "bold",
    "session_id": "1",
    "subject_id": "215",
    "task_id": "rest"
  },
  "dummy_trs": 2,
  "dvars_nstd": 17.875246778805966,
  "dvars_std": 1.1184423490547264,
  "dvars_vstd": 0.9475950408955226,
  "efc": 0.4975112551173065,
  "fber": 14508.0712890625,
  "fd_mean": 0.062286639990995735,
  "fd_num": 4,
  "fd_perc": 1.9801980198019802,
  "fwhm_avg": 3.363034632080764,
  "fwhm_x": 3.00607,
  "fwhm_y": 3.47583360956777,
  "fwhm_z": 3.6072002866745225,
  "gcor": 0.0794949,
  "gsr_x": -0.02175372652709484,
  "gsr_y": 0.05757766216993332,
  "provenance": {
    "md5sum": "7c53fb112ebb5587a31fe4fc02c2c5ae",
    "settings": {
      "fd_thres": 0.2,
      "testing": false
    },
    "software": "mriqc",
    "version": "23.1.0"
  },
  "size_t": 202,
  "size_x": 72,
  "size_y": 72,
  "size_z": 46,
  "snr": 2.8370234965001178,
  "spacing_tr": 3.0,
  "spacing_x": 3.0,
  "spacing_y": 2.999999761581421,
  "spacing_z": 2.999999761581421,
  "summary_bg_k": 14.000755648205555,
  "summary_bg_mad": 53.04706442538022,
  "summary_bg_mean": 313.8033519721961,
  "summary_bg_median": 36.925743103027344,
  "summary_bg_n": 184950.0,
  "summary_bg_p05": 0.514851450920105,
  "summary_bg_p95": 1670.2821044921875,
  "summary_bg_stdv": 640.5412833832659,
  "summary_fg_k": 0.9734155021668074,
  "summary_fg_mad": 1279.6250704917516,
  "summary_fg_mean": 4689.8451793473605,
  "summary_fg_median": 4447.685546875,
  "summary_fg_n": 53514.0,
  "summary_fg_p05": 2495.53466796875,
  "summary_fg_p95": 7756.40576171875,
  "summary_fg_stdv": 1567.7148941091166,
  "tsnr": 60.27413049340248
}