{
  "aor": 0.002914334975369458,
  "aqi": 0.011461213546798028,
  "bids_meta": {
    "EchoTime": 0.047,
    "RepetitionTime": 3.0,
    "SliceEncodingDirection": "k",
    "SliceTiming": [
      0.0,
      1.5,
      0.065,
      1.565,
      0.13,
      1.63,
      0.196,
      1.696,
      0.261,
      1.761,
      0.326,
      1.826,
      0.391,
      1.891,
      0.457,
      1.957,
      0.522,
      2.022,
      0.587,
      2.087,
      0.652,
      2.152,
      0.717,
      2.217,
      0.783,
      2.283,
      0.848,
      2.348,
      0.913,
      2.413,
      0.978,
      2.478,
      1.043,
      2.543,
      1.109,
      2.609,
      1.174,
      2.674,
      1.239,
      2.739,
      1.304,
      2.804,
      1.37,
      2.87,
      1.435,
      2.935
    ],
    "TaskName": "rest",
    "dataset": "ds003592",
    "modality": "bold",
    "session_id": "1",
    "subject_id": "166",
    "task_id": "rest"
  },
  "dummy_trs": 1,
  "dvars_nstd": 23.20315576326734,
  "dvars_std": 1.0430438441584158,
  "dvars_vstd": 0.920543611980198,
  "efc": 0.4517294579285728,
  "fber": 9774.232421875,
  "fd_mean": 0.06983482874604471,
  "fd_num": 2,
  "fd_perc": 0.9852216748768473,
  "fwhm_avg": 2.5632544444444445,
  "fwhm_x": 2.5003066666666665,
  "fwhm_y": 2.6886033333333335,
  "fwhm_z": 2.500853333333333,
  "gcor": 0.0112236,
  "gsr_x": -0.006234693340957165,
  "gsr_y": 0.025522973388433456,
  "provenance": {
    "md5sum": "acddb867a21a1000bd30c7e0df871219",
    "settings": {
      "fd_thres": 0.2,
      "testing": false
    },
    "software": "mriqc",
    "version": "23.1.0"
  },
  "size_t": 203,
  "size_x": 72,
  "size_y": 72,
  "size_z": 46,
  "snr": 2.84266575011585,
  "spacing_tr": 3.0,
  "spacing_x": 3.0,
  "spacing_y": 3.0,
  "spacing_z": 3.0,
  "summary_bg_k": 20.512034574446826,
  "summary_bg_mad": 33.95378234389901,
  "summary_bg_mean": 107.93996614065757,
  "summary_bg_median": 24.87192153930664,
  "summary_bg_n": 189797.0,
  "summary_bg_p05": 0.7290640473365784,
  "summary_bg_p95": 569.4926147460938,
  "summary_bg_stdv": 222.64824561736097,
  "summary_fg_k": 1.1864583212962119,
  "summary_fg_mad": 763.8032899456324,
  "summary_fg_mean": 2586.758716981284,
  "summary_fg_median": 2458.95556640625,
  "summary_fg_n": 48667.0,
  "summary_fg_p05": 1403.4285888671875,
  "summary_fg_p95": 4241.85205078125,
  "summary_fg_stdv": 865.0085938197892,
  "tsnr": 35.72834246302955
}