{
  "aor": 0.004297920792079208,
  "aqi": 0.002329213173267327,
  "bids_meta": {
    "EchoTime": 0.0137,
    "RepetitionTime": 3.0,
    "SliceEncodingDirection": "k",
    "SliceTiming": [
      0.0,
      1.5,
      0.065,
      1.565,
      0.13,
      1.63,
      0.196,
      1.696,
      0.261,
      1.761,
      0.326,
      1.826,
      0.391,
      1.891,
      0.457,
      1.957,
      0.522,
      2.022,
      0.587,
      2.087,
      0.652,
      2.152,
      0.717,
      2.217,
      0.783,
      2.283,
      0.848,
      2.348,
      0.913,
      2.413,
      0.978,
      2.478,
      1.043,
      2.543,
      1.109,
      2.609,
      1.174,
      2.674,
      1.239,
      2.739,
      1.304,
      2.804,
      1.37,
      2.87,
      1.435,
      2.935
    ],
    "TaskName": "rest",
    "dataset": "ds003592",
    "modality": "bold",
    "session_id": "1",
    "subject_id": "231",
    "task_id": "rest"
  },
  "dummy_trs": 2,
  "dvars_nstd": 14.087238102935316,
  "dvars_std": 1.1942224897512441,
  "dvars_vstd": 0.9756527748258708,
  "efc": 0.5652702498434876,
  "fber": 7424.30029296875,
  "fd_mean": 0.047436482354431535,
  "fd_num": 1,
  "fd_perc": 0.49504950495049505,
  "fwhm_avg": 3.297107777777778,
  "fwhm_x": 2.926486666666667,
  "fwhm_y": 3.3043033333333334,
  "fwhm_z": 3.6605333333333334,
  "gcor": 0.0123985,
  "gsr_x": -0.014715864323079586,
  "gsr_y": 0.1067037358880043,
  "provenance": {
    "md5sum": "6849bf5c1d39387c7e869e04227b697f",
    "settings": {
      "fd_thres": 0.2,
      "testing": false
    },
    "software": "mriqc",
    "version": "23.1.0"
  },
  "size_t": 202,
  "size_x": 72,
  "size_y": 72,
  "size_z": 46,
  "snr": 2.7872449702286906,
  "spacing_tr": 3.0,
  "spacing_x": 3.0,
  "spacing_y": 3.0,
  "spacing_z": 3.0,
  "summary_bg_k": 8.922537157470442,
  "summary_bg_mad": 80.6770451499036,
  "summary_bg_mean": 524.9083155228496,
  "summary_bg_median": 55.89603805541992,
  "summary_bg_n": 171379.0,
  "summary_bg_p05": 0.8861386179924011,
  "summary_bg_p95": 2837.989990234375,
  "summary_bg_stdv": 1043.273559496953,
  "summary_fg_k": 1.2394685413771187,
  "summary_fg_mad": 1516.5254313762916,
  "summary_fg_mean": 5112.773959878807,
  "summary_fg_median": 4816.24755859375,
  "summary_fg_n": 67085.0,
  "summary_fg_p05": 2820.18798828125,
  "summary_fg_p95": 8394.6826171875,
  "summary_fg_stdv": 1727.9470277272833,
  "tsnr": 79.44433067459613
}