{
  "aor": 0.0135948,
  "aqi": 0.010330565900000001,
  "bids_meta": {
    "EchoTime": 0.04592,
    "RepetitionTime": 3,
    "SliceEncodingDirection": "k",
    "SliceTiming": [
      0,
      1.54,
      0.07,
      1.61,
      0.14,
      1.68,
      0.21,
      1.75,
      0.28,
      1.82,
      0.35,
      1.89,
      0.42,
      1.96,
      0.49,
      2.03,
      0.56,
      2.1,
      0.63,
      2.17,
      0.7,
      2.24,
      0.77,
      2.31,
      0.84,
      2.38,
      0.91,
      2.45,
      0.98,
      2.52,
      1.05,
      2.5925,
      1.12,
      2.6625,
      1.19,
      2.7325,
      1.26,
      2.8025,
      1.33,
      2.8725,
      1.4,
      2.9425,
      1.47
    ],
    "TaskName": "rest",
    "dataset": "ds003592",
    "modality": "bold",
    "session_id": "1",
    "subject_id": "251",
    "task_id": "rest"
  },
  "dummy_trs": 0,
  "dvars_nstd": 38.07605057105527,
  "dvars_std": 1.221009710251257,
  "dvars_vstd": 1.110756188643216,
  "efc": 0.4687403751495552,
  "fber": 792.4166870117188,
  "fd_mean": 0.09382036447537122,
  "fd_num": 10,
  "fd_perc": 5.0,
  "fwhm_avg": 2.2687667322382397,
  "fwhm_x": 2.155831111111111,
  "fwhm_y": 2.304180740740741,
  "fwhm_z": 2.3462883448628666,
  "gcor": 0.00962584,
  "gsr_x": -0.00735669769346714,
  "gsr_y": 0.034470442682504654,
  "provenance": {
    "md5sum": "c0e386c8b65a6f13059a446e6e28b964",
    "settings": {
      "fd_thres": 0.2,
      "testing": false
    },
    "software": "mriqc",
    "version": "23.1.0"
  },
  "size_t": 200,
  "size_x": 64,
  "size_y": 64,
  "size_z": 43,
  "snr": 2.2974663785257476,
  "spacing_tr": 3.0,
  "spacing_x": 3.375,
  "spacing_y": 3.375,
  "spacing_z": 2.999997854232788,
  "summary_bg_k": 76.71612454233956,
  "summary_bg_mad": 10.118759858516801,
  "summary_bg_mean": 28.673313979615394,
  "summary_bg_median": 16.844999313354492,
  "summary_bg_n": 141633.0,
  "summary_bg_p05": 8.059999465942383,
  "summary_bg_p95": 90.54000091552734,
  "summary_bg_stdv": 39.88247604772153,
  "summary_fg_k": 4.289954732326287,
  "summary_fg_mad": 162.5969599660691,
  "summary_fg_mean": 519.2652512953582,
  "summary_fg_median": 474.18499755859375,
  "summary_fg_n": 34495.0,
  "summary_fg_p05": 269.25,
  "summary_fg_p95": 897.97998046875,
  "summary_fg_stdv": 206.39175776343237,
  "tsnr": 32.43585032247938
}