{
  "aor": 0.003431782178217822,
  "aqi": 0.007432391831683168,
  "bids_meta": {
    "EchoTime": 0.03,
    "RepetitionTime": 3.0,
    "SliceEncodingDirection": "k",
    "SliceTiming": [
      0.0,
      1.5,
      0.065,
      1.565,
      0.13,
      1.63,
      0.196,
      1.696,
      0.261,
      1.761,
      0.326,
      1.826,
      0.391,
      1.891,
      0.457,
      1.957,
      0.522,
      2.022,
      0.587,
      2.087,
      0.652,
      2.152,
      0.717,
      2.217,
      0.783,
      2.283,
      0.848,
      2.348,
      0.913,
      2.413,
      0.978,
      2.478,
      1.043,
      2.543,
      1.109,
      2.609,
      1.174,
      2.674,
      1.239,
      2.739,
      1.304,
      2.804,
      1.37,
      2.87,
      1.435,
      2.935
    ],
    "TaskName": "rest",
    "dataset": "ds003592",
    "modality": "bold",
    "session_id": "2",
    "subject_id": "12",
    "task_id": "rest"
  },
  "dummy_trs": 2,
  "dvars_nstd": 36.801681528208945,
  "dvars_std": 1.1850888930845773,
  "dvars_vstd": 1.0166282588557212,
  "efc": 0.45013358004737236,
  "fber": 7392.345703125,
  "fd_mean": 0.2491992031976557,
  "fd_num": 115,
  "fd_perc": 56.93069306930693,
  "fwhm_avg": 3.1898355555555553,
  "fwhm_x": 3.03782,
  "fwhm_y": 3.3732666666666664,
  "fwhm_z": 3.15842,
  "gcor": 0.0197378,
  "gsr_x": -0.008729356341063976,
  "gsr_y": 0.02854783460497856,
  "provenance": {
    "md5sum": "929703a001e7dda25031f87dca4d96ca",
    "settings": {
      "fd_thres": 0.2,
      "testing": false
    },
    "software": "mriqc",
    "version": "23.1.0"
  },
  "size_t": 202,
  "size_x": 72,
  "size_y": 72,
  "size_z": 46,
  "snr": 2.7317261241383157,
  "spacing_tr": 3.0,
  "spacing_x": 3.0,
  "spacing_y": 3.0,
  "spacing_z": 3.0,
  "summary_bg_k": 40.72041049057055,
  "summary_bg_mad": 50.166269931466246,
  "summary_bg_mean": 149.26824105383469,
  "summary_bg_median": 35.891090393066406,
  "summary_bg_n": 191620.0,
  "summary_bg_p05": 0.9554455280303955,
  "summary_bg_p95": 688.2499694824219,
  "summary_bg_stdv": 309.4293312550538,
  "summary_fg_k": 1.5787431307299968,
  "summary_fg_mad": 885.3263589460087,
  "summary_fg_mean": 3298.7347180690053,
  "summary_fg_median": 3085.8712158203125,
  "summary_fg_n": 46844.0,
  "summary_fg_p05": 1773.910888671875,
  "summary_fg_p95": 5517.53466796875,
  "summary_fg_stdv": 1129.6294495391437,
  "tsnr": 44.53138641268015
}