{
  "bids_meta": {
    "EchoTime": 0.0034,
    "FlipAngle": 7,
    "RepetitionTime": 2.53,
    "dataset": "ds003592",
    "modality": "T1w",
    "session_id": "1",
    "subject_id": "187"
  },
  "cjv": 0.6395841171307951,
  "cnr": 1.4890244821461522,
  "efc": 0.5470440403566764,
  "fber": -1.0,
  "fwhm_avg": 4.372086666666667,
  "fwhm_x": 4.37165,
  "fwhm_y": 4.47913,
  "fwhm_z": 4.26548,
  "icvs_csf": 0.26782490200088577,
  "icvs_gm": 0.37301648218213196,
  "icvs_wm": 0.3591586158169822,
  "inu_med": 0.7159808278083801,
  "inu_range": 0.7111681699752809,
  "provenance": {
    "md5sum": "ccc9736b5a21ae08f34934df382a122d",
    "settings": {
      "testing": false
    },
    "software": "mriqc",
    "version": "23.1.0",
    "warnings": {
      "large_rot_frame": true,
      "small_air_mask": false
    }
  },
  "qi_1": 0.0,
  "qi_2": 0.0020358318504070834,
  "rpve_csf": 8.498165672422749,
  "rpve_gm": 8.387302183966577,
  "rpve_wm": 8.465395760447509,
  "size_x": 176,
  "size_y": 256,
  "size_z": 256,
  "snr_csf": 1.6764394313878985,
  "snr_gm": 4.91455888783513,
  "snr_total": 5.755025038004978,
  "snr_wm": 10.674076794791906,
  "snrd_csf": 40.91544495456029,
  "snrd_gm": 91.33855521968971,
  "snrd_total": 85.413839763537,
  "snrd_wm": 123.987519116361,
  "spacing_x": 1.0,
  "spacing_y": 1.0,
  "spacing_z": 1.0,
  "summary_bg_k": 21.995097622391327,
  "summary_bg_mad": 0.0,
  "summary_bg_mean": 1.7494177182070332,
  "summary_bg_median": 0.0,
  "summary_bg_n": 3006900.0,
  "summary_bg_p05": 0.0,
  "summary_bg_p95": 11.599716652184725,
  "summary_bg_stdv": 5.039905926280901,
  "summary_csf_k": -0.9667617957847625,
  "summary_csf_mad": 171.47997188937444,
  "summary_csf_mean": 345.38350294138604,
  "summary_csf_median": 314.75887082889676,
  "summary_csf_n": 360038.35495977505,
  "summary_csf_p05": 94.47614881023765,
  "summary_csf_p95": 686.0616980716586,
  "summary_csf_stdv": 187.7541340395951,
  "summary_gm_k": -0.4937290852573293,
  "summary_gm_mad": 91.73984952095202,
  "summary_gm_mean": 707.9561571279581,
  "summary_gm_median": 702.6593633778393,
  "summary_gm_n": 501447.9221849687,
  "summary_gm_p05": 471.97046468406916,
  "summary_gm_p95": 968.5576913952827,
  "summary_gm_stdv": 142.97491978096238,
  "summary_wm_k": -0.3874902396664863,
  "summary_wm_mad": 68.90165913387958,
  "summary_wm_mean": 935.2754016326842,
  "summary_wm_median": 953.8249323032796,
  "summary_wm_n": 482818.7231370609,
  "summary_wm_p05": 760.5087541416287,
  "summary_wm_p95": 1054.3806753717363,
  "summary_wm_stdv": 89.35891720406437,
  "tpm_overlap_csf": 0.20666621857491257,
  "tpm_overlap_gm": 0.5285108560067935,
  "tpm_overlap_wm": 0.5644969494261163,
  "wm2max": 0.5520385306617639
}