{
  "aor": 0.0022066502463054184,
  "aqi": 0.007024006748768474,
  "bids_meta": {
    "EchoTime": 0.03,
    "RepetitionTime": 3.0,
    "SliceEncodingDirection": "k",
    "SliceTiming": [
      0.0,
      1.5,
      0.065,
      1.565,
      0.13,
      1.63,
      0.196,
      1.696,
      0.261,
      1.761,
      0.326,
      1.826,
      0.391,
      1.891,
      0.457,
      1.957,
      0.522,
      2.022,
      0.587,
      2.087,
      0.652,
      2.152,
      0.717,
      2.217,
      0.783,
      2.283,
      0.848,
      2.348,
      0.913,
      2.413,
      0.978,
      2.478,
      1.043,
      2.543,
      1.109,
      2.609,
      1.174,
      2.674,
      1.239,
      2.739,
      1.304,
      2.804,
      1.37,
      2.87,
      1.435,
      2.935
    ],
    "TaskName": "rest",
    "dataset": "ds003592",
    "modality": "bold",
    "session_id": "2",
    "subject_id": "10",
    "task_id": "rest"
  },
  "dummy_trs": 1,
  "dvars_nstd": 29.68673737222773,
  "dvars_std": 1.2163518208910888,
  "dvars_vstd": 0.9854953798514859,
  "efc": 0.4328333819719025,
  "fber": 16217.3349609375,
  "fd_mean": 0.21194759997628698,
  "fd_num": 89,
  "fd_perc": 43.8423645320197,
  "fwhm_avg": 3.216432222222222,
  "fwhm_x": 3.09825,
  "fwhm_y": 3.2875566666666667,
  "fwhm_z": 3.2634899999999996,
  "gcor": 0.0176406,
  "gsr_x": -0.006495903246104717,
  "gsr_y": 0.030618444085121155,
  "provenance": {
    "md5sum": "51f4aaa269df2e47a58506f9f4feca75",
    "settings": {
      "fd_thres": 0.2,
      "testing": false
    },
    "software": "mriqc",
    "version": "23.1.0"
  },
  "size_t": 203,
  "size_x": 72,
  "size_y": 72,
  "size_z": 46,
  "snr": 2.801820223981292,
  "spacing_tr": 3.0,
  "spacing_x": 3.0,
  "spacing_y": 3.0,
  "spacing_z": 3.0,
  "summary_bg_k": 51.94769062106364,
  "summary_bg_mad": 36.926289499199875,
  "summary_bg_mean": 144.7872879897629,
  "summary_bg_median": 27.162561416625977,
  "summary_bg_n": 193553.0,
  "summary_bg_p05": 1.0788177251815796,
  "summary_bg_p95": 738.6748657226562,
  "summary_bg_stdv": 330.70344136486335,
  "summary_fg_k": 1.3958589699726973,
  "summary_fg_mad": 938.9689776423739,
  "summary_fg_mean": 3711.6866355504935,
  "summary_fg_median": 3459.078857421875,
  "summary_fg_n": 44911.0,
  "summary_fg_p05": 2058.630615234375,
  "summary_fg_p95": 6203.07373046875,
  "summary_fg_stdv": 1234.5689838435933,
  "tsnr": 50.02094468730502
}