{
  "aor": 0.010787783251231526,
  "aqi": 0.01242504921182266,
  "bids_meta": {
    "EchoTime": 0.047,
    "RepetitionTime": 3.0,
    "SliceEncodingDirection": "k",
    "SliceTiming": [
      0.0,
      1.5,
      0.065,
      1.565,
      0.13,
      1.63,
      0.196,
      1.696,
      0.261,
      1.761,
      0.326,
      1.826,
      0.391,
      1.891,
      0.457,
      1.957,
      0.522,
      2.022,
      0.587,
      2.087,
      0.652,
      2.152,
      0.717,
      2.217,
      0.783,
      2.283,
      0.848,
      2.348,
      0.913,
      2.413,
      0.978,
      2.478,
      1.043,
      2.543,
      1.109,
      2.609,
      1.174,
      2.674,
      1.239,
      2.739,
      1.304,
      2.804,
      1.37,
      2.87,
      1.435,
      2.935
    ],
    "TaskName": "rest",
    "dataset": "ds003592",
    "modality": "bold",
    "session_id": "2",
    "subject_id": "158",
    "task_id": "rest"
  },
  "dummy_trs": 1,
  "dvars_nstd": 35.891217987326755,
  "dvars_std": 1.0736123671287123,
  "dvars_vstd": 1.016079868663366,
  "efc": 0.4066929071231331,
  "fber": 7199.384765625,
  "fd_mean": 0.3570122304728852,
  "fd_num": 90,
  "fd_perc": 44.33497536945813,
  "fwhm_avg": 2.636201111111111,
  "fwhm_x": 2.6190633333333335,
  "fwhm_y": 2.74366,
  "fwhm_z": 2.54588,
  "gcor": 0.109942,
  "gsr_x": -0.004828702658414841,
  "gsr_y": 0.014902941882610321,
  "provenance": {
    "md5sum": "6b7911b0beb5e985285d72ac7796e00d",
    "settings": {
      "fd_thres": 0.2,
      "testing": false
    },
    "software": "mriqc",
    "version": "23.1.0"
  },
  "size_t": 203,
  "size_x": 72,
  "size_y": 72,
  "size_z": 46,
  "snr": 3.124848033598719,
  "spacing_tr": 3.0,
  "spacing_x": 3.0,
  "spacing_y": 3.0,
  "spacing_z": 3.0,
  "summary_bg_k": 91.25181646361933,
  "summary_bg_mad": 36.15942507602417,
  "summary_bg_mean": 85.63727220445892,
  "summary_bg_median": 28.694580078125,
  "summary_bg_n": 199508.0,
  "summary_bg_p05": 0.8177340030670166,
  "summary_bg_p95": 382.8472900390625,
  "summary_bg_stdv": 193.8399983925644,
  "summary_fg_k": 0.46658803255034176,
  "summary_fg_mad": 703.7649583830845,
  "summary_fg_mean": 2531.9342006628904,
  "summary_fg_median": 2434.7117919921875,
  "summary_fg_n": 38956.0,
  "summary_fg_p05": 1414.3250732421875,
  "summary_fg_p95": 4026.17724609375,
  "summary_fg_stdv": 779.1356623119207,
  "tsnr": 30.958153159590438
}