{
  "aor": 0.001115320197044335,
  "aqi": 0.00791660024630542,
  "bids_meta": {
    "EchoTime": 0.047,
    "RepetitionTime": 3.0,
    "SliceEncodingDirection": "k",
    "SliceTiming": [
      0.0,
      1.5,
      0.065,
      1.565,
      0.13,
      1.63,
      0.196,
      1.696,
      0.261,
      1.761,
      0.326,
      1.826,
      0.391,
      1.891,
      0.457,
      1.957,
      0.522,
      2.022,
      0.587,
      2.087,
      0.652,
      2.152,
      0.717,
      2.217,
      0.783,
      2.283,
      0.848,
      2.348,
      0.913,
      2.413,
      0.978,
      2.478,
      1.043,
      2.543,
      1.109,
      2.609,
      1.174,
      2.674,
      1.239,
      2.739,
      1.304,
      2.804,
      1.37,
      2.87,
      1.435,
      2.935
    ],
    "TaskName": "rest",
    "dataset": "ds003592",
    "modality": "bold",
    "session_id": "1",
    "subject_id": "45",
    "task_id": "rest"
  },
  "dummy_trs": 1,
  "dvars_nstd": 24.668432943762376,
  "dvars_std": 1.0066034373267323,
  "dvars_vstd": 0.9418303292079201,
  "efc": 0.4292500458104561,
  "fber": 7879.61474609375,
  "fd_mean": 0.07239440886125352,
  "fd_num": 6,
  "fd_perc": 2.955665024630542,
  "fwhm_avg": 2.448935555555556,
  "fwhm_x": 2.52405,
  "fwhm_y": 2.55163,
  "fwhm_z": 2.271126666666667,
  "gcor": 0.0815427,
  "gsr_x": -0.006632708013057709,
  "gsr_y": 0.013964099809527397,
  "provenance": {
    "md5sum": "c5ff1b718f5b8acc50a9a74818efb47e",
    "settings": {
      "fd_thres": 0.2,
      "testing": false
    },
    "software": "mriqc",
    "version": "23.1.0"
  },
  "size_t": 203,
  "size_x": 72,
  "size_y": 72,
  "size_z": 46,
  "snr": 2.881897747656555,
  "spacing_tr": 3.0,
  "spacing_x": 3.0,
  "spacing_y": 3.0,
  "spacing_z": 3.0,
  "summary_bg_k": 25.10863194673546,
  "summary_bg_mad": 36.64145352848019,
  "summary_bg_mean": 92.28252766994045,
  "summary_bg_median": 25.2216739654541,
  "summary_bg_n": 195335.0,
  "summary_bg_p05": 0.04926108196377754,
  "summary_bg_p95": 453.7635498046875,
  "summary_bg_stdv": 189.1971100749039,
  "summary_fg_k": 1.5670965462679032,
  "summary_fg_mad": 668.3323579999026,
  "summary_fg_mean": 2343.4330871748493,
  "summary_fg_median": 2238.857177734375,
  "summary_fg_n": 43129.0,
  "summary_fg_p05": 1259.7783203125,
  "summary_fg_p95": 3798.17236328125,
  "summary_fg_stdv": 776.8600478790491,
  "tsnr": 38.31518739601597
}