{
  "aor": 0.0015105911330049262,
  "aqi": 0.00330958315270936,
  "bids_meta": {
    "EchoTime": 0.0137,
    "RepetitionTime": 3.0,
    "SliceEncodingDirection": "k",
    "SliceTiming": [
      0.0,
      1.5,
      0.065,
      1.565,
      0.13,
      1.63,
      0.196,
      1.696,
      0.261,
      1.761,
      0.326,
      1.826,
      0.391,
      1.891,
      0.457,
      1.957,
      0.522,
      2.022,
      0.587,
      2.087,
      0.652,
      2.152,
      0.717,
      2.217,
      0.783,
      2.283,
      0.848,
      2.348,
      0.913,
      2.413,
      0.978,
      2.478,
      1.043,
      2.543,
      1.109,
      2.609,
      1.174,
      2.674,
      1.239,
      2.739,
      1.304,
      2.804,
      1.37,
      2.87,
      1.435,
      2.935
    ],
    "TaskName": "rest",
    "dataset": "ds003592",
    "modality": "bold",
    "session_id": "1",
    "subject_id": "45",
    "task_id": "rest"
  },
  "dummy_trs": 1,
  "dvars_nstd": 13.814958534455444,
  "dvars_std": 1.0610943808910893,
  "dvars_vstd": 0.9343774661881187,
  "efc": 0.5180045414106492,
  "fber": 10974.7685546875,
  "fd_mean": 0.06657021056484648,
  "fd_num": 4,
  "fd_perc": 1.9704433497536946,
  "fwhm_avg": 3.2480288888888893,
  "fwhm_x": 2.84866,
  "fwhm_y": 3.3322266666666667,
  "fwhm_z": 3.5632,
  "gcor": 0.0701178,
  "gsr_x": -0.0033060426358133554,
  "gsr_y": 0.048098091036081314,
  "provenance": {
    "md5sum": "eaf020a567b7b48378f61986a049f55f",
    "settings": {
      "fd_thres": 0.2,
      "testing": false
    },
    "software": "mriqc",
    "version": "23.1.0"
  },
  "size_t": 203,
  "size_x": 72,
  "size_y": 72,
  "size_z": 46,
  "snr": 2.9659997328800665,
  "spacing_tr": 3.0,
  "spacing_x": 3.0,
  "spacing_y": 3.0,
  "spacing_z": 3.0,
  "summary_bg_k": 9.622844918778005,
  "summary_bg_mad": 63.45975675091652,
  "summary_bg_mean": 412.62671976097437,
  "summary_bg_median": 43.01477813720703,
  "summary_bg_n": 184221.0,
  "summary_bg_p05": 0.08866994827985764,
  "summary_bg_p95": 2343.201904296875,
  "summary_bg_stdv": 855.8378047655783,
  "summary_fg_k": 1.0078474919590432,
  "summary_fg_mad": 1241.996799928527,
  "summary_fg_mean": 4766.119128364194,
  "summary_fg_median": 4506.2509765625,
  "summary_fg_n": 54243.0,
  "summary_fg_p05": 2680.487548828125,
  "summary_fg_p95": 7764.09814453125,
  "summary_fg_stdv": 1519.2885517790137,
  "tsnr": 73.63547435123473
}