{
  "aor": 0.010760689655172413,
  "aqi": 0.008661590985221674,
  "bids_meta": {
    "EchoTime": 0.03,
    "RepetitionTime": 3.0,
    "SliceEncodingDirection": "k",
    "SliceTiming": [
      0.0,
      1.5,
      0.065,
      1.565,
      0.13,
      1.63,
      0.196,
      1.696,
      0.261,
      1.761,
      0.326,
      1.826,
      0.391,
      1.891,
      0.457,
      1.957,
      0.522,
      2.022,
      0.587,
      2.087,
      0.652,
      2.152,
      0.717,
      2.217,
      0.783,
      2.283,
      0.848,
      2.348,
      0.913,
      2.413,
      0.978,
      2.478,
      1.043,
      2.543,
      1.109,
      2.609,
      1.174,
      2.674,
      1.239,
      2.739,
      1.304,
      2.804,
      1.37,
      2.87,
      1.435,
      2.935
    ],
    "TaskName": "rest",
    "dataset": "ds003592",
    "modality": "bold",
    "session_id": "1",
    "subject_id": "158",
    "task_id": "rest"
  },
  "dummy_trs": 1,
  "dvars_nstd": 30.062953585594055,
  "dvars_std": 1.0763391545544558,
  "dvars_vstd": 0.9923948940099009,
  "efc": 0.44511268594127523,
  "fber": 6053.1240234375,
  "fd_mean": 0.35111499232383003,
  "fd_num": 80,
  "fd_perc": 39.40886699507389,
  "fwhm_avg": 2.971525555555555,
  "fwhm_x": 2.8757333333333333,
  "fwhm_y": 3.027563333333333,
  "fwhm_z": 3.0112799999999997,
  "gcor": 0.0995755,
  "gsr_x": -0.005613658111542463,
  "gsr_y": 0.02294006757438183,
  "provenance": {
    "md5sum": "8922b27809aed3349116f6d2a8846cdd",
    "settings": {
      "fd_thres": 0.2,
      "testing": false
    },
    "software": "mriqc",
    "version": "23.1.0"
  },
  "size_t": 203,
  "size_x": 72,
  "size_y": 72,
  "size_z": 46,
  "snr": 3.1511548958017412,
  "spacing_tr": 3.0,
  "spacing_x": 3.0,
  "spacing_y": 3.0,
  "spacing_z": 3.0,
  "summary_bg_k": 33.018183773354636,
  "summary_bg_mad": 61.257764096571506,
  "summary_bg_mean": 173.82187562192294,
  "summary_bg_median": 43.45073890686035,
  "summary_bg_n": 196432.0,
  "summary_bg_p05": 1.0,
  "summary_bg_p95": 819.4827270507812,
  "summary_bg_stdv": 344.3777063740435,
  "summary_fg_k": 0.5175045468260664,
  "summary_fg_mad": 944.702478409251,
  "summary_fg_mean": 3550.116450970101,
  "summary_fg_median": 3380.5467529296875,
  "summary_fg_n": 42032.0,
  "summary_fg_p05": 2033.3841552734375,
  "summary_fg_p95": 5663.51220703125,
  "summary_fg_stdv": 1072.7833605480105,
  "tsnr": 38.97647313494235
}