{
  "aor": 0.00259045,
  "aqi": 0.004858049749999999,
  "bids_meta": {
    "EchoTime": 0.04592,
    "RepetitionTime": 3,
    "SliceEncodingDirection": "k",
    "SliceTiming": [
      0,
      1.54,
      0.07,
      1.61,
      0.14,
      1.68,
      0.21,
      1.75,
      0.28,
      1.82,
      0.35,
      1.89,
      0.42,
      1.96,
      0.49,
      2.03,
      0.56,
      2.1,
      0.63,
      2.17,
      0.7,
      2.24,
      0.77,
      2.31,
      0.84,
      2.38,
      0.91,
      2.45,
      0.98,
      2.52,
      1.05,
      2.5925,
      1.12,
      2.6625,
      1.19,
      2.7325,
      1.26,
      2.8025,
      1.33,
      2.8725,
      1.4,
      2.9425,
      1.47
    ],
    "TaskName": "rest",
    "dataset": "ds003592",
    "modality": "bold",
    "session_id": "1",
    "subject_id": "271",
    "task_id": "rest"
  },
  "dummy_trs": 0,
  "dvars_nstd": 25.34451755959799,
  "dvars_std": 1.0496763292964824,
  "dvars_vstd": 0.9857900344221108,
  "efc": 0.45886297418462935,
  "fber": 1047.5657958984375,
  "fd_mean": 0.06883911225418486,
  "fd_num": 8,
  "fd_perc": 4.0,
  "fwhm_avg": 2.183584260437729,
  "fwhm_x": 2.0450044444444444,
  "fwhm_y": 2.2200651851851854,
  "fwhm_z": 2.285683151683557,
  "gcor": 0.0216054,
  "gsr_x": -0.011366893537342548,
  "gsr_y": 0.03401096910238266,
  "provenance": {
    "md5sum": "332bf8804556188ef18f17b1ed1f19d4",
    "settings": {
      "fd_thres": 0.2,
      "testing": false
    },
    "software": "mriqc",
    "version": "23.1.0"
  },
  "size_t": 200,
  "size_x": 64,
  "size_y": 64,
  "size_z": 43,
  "snr": 2.519155518914384,
  "spacing_tr": 3.0,
  "spacing_x": 3.375,
  "spacing_y": 3.375,
  "spacing_z": 3.000000238418579,
  "summary_bg_k": 68.66524863015432,
  "summary_bg_mad": 6.226929034939597,
  "summary_bg_mean": 22.90569699305517,
  "summary_bg_median": 12.809999465942383,
  "summary_bg_n": 143240.0,
  "summary_bg_p05": 7.239999771118164,
  "summary_bg_p95": 73.60249710083008,
  "summary_bg_stdv": 33.69090352767104,
  "summary_fg_k": 1.548946777871195,
  "summary_fg_mad": 143.8939474581582,
  "summary_fg_mean": 445.8794434197597,
  "summary_fg_median": 414.6099853515625,
  "summary_fg_n": 32888.0,
  "summary_fg_p05": 229.92498779296875,
  "summary_fg_p95": 754.8699951171875,
  "summary_fg_stdv": 164.58042341094188,
  "tsnr": 45.28159300982952
}