{
  "aor": 0.0019026600985221677,
  "aqi": 0.005979973596059112,
  "bids_meta": {
    "EchoTime": 0.03,
    "RepetitionTime": 3.0,
    "SliceEncodingDirection": "k",
    "SliceTiming": [
      0.0,
      1.5,
      0.065,
      1.565,
      0.13,
      1.63,
      0.196,
      1.696,
      0.261,
      1.761,
      0.326,
      1.826,
      0.391,
      1.891,
      0.457,
      1.957,
      0.522,
      2.022,
      0.587,
      2.087,
      0.652,
      2.152,
      0.717,
      2.217,
      0.783,
      2.283,
      0.848,
      2.348,
      0.913,
      2.413,
      0.978,
      2.478,
      1.043,
      2.543,
      1.109,
      2.609,
      1.174,
      2.674,
      1.239,
      2.739,
      1.304,
      2.804,
      1.37,
      2.87,
      1.435,
      2.935
    ],
    "TaskName": "rest",
    "dataset": "ds003592",
    "modality": "bold",
    "session_id": "1",
    "subject_id": "38",
    "task_id": "rest"
  },
  "dummy_trs": 1,
  "dvars_nstd": 21.79159295168316,
  "dvars_std": 1.072478207326733,
  "dvars_vstd": 0.9235446224257426,
  "efc": 0.46470951234395885,
  "fber": 13644.275390625,
  "fd_mean": 0.10849501494766423,
  "fd_num": 24,
  "fd_perc": 11.822660098522167,
  "fwhm_avg": 3.3081099999999997,
  "fwhm_x": 3.19263,
  "fwhm_y": 3.3447666666666667,
  "fwhm_z": 3.3869333333333334,
  "gcor": 0.0869637,
  "gsr_x": -0.0009485242189839482,
  "gsr_y": 0.024837326258420944,
  "provenance": {
    "md5sum": "4dcd78d6b4813f7831f1bf9e87256322",
    "settings": {
      "fd_thres": 0.2,
      "testing": false
    },
    "software": "mriqc",
    "version": "23.1.0"
  },
  "size_t": 203,
  "size_x": 72,
  "size_y": 72,
  "size_z": 46,
  "snr": 2.727487086172282,
  "spacing_tr": 3.0,
  "spacing_x": 3.0,
  "spacing_y": 3.0,
  "spacing_z": 3.0,
  "summary_bg_k": 19.02664986118282,
  "summary_bg_mad": 42.637593450672995,
  "summary_bg_mean": 189.39903552771958,
  "summary_bg_median": 29.073890686035156,
  "summary_bg_n": 188933.0,
  "summary_bg_p05": 0.07389162480831146,
  "summary_bg_p95": 1097.05908203125,
  "summary_bg_stdv": 414.9858204701108,
  "summary_fg_k": 0.901389614856039,
  "summary_fg_mad": 1049.5509779760587,
  "summary_fg_mean": 3633.7753259457377,
  "summary_fg_median": 3396.083740234375,
  "summary_fg_n": 49531.0,
  "summary_fg_p05": 1972.5123291015625,
  "summary_fg_p95": 6133.20166015625,
  "summary_fg_stdv": 1245.1202701828124,
  "tsnr": 50.63234840054065
}