{
  "aor": 0.00383450495049505,
  "aqi": 0.004311001732673268,
  "bids_meta": {
    "EchoTime": 0.0137,
    "RepetitionTime": 3.0,
    "SliceEncodingDirection": "k",
    "SliceTiming": [
      0.0,
      1.5,
      0.065,
      1.565,
      0.13,
      1.63,
      0.196,
      1.696,
      0.261,
      1.761,
      0.326,
      1.826,
      0.391,
      1.891,
      0.457,
      1.957,
      0.522,
      2.022,
      0.587,
      2.087,
      0.652,
      2.152,
      0.717,
      2.217,
      0.783,
      2.283,
      0.848,
      2.348,
      0.913,
      2.413,
      0.978,
      2.478,
      1.043,
      2.543,
      1.109,
      2.609,
      1.174,
      2.674,
      1.239,
      2.739,
      1.304,
      2.804,
      1.37,
      2.87,
      1.435,
      2.935
    ],
    "TaskName": "rest",
    "dataset": "ds003592",
    "modality": "bold",
    "session_id": "2",
    "subject_id": "27",
    "task_id": "rest"
  },
  "dummy_trs": 2,
  "dvars_nstd": 28.00012629810945,
  "dvars_std": 1.858563698159204,
  "dvars_vstd": 0.9975211156716418,
  "efc": 0.5059959681667457,
  "fber": 20408.833984375,
  "fd_mean": 0.07443700087689024,
  "fd_num": 7,
  "fd_perc": 3.4653465346534653,
  "fwhm_avg": 3.3260144444444446,
  "fwhm_x": 3.0221533333333332,
  "fwhm_y": 3.2686233333333337,
  "fwhm_z": 3.6872666666666665,
  "gcor": 0.0297592,
  "gsr_x": -0.013964135199785233,
  "gsr_y": 0.05353367701172829,
  "provenance": {
    "md5sum": "ccc978ef67c0ca66d86608d2823ea155",
    "settings": {
      "fd_thres": 0.2,
      "testing": false
    },
    "software": "mriqc",
    "version": "23.1.0"
  },
  "size_t": 202,
  "size_x": 72,
  "size_y": 72,
  "size_z": 46,
  "snr": 2.8295598959660366,
  "spacing_tr": 3.0,
  "spacing_x": 3.0,
  "spacing_y": 3.0,
  "spacing_z": 3.0,
  "summary_bg_k": 12.836062684616223,
  "summary_bg_mad": 46.9735336991186,
  "summary_bg_mean": 387.3664138504159,
  "summary_bg_median": 31.93564224243164,
  "summary_bg_n": 184200.0,
  "summary_bg_p05": 0.07920791953802109,
  "summary_bg_p95": 2240.5989990234375,
  "summary_bg_stdv": 869.0089130360384,
  "summary_fg_k": 1.2121511939703202,
  "summary_fg_mad": 1353.7112028600131,
  "summary_fg_mean": 4828.2501107376975,
  "summary_fg_median": 4562.309326171875,
  "summary_fg_n": 54264.0,
  "summary_fg_p05": 2594.841552734375,
  "summary_fg_p95": 7897.455078125,
  "summary_fg_stdv": 1612.359326408695,
  "tsnr": 96.96094494313002
}