{
  "aor": 0.0017358999999999999,
  "aqi": 0.00382993655,
  "bids_meta": {
    "EchoTime": 0.014,
    "RepetitionTime": 3,
    "SliceEncodingDirection": "k",
    "SliceTiming": [
      0,
      1.5425,
      0.07,
      1.6125,
      0.14,
      1.6825,
      0.21,
      1.7525,
      0.28,
      1.8225,
      0.35,
      1.8925,
      0.42,
      1.9625,
      0.49,
      2.0325,
      0.56,
      2.1025,
      0.63,
      2.1725,
      0.7,
      2.2425,
      0.77,
      2.3125,
      0.84,
      2.3825,
      0.91,
      2.4525,
      0.98,
      2.5225,
      1.05,
      2.5925,
      1.12,
      2.6625,
      1.19,
      2.7325,
      1.26,
      2.8025,
      1.33,
      2.8725,
      1.4,
      2.9425,
      1.47
    ],
    "TaskName": "rest",
    "dataset": "ds003592",
    "modality": "bold",
    "session_id": "2",
    "subject_id": "276",
    "task_id": "rest"
  },
  "dummy_trs": 0,
  "dvars_nstd": 22.07018140070353,
  "dvars_std": 1.1236160013065335,
  "dvars_vstd": 0.9539579886934675,
  "efc": 0.5231997996533898,
  "fber": 1719.6851806640625,
  "fd_mean": 0.13950146326928192,
  "fd_num": 30,
  "fd_perc": 15.0,
  "fwhm_avg": 3.2460193448988583,
  "fwhm_x": 2.9924444444444447,
  "fwhm_y": 3.2020446706450194,
  "fwhm_z": 3.543568919607111,
  "gcor": 0.0371023,
  "gsr_x": -0.03384861350059509,
  "gsr_y": 0.08898640424013138,
  "provenance": {
    "md5sum": "0a648ff9917738ea88197ff3b2634c45",
    "settings": {
      "fd_thres": 0.2,
      "testing": false
    },
    "software": "mriqc",
    "version": "23.1.0"
  },
  "size_t": 200,
  "size_x": 64,
  "size_y": 64,
  "size_z": 43,
  "snr": 2.4000700588018544,
  "spacing_tr": 3.0,
  "spacing_x": 3.375,
  "spacing_y": 3.374999761581421,
  "spacing_z": 2.999998092651367,
  "summary_bg_k": 41.84705399446952,
  "summary_bg_mad": 14.92239212105389,
  "summary_bg_mean": 61.503587849745315,
  "summary_bg_median": 18.440000534057617,
  "summary_bg_n": 131721.0,
  "summary_bg_p05": 6.724999904632568,
  "summary_bg_p95": 260.8949890136719,
  "summary_bg_stdv": 117.02231279349398,
  "summary_fg_k": 3.030612546273237,
  "summary_fg_mad": 260.1151570846183,
  "summary_fg_mean": 835.8031820314679,
  "summary_fg_median": 764.6900024414062,
  "summary_fg_n": 44407.0,
  "summary_fg_p05": 450.8349914550781,
  "summary_fg_p95": 1448.659912109375,
  "summary_fg_stdv": 318.6079462856204,
  "tsnr": 62.59754801495001
}