{
  "bids_meta": {
    "EchoTime": 0.0034,
    "FlipAngle": 7,
    "RepetitionTime": 2.53,
    "dataset": "ds003592",
    "modality": "T1w",
    "session_id": "1",
    "subject_id": "201"
  },
  "cjv": 0.8072613121799466,
  "cnr": 0.9363486915425889,
  "efc": 0.593129201247858,
  "fber": -1.0,
  "fwhm_avg": 4.475926666666666,
  "fwhm_x": 4.5459,
  "fwhm_y": 4.50953,
  "fwhm_z": 4.37235,
  "icvs_csf": 0.25383341707508245,
  "icvs_gm": 0.3567100142165995,
  "icvs_wm": 0.38945656870831796,
  "inu_med": 0.848511278629303,
  "inu_range": 0.7673003673553467,
  "provenance": {
    "md5sum": "72b82201099a73500b650f70d42c2d19",
    "settings": {
      "testing": false
    },
    "software": "mriqc",
    "version": "23.1.0",
    "warnings": {
      "large_rot_frame": true,
      "small_air_mask": false
    }
  },
  "qi_1": 0.0,
  "qi_2": 0.001393440057378163,
  "rpve_csf": 7.009007873401835,
  "rpve_gm": 6.848720860839822,
  "rpve_wm": 6.936909466107565,
  "size_x": 176,
  "size_y": 256,
  "size_z": 256,
  "snr_csf": 1.5288439159571192,
  "snr_gm": 3.366839308503471,
  "snr_total": 4.556415448627356,
  "snr_wm": 8.773563121421478,
  "snrd_csf": 23.964687460626024,
  "snrd_gm": 64.59320151233068,
  "snrd_total": 57.75705855983427,
  "snrd_wm": 84.71328670654611,
  "spacing_x": 1.0,
  "spacing_y": 1.0,
  "spacing_z": 1.0,
  "summary_bg_k": 1270.4361764598207,
  "summary_bg_mad": 0.0,
  "summary_bg_mean": 2.8426554284880687,
  "summary_bg_median": 0.0,
  "summary_bg_n": 2716292.0,
  "summary_bg_p05": 0.0,
  "summary_bg_p95": 16.27534682303667,
  "summary_bg_stdv": 7.501786042358408,
  "summary_csf_k": -0.43184868568593293,
  "summary_csf_mad": 133.43947371838064,
  "summary_csf_mean": 326.3932502371993,
  "summary_csf_median": 274.41301979497075,
  "summary_csf_n": 412256.18307120795,
  "summary_csf_p05": 108.68018479645252,
  "summary_csf_p95": 686.1437198892236,
  "summary_csf_stdv": 179.49032213953222,
  "summary_gm_k": 3.60972671313308,
  "summary_gm_mad": 84.19081419880042,
  "summary_gm_mean": 721.8623249251746,
  "summary_gm_median": 739.6389172337949,
  "summary_gm_n": 579340.2248558681,
  "summary_gm_p05": 263.82959754392505,
  "summary_gm_p95": 1059.0092475153506,
  "summary_gm_stdv": 219.6832729793628,
  "summary_wm_k": -0.7148555972283308,
  "summary_wm_mad": 101.7937487258793,
  "summary_wm_mean": 950.2896487736814,
  "summary_wm_median": 970.028457917273,
  "summary_wm_n": 632524.5916703289,
  "summary_wm_p05": 751.556384306401,
  "summary_wm_p95": 1105.9231570735574,
  "summary_wm_stdv": 110.56257049743608,
  "tpm_overlap_csf": 0.19930884295901793,
  "tpm_overlap_gm": 0.505936046410237,
  "tpm_overlap_wm": 0.5144034132964104,
  "wm2max": 0.4454776432570093
}