{
  "aor": 0.0033355500000000005,
  "aqi": 0.0068806223,
  "bids_meta": {
    "EchoTime": 0.04592,
    "RepetitionTime": 3,
    "SliceEncodingDirection": "k",
    "SliceTiming": [
      0,
      1.54,
      0.07,
      1.61,
      0.14,
      1.68,
      0.21,
      1.75,
      0.28,
      1.82,
      0.35,
      1.89,
      0.42,
      1.96,
      0.49,
      2.03,
      0.56,
      2.1,
      0.63,
      2.17,
      0.7,
      2.24,
      0.77,
      2.31,
      0.84,
      2.38,
      0.91,
      2.45,
      0.98,
      2.52,
      1.05,
      2.5925,
      1.12,
      2.6625,
      1.19,
      2.7325,
      1.26,
      2.8025,
      1.33,
      2.8725,
      1.4,
      2.9425,
      1.47
    ],
    "TaskName": "rest",
    "dataset": "ds003592",
    "modality": "bold",
    "session_id": "1",
    "subject_id": "247",
    "task_id": "rest"
  },
  "dummy_trs": 0,
  "dvars_nstd": 36.65434628417084,
  "dvars_std": 1.133132143065327,
  "dvars_vstd": 0.9979325192964823,
  "efc": 0.44721815845937346,
  "fber": 1001.9901733398438,
  "fd_mean": 0.16632358538076278,
  "fd_num": 53,
  "fd_perc": 26.5,
  "fwhm_avg": 2.457563146157152,
  "fwhm_x": 2.402355555555556,
  "fwhm_y": 2.5650074074074074,
  "fwhm_z": 2.405326475508493,
  "gcor": 0.0340686,
  "gsr_x": -0.004736985545605421,
  "gsr_y": 0.027916451916098595,
  "provenance": {
    "md5sum": "81ecf7377fae3f8e5e4bd8eb5aaf336d",
    "settings": {
      "fd_thres": 0.2,
      "testing": false
    },
    "software": "mriqc",
    "version": "23.1.0"
  },
  "size_t": 200,
  "size_x": 64,
  "size_y": 64,
  "size_z": 43,
  "snr": 1.7046273110003234,
  "spacing_tr": 3.0,
  "spacing_x": 3.375,
  "spacing_y": 3.375,
  "spacing_z": 3.000000238418579,
  "summary_bg_k": 30.19724033568538,
  "summary_bg_mad": 8.065355446545825,
  "summary_bg_mean": 30.985045338102235,
  "summary_bg_median": 16.614999771118164,
  "summary_bg_n": 140570.0,
  "summary_bg_p05": 9.28499984741211,
  "summary_bg_p95": 111.00999450683594,
  "summary_bg_stdv": 45.81564041756882,
  "summary_fg_k": 6.698893653823898,
  "summary_fg_mad": 202.88670240121627,
  "summary_fg_mean": 606.729980179896,
  "summary_fg_median": 525.9349975585938,
  "summary_fg_n": 35558.0,
  "summary_fg_p05": 284.8399963378906,
  "summary_fg_p95": 1215.199951171875,
  "summary_fg_stdv": 308.5293768674294,
  "tsnr": 36.72824706323445
}