{
  "aor": 0.005776551724137931,
  "aqi": 0.011287559704433498,
  "bids_meta": {
    "EchoTime": 0.047,
    "RepetitionTime": 3.0,
    "SliceEncodingDirection": "k",
    "SliceTiming": [
      0.0,
      1.5,
      0.065,
      1.565,
      0.13,
      1.63,
      0.196,
      1.696,
      0.261,
      1.761,
      0.326,
      1.826,
      0.391,
      1.891,
      0.457,
      1.957,
      0.522,
      2.022,
      0.587,
      2.087,
      0.652,
      2.152,
      0.717,
      2.217,
      0.783,
      2.283,
      0.848,
      2.348,
      0.913,
      2.413,
      0.978,
      2.478,
      1.043,
      2.543,
      1.109,
      2.609,
      1.174,
      2.674,
      1.239,
      2.739,
      1.304,
      2.804,
      1.37,
      2.87,
      1.435,
      2.935
    ],
    "TaskName": "rest",
    "dataset": "ds003592",
    "modality": "bold",
    "session_id": "2",
    "subject_id": "05",
    "task_id": "rest"
  },
  "dummy_trs": 1,
  "dvars_nstd": 31.393241580247512,
  "dvars_std": 1.1025623120792083,
  "dvars_vstd": 0.9968469160396036,
  "efc": 0.4237816889303618,
  "fber": 9779.0947265625,
  "fd_mean": 0.2126093195833225,
  "fd_num": 83,
  "fd_perc": 40.88669950738916,
  "fwhm_avg": 2.5530077777777778,
  "fwhm_x": 2.5477966666666667,
  "fwhm_y": 2.5555833333333333,
  "fwhm_z": 2.5556433333333333,
  "gcor": 0.0242182,
  "gsr_x": -0.007521802559494972,
  "gsr_y": 0.013174483552575111,
  "provenance": {
    "md5sum": "46f4a08a001520ad7326f7ab90f85844",
    "settings": {
      "fd_thres": 0.2,
      "testing": false
    },
    "software": "mriqc",
    "version": "23.1.0"
  },
  "size_t": 203,
  "size_x": 72,
  "size_y": 72,
  "size_z": 46,
  "snr": 2.8927344039485403,
  "spacing_tr": 3.0,
  "spacing_x": 3.0,
  "spacing_y": 3.0,
  "spacing_z": 3.0,
  "summary_bg_k": 31.42738671105885,
  "summary_bg_mad": 31.850386858306933,
  "summary_bg_mean": 80.6852370224415,
  "summary_bg_median": 24.699506759643555,
  "summary_bg_n": 193179.0,
  "summary_bg_p05": 0.8866994976997375,
  "summary_bg_p95": 360.2758483886719,
  "summary_bg_stdv": 180.60733930987897,
  "summary_fg_k": 1.9249222819698062,
  "summary_fg_mad": 710.2393982957822,
  "summary_fg_mean": 2578.1744728161666,
  "summary_fg_median": 2442.51708984375,
  "summary_fg_n": 45285.0,
  "summary_fg_p05": 1414.9112548828125,
  "summary_fg_p95": 4144.96533203125,
  "summary_fg_stdv": 844.3533972843247,
  "tsnr": 32.806647600838915
}