{
  "aor": 0.000982512315270936,
  "aqi": 0.006791722955665025,
  "bids_meta": {
    "EchoTime": 0.047,
    "RepetitionTime": 3.0,
    "SliceEncodingDirection": "k",
    "SliceTiming": [
      0.0,
      1.5,
      0.065,
      1.565,
      0.13,
      1.63,
      0.196,
      1.696,
      0.261,
      1.761,
      0.326,
      1.826,
      0.391,
      1.891,
      0.457,
      1.957,
      0.522,
      2.022,
      0.587,
      2.087,
      0.652,
      2.152,
      0.717,
      2.217,
      0.783,
      2.283,
      0.848,
      2.348,
      0.913,
      2.413,
      0.978,
      2.478,
      1.043,
      2.543,
      1.109,
      2.609,
      1.174,
      2.674,
      1.239,
      2.739,
      1.304,
      2.804,
      1.37,
      2.87,
      1.435,
      2.935
    ],
    "TaskName": "rest",
    "dataset": "ds003592",
    "modality": "bold",
    "session_id": "1",
    "subject_id": "105",
    "task_id": "rest"
  },
  "dummy_trs": 1,
  "dvars_nstd": 24.78623447767327,
  "dvars_std": 1.010451388465346,
  "dvars_vstd": 0.9347231767821781,
  "efc": 0.39397025887849524,
  "fber": 12059.3232421875,
  "fd_mean": 0.11213559205787195,
  "fd_num": 21,
  "fd_perc": 10.344827586206897,
  "fwhm_avg": 2.7339777777777776,
  "fwhm_x": 2.7415566666666664,
  "fwhm_y": 2.7553133333333335,
  "fwhm_z": 2.7050633333333334,
  "gcor": 0.01149,
  "gsr_x": -0.013820830732584,
  "gsr_y": 0.021135568618774414,
  "provenance": {
    "md5sum": "a2d87ca9bf2d2c47079aeef29bfee24e",
    "settings": {
      "fd_thres": 0.2,
      "testing": false
    },
    "software": "mriqc",
    "version": "23.1.0"
  },
  "size_t": 203,
  "size_x": 72,
  "size_y": 72,
  "size_z": 46,
  "snr": 2.875009993930214,
  "spacing_tr": 3.0,
  "spacing_x": 3.0,
  "spacing_y": 3.0,
  "spacing_z": 3.0,
  "summary_bg_k": 33.56446236454292,
  "summary_bg_mad": 28.717201696417842,
  "summary_bg_mean": 75.13860581482335,
  "summary_bg_median": 22.147783279418945,
  "summary_bg_n": 199893.0,
  "summary_bg_p05": 0.5960590839385986,
  "summary_bg_p95": 332.7536926269531,
  "summary_bg_stdv": 169.82453069079733,
  "summary_fg_k": 1.0109415219884461,
  "summary_fg_mad": 727.9135297475158,
  "summary_fg_mean": 2565.441507205121,
  "summary_fg_median": 2432.15771484375,
  "summary_fg_n": 38571.0,
  "summary_fg_p05": 1390.192138671875,
  "summary_fg_p95": 4179.04931640625,
  "summary_fg_stdv": 845.9539937090523,
  "tsnr": 41.076765078585595
}