{
  "bids_meta": {
    "EchoTime": 0.00252,
    "FlipAngle": 9,
    "RepetitionTime": 1.9,
    "dataset": "ds003592",
    "modality": "T1w",
    "session_id": "1",
    "subject_id": "251"
  },
  "cjv": 0.7149723405737354,
  "cnr": 1.2779048012309162,
  "efc": 0.4965394224919779,
  "fber": -1.0,
  "fwhm_avg": 4.436896666666667,
  "fwhm_x": 4.51928,
  "fwhm_y": 4.33688,
  "fwhm_z": 4.45453,
  "icvs_csf": 0.261062089545388,
  "icvs_gm": 0.3803888872392355,
  "icvs_wm": 0.3585490232153765,
  "inu_med": 0.44804035127162933,
  "inu_range": 0.16506053656339648,
  "provenance": {
    "md5sum": "ed861c0a6c25210aaded477f8f2c31ab",
    "settings": {
      "testing": false
    },
    "software": "mriqc",
    "version": "23.1.0",
    "warnings": {
      "large_rot_frame": true,
      "small_air_mask": false
    }
  },
  "qi_1": 0.0,
  "qi_2": 0.00253213339781111,
  "rpve_csf": 8.55374596511053,
  "rpve_gm": 8.4055748893423,
  "rpve_wm": 8.474149594034715,
  "size_x": 192,
  "size_y": 256,
  "size_z": 256,
  "snr_csf": 2.29053849671626,
  "snr_gm": 7.07819667109883,
  "snr_total": 6.620961482468665,
  "snr_wm": 10.494149279590907,
  "snrd_csf": 58.97687853006231,
  "snrd_gm": 102.79463270264013,
  "snrd_total": 96.2451788065793,
  "snrd_wm": 126.96402518703547,
  "spacing_x": 1.0,
  "spacing_y": 1.0,
  "spacing_z": 1.0,
  "summary_bg_k": 130.61662537354724,
  "summary_bg_mad": 0.0,
  "summary_bg_mean": 1.6867764066148456,
  "summary_bg_median": 0.0,
  "summary_bg_n": 4702495.0,
  "summary_bg_p05": 0.0,
  "summary_bg_p95": 8.093776434659958,
  "summary_bg_stdv": 4.792540826275294,
  "summary_csf_k": 0.16976710732173528,
  "summary_csf_mad": 149.8602069057722,
  "summary_csf_mean": 449.17928438759606,
  "summary_csf_median": 431.4354967325926,
  "summary_csf_n": 380509.48243456485,
  "summary_csf_p05": 120.70890717208385,
  "summary_csf_p95": 764.0711018145084,
  "summary_csf_stdv": 188.35524067049576,
  "summary_gm_k": 0.034217834689035165,
  "summary_gm_mad": 60.48200711291404,
  "summary_gm_mean": 757.044320498876,
  "summary_gm_median": 751.9769531190395,
  "summary_gm_n": 554433.5405393931,
  "summary_gm_p05": 582.2402277737856,
  "summary_gm_p95": 955.4377469420433,
  "summary_gm_stdv": 106.23839798635183,
  "summary_wm_k": -0.45706892936287336,
  "summary_wm_mad": 65.93021527929969,
  "summary_wm_mean": 905.877886709012,
  "summary_wm_median": 928.7841038554907,
  "summary_wm_n": 522600.97775468807,
  "summary_wm_p05": 742.9063415974379,
  "summary_wm_p95": 1020.234474375844,
  "summary_wm_stdv": 88.50486023145169,
  "tpm_overlap_csf": 0.19873951477934243,
  "tpm_overlap_gm": 0.5232034507327327,
  "tpm_overlap_wm": 0.5446534090836557,
  "wm2max": 0.4101515960724703
}