{
  "aor": 0.0006119211822660099,
  "aqi": 0.004728610541871922,
  "bids_meta": {
    "EchoTime": 0.03,
    "RepetitionTime": 3.0,
    "SliceEncodingDirection": "k",
    "SliceTiming": [
      0.0,
      1.5,
      0.065,
      1.565,
      0.13,
      1.63,
      0.196,
      1.696,
      0.261,
      1.761,
      0.326,
      1.826,
      0.391,
      1.891,
      0.457,
      1.957,
      0.522,
      2.022,
      0.587,
      2.087,
      0.652,
      2.152,
      0.717,
      2.217,
      0.783,
      2.283,
      0.848,
      2.348,
      0.913,
      2.413,
      0.978,
      2.478,
      1.043,
      2.543,
      1.109,
      2.609,
      1.174,
      2.674,
      1.239,
      2.739,
      1.304,
      2.804,
      1.37,
      2.87,
      1.435,
      2.935
    ],
    "TaskName": "rest",
    "dataset": "ds003592",
    "modality": "bold",
    "session_id": "2",
    "subject_id": "133",
    "task_id": "rest"
  },
  "dummy_trs": 1,
  "dvars_nstd": 18.066621822970298,
  "dvars_std": 1.0677714578712865,
  "dvars_vstd": 0.9395051619306931,
  "efc": 0.44142166315121933,
  "fber": 15928.673828125,
  "fd_mean": 0.04955771127560763,
  "fd_num": 1,
  "fd_perc": 0.49261083743842365,
  "fwhm_avg": 3.127931111111111,
  "fwhm_x": 3.0955733333333337,
  "fwhm_y": 3.1706299999999996,
  "fwhm_z": 3.11759,
  "gcor": 0.0303761,
  "gsr_x": -0.017955413088202477,
  "gsr_y": 0.03489171713590622,
  "provenance": {
    "md5sum": "b11c88da7f22fd738bb53b6747598844",
    "settings": {
      "fd_thres": 0.2,
      "testing": false
    },
    "software": "mriqc",
    "version": "23.1.0"
  },
  "size_t": 203,
  "size_x": 72,
  "size_y": 72,
  "size_z": 46,
  "snr": 2.8323056893318435,
  "spacing_tr": 3.0,
  "spacing_x": 3.0,
  "spacing_y": 3.0,
  "spacing_z": 3.0,
  "summary_bg_k": 31.894794738966368,
  "summary_bg_mad": 36.04987299032193,
  "summary_bg_mean": 154.76367603198807,
  "summary_bg_median": 26.03940773010254,
  "summary_bg_n": 193393.0,
  "summary_bg_p05": 0.8275861740112305,
  "summary_bg_p95": 856.0935668945312,
  "summary_bg_stdv": 340.1412426866829,
  "summary_fg_k": 1.106891425713079,
  "summary_fg_mad": 962.5519811439109,
  "summary_fg_mean": 3497.5654989297864,
  "summary_fg_median": 3286.40380859375,
  "summary_fg_n": 45071.0,
  "summary_fg_p05": 1919.1033935546875,
  "summary_fg_p95": 5816.2119140625,
  "summary_fg_stdv": 1160.315202802725,
  "tsnr": 64.84840583987534
}