{
  "aor": 0.0010518226600985223,
  "aqi": 0.007365213891625616,
  "bids_meta": {
    "EchoTime": 0.047,
    "RepetitionTime": 3.0,
    "SliceEncodingDirection": "k",
    "SliceTiming": [
      0.0,
      1.5,
      0.065,
      1.565,
      0.13,
      1.63,
      0.196,
      1.696,
      0.261,
      1.761,
      0.326,
      1.826,
      0.391,
      1.891,
      0.457,
      1.957,
      0.522,
      2.022,
      0.587,
      2.087,
      0.652,
      2.152,
      0.717,
      2.217,
      0.783,
      2.283,
      0.848,
      2.348,
      0.913,
      2.413,
      0.978,
      2.478,
      1.043,
      2.543,
      1.109,
      2.609,
      1.174,
      2.674,
      1.239,
      2.739,
      1.304,
      2.804,
      1.37,
      2.87,
      1.435,
      2.935
    ],
    "TaskName": "rest",
    "dataset": "ds003592",
    "modality": "bold",
    "session_id": "1",
    "subject_id": "128",
    "task_id": "rest"
  },
  "dummy_trs": 1,
  "dvars_nstd": 26.12967589321781,
  "dvars_std": 1.1303412108415847,
  "dvars_vstd": 0.9732631688613855,
  "efc": 0.40257234914179574,
  "fber": 9974.9541015625,
  "fd_mean": 0.08526358122982956,
  "fd_num": 13,
  "fd_perc": 6.403940886699507,
  "fwhm_avg": 2.6066912480966358,
  "fwhm_x": 2.649043333333333,
  "fwhm_y": 2.6838402132924566,
  "fwhm_z": 2.4871901976641175,
  "gcor": 0.0753166,
  "gsr_x": -0.005345629993826151,
  "gsr_y": 0.019946053624153137,
  "provenance": {
    "md5sum": "c6fc7b098e62498c4d22dd97e49a92fd",
    "settings": {
      "fd_thres": 0.2,
      "testing": false
    },
    "software": "mriqc",
    "version": "23.1.0"
  },
  "size_t": 203,
  "size_x": 72,
  "size_y": 72,
  "size_z": 46,
  "snr": 3.0427186285037955,
  "spacing_tr": 3.0,
  "spacing_x": 3.0,
  "spacing_y": 2.999999761581421,
  "spacing_z": 2.999999761581421,
  "summary_bg_k": 96.05428297359036,
  "summary_bg_mad": 34.48693494984145,
  "summary_bg_mean": 88.68820917796674,
  "summary_bg_median": 24.118227005004883,
  "summary_bg_n": 200510.0,
  "summary_bg_p05": 0.03940886631608009,
  "summary_bg_p95": 431.11822509765625,
  "summary_bg_stdv": 212.1707930215697,
  "summary_fg_k": 0.696605509955325,
  "summary_fg_mad": 697.893097094229,
  "summary_fg_mean": 2510.6265869397926,
  "summary_fg_median": 2408.800537109375,
  "summary_fg_n": 37954.0,
  "summary_fg_p05": 1373.330078125,
  "summary_fg_p95": 4017.763427734375,
  "summary_fg_stdv": 791.6501976809756,
  "tsnr": 43.44503607891966
}