{
  "aor": 0.0024898029556650247,
  "aqi": 0.004802582019704433,
  "bids_meta": {
    "EchoTime": 0.0137,
    "RepetitionTime": 3.0,
    "SliceEncodingDirection": "k",
    "SliceTiming": [
      0.0,
      1.5,
      0.065,
      1.565,
      0.13,
      1.63,
      0.196,
      1.696,
      0.261,
      1.761,
      0.326,
      1.826,
      0.391,
      1.891,
      0.457,
      1.957,
      0.522,
      2.022,
      0.587,
      2.087,
      0.652,
      2.152,
      0.717,
      2.217,
      0.783,
      2.283,
      0.848,
      2.348,
      0.913,
      2.413,
      0.978,
      2.478,
      1.043,
      2.543,
      1.109,
      2.609,
      1.174,
      2.674,
      1.239,
      2.739,
      1.304,
      2.804,
      1.37,
      2.87,
      1.435,
      2.935
    ],
    "TaskName": "rest",
    "dataset": "ds003592",
    "modality": "bold",
    "session_id": "2",
    "subject_id": "09",
    "task_id": "rest"
  },
  "dummy_trs": 1,
  "dvars_nstd": 20.51721460980197,
  "dvars_std": 1.333616264603961,
  "dvars_vstd": 0.9526136346534647,
  "efc": 0.5001583192336847,
  "fber": 14223.1875,
  "fd_mean": 0.12677970766780408,
  "fd_num": 40,
  "fd_perc": 19.704433497536947,
  "fwhm_avg": 3.2275066666666667,
  "fwhm_x": 2.9379633333333337,
  "fwhm_y": 3.1971900000000004,
  "fwhm_z": 3.5473666666666666,
  "gcor": 0.0269468,
  "gsr_x": -0.015028255991637707,
  "gsr_y": 0.0401003472507,
  "provenance": {
    "md5sum": "c17eaffe0f0ec9d669bd39c7a6f88606",
    "settings": {
      "fd_thres": 0.2,
      "testing": false
    },
    "software": "mriqc",
    "version": "23.1.0"
  },
  "size_t": 203,
  "size_x": 72,
  "size_y": 72,
  "size_z": 46,
  "snr": 3.18917315952025,
  "spacing_tr": 3.0,
  "spacing_x": 3.0,
  "spacing_y": 3.0,
  "spacing_z": 3.0,
  "summary_bg_k": 11.785126024133476,
  "summary_bg_mad": 56.26584828331836,
  "summary_bg_mean": 338.40117889890877,
  "summary_bg_median": 39.97536849975586,
  "summary_bg_n": 185833.0,
  "summary_bg_p05": 1.1576354503631592,
  "summary_bg_p95": 1867.926025390625,
  "summary_bg_stdv": 692.6918765611669,
  "summary_fg_k": 1.4619659165142433,
  "summary_fg_mad": 1325.8988376343236,
  "summary_fg_mean": 4967.854190616079,
  "summary_fg_median": 4767.50244140625,
  "summary_fg_n": 52631.0,
  "summary_fg_p05": 2872.871826171875,
  "summary_fg_p95": 7679.61572265625,
  "summary_fg_stdv": 1494.8881452824214,
  "tsnr": 64.6006258178968
}