{
  "bids_meta": {
    "EchoTime": 0.00252,
    "FlipAngle": 9,
    "RepetitionTime": 1.9,
    "dataset": "ds003592",
    "modality": "T1w",
    "session_id": "1",
    "subject_id": "272"
  },
  "cjv": 1.1798556237556392,
  "cnr": 0.7332571958000533,
  "efc": 0.4890179091255839,
  "fber": -1.0,
  "fwhm_avg": 4.17022,
  "fwhm_x": 4.29993,
  "fwhm_y": 4.04837,
  "fwhm_z": 4.16236,
  "icvs_csf": 0.25680117817356407,
  "icvs_gm": 0.3415937416321183,
  "icvs_wm": 0.4016050801943176,
  "inu_med": 0.5986108183860779,
  "inu_range": 0.2115149825811386,
  "provenance": {
    "md5sum": "3933521fdcdfab279231fa7f3eaa6fec",
    "settings": {
      "testing": false
    },
    "software": "mriqc",
    "version": "23.1.0",
    "warnings": {
      "large_rot_frame": true,
      "small_air_mask": false
    }
  },
  "qi_1": 0.0,
  "qi_2": 0.0030586216725980854,
  "rpve_csf": 9.002386070603567,
  "rpve_gm": 8.839264501084497,
  "rpve_wm": 8.937821364373669,
  "size_x": 192,
  "size_y": 256,
  "size_z": 256,
  "snr_csf": 2.8172788933595774,
  "snr_gm": 3.6652694331504105,
  "snr_total": 5.467100138460968,
  "snr_wm": 9.91875208887292,
  "snrd_csf": 42.3320048317072,
  "snrd_gm": 82.43650935307326,
  "snrd_total": 75.10016504737256,
  "snrd_wm": 100.53198095733721,
  "spacing_x": 1.0,
  "spacing_y": 1.0,
  "spacing_z": 1.0,
  "summary_bg_k": 127.30085155637335,
  "summary_bg_mad": 0.0,
  "summary_bg_mean": 2.022694797109806,
  "summary_bg_median": 0.0,
  "summary_bg_n": 4117114.0,
  "summary_bg_p05": 0.0,
  "summary_bg_p95": 12.25872129201889,
  "summary_bg_stdv": 5.732049797475961,
  "summary_csf_k": 1.1498222088012202,
  "summary_csf_mad": 86.06849462669128,
  "summary_csf_mean": 401.7012827953219,
  "summary_csf_median": 370.3796029686928,
  "summary_csf_n": 354845.813465424,
  "summary_csf_p05": 232.08460479974747,
  "summary_csf_p95": 650.0862233638763,
  "summary_csf_stdv": 131.46695627232288,
  "summary_gm_k": 2.4624185845097752,
  "summary_gm_mad": 94.38577936155406,
  "summary_gm_mean": 691.6008032950123,
  "summary_gm_median": 721.269916832447,
  "summary_gm_n": 472011.4992705472,
  "summary_gm_p05": 326.45598125457764,
  "summary_gm_p95": 989.465805709362,
  "summary_gm_stdv": 196.78475646839104,
  "summary_wm_k": -0.7988184928592932,
  "summary_wm_mad": 92.41427483180881,
  "summary_wm_mean": 881.6848404978322,
  "summary_wm_median": 879.5944189429283,
  "summary_wm_n": 554934.6867757855,
  "summary_wm_p05": 739.1801164150238,
  "summary_wm_p95": 1021.0475961565971,
  "summary_wm_stdv": 88.67986804596617,
  "tpm_overlap_csf": 0.18961175907809794,
  "tpm_overlap_gm": 0.45713653837715584,
  "tpm_overlap_wm": 0.4679985605292617,
  "wm2max": 0.36986787249149267
}