{
  "aor": 0.010765450000000001,
  "aqi": 0.027106311,
  "bids_meta": {
    "EchoTime": 0.04592,
    "RepetitionTime": 3,
    "SliceEncodingDirection": "k",
    "SliceTiming": [
      0,
      1.54,
      0.07,
      1.61,
      0.14,
      1.68,
      0.21,
      1.75,
      0.28,
      1.82,
      0.35,
      1.89,
      0.42,
      1.96,
      0.49,
      2.03,
      0.56,
      2.1,
      0.63,
      2.17,
      0.7,
      2.24,
      0.77,
      2.31,
      0.84,
      2.38,
      0.91,
      2.45,
      0.98,
      2.52,
      1.05,
      2.5925,
      1.12,
      2.6625,
      1.19,
      2.7325,
      1.26,
      2.8025,
      1.33,
      2.8725,
      1.4,
      2.9425,
      1.47
    ],
    "TaskName": "rest",
    "dataset": "ds003592",
    "modality": "bold",
    "session_id": "1",
    "subject_id": "269",
    "task_id": "rest"
  },
  "dummy_trs": 0,
  "dvars_nstd": 40.743041589597986,
  "dvars_std": 0.7365056776381909,
  "dvars_vstd": 0.8040513824120603,
  "efc": 0.4694047088790225,
  "fber": 855.1854858398438,
  "fd_mean": 0.33095241087285265,
  "fd_num": 64,
  "fd_perc": 32.0,
  "fwhm_avg": 2.1833456853347,
  "fwhm_x": 2.0093866666666664,
  "fwhm_y": 2.180648888888889,
  "fwhm_z": 2.3600015004485453,
  "gcor": 0.0264632,
  "gsr_x": -0.01090885978192091,
  "gsr_y": 0.04137140512466431,
  "provenance": {
    "md5sum": "9fa21028132c54b3908d60d0b7748740",
    "settings": {
      "fd_thres": 0.2,
      "testing": false
    },
    "software": "mriqc",
    "version": "23.1.0"
  },
  "size_t": 200,
  "size_x": 64,
  "size_y": 64,
  "size_z": 43,
  "snr": 2.098140188588417,
  "spacing_tr": 3.0,
  "spacing_x": 3.375,
  "spacing_y": 3.375,
  "spacing_z": 2.999998092651367,
  "summary_bg_k": 59.309180665508705,
  "summary_bg_mad": 9.725868347682084,
  "summary_bg_mean": 27.614375668335015,
  "summary_bg_median": 15.130000114440918,
  "summary_bg_n": 140392.0,
  "summary_bg_p05": 4.625,
  "summary_bg_p95": 91.16500091552734,
  "summary_bg_stdv": 38.923428151738534,
  "summary_fg_k": 3.1786752944799685,
  "summary_fg_mad": 162.12624914513947,
  "summary_fg_mean": 494.7905017184496,
  "summary_fg_median": 442.4549865722656,
  "summary_fg_n": 35736.0,
  "summary_fg_p05": 251.01499938964844,
  "summary_fg_p95": 906.5399780273438,
  "summary_fg_stdv": 210.87666035352163,
  "tsnr": 17.121450600679964
}