{
  "aor": 0.009812449999999999,
  "aqi": 0.020926437500000002,
  "bids_meta": {
    "EchoTime": 0.02996,
    "RepetitionTime": 3,
    "SliceEncodingDirection": "k",
    "SliceTiming": [
      0,
      1.54,
      0.07,
      1.61,
      0.14,
      1.68,
      0.21,
      1.75,
      0.28,
      1.82,
      0.35,
      1.89,
      0.42,
      1.96,
      0.49,
      2.03,
      0.56,
      2.1,
      0.63,
      2.17,
      0.7,
      2.24,
      0.77,
      2.31,
      0.84,
      2.38,
      0.91,
      2.45,
      0.98,
      2.52,
      1.05,
      2.59,
      1.12,
      2.66,
      1.19,
      2.73,
      1.26,
      2.8,
      1.33,
      2.87,
      1.4,
      2.94,
      1.47
    ],
    "TaskName": "rest",
    "dataset": "ds003592",
    "modality": "bold",
    "session_id": "1",
    "subject_id": "269",
    "task_id": "rest"
  },
  "dummy_trs": 0,
  "dvars_nstd": 31.583429729698498,
  "dvars_std": 0.7295427166331659,
  "dvars_vstd": 0.7933621244221102,
  "efc": 0.49198906969488737,
  "fber": 1156.4139404296875,
  "fd_mean": 0.3238214586311515,
  "fd_num": 61,
  "fd_perc": 30.5,
  "fwhm_avg": 2.414415995869701,
  "fwhm_x": 2.198631111111111,
  "fwhm_y": 2.384411851851852,
  "fwhm_z": 2.6602050246461393,
  "gcor": 0.0417436,
  "gsr_x": -0.007699880748987198,
  "gsr_y": 0.051753245294094086,
  "provenance": {
    "md5sum": "8db758cbfddf6ae90e513e9735d0de76",
    "settings": {
      "fd_thres": 0.2,
      "testing": false
    },
    "software": "mriqc",
    "version": "23.1.0"
  },
  "size_t": 200,
  "size_x": 64,
  "size_y": 64,
  "size_z": 43,
  "snr": 2.5579641274968408,
  "spacing_tr": 3.0,
  "spacing_x": 3.375,
  "spacing_y": 3.375,
  "spacing_z": 2.999998092651367,
  "summary_bg_k": 71.64943245281934,
  "summary_bg_mad": 13.254464625235089,
  "summary_bg_mean": 38.7859752512486,
  "summary_bg_median": 17.25,
  "summary_bg_n": 138057.0,
  "summary_bg_p05": 4.730000019073486,
  "summary_bg_p95": 138.58499145507812,
  "summary_bg_stdv": 66.02949626983224,
  "summary_fg_k": 2.321652526556071,
  "summary_fg_mad": 194.62859718523708,
  "summary_fg_mean": 631.7970292660829,
  "summary_fg_median": 586.60498046875,
  "summary_fg_n": 38071.0,
  "summary_fg_p05": 339.5299987792969,
  "summary_fg_p95": 1059.669921875,
  "summary_fg_stdv": 229.3219322430808,
  "tsnr": 21.736874021589756
}