{
  "aor": 0.0016008374384236452,
  "aqi": 0.0031655825615763545,
  "bids_meta": {
    "EchoTime": 0.0137,
    "RepetitionTime": 3.0,
    "SliceEncodingDirection": "k",
    "SliceTiming": [
      0.0,
      1.5,
      0.065,
      1.565,
      0.13,
      1.63,
      0.196,
      1.696,
      0.261,
      1.761,
      0.326,
      1.826,
      0.391,
      1.891,
      0.457,
      1.957,
      0.522,
      2.022,
      0.587,
      2.087,
      0.652,
      2.152,
      0.717,
      2.217,
      0.783,
      2.283,
      0.848,
      2.348,
      0.913,
      2.413,
      0.978,
      2.478,
      1.043,
      2.543,
      1.109,
      2.609,
      1.174,
      2.674,
      1.239,
      2.739,
      1.304,
      2.804,
      1.37,
      2.87,
      1.435,
      2.935
    ],
    "TaskName": "rest",
    "dataset": "ds003592",
    "modality": "bold",
    "session_id": "1",
    "subject_id": "193",
    "task_id": "rest"
  },
  "dummy_trs": 1,
  "dvars_nstd": 21.11916685094061,
  "dvars_std": 1.1888639187623766,
  "dvars_vstd": 0.9617030907920793,
  "efc": 0.5451045457090908,
  "fber": 6180.0400390625,
  "fd_mean": 0.11812741066251302,
  "fd_num": 30,
  "fd_perc": 14.77832512315271,
  "fwhm_avg": 3.516845354060083,
  "fwhm_x": 2.9443366666666666,
  "fwhm_y": 3.478866390191206,
  "fwhm_z": 4.1273330053223765,
  "gcor": 0.0186261,
  "gsr_x": -0.013496195897459984,
  "gsr_y": 0.0698707327246666,
  "provenance": {
    "md5sum": "df130c8d002ba823dd1723d5e62aa937",
    "settings": {
      "fd_thres": 0.2,
      "testing": false
    },
    "software": "mriqc",
    "version": "23.1.0"
  },
  "size_t": 203,
  "size_x": 72,
  "size_y": 72,
  "size_z": 46,
  "snr": 2.7562625512574805,
  "spacing_tr": 3.0,
  "spacing_x": 3.0,
  "spacing_y": 3.000000238418579,
  "spacing_z": 3.000000238418579,
  "summary_bg_k": 11.722352671958587,
  "summary_bg_mad": 88.61286929577058,
  "summary_bg_mean": 448.3231224482853,
  "summary_bg_median": 61.3201961517334,
  "summary_bg_n": 175672.0,
  "summary_bg_p05": 0.8571428656578064,
  "summary_bg_p95": 2256.79296875,
  "summary_bg_stdv": 861.5596696711787,
  "summary_fg_k": 1.6995568032452182,
  "summary_fg_mad": 1550.3529049191507,
  "summary_fg_mean": 5102.137804304799,
  "summary_fg_median": 4820.578857421875,
  "summary_fg_n": 62792.0,
  "summary_fg_p05": 2811.822509765625,
  "summary_fg_p95": 8389.689453125,
  "summary_fg_stdv": 1748.940959842532,
  "tsnr": 67.70798601582646
}