{
  "aor": 0.0028358620689655175,
  "aqi": 0.0023205140837438422,
  "bids_meta": {
    "EchoTime": 0.0137,
    "RepetitionTime": 3.0,
    "SliceEncodingDirection": "k",
    "SliceTiming": [
      0.0,
      1.5,
      0.065,
      1.565,
      0.13,
      1.63,
      0.196,
      1.696,
      0.261,
      1.761,
      0.326,
      1.826,
      0.391,
      1.891,
      0.457,
      1.957,
      0.522,
      2.022,
      0.587,
      2.087,
      0.652,
      2.152,
      0.717,
      2.217,
      0.783,
      2.283,
      0.848,
      2.348,
      0.913,
      2.413,
      0.978,
      2.478,
      1.043,
      2.543,
      1.109,
      2.609,
      1.174,
      2.674,
      1.239,
      2.739,
      1.304,
      2.804,
      1.37,
      2.87,
      1.435,
      2.935
    ],
    "TaskName": "rest",
    "dataset": "ds003592",
    "modality": "bold",
    "session_id": "1",
    "subject_id": "89",
    "task_id": "rest"
  },
  "dummy_trs": 1,
  "dvars_nstd": 14.318504153960408,
  "dvars_std": 1.2107899348019804,
  "dvars_vstd": 0.9667704362376248,
  "efc": 0.47237161583784465,
  "fber": 14739.314453125,
  "fd_mean": 0.10975137706223867,
  "fd_num": 26,
  "fd_perc": 12.807881773399014,
  "fwhm_avg": 3.570022222222222,
  "fwhm_x": 3.3666,
  "fwhm_y": 3.363433333333333,
  "fwhm_z": 3.980033333333333,
  "gcor": 0.0382179,
  "gsr_x": 0.013609716668725014,
  "gsr_y": 0.013876590877771378,
  "provenance": {
    "md5sum": "ac7f0c740516a9dd0f49b1d02a623a73",
    "settings": {
      "fd_thres": 0.2,
      "testing": false
    },
    "software": "mriqc",
    "version": "23.1.0"
  },
  "size_t": 203,
  "size_x": 72,
  "size_y": 72,
  "size_z": 46,
  "snr": 2.939146381190502,
  "spacing_tr": 3.0,
  "spacing_x": 3.0,
  "spacing_y": 3.0,
  "spacing_z": 3.0,
  "summary_bg_k": 12.452187004334146,
  "summary_bg_mad": 61.283324052435226,
  "summary_bg_mean": 379.7018126774731,
  "summary_bg_median": 43.11822509765625,
  "summary_bg_n": 193272.0,
  "summary_bg_p05": 1.0640393495559692,
  "summary_bg_p95": 2126.265869140625,
  "summary_bg_stdv": 812.0413993618698,
  "summary_fg_k": 0.6637019002686051,
  "summary_fg_mad": 1458.2341163195097,
  "summary_fg_mean": 5628.879701641729,
  "summary_fg_median": 5234.793212890625,
  "summary_fg_n": 45192.0,
  "summary_fg_p05": 3282.576416015625,
  "summary_fg_p95": 9240.625,
  "summary_fg_stdv": 1781.0393278862437,
  "tsnr": 89.38398323301226
}