{
  "aor": 0.0013862000000000002,
  "aqi": 0.00397456585,
  "bids_meta": {
    "EchoTime": 0.014,
    "RepetitionTime": 3,
    "SliceEncodingDirection": "k",
    "SliceTiming": [
      0,
      1.5425,
      0.07,
      1.6125,
      0.14,
      1.6825,
      0.21,
      1.7525,
      0.28,
      1.8225,
      0.35,
      1.8925,
      0.42,
      1.9625,
      0.49,
      2.0325,
      0.56,
      2.1025,
      0.63,
      2.1725,
      0.7,
      2.2425,
      0.77,
      2.3125,
      0.84,
      2.3825,
      0.91,
      2.4525,
      0.98,
      2.5225,
      1.05,
      2.5925,
      1.12,
      2.6625,
      1.19,
      2.7325,
      1.26,
      2.8025,
      1.33,
      2.8725,
      1.4,
      2.9425,
      1.47
    ],
    "TaskName": "rest",
    "dataset": "ds003592",
    "modality": "bold",
    "session_id": "2",
    "subject_id": "244",
    "task_id": "rest"
  },
  "dummy_trs": 0,
  "dvars_nstd": 26.45606158829145,
  "dvars_std": 1.312028337085427,
  "dvars_vstd": 0.9521566222110555,
  "efc": 0.5697445792319327,
  "fber": 972.4253540039062,
  "fd_mean": 0.11652044020439446,
  "fd_num": 25,
  "fd_perc": 12.5,
  "fwhm_avg": 3.1726759004582963,
  "fwhm_x": 2.6740829629629626,
  "fwhm_y": 3.1449777777777776,
  "fwhm_z": 3.698966960634149,
  "gcor": 0.0103079,
  "gsr_x": -0.08745437860488892,
  "gsr_y": 0.1869373321533203,
  "provenance": {
    "md5sum": "2481c01953e08bd754e676c850a1780a",
    "settings": {
      "fd_thres": 0.2,
      "testing": false
    },
    "software": "mriqc",
    "version": "23.1.0"
  },
  "size_t": 200,
  "size_x": 64,
  "size_y": 64,
  "size_z": 43,
  "snr": 2.044668873707963,
  "spacing_tr": 3.0,
  "spacing_x": 3.375,
  "spacing_y": 3.375,
  "spacing_z": 2.999999761581421,
  "summary_bg_k": 20.361199682673973,
  "summary_bg_mad": 23.41028897364667,
  "summary_bg_mean": 125.95271190223966,
  "summary_bg_median": 26.559999465942383,
  "summary_bg_n": 126655.0,
  "summary_bg_p05": 9.354999542236328,
  "summary_bg_p95": 653.2449951171875,
  "summary_bg_stdv": 252.74936472171774,
  "summary_fg_k": 2.7174604502326343,
  "summary_fg_mad": 316.4540413878312,
  "summary_fg_mean": 918.5611589231787,
  "summary_fg_median": 828.239990234375,
  "summary_fg_n": 49473.0,
  "summary_fg_p05": 447.8450012207031,
  "summary_fg_p95": 1750.6949462890625,
  "summary_fg_stdv": 405.0688256743459,
  "tsnr": 72.09126963838935
}