{
  "aor": 0.0007527,
  "aqi": 0.0068510116999999995,
  "bids_meta": {
    "EchoTime": 0.02996,
    "RepetitionTime": 3,
    "SliceEncodingDirection": "k",
    "SliceTiming": [
      0,
      1.54,
      0.07,
      1.61,
      0.14,
      1.68,
      0.21,
      1.75,
      0.28,
      1.82,
      0.35,
      1.89,
      0.42,
      1.96,
      0.49,
      2.03,
      0.56,
      2.1,
      0.63,
      2.17,
      0.7,
      2.24,
      0.77,
      2.31,
      0.84,
      2.38,
      0.91,
      2.45,
      0.98,
      2.52,
      1.05,
      2.59,
      1.12,
      2.66,
      1.19,
      2.73,
      1.26,
      2.8,
      1.33,
      2.87,
      1.4,
      2.94,
      1.47
    ],
    "TaskName": "rest",
    "dataset": "ds003592",
    "modality": "bold",
    "session_id": "1",
    "subject_id": "245",
    "task_id": "rest"
  },
  "dummy_trs": 0,
  "dvars_nstd": 22.281072520854266,
  "dvars_std": 0.9778694598492457,
  "dvars_vstd": 0.8964412395979897,
  "efc": 0.443744011880509,
  "fber": 2402.49853515625,
  "fd_mean": 0.07613757935857922,
  "fd_num": 9,
  "fd_perc": 4.5,
  "fwhm_avg": 2.283455921226922,
  "fwhm_x": 2.147777777777778,
  "fwhm_y": 2.28373037037037,
  "fwhm_z": 2.418859615532618,
  "gcor": 0.0178338,
  "gsr_x": -0.010580487549304962,
  "gsr_y": 0.026301829144358635,
  "provenance": {
    "md5sum": "75ffedcfa9df38d914705ac3ab84feca",
    "settings": {
      "fd_thres": 0.2,
      "testing": false
    },
    "software": "mriqc",
    "version": "23.1.0"
  },
  "size_t": 200,
  "size_x": 64,
  "size_y": 64,
  "size_z": 43,
  "snr": 3.1074967886809297,
  "spacing_tr": 3.0,
  "spacing_x": 3.375,
  "spacing_y": 3.375,
  "spacing_z": 3.000000476837158,
  "summary_bg_k": 39.157511466683154,
  "summary_bg_mad": 5.337367845228202,
  "summary_bg_mean": 26.102263334899522,
  "summary_bg_median": 11.28499984741211,
  "summary_bg_n": 145054.0,
  "summary_bg_p05": 6.960000038146973,
  "summary_bg_p95": 97.16999816894531,
  "summary_bg_stdv": 45.900137827953095,
  "summary_fg_k": 1.046283284515031,
  "summary_fg_mad": 168.16787128372138,
  "summary_fg_mean": 579.5568457891515,
  "summary_fg_median": 553.1375122070312,
  "summary_fg_n": 31074.0,
  "summary_fg_p05": 332.5350036621094,
  "summary_fg_p95": 901.75,
  "summary_fg_stdv": 177.99812821154362,
  "tsnr": 50.81474190717563
}