{
  "aor": 0.0047446798029556645,
  "aqi": 0.011453715270935961,
  "bids_meta": {
    "EchoTime": 0.047,
    "RepetitionTime": 3.0,
    "SliceEncodingDirection": "k",
    "SliceTiming": [
      0.0,
      1.5,
      0.065,
      1.565,
      0.13,
      1.63,
      0.196,
      1.696,
      0.261,
      1.761,
      0.326,
      1.826,
      0.391,
      1.891,
      0.457,
      1.957,
      0.522,
      2.022,
      0.587,
      2.087,
      0.652,
      2.152,
      0.717,
      2.217,
      0.783,
      2.283,
      0.848,
      2.348,
      0.913,
      2.413,
      0.978,
      2.478,
      1.043,
      2.543,
      1.109,
      2.609,
      1.174,
      2.674,
      1.239,
      2.739,
      1.304,
      2.804,
      1.37,
      2.87,
      1.435,
      2.935
    ],
    "TaskName": "rest",
    "dataset": "ds003592",
    "modality": "bold",
    "session_id": "2",
    "subject_id": "221",
    "task_id": "rest"
  },
  "dummy_trs": 1,
  "dvars_nstd": 39.87062732782177,
  "dvars_std": 1.033953767574257,
  "dvars_vstd": 0.9547642607920788,
  "efc": 0.41656232405016286,
  "fber": 13685.6083984375,
  "fd_mean": 0.2560624647418689,
  "fd_num": 106,
  "fd_perc": 52.216748768472904,
  "fwhm_avg": 2.6943822222222225,
  "fwhm_x": 2.6099200000000002,
  "fwhm_y": 2.8320166666666666,
  "fwhm_z": 2.64121,
  "gcor": 0.0508525,
  "gsr_x": -0.012149358168244362,
  "gsr_y": 0.019373316317796707,
  "provenance": {
    "md5sum": "a41219e165d3aa99776d9fe2aeb65589",
    "settings": {
      "fd_thres": 0.2,
      "testing": false
    },
    "software": "mriqc",
    "version": "23.1.0"
  },
  "size_t": 203,
  "size_x": 72,
  "size_y": 72,
  "size_z": 46,
  "snr": 3.0379054294225627,
  "spacing_tr": 3.0,
  "spacing_x": 3.0,
  "spacing_y": 3.0,
  "spacing_z": 3.0,
  "summary_bg_k": 31.82582585292142,
  "summary_bg_mad": 28.059888475244584,
  "summary_bg_mean": 81.31880853949639,
  "summary_bg_median": 21.39901351928711,
  "summary_bg_n": 195106.0,
  "summary_bg_p05": 0.6798029541969299,
  "summary_bg_p95": 393.7783203125,
  "summary_bg_stdv": 187.5961578126907,
  "summary_fg_k": 0.850659589312841,
  "summary_fg_mad": 712.9819952219582,
  "summary_fg_mean": 2632.649034969899,
  "summary_fg_median": 2503.3743896484375,
  "summary_fg_n": 43358.0,
  "summary_fg_p05": 1452.9852294921875,
  "summary_fg_p95": 4214.04443359375,
  "summary_fg_stdv": 824.0366854677322,
  "tsnr": 33.09718006278854
}