{
  "aor": 0.005781773399014778,
  "aqi": 0.007822318177339901,
  "bids_meta": {
    "EchoTime": 0.03,
    "RepetitionTime": 3.0,
    "SliceEncodingDirection": "k",
    "SliceTiming": [
      0.0,
      1.5,
      0.065,
      1.565,
      0.13,
      1.63,
      0.196,
      1.696,
      0.261,
      1.761,
      0.326,
      1.826,
      0.391,
      1.891,
      0.457,
      1.957,
      0.522,
      2.022,
      0.587,
      2.087,
      0.652,
      2.152,
      0.717,
      2.217,
      0.783,
      2.283,
      0.848,
      2.348,
      0.913,
      2.413,
      0.978,
      2.478,
      1.043,
      2.543,
      1.109,
      2.609,
      1.174,
      2.674,
      1.239,
      2.739,
      1.304,
      2.804,
      1.37,
      2.87,
      1.435,
      2.935
    ],
    "TaskName": "rest",
    "dataset": "ds003592",
    "modality": "bold",
    "session_id": "2",
    "subject_id": "221",
    "task_id": "rest"
  },
  "dummy_trs": 1,
  "dvars_nstd": 33.03843303732675,
  "dvars_std": 1.0624921895049508,
  "dvars_vstd": 0.9584541961881186,
  "efc": 0.4395367231874485,
  "fber": 23762.36328125,
  "fd_mean": 0.261618187491608,
  "fd_num": 108,
  "fd_perc": 53.20197044334975,
  "fwhm_avg": 3.098085555555555,
  "fwhm_x": 2.99647,
  "fwhm_y": 3.09716,
  "fwhm_z": 3.2006266666666665,
  "gcor": 0.0666131,
  "gsr_x": -0.012654636055231094,
  "gsr_y": 0.023445630446076393,
  "provenance": {
    "md5sum": "94388b5e9f938a1e7a3cbaf8b4430806",
    "settings": {
      "fd_thres": 0.2,
      "testing": false
    },
    "software": "mriqc",
    "version": "23.1.0"
  },
  "size_t": 203,
  "size_x": 72,
  "size_y": 72,
  "size_z": 46,
  "snr": 3.0117915353310876,
  "spacing_tr": 3.0,
  "spacing_x": 3.0,
  "spacing_y": 3.0,
  "spacing_z": 3.0,
  "summary_bg_k": 22.174190159759814,
  "summary_bg_mad": 31.748137137414446,
  "summary_bg_mean": 140.2424312136256,
  "summary_bg_median": 23.507389068603516,
  "summary_bg_n": 191139.0,
  "summary_bg_p05": 0.842364490032196,
  "summary_bg_p95": 778.05908203125,
  "summary_bg_stdv": 321.07636392212726,
  "summary_fg_k": 1.2350312630068316,
  "summary_fg_mad": 1007.8263672500341,
  "summary_fg_mean": 3834.623964176974,
  "summary_fg_median": 3623.6748046875,
  "summary_fg_n": 47325.0,
  "summary_fg_p05": 2189.1083984375,
  "summary_fg_p95": 6214.8076171875,
  "summary_fg_stdv": 1203.1498451939203,
  "tsnr": 41.72588923247531
}