{
  "aor": 0.0007926,
  "aqi": 0.0033295664999999997,
  "bids_meta": {
    "EchoTime": 0.04592,
    "RepetitionTime": 3,
    "SliceEncodingDirection": "k",
    "SliceTiming": [
      0,
      1.54,
      0.07,
      1.61,
      0.14,
      1.68,
      0.21,
      1.75,
      0.28,
      1.82,
      0.35,
      1.89,
      0.42,
      1.96,
      0.49,
      2.03,
      0.56,
      2.1,
      0.63,
      2.17,
      0.7,
      2.24,
      0.77,
      2.31,
      0.84,
      2.38,
      0.91,
      2.45,
      0.98,
      2.52,
      1.05,
      2.5925,
      1.12,
      2.6625,
      1.19,
      2.7325,
      1.26,
      2.8025,
      1.33,
      2.8725,
      1.4,
      2.9425,
      1.47
    ],
    "TaskName": "rest",
    "dataset": "ds003592",
    "modality": "bold",
    "session_id": "2",
    "subject_id": "250",
    "task_id": "rest"
  },
  "dummy_trs": 0,
  "dvars_nstd": 31.43558470577889,
  "dvars_std": 1.1541633959798985,
  "dvars_vstd": 1.0039991690954777,
  "efc": 0.4530604327612797,
  "fber": 1313.0576171875,
  "fd_mean": 0.07718994547612519,
  "fd_num": 4,
  "fd_perc": 2.0,
  "fwhm_avg": 2.1866072179007556,
  "fwhm_x": 2.053111111111111,
  "fwhm_y": 2.199845925925926,
  "fwhm_z": 2.3068646166652296,
  "gcor": 0.0226924,
  "gsr_x": -0.00400052685290575,
  "gsr_y": 0.02413804829120636,
  "provenance": {
    "md5sum": "7841c362cb392d9bf40ce300eaf97fa4",
    "settings": {
      "fd_thres": 0.2,
      "testing": false
    },
    "software": "mriqc",
    "version": "23.1.0"
  },
  "size_t": 200,
  "size_x": 64,
  "size_y": 64,
  "size_z": 43,
  "snr": 2.3118556585552135,
  "spacing_tr": 3.0,
  "spacing_x": 3.375,
  "spacing_y": 3.375,
  "spacing_z": 2.9999983310699463,
  "summary_bg_k": 59.314984759218184,
  "summary_bg_mad": 4.885174423089531,
  "summary_bg_mean": 22.378835407089547,
  "summary_bg_median": 11.899999618530273,
  "summary_bg_n": 141771.0,
  "summary_bg_p05": 7.724999904632568,
  "summary_bg_p95": 76.37999725341797,
  "summary_bg_stdv": 36.45155084540853,
  "summary_fg_k": 3.5060947064871097,
  "summary_fg_mad": 147.60045300442223,
  "summary_fg_mean": 470.43747501918455,
  "summary_fg_median": 431.2099914550781,
  "summary_fg_n": 34357.0,
  "summary_fg_p05": 240.60499572753906,
  "summary_fg_p95": 819.7049560546875,
  "summary_fg_stdv": 186.51844217969867,
  "tsnr": 58.41478014877066
}