{
  "aor": 0.0019352709359605912,
  "aqi": 0.005722735369458128,
  "bids_meta": {
    "EchoTime": 0.03,
    "RepetitionTime": 3.0,
    "SliceEncodingDirection": "k",
    "SliceTiming": [
      0.0,
      1.5,
      0.065,
      1.565,
      0.13,
      1.63,
      0.196,
      1.696,
      0.261,
      1.761,
      0.326,
      1.826,
      0.391,
      1.891,
      0.457,
      1.957,
      0.522,
      2.022,
      0.587,
      2.087,
      0.652,
      2.152,
      0.717,
      2.217,
      0.783,
      2.283,
      0.848,
      2.348,
      0.913,
      2.413,
      0.978,
      2.478,
      1.043,
      2.543,
      1.109,
      2.609,
      1.174,
      2.674,
      1.239,
      2.739,
      1.304,
      2.804,
      1.37,
      2.87,
      1.435,
      2.935
    ],
    "TaskName": "rest",
    "dataset": "ds003592",
    "modality": "bold",
    "session_id": "1",
    "subject_id": "226",
    "task_id": "rest"
  },
  "dummy_trs": 1,
  "dvars_nstd": 18.231217671930697,
  "dvars_std": 1.0344051806435637,
  "dvars_vstd": 0.9489743846534653,
  "efc": 0.44152963242189863,
  "fber": 17045.716796875,
  "fd_mean": 0.0855138228950936,
  "fd_num": 10,
  "fd_perc": 4.926108374384237,
  "fwhm_avg": 2.8534055555555558,
  "fwhm_x": 2.78299,
  "fwhm_y": 2.884346666666667,
  "fwhm_z": 2.89288,
  "gcor": 0.0291698,
  "gsr_x": -0.014245775528252125,
  "gsr_y": 0.03170157968997955,
  "provenance": {
    "md5sum": "a558b0342cd6fe474539cd22d79cb9ea",
    "settings": {
      "fd_thres": 0.2,
      "testing": false
    },
    "software": "mriqc",
    "version": "23.1.0"
  },
  "size_t": 203,
  "size_x": 72,
  "size_y": 72,
  "size_z": 46,
  "snr": 3.345967677639919,
  "spacing_tr": 3.0,
  "spacing_x": 3.0,
  "spacing_y": 3.0,
  "spacing_z": 3.0,
  "summary_bg_k": 21.589497714893934,
  "summary_bg_mad": 36.6925793609962,
  "summary_bg_mean": 144.80774153366494,
  "summary_bg_median": 26.689655303955078,
  "summary_bg_n": 193477.0,
  "summary_bg_p05": 0.8177340030670166,
  "summary_bg_p95": 717.1329956054688,
  "summary_bg_stdv": 301.9771773686481,
  "summary_fg_k": 0.260306557353442,
  "summary_fg_mad": 968.6724208198658,
  "summary_fg_mean": 3618.4687338210097,
  "summary_fg_median": 3484.581298828125,
  "summary_fg_n": 44987.0,
  "summary_fg_p05": 2055.699462890625,
  "summary_fg_p95": 5559.453125,
  "summary_fg_stdv": 1041.4154903948236,
  "tsnr": 52.15457182750106
}