{
  "aor": 0.0007943,
  "aqi": 0.00561190725,
  "bids_meta": {
    "EchoTime": 0.014,
    "RepetitionTime": 3,
    "SliceEncodingDirection": "k",
    "SliceTiming": [
      0,
      1.5425,
      0.07,
      1.6125,
      0.14,
      1.6825,
      0.21,
      1.7525,
      0.28,
      1.8225,
      0.35,
      1.8925,
      0.42,
      1.9625,
      0.49,
      2.0325,
      0.56,
      2.1025,
      0.63,
      2.1725,
      0.7,
      2.2425,
      0.77,
      2.3125,
      0.84,
      2.3825,
      0.91,
      2.4525,
      0.98,
      2.5225,
      1.05,
      2.5925,
      1.12,
      2.6625,
      1.19,
      2.7325,
      1.26,
      2.8025,
      1.33,
      2.8725,
      1.4,
      2.9425,
      1.47
    ],
    "TaskName": "rest",
    "dataset": "ds003592",
    "modality": "bold",
    "session_id": "1",
    "subject_id": "268",
    "task_id": "rest"
  },
  "dummy_trs": 0,
  "dvars_nstd": 19.98576288391959,
  "dvars_std": 1.1179691603015074,
  "dvars_vstd": 0.9733992699999999,
  "efc": 0.5569648961729687,
  "fber": 977.7174682617188,
  "fd_mean": 0.08126144440539268,
  "fd_num": 5,
  "fd_perc": 2.5,
  "fwhm_avg": 2.651121357846054,
  "fwhm_x": 2.16152,
  "fwhm_y": 2.6872000000000003,
  "fwhm_z": 3.1046440735381617,
  "gcor": 0.0163291,
  "gsr_x": -0.029400892555713654,
  "gsr_y": 0.15117913484573364,
  "provenance": {
    "md5sum": "ddabd9363109fdc532e4cfdec55f2177",
    "settings": {
      "fd_thres": 0.2,
      "testing": false
    },
    "software": "mriqc",
    "version": "23.1.0"
  },
  "size_t": 200,
  "size_x": 64,
  "size_y": 64,
  "size_z": 43,
  "snr": 2.690094340166496,
  "spacing_tr": 3.0,
  "spacing_x": 3.375,
  "spacing_y": 3.375,
  "spacing_z": 2.9999992847442627,
  "summary_bg_k": 34.50670108617168,
  "summary_bg_mad": 20.563691187082682,
  "summary_bg_mean": 86.05726407084993,
  "summary_bg_median": 22.869998931884766,
  "summary_bg_n": 133457.0,
  "summary_bg_p05": 8.069999694824219,
  "summary_bg_p95": 395.1300048828125,
  "summary_bg_stdv": 158.09984655238316,
  "summary_fg_k": 2.9361734791988905,
  "summary_fg_mad": 225.46675047741104,
  "summary_fg_mean": 757.6734079109441,
  "summary_fg_median": 715.1099853515625,
  "summary_fg_n": 42671.0,
  "summary_fg_p05": 408.8699951171875,
  "summary_fg_p95": 1231.5399169921875,
  "summary_fg_stdv": 265.8277054752274,
  "tsnr": 73.16709509119391
}