{
  "aor": 0.0010377114427860695,
  "aqi": 0.002660164676616915,
  "bids_meta": {
    "EchoTime": 0.0137,
    "RepetitionTime": 3.0,
    "SliceEncodingDirection": "k",
    "SliceTiming": [
      0.0,
      1.5,
      0.065,
      1.565,
      0.13,
      1.63,
      0.196,
      1.696,
      0.261,
      1.761,
      0.326,
      1.826,
      0.391,
      1.891,
      0.457,
      1.957,
      0.522,
      2.022,
      0.587,
      2.087,
      0.652,
      2.152,
      0.717,
      2.217,
      0.783,
      2.283,
      0.848,
      2.348,
      0.913,
      2.413,
      0.978,
      2.478,
      1.043,
      2.543,
      1.109,
      2.609,
      1.174,
      2.674,
      1.239,
      2.739,
      1.304,
      2.804,
      1.37,
      2.87,
      1.435,
      2.935
    ],
    "TaskName": "rest",
    "dataset": "ds003592",
    "modality": "bold",
    "session_id": "2",
    "subject_id": "58",
    "task_id": "rest"
  },
  "dummy_trs": 3,
  "dvars_nstd": 16.173158545600007,
  "dvars_std": 1.25742438605,
  "dvars_vstd": 0.9516679248499994,
  "efc": 0.5344949699560241,
  "fber": 7674.48046875,
  "fd_mean": 0.07257909785299098,
  "fd_num": 6,
  "fd_perc": 2.985074626865672,
  "fwhm_avg": 3.498667777777778,
  "fwhm_x": 3.21057,
  "fwhm_y": 3.4690666666666665,
  "fwhm_z": 3.8163666666666667,
  "gcor": 0.0104093,
  "gsr_x": -0.012140496633946896,
  "gsr_y": 0.08166523277759552,
  "provenance": {
    "md5sum": "f42fedda5f456a92b54ddfeda696eee6",
    "settings": {
      "fd_thres": 0.2,
      "testing": false
    },
    "software": "mriqc",
    "version": "23.1.0"
  },
  "size_t": 201,
  "size_x": 72,
  "size_y": 72,
  "size_z": 46,
  "snr": 2.7356485556541466,
  "spacing_tr": 3.0,
  "spacing_x": 3.0,
  "spacing_y": 3.0,
  "spacing_z": 3.0,
  "summary_bg_k": 10.801876850334404,
  "summary_bg_mad": 75.75285573475215,
  "summary_bg_mean": 435.25724372564605,
  "summary_bg_median": 52.46765899658203,
  "summary_bg_n": 179397.0,
  "summary_bg_p05": 0.7164179086685181,
  "summary_bg_p95": 2267.810791015625,
  "summary_bg_stdv": 850.3240823819407,
  "summary_fg_k": 1.3974936334264667,
  "summary_fg_mad": 1438.9867108094911,
  "summary_fg_mean": 4872.132139391632,
  "summary_fg_median": 4596.3828125,
  "summary_fg_n": 59067.0,
  "summary_fg_p05": 2597.989990234375,
  "summary_fg_p95": 8047.1640625,
  "summary_fg_stdv": 1680.166077847464,
  "tsnr": 84.34372620470822
}