{
  "aor": 0.0016201980198019804,
  "aqi": 0.006070581237623763,
  "bids_meta": {
    "EchoTime": 0.03,
    "RepetitionTime": 3.0,
    "SliceEncodingDirection": "k",
    "SliceTiming": [
      0.0,
      1.5,
      0.065,
      1.565,
      0.13,
      1.63,
      0.196,
      1.696,
      0.261,
      1.761,
      0.326,
      1.826,
      0.391,
      1.891,
      0.457,
      1.957,
      0.522,
      2.022,
      0.587,
      2.087,
      0.652,
      2.152,
      0.717,
      2.217,
      0.783,
      2.283,
      0.848,
      2.348,
      0.913,
      2.413,
      0.978,
      2.478,
      1.043,
      2.543,
      1.109,
      2.609,
      1.174,
      2.674,
      1.239,
      2.739,
      1.304,
      2.804,
      1.37,
      2.87,
      1.435,
      2.935
    ],
    "TaskName": "rest",
    "dataset": "ds003592",
    "modality": "bold",
    "session_id": "1",
    "subject_id": "220",
    "task_id": "rest"
  },
  "dummy_trs": 2,
  "dvars_nstd": 16.400071964676606,
  "dvars_std": 1.036878165721392,
  "dvars_vstd": 0.9389177117412941,
  "efc": 0.4545249898864947,
  "fber": 18748.67578125,
  "fd_mean": 0.07767313899243578,
  "fd_num": 4,
  "fd_perc": 1.9801980198019802,
  "fwhm_avg": 2.735312222222222,
  "fwhm_x": 2.6722133333333336,
  "fwhm_y": 2.781943333333333,
  "fwhm_z": 2.75178,
  "gcor": 0.0202582,
  "gsr_x": 0.0025938802864402533,
  "gsr_y": 0.028990503400564194,
  "provenance": {
    "md5sum": "acf11150ed553c533988a615e37883c0",
    "settings": {
      "fd_thres": 0.2,
      "testing": false
    },
    "software": "mriqc",
    "version": "23.1.0"
  },
  "size_t": 202,
  "size_x": 72,
  "size_y": 72,
  "size_z": 46,
  "snr": 3.328444133791862,
  "spacing_tr": 3.0,
  "spacing_x": 3.0,
  "spacing_y": 3.0,
  "spacing_z": 3.0,
  "summary_bg_k": 55.847558665861605,
  "summary_bg_mad": 35.01730178057922,
  "summary_bg_mean": 154.2237345786461,
  "summary_bg_median": 25.68811798095703,
  "summary_bg_n": 189881.0,
  "summary_bg_p05": 0.9306930303573608,
  "summary_bg_p95": 795.2078857421875,
  "summary_bg_stdv": 367.7960137218285,
  "summary_fg_k": 0.6135673569138023,
  "summary_fg_mad": 973.6219087924843,
  "summary_fg_mean": 3642.4211910202184,
  "summary_fg_median": 3517.3662109375,
  "summary_fg_n": 48583.0,
  "summary_fg_p05": 2070.796875,
  "summary_fg_p95": 5565.806640625,
  "summary_fg_stdv": 1056.7490003765224,
  "tsnr": 57.14059104840271
}