{
  "aor": 0.00125745,
  "aqi": 0.00287951165,
  "bids_meta": {
    "EchoTime": 0.014,
    "RepetitionTime": 3,
    "SliceEncodingDirection": "k",
    "SliceTiming": [
      0,
      1.5425,
      0.07,
      1.6125,
      0.14,
      1.6825,
      0.21,
      1.7525,
      0.28,
      1.8225,
      0.35,
      1.8925,
      0.42,
      1.9625,
      0.49,
      2.0325,
      0.56,
      2.1025,
      0.63,
      2.1725,
      0.7,
      2.2425,
      0.77,
      2.3125,
      0.84,
      2.3825,
      0.91,
      2.4525,
      0.98,
      2.5225,
      1.05,
      2.5925,
      1.12,
      2.6625,
      1.19,
      2.7325,
      1.26,
      2.8025,
      1.33,
      2.8725,
      1.4,
      2.9425,
      1.47
    ],
    "TaskName": "rest",
    "dataset": "ds003592",
    "modality": "bold",
    "session_id": "1",
    "subject_id": "285",
    "task_id": "rest"
  },
  "dummy_trs": 0,
  "dvars_nstd": 23.749426195025123,
  "dvars_std": 1.2085036288944726,
  "dvars_vstd": 0.9813578436683417,
  "efc": 0.5605768797196261,
  "fber": 526.4347534179688,
  "fd_mean": 0.1275907068980651,
  "fd_num": 16,
  "fd_perc": 8.0,
  "fwhm_avg": 3.4553094580384722,
  "fwhm_x": 3.1135111111111113,
  "fwhm_y": 3.401748148148148,
  "fwhm_z": 3.850669114856157,
  "gcor": 0.0803953,
  "gsr_x": -0.015233238227665424,
  "gsr_y": 0.12849374115467072,
  "provenance": {
    "md5sum": "e583db6cd5b313a701c4ef6aab7c303f",
    "settings": {
      "fd_thres": 0.2,
      "testing": false
    },
    "software": "mriqc",
    "version": "23.1.0"
  },
  "size_t": 200,
  "size_x": 64,
  "size_y": 64,
  "size_z": 43,
  "snr": 1.8497925464389144,
  "spacing_tr": 3.0,
  "spacing_x": 3.375,
  "spacing_y": 3.375,
  "spacing_z": 2.999998092651367,
  "summary_bg_k": 14.269571889898117,
  "summary_bg_mad": 35.50832426434489,
  "summary_bg_mean": 122.37404248776723,
  "summary_bg_median": 36.98500061035156,
  "summary_bg_n": 130883.0,
  "summary_bg_p05": 10.774999618530273,
  "summary_bg_p95": 538.875,
  "summary_bg_stdv": 203.63500467795902,
  "summary_fg_k": 3.8210652833701406,
  "summary_fg_mad": 330.4052884479913,
  "summary_fg_mean": 964.678279233872,
  "summary_fg_median": 848.5899658203125,
  "summary_fg_n": 45245.0,
  "summary_fg_p05": 472.989990234375,
  "summary_fg_p95": 1923.0599365234375,
  "summary_fg_stdv": 458.7436519198888,
  "tsnr": 78.74514582194388
}