{
  "aor": 0.002869113300492611,
  "aqi": 0.0051531313300492605,
  "bids_meta": {
    "EchoTime": 0.03,
    "RepetitionTime": 3.0,
    "SliceEncodingDirection": "k",
    "SliceTiming": [
      0.0,
      1.5,
      0.065,
      1.565,
      0.13,
      1.63,
      0.196,
      1.696,
      0.261,
      1.761,
      0.326,
      1.826,
      0.391,
      1.891,
      0.457,
      1.957,
      0.522,
      2.022,
      0.587,
      2.087,
      0.652,
      2.152,
      0.717,
      2.217,
      0.783,
      2.283,
      0.848,
      2.348,
      0.913,
      2.413,
      0.978,
      2.478,
      1.043,
      2.543,
      1.109,
      2.609,
      1.174,
      2.674,
      1.239,
      2.739,
      1.304,
      2.804,
      1.37,
      2.87,
      1.435,
      2.935
    ],
    "TaskName": "rest",
    "dataset": "ds003592",
    "modality": "bold",
    "session_id": "1",
    "subject_id": "233",
    "task_id": "rest"
  },
  "dummy_trs": 1,
  "dvars_nstd": 21.327628437920783,
  "dvars_std": 1.047684433118812,
  "dvars_vstd": 0.9436038438118811,
  "efc": 0.46030853305190045,
  "fber": 16747.64453125,
  "fd_mean": 0.11821462969393184,
  "fd_num": 24,
  "fd_perc": 11.822660098522167,
  "fwhm_avg": 2.810913333333333,
  "fwhm_x": 2.7819633333333336,
  "fwhm_y": 2.9545133333333333,
  "fwhm_z": 2.696263333333333,
  "gcor": 0.0280292,
  "gsr_x": -0.015244980342686176,
  "gsr_y": 0.03691444918513298,
  "provenance": {
    "md5sum": "644f25f6e19ea3588be7ca474228ea14",
    "settings": {
      "fd_thres": 0.2,
      "testing": false
    },
    "software": "mriqc",
    "version": "23.1.0"
  },
  "size_t": 203,
  "size_x": 72,
  "size_y": 72,
  "size_z": 46,
  "snr": 3.169170406686067,
  "spacing_tr": 3.0,
  "spacing_x": 3.0,
  "spacing_y": 3.0,
  "spacing_z": 3.0,
  "summary_bg_k": 19.166832423269653,
  "summary_bg_mad": 36.144817872045266,
  "summary_bg_mean": 152.10080079837527,
  "summary_bg_median": 25.842363357543945,
  "summary_bg_n": 189086.0,
  "summary_bg_p05": 0.7389162182807922,
  "summary_bg_p95": 782.1575927734375,
  "summary_bg_stdv": 316.1762802478064,
  "summary_fg_k": 0.5604502086345153,
  "summary_fg_mad": 965.7473943238346,
  "summary_fg_mean": 3493.237173458453,
  "summary_fg_median": 3344.3299560546875,
  "summary_fg_n": 49378.0,
  "summary_fg_p05": 1969.197021484375,
  "summary_fg_p95": 5451.04443359375,
  "summary_fg_stdv": 1055.259156860996,
  "tsnr": 51.57579003518913
}