{
  "bids_meta": {
    "EchoTime": 0.0034,
    "FlipAngle": 7,
    "RepetitionTime": 2.53,
    "dataset": "ds003592",
    "modality": "T1w",
    "session_id": "1",
    "subject_id": "195"
  },
  "cjv": 0.843437136031494,
  "cnr": 1.021096434694543,
  "efc": 0.5968906136312213,
  "fber": -1.0,
  "fwhm_avg": 4.06542,
  "fwhm_x": 4.12315,
  "fwhm_y": 4.12387,
  "fwhm_z": 3.94924,
  "icvs_csf": 0.2588281245035968,
  "icvs_gm": 0.3556438987828386,
  "icvs_wm": 0.3855279767135646,
  "inu_med": 0.8857263028621674,
  "inu_range": 0.7417313009500504,
  "provenance": {
    "md5sum": "4e5164ff9e7eefc608759ca2031666ec",
    "settings": {
      "testing": false
    },
    "software": "mriqc",
    "version": "23.1.0",
    "warnings": {
      "large_rot_frame": true,
      "small_air_mask": false
    }
  },
  "qi_1": 0.0,
  "qi_2": 0.002769991314452952,
  "rpve_csf": 7.354262005717429,
  "rpve_gm": 7.204214791477125,
  "rpve_wm": 7.277037539001054,
  "size_x": 176,
  "size_y": 256,
  "size_z": 256,
  "snr_csf": 1.6459209860018629,
  "snr_gm": 3.8594622921310378,
  "snr_total": 4.9819623854113315,
  "snr_wm": 9.440503878101094,
  "snrd_csf": 5.827805712339555,
  "snrd_gm": 15.780941602248399,
  "snrd_total": 14.055708039763978,
  "snrd_wm": 20.558376804703983,
  "spacing_x": 1.0,
  "spacing_y": 1.0,
  "spacing_z": 1.0,
  "summary_bg_k": 1453.2217740309552,
  "summary_bg_mad": 0.0,
  "summary_bg_mean": 4.425314042891622,
  "summary_bg_median": 0.0,
  "summary_bg_n": 2677479.0,
  "summary_bg_p05": 0.0,
  "summary_bg_p95": 19.474917367100716,
  "summary_bg_stdv": 30.7516014807058,
  "summary_csf_k": -0.6437886018618166,
  "summary_csf_mad": 135.90063871855048,
  "summary_csf_mean": 315.0125047540524,
  "summary_csf_median": 273.55274225771427,
  "summary_csf_n": 401858.0992390656,
  "summary_csf_p05": 103.33210375159979,
  "summary_csf_p95": 638.3171228170395,
  "summary_csf_stdv": 166.20020294055666,
  "summary_gm_k": 0.665156928601371,
  "summary_gm_mad": 95.75786824991546,
  "summary_gm_mean": 733.5015081658703,
  "summary_gm_median": 740.745327450335,
  "summary_gm_n": 552174.8513417678,
  "summary_gm_p05": 385.71840557456017,
  "summary_gm_p95": 1042.442201346159,
  "summary_gm_stdv": 191.9294970721217,
  "summary_wm_k": -0.5551919875318543,
  "summary_wm_mad": 93.38219594600534,
  "summary_wm_mean": 951.8244975237736,
  "summary_wm_median": 964.9944814369082,
  "summary_wm_n": 598573.0500606508,
  "summary_wm_p05": 769.505753941834,
  "summary_wm_p95": 1103.455391831696,
  "summary_wm_stdv": 102.21845018208387,
  "tpm_overlap_csf": 0.20225083577479422,
  "tpm_overlap_gm": 0.4995570770165867,
  "tpm_overlap_wm": 0.5422085873030686,
  "wm2max": 0.4526581960847072
}