{
  "aor": 0.002548762376237624,
  "aqi": 0.004048220594059407,
  "bids_meta": {
    "EchoTime": 0.0137,
    "RepetitionTime": 3.0,
    "SliceEncodingDirection": "k",
    "SliceTiming": [
      0.0,
      1.5,
      0.065,
      1.565,
      0.13,
      1.63,
      0.196,
      1.696,
      0.261,
      1.761,
      0.326,
      1.826,
      0.391,
      1.891,
      0.457,
      1.957,
      0.522,
      2.022,
      0.587,
      2.087,
      0.652,
      2.152,
      0.717,
      2.217,
      0.783,
      2.283,
      0.848,
      2.348,
      0.913,
      2.413,
      0.978,
      2.478,
      1.043,
      2.543,
      1.109,
      2.609,
      1.174,
      2.674,
      1.239,
      2.739,
      1.304,
      2.804,
      1.37,
      2.87,
      1.435,
      2.935
    ],
    "TaskName": "rest",
    "dataset": "ds003592",
    "modality": "bold",
    "session_id": "1",
    "subject_id": "208",
    "task_id": "rest"
  },
  "dummy_trs": 2,
  "dvars_nstd": 22.942460059651737,
  "dvars_std": 1.4084165913930342,
  "dvars_vstd": 0.9619770409452738,
  "efc": 0.5460192158245354,
  "fber": 14639.6162109375,
  "fd_mean": 0.12279506016013084,
  "fd_num": 31,
  "fd_perc": 15.346534653465346,
  "fwhm_avg": 3.256931111111111,
  "fwhm_x": 2.792823333333333,
  "fwhm_y": 3.240536666666667,
  "fwhm_z": 3.7374333333333336,
  "gcor": 0.027403,
  "gsr_x": -0.013736747205257416,
  "gsr_y": 0.10071415454149246,
  "provenance": {
    "md5sum": "b8fb6f319a58830a97f2c52c10c24da1",
    "settings": {
      "fd_thres": 0.2,
      "testing": false
    },
    "software": "mriqc",
    "version": "23.1.0"
  },
  "size_t": 202,
  "size_x": 72,
  "size_y": 72,
  "size_z": 46,
  "snr": 2.673049945754685,
  "spacing_tr": 3.0,
  "spacing_x": 3.0,
  "spacing_y": 3.0,
  "spacing_z": 3.0,
  "summary_bg_k": 12.72481997877298,
  "summary_bg_mad": 58.452689772281346,
  "summary_bg_mean": 468.5991796795836,
  "summary_bg_median": 41.064353942871094,
  "summary_bg_n": 171548.0,
  "summary_bg_p05": 0.9801980257034302,
  "summary_bg_p95": 2732.668212890625,
  "summary_bg_stdv": 1059.943579753736,
  "summary_fg_k": 1.0149407242972082,
  "summary_fg_mad": 1604.0691831739791,
  "summary_fg_mean": 5285.56837402346,
  "summary_fg_median": 4968.552001953125,
  "summary_fg_n": 66916.0,
  "summary_fg_p05": 2817.6484375,
  "summary_fg_p95": 8853.455078125,
  "summary_fg_stdv": 1858.743748658326,
  "tsnr": 69.07127085328102
}