{
  "aor": 0.0009327586206896552,
  "aqi": 0.004673678620689655,
  "bids_meta": {
    "EchoTime": 0.047,
    "RepetitionTime": 3.0,
    "SliceEncodingDirection": "k",
    "SliceTiming": [
      0.0,
      1.5,
      0.065,
      1.565,
      0.13,
      1.63,
      0.196,
      1.696,
      0.261,
      1.761,
      0.326,
      1.826,
      0.391,
      1.891,
      0.457,
      1.957,
      0.522,
      2.022,
      0.587,
      2.087,
      0.652,
      2.152,
      0.717,
      2.217,
      0.783,
      2.283,
      0.848,
      2.348,
      0.913,
      2.413,
      0.978,
      2.478,
      1.043,
      2.543,
      1.109,
      2.609,
      1.174,
      2.674,
      1.239,
      2.739,
      1.304,
      2.804,
      1.37,
      2.87,
      1.435,
      2.935
    ],
    "TaskName": "rest",
    "dataset": "ds003592",
    "modality": "bold",
    "session_id": "1",
    "subject_id": "35",
    "task_id": "rest"
  },
  "dummy_trs": 1,
  "dvars_nstd": 21.080821348712877,
  "dvars_std": 1.0151283103960393,
  "dvars_vstd": 0.9584578873762379,
  "efc": 0.4597739761429537,
  "fber": 7206.65478515625,
  "fd_mean": 0.03918218748988166,
  "fd_num": 0,
  "fd_perc": 0.0,
  "fwhm_avg": 2.6552655555555553,
  "fwhm_x": 2.654243333333333,
  "fwhm_y": 2.753633333333333,
  "fwhm_z": 2.5579199999999997,
  "gcor": 0.0146841,
  "gsr_x": -0.002597684971988201,
  "gsr_y": 0.034304093569517136,
  "provenance": {
    "md5sum": "88bff6e4a7da9f6503e9c9752d9e1f8a",
    "settings": {
      "fd_thres": 0.2,
      "testing": false
    },
    "software": "mriqc",
    "version": "23.1.0"
  },
  "size_t": 203,
  "size_x": 72,
  "size_y": 72,
  "size_z": 46,
  "snr": 2.7985844308115624,
  "spacing_tr": 3.0,
  "spacing_x": 3.0,
  "spacing_y": 3.0,
  "spacing_z": 3.0,
  "summary_bg_k": 19.962969518387418,
  "summary_bg_mad": 43.762326462218724,
  "summary_bg_mean": 120.27344193802269,
  "summary_bg_median": 30.108373641967773,
  "summary_bg_n": 188554.0,
  "summary_bg_p05": 0.03940886631608009,
  "summary_bg_p95": 620.4482421875,
  "summary_bg_stdv": 243.54853805451214,
  "summary_fg_k": 0.5824600259688735,
  "summary_fg_mad": 834.9278375112052,
  "summary_fg_mean": 2712.9342530332524,
  "summary_fg_median": 2555.9605712890625,
  "summary_fg_n": 49910.0,
  "summary_fg_p05": 1461.27587890625,
  "summary_fg_p95": 4447.97998046875,
  "summary_fg_stdv": 913.2956423700392,
  "tsnr": 48.22712336445693
}