{
  "aor": 0.001384384236453202,
  "aqi": 0.006678456748768472,
  "bids_meta": {
    "EchoTime": 0.047,
    "RepetitionTime": 3.0,
    "SliceEncodingDirection": "k",
    "SliceTiming": [
      0.0,
      1.5,
      0.065,
      1.565,
      0.13,
      1.63,
      0.196,
      1.696,
      0.261,
      1.761,
      0.326,
      1.826,
      0.391,
      1.891,
      0.457,
      1.957,
      0.522,
      2.022,
      0.587,
      2.087,
      0.652,
      2.152,
      0.717,
      2.217,
      0.783,
      2.283,
      0.848,
      2.348,
      0.913,
      2.413,
      0.978,
      2.478,
      1.043,
      2.543,
      1.109,
      2.609,
      1.174,
      2.674,
      1.239,
      2.739,
      1.304,
      2.804,
      1.37,
      2.87,
      1.435,
      2.935
    ],
    "TaskName": "rest",
    "dataset": "ds003592",
    "modality": "bold",
    "session_id": "1",
    "subject_id": "113",
    "task_id": "rest"
  },
  "dummy_trs": 1,
  "dvars_nstd": 23.849901539009892,
  "dvars_std": 1.04745254450495,
  "dvars_vstd": 0.9558642474257426,
  "efc": 0.420025698841681,
  "fber": 14042.5009765625,
  "fd_mean": 0.07785541507794105,
  "fd_num": 7,
  "fd_perc": 3.4482758620689653,
  "fwhm_avg": 2.3382466666666666,
  "fwhm_x": 2.29926,
  "fwhm_y": 2.4554266666666664,
  "fwhm_z": 2.2600533333333335,
  "gcor": 0.0136908,
  "gsr_x": -0.012924931943416595,
  "gsr_y": 0.02193395420908928,
  "provenance": {
    "md5sum": "c4c66a12f9a75a84c962c9c06fa3d385",
    "settings": {
      "fd_thres": 0.2,
      "testing": false
    },
    "software": "mriqc",
    "version": "23.1.0"
  },
  "size_t": 203,
  "size_x": 72,
  "size_y": 72,
  "size_z": 46,
  "snr": 3.3755991898797655,
  "spacing_tr": 3.0,
  "spacing_x": 3.0,
  "spacing_y": 3.0,
  "spacing_z": 3.0,
  "summary_bg_k": 30.93358092426577,
  "summary_bg_mad": 27.161563811497643,
  "summary_bg_mean": 80.9444260196293,
  "summary_bg_median": 20.91132926940918,
  "summary_bg_n": 195249.0,
  "summary_bg_p05": 0.3251231610774994,
  "summary_bg_p95": 378.0443420410156,
  "summary_bg_stdv": 189.86160364230975,
  "summary_fg_k": 0.5637760903115652,
  "summary_fg_mad": 693.6678074586893,
  "summary_fg_mean": 2535.9131825360687,
  "summary_fg_median": 2478.0146484375,
  "summary_fg_n": 43215.0,
  "summary_fg_p05": 1413.94580078125,
  "summary_fg_p95": 3827.753662109375,
  "summary_fg_stdv": 734.0877391281547,
  "tsnr": 44.19865601416677
}