{
  "bids_meta": {
    "EchoTime": 0.0034,
    "FlipAngle": 7,
    "RepetitionTime": 2.53,
    "dataset": "ds003592",
    "modality": "T1w",
    "session_id": "1",
    "subject_id": "130"
  },
  "cjv": 0.5711152218628348,
  "cnr": 1.8132473583331363,
  "efc": 0.5801356331989629,
  "fber": -1.0,
  "fwhm_avg": 4.2900133333333335,
  "fwhm_x": 4.29467,
  "fwhm_y": 4.34383,
  "fwhm_z": 4.23154,
  "icvs_csf": 0.2630489270798923,
  "icvs_gm": 0.38309524732692757,
  "icvs_wm": 0.3538558255931801,
  "inu_med": 0.7899729311466217,
  "inu_range": 0.6533142864704132,
  "provenance": {
    "md5sum": "210d942b3c26294b5406c0fe21e7d3ab",
    "settings": {
      "testing": false
    },
    "software": "mriqc",
    "version": "23.1.0",
    "warnings": {
      "large_rot_frame": true,
      "small_air_mask": false
    }
  },
  "qi_1": 0.0,
  "qi_2": 0.0012509007394563834,
  "rpve_csf": 7.578040147204761,
  "rpve_gm": 7.50472971344982,
  "rpve_wm": 7.59930498598089,
  "size_x": 176,
  "size_y": 256,
  "size_z": 256,
  "snr_csf": 1.9027560407250947,
  "snr_gm": 5.703672341712283,
  "snr_total": 6.825329385989275,
  "snr_wm": 12.869559775530448,
  "snrd_csf": 29.993533809495254,
  "snrd_gm": 50.750571614368475,
  "snrd_total": 50.13926356170947,
  "snrd_wm": 69.67368526126468,
  "spacing_x": 1.0,
  "spacing_y": 1.0,
  "spacing_z": 1.0,
  "summary_bg_k": 1884.9002597979952,
  "summary_bg_mad": 0.0,
  "summary_bg_mean": 4.00170864180417,
  "summary_bg_median": 0.0,
  "summary_bg_n": 2678400.0,
  "summary_bg_p05": 0.0,
  "summary_bg_p95": 21.212554454803467,
  "summary_bg_stdv": 9.126644868669816,
  "summary_csf_k": -0.6284995418320252,
  "summary_csf_mad": 162.56136436195825,
  "summary_csf_mean": 420.38806817073095,
  "summary_csf_median": 417.8371579349041,
  "summary_csf_n": 394884.3145716471,
  "summary_csf_p05": 72.3806756734848,
  "summary_csf_p95": 768.6684428453445,
  "summary_csf_stdv": 219.5954814641386,
  "summary_gm_k": -0.6769012778024361,
  "summary_gm_mad": 93.07434979155256,
  "summary_gm_mean": 712.2971744565863,
  "summary_gm_median": 707.0015404522419,
  "summary_gm_n": 575095.6897474959,
  "summary_gm_p05": 514.3327814936638,
  "summary_gm_p95": 945.2844578921795,
  "summary_gm_stdv": 123.95538933747257,
  "summary_wm_k": -0.006475343711439319,
  "summary_wm_mad": 57.48084844432641,
  "summary_wm_mean": 959.3790487634114,
  "summary_wm_median": 970.6176943778992,
  "summary_wm_n": 531201.9961370466,
  "summary_wm_p05": 811.9535201787949,
  "summary_wm_p95": 1065.2142210006714,
  "summary_wm_stdv": 75.41957904557567,
  "tpm_overlap_csf": 0.20565629714940034,
  "tpm_overlap_gm": 0.5214450662724149,
  "tpm_overlap_wm": 0.541895937413026,
  "wm2max": 0.5169366996813038
}