{
  "aor": 0.0006882266009852217,
  "aqi": 0.005028296354679803,
  "bids_meta": {
    "EchoTime": 0.047,
    "RepetitionTime": 3.0,
    "SliceEncodingDirection": "k",
    "SliceTiming": [
      0.0,
      1.5,
      0.065,
      1.565,
      0.13,
      1.63,
      0.196,
      1.696,
      0.261,
      1.761,
      0.326,
      1.826,
      0.391,
      1.891,
      0.457,
      1.957,
      0.522,
      2.022,
      0.587,
      2.087,
      0.652,
      2.152,
      0.717,
      2.217,
      0.783,
      2.283,
      0.848,
      2.348,
      0.913,
      2.413,
      0.978,
      2.478,
      1.043,
      2.543,
      1.109,
      2.609,
      1.174,
      2.674,
      1.239,
      2.739,
      1.304,
      2.804,
      1.37,
      2.87,
      1.435,
      2.935
    ],
    "TaskName": "rest",
    "dataset": "ds003592",
    "modality": "bold",
    "session_id": "1",
    "subject_id": "27",
    "task_id": "rest"
  },
  "dummy_trs": 1,
  "dvars_nstd": 23.627882635940598,
  "dvars_std": 1.0645648572772277,
  "dvars_vstd": 0.9524671672772278,
  "efc": 0.4176628515152473,
  "fber": 9780.779296875,
  "fd_mean": 0.0624404614652841,
  "fd_num": 0,
  "fd_perc": 0.0,
  "fwhm_avg": 2.6233255555555557,
  "fwhm_x": 2.608816666666667,
  "fwhm_y": 2.716946666666667,
  "fwhm_z": 2.5442133333333334,
  "gcor": 0.017401,
  "gsr_x": -0.008997236378490925,
  "gsr_y": 0.016601089388132095,
  "provenance": {
    "md5sum": "8b98fa851864fc7aa3592e0146de93d2",
    "settings": {
      "fd_thres": 0.2,
      "testing": false
    },
    "software": "mriqc",
    "version": "23.1.0"
  },
  "size_t": 203,
  "size_x": 72,
  "size_y": 72,
  "size_z": 46,
  "snr": 2.9457984947878817,
  "spacing_tr": 3.0,
  "spacing_x": 3.0,
  "spacing_y": 3.0,
  "spacing_z": 3.0,
  "summary_bg_k": 28.433279799951904,
  "summary_bg_mad": 35.43638341359489,
  "summary_bg_mean": 91.17029223108175,
  "summary_bg_median": 24.684728622436523,
  "summary_bg_n": 196653.0,
  "summary_bg_p05": 0.13300491869449615,
  "summary_bg_p95": 462.0738830566406,
  "summary_bg_stdv": 201.2522847013839,
  "summary_fg_k": 0.5407322730415007,
  "summary_fg_mad": 756.7551379928148,
  "summary_fg_mean": 2565.406715826806,
  "summary_fg_median": 2441.265869140625,
  "summary_fg_n": 41811.0,
  "summary_fg_p05": 1408.2659912109375,
  "summary_fg_p95": 4133.29541015625,
  "summary_fg_stdv": 828.7181486524764,
  "tsnr": 51.569962532492355
}