{
  "aor": 0.0019741,
  "aqi": 0.00845502695,
  "bids_meta": {
    "EchoTime": 0.04592,
    "RepetitionTime": 3,
    "SliceEncodingDirection": "k",
    "SliceTiming": [
      0,
      1.54,
      0.07,
      1.61,
      0.14,
      1.68,
      0.21,
      1.75,
      0.28,
      1.82,
      0.35,
      1.89,
      0.42,
      1.96,
      0.49,
      2.03,
      0.56,
      2.1,
      0.63,
      2.17,
      0.7,
      2.24,
      0.77,
      2.31,
      0.84,
      2.38,
      0.91,
      2.45,
      0.98,
      2.52,
      1.05,
      2.5925,
      1.12,
      2.6625,
      1.19,
      2.7325,
      1.26,
      2.8025,
      1.33,
      2.8725,
      1.4,
      2.9425,
      1.47
    ],
    "TaskName": "rest",
    "dataset": "ds003592",
    "modality": "bold",
    "session_id": "1",
    "subject_id": "246",
    "task_id": "rest"
  },
  "dummy_trs": 0,
  "dvars_nstd": 39.21534870869346,
  "dvars_std": 1.1491295795979906,
  "dvars_vstd": 0.9780111924120608,
  "efc": 0.4625384340148475,
  "fber": 959.7803344726562,
  "fd_mean": 0.10232605207734094,
  "fd_num": 10,
  "fd_perc": 5.0,
  "fwhm_avg": 2.3484663164101804,
  "fwhm_x": 2.2141955555555555,
  "fwhm_y": 2.3744888888888886,
  "fwhm_z": 2.4567145047860963,
  "gcor": 0.0217918,
  "gsr_x": -0.005672339349985123,
  "gsr_y": 0.035107385367155075,
  "provenance": {
    "md5sum": "c266f2e068c59f92353090311d7783d7",
    "settings": {
      "fd_thres": 0.2,
      "testing": false
    },
    "software": "mriqc",
    "version": "23.1.0"
  },
  "size_t": 200,
  "size_x": 64,
  "size_y": 64,
  "size_z": 43,
  "snr": 1.9514699744107438,
  "spacing_tr": 3.0,
  "spacing_x": 3.375,
  "spacing_y": 3.375,
  "spacing_z": 2.9999985694885254,
  "summary_bg_k": 64.45209256057295,
  "summary_bg_mad": 7.049772304744839,
  "summary_bg_mean": 25.47893509846428,
  "summary_bg_median": 13.97499942779541,
  "summary_bg_n": 139449.0,
  "summary_bg_p05": 7.529999732971191,
  "summary_bg_p95": 88.36499786376953,
  "summary_bg_stdv": 37.844254958412364,
  "summary_fg_k": 5.9967798428899535,
  "summary_fg_mad": 162.2337296618039,
  "summary_fg_mean": 486.13737907709714,
  "summary_fg_median": 432.9499816894531,
  "summary_fg_n": 36679.0,
  "summary_fg_p05": 244.2949981689453,
  "summary_fg_p95": 914.3800048828125,
  "summary_fg_stdv": 221.85536310992754,
  "tsnr": 37.61072787165176
}