{
  "aor": 0.004120246305418719,
  "aqi": 0.0044565132019704435,
  "bids_meta": {
    "EchoTime": 0.0137,
    "RepetitionTime": 3.0,
    "SliceEncodingDirection": "k",
    "SliceTiming": [
      0.0,
      1.5,
      0.065,
      1.565,
      0.13,
      1.63,
      0.196,
      1.696,
      0.261,
      1.761,
      0.326,
      1.826,
      0.391,
      1.891,
      0.457,
      1.957,
      0.522,
      2.022,
      0.587,
      2.087,
      0.652,
      2.152,
      0.717,
      2.217,
      0.783,
      2.283,
      0.848,
      2.348,
      0.913,
      2.413,
      0.978,
      2.478,
      1.043,
      2.543,
      1.109,
      2.609,
      1.174,
      2.674,
      1.239,
      2.739,
      1.304,
      2.804,
      1.37,
      2.87,
      1.435,
      2.935
    ],
    "TaskName": "rest",
    "dataset": "ds003592",
    "modality": "bold",
    "session_id": "1",
    "subject_id": "23",
    "task_id": "rest"
  },
  "dummy_trs": 1,
  "dvars_nstd": 25.979848021534647,
  "dvars_std": 1.5618464885148522,
  "dvars_vstd": 0.9330335862376236,
  "efc": 0.549531043542312,
  "fber": 13840.3203125,
  "fd_mean": 0.07066119994656328,
  "fd_num": 4,
  "fd_perc": 1.9704433497536946,
  "fwhm_avg": 2.535502222222222,
  "fwhm_x": 2.08227,
  "fwhm_y": 2.4347566666666665,
  "fwhm_z": 3.08948,
  "gcor": 0.0202363,
  "gsr_x": -0.050931669771671295,
  "gsr_y": 0.0703277513384819,
  "provenance": {
    "md5sum": "9e402f29c5d77701ee2653d42595239e",
    "settings": {
      "fd_thres": 0.2,
      "testing": false
    },
    "software": "mriqc",
    "version": "23.1.0"
  },
  "size_t": 203,
  "size_x": 72,
  "size_y": 72,
  "size_z": 46,
  "snr": 2.8219470144707195,
  "spacing_tr": 3.0,
  "spacing_x": 3.0,
  "spacing_y": 3.0,
  "spacing_z": 3.0,
  "summary_bg_k": 15.245246966971376,
  "summary_bg_mad": 53.50513909051815,
  "summary_bg_mean": 347.72305067114297,
  "summary_bg_median": 36.26108169555664,
  "summary_bg_n": 168971.0,
  "summary_bg_p05": 0.06403940916061401,
  "summary_bg_p95": 1950.369384765625,
  "summary_bg_stdv": 767.3266422489072,
  "summary_fg_k": 0.4070686711568947,
  "summary_fg_mad": 1377.8051177461743,
  "summary_fg_mean": 4406.589761117092,
  "summary_fg_median": 4265.93115234375,
  "summary_fg_n": 69493.0,
  "summary_fg_p05": 2171.320068359375,
  "summary_fg_p95": 7069.52685546875,
  "summary_fg_stdv": 1511.6869441965252,
  "tsnr": 62.950438383966684
}