{
  "aor": 0.003681492537313433,
  "aqi": 0.004073032039800995,
  "bids_meta": {
    "EchoTime": 0.0137,
    "RepetitionTime": 3.0,
    "SliceEncodingDirection": "k",
    "SliceTiming": [
      0.0,
      1.5,
      0.065,
      1.565,
      0.13,
      1.63,
      0.196,
      1.696,
      0.261,
      1.761,
      0.326,
      1.826,
      0.391,
      1.891,
      0.457,
      1.957,
      0.522,
      2.022,
      0.587,
      2.087,
      0.652,
      2.152,
      0.717,
      2.217,
      0.783,
      2.283,
      0.848,
      2.348,
      0.913,
      2.413,
      0.978,
      2.478,
      1.043,
      2.543,
      1.109,
      2.609,
      1.174,
      2.674,
      1.239,
      2.739,
      1.304,
      2.804,
      1.37,
      2.87,
      1.435,
      2.935
    ],
    "TaskName": "rest",
    "dataset": "ds003592",
    "modality": "bold",
    "session_id": "1",
    "subject_id": "63",
    "task_id": "rest"
  },
  "dummy_trs": 3,
  "dvars_nstd": 14.905230970199993,
  "dvars_std": 1.117645494,
  "dvars_vstd": 0.9517341465000005,
  "efc": 0.509892310231822,
  "fber": 10720.265625,
  "fd_mean": 0.08873835999948962,
  "fd_num": 6,
  "fd_perc": 2.985074626865672,
  "fwhm_avg": 3.4882122222222223,
  "fwhm_x": 3.099463333333333,
  "fwhm_y": 3.2395066666666668,
  "fwhm_z": 4.125666666666667,
  "gcor": 0.0187637,
  "gsr_x": -0.018671607598662376,
  "gsr_y": 0.08121088892221451,
  "provenance": {
    "md5sum": "df1eb318ec3c8f2b24346990467b5dfc",
    "settings": {
      "fd_thres": 0.2,
      "testing": false
    },
    "software": "mriqc",
    "version": "23.1.0"
  },
  "size_t": 201,
  "size_x": 72,
  "size_y": 72,
  "size_z": 46,
  "snr": 2.6554966680793552,
  "spacing_tr": 3.0,
  "spacing_x": 3.0,
  "spacing_y": 3.0,
  "spacing_z": 3.0,
  "summary_bg_k": 14.465897203130648,
  "summary_bg_mad": 59.70977321937751,
  "summary_bg_mean": 342.57128598953886,
  "summary_bg_median": 41.51243591308594,
  "summary_bg_n": 182838.0,
  "summary_bg_p05": 0.5820895433425903,
  "summary_bg_p95": 1785.3780517578125,
  "summary_bg_stdv": 682.9304745550698,
  "summary_fg_k": 1.8450457653120882,
  "summary_fg_mad": 1296.0046397280348,
  "summary_fg_mean": 4601.201662341961,
  "summary_fg_median": 4298.144287109375,
  "summary_fg_n": 55626.0,
  "summary_fg_p05": 2490.960205078125,
  "summary_fg_p95": 7809.52197265625,
  "summary_fg_stdv": 1618.5694014574524,
  "tsnr": 60.09848117083311
}