{
  "aor": 0.0010773500000000001,
  "aqi": 0.004564137,
  "bids_meta": {
    "EchoTime": 0.02996,
    "RepetitionTime": 3,
    "SliceEncodingDirection": "k",
    "SliceTiming": [
      0,
      1.54,
      0.07,
      1.61,
      0.14,
      1.68,
      0.21,
      1.75,
      0.28,
      1.82,
      0.35,
      1.89,
      0.42,
      1.96,
      0.49,
      2.03,
      0.56,
      2.1,
      0.63,
      2.17,
      0.7,
      2.24,
      0.77,
      2.31,
      0.84,
      2.38,
      0.91,
      2.45,
      0.98,
      2.52,
      1.05,
      2.59,
      1.12,
      2.66,
      1.19,
      2.73,
      1.26,
      2.8,
      1.33,
      2.87,
      1.4,
      2.94,
      1.47
    ],
    "TaskName": "rest",
    "dataset": "ds003592",
    "modality": "bold",
    "session_id": "2",
    "subject_id": "279",
    "task_id": "rest"
  },
  "dummy_trs": 0,
  "dvars_nstd": 32.20225017869345,
  "dvars_std": 1.1043453960301504,
  "dvars_vstd": 1.0018630045226133,
  "efc": 0.5052300875946928,
  "fber": 708.2304077148438,
  "fd_mean": 0.1421359287822689,
  "fd_num": 34,
  "fd_perc": 17.0,
  "fwhm_avg": 2.551890756013559,
  "fwhm_x": 2.344174814814815,
  "fwhm_y": 2.566085925925926,
  "fwhm_z": 2.745411527299936,
  "gcor": 0.0117363,
  "gsr_x": 0.010521644726395607,
  "gsr_y": 0.041030142456293106,
  "provenance": {
    "md5sum": "a8c98f0d663f73278092ffc94fd0911e",
    "settings": {
      "fd_thres": 0.2,
      "testing": false
    },
    "software": "mriqc",
    "version": "23.1.0"
  },
  "size_t": 200,
  "size_x": 64,
  "size_y": 64,
  "size_z": 43,
  "snr": 2.2633250523950337,
  "spacing_tr": 3.0,
  "spacing_x": 3.375,
  "spacing_y": 3.375,
  "spacing_z": 2.9999983310699463,
  "summary_bg_k": 63.19232766945447,
  "summary_bg_mad": 14.099547437328992,
  "summary_bg_mean": 40.39199708129947,
  "summary_bg_median": 19.604999542236328,
  "summary_bg_n": 136425.0,
  "summary_bg_p05": 8.324999809265137,
  "summary_bg_p95": 146.15499877929688,
  "summary_bg_stdv": 66.43750360010878,
  "summary_fg_k": 2.6103882721137275,
  "summary_fg_mad": 188.08289572181474,
  "summary_fg_mean": 576.4074690612957,
  "summary_fg_median": 521.739990234375,
  "summary_fg_n": 39703.0,
  "summary_fg_p05": 301.97998046875,
  "summary_fg_p95": 1019.2649536132812,
  "summary_fg_stdv": 230.51634545590278,
  "tsnr": 51.87899708747864
}