{
  "aor": 0.001967832512315271,
  "aqi": 0.004006757192118226,
  "bids_meta": {
    "EchoTime": 0.0137,
    "RepetitionTime": 3.0,
    "SliceEncodingDirection": "k",
    "SliceTiming": [
      0.0,
      1.5,
      0.065,
      1.565,
      0.13,
      1.63,
      0.196,
      1.696,
      0.261,
      1.761,
      0.326,
      1.826,
      0.391,
      1.891,
      0.457,
      1.957,
      0.522,
      2.022,
      0.587,
      2.087,
      0.652,
      2.152,
      0.717,
      2.217,
      0.783,
      2.283,
      0.848,
      2.348,
      0.913,
      2.413,
      0.978,
      2.478,
      1.043,
      2.543,
      1.109,
      2.609,
      1.174,
      2.674,
      1.239,
      2.739,
      1.304,
      2.804,
      1.37,
      2.87,
      1.435,
      2.935
    ],
    "TaskName": "rest",
    "dataset": "ds003592",
    "modality": "bold",
    "session_id": "1",
    "subject_id": "28",
    "task_id": "rest"
  },
  "dummy_trs": 1,
  "dvars_nstd": 17.98235304029704,
  "dvars_std": 1.3902057418316824,
  "dvars_vstd": 0.9377840640594056,
  "efc": 0.5224084278782831,
  "fber": 10008.857421875,
  "fd_mean": 0.04256053028516629,
  "fd_num": 1,
  "fd_perc": 0.49261083743842365,
  "fwhm_avg": 3.359015555555555,
  "fwhm_x": 3.093913333333333,
  "fwhm_y": 3.3514,
  "fwhm_z": 3.6317333333333335,
  "gcor": 0.0173827,
  "gsr_x": -0.024308260530233383,
  "gsr_y": 0.07787255197763443,
  "provenance": {
    "md5sum": "609275eda36cbc57efdb897ed7df8596",
    "settings": {
      "fd_thres": 0.2,
      "testing": false
    },
    "software": "mriqc",
    "version": "23.1.0"
  },
  "size_t": 203,
  "size_x": 72,
  "size_y": 72,
  "size_z": 46,
  "snr": 2.869941563296478,
  "spacing_tr": 3.0,
  "spacing_x": 3.0,
  "spacing_y": 3.0,
  "spacing_z": 3.0,
  "summary_bg_k": 11.314996775046737,
  "summary_bg_mad": 69.48875963446514,
  "summary_bg_mean": 411.6642577458388,
  "summary_bg_median": 47.00738716125488,
  "summary_bg_n": 182004.0,
  "summary_bg_p05": 0.04433497413992882,
  "summary_bg_p95": 2112.5615234375,
  "summary_bg_stdv": 824.5157798551138,
  "summary_fg_k": 1.2711446695845714,
  "summary_fg_mad": 1424.0868480842557,
  "summary_fg_mean": 4958.2369123793305,
  "summary_fg_median": 4702.820068359375,
  "summary_fg_n": 56460.0,
  "summary_fg_p05": 2655.369384765625,
  "summary_fg_p95": 8019.980224609375,
  "summary_fg_stdv": 1638.6321174469067,
  "tsnr": 76.4701116355136
}