{
  "aor": 0.0018611386138613858,
  "aqi": 0.002263445806930693,
  "bids_meta": {
    "EchoTime": 0.0137,
    "RepetitionTime": 3.0,
    "SliceEncodingDirection": "k",
    "SliceTiming": [
      0.0,
      1.5,
      0.065,
      1.565,
      0.13,
      1.63,
      0.196,
      1.696,
      0.261,
      1.761,
      0.326,
      1.826,
      0.391,
      1.891,
      0.457,
      1.957,
      0.522,
      2.022,
      0.587,
      2.087,
      0.652,
      2.152,
      0.717,
      2.217,
      0.783,
      2.283,
      0.848,
      2.348,
      0.913,
      2.413,
      0.978,
      2.478,
      1.043,
      2.543,
      1.109,
      2.609,
      1.174,
      2.674,
      1.239,
      2.739,
      1.304,
      2.804,
      1.37,
      2.87,
      1.435,
      2.935
    ],
    "TaskName": "rest",
    "dataset": "ds003592",
    "modality": "bold",
    "session_id": "1",
    "subject_id": "131",
    "task_id": "rest"
  },
  "dummy_trs": 2,
  "dvars_nstd": 12.088972400149258,
  "dvars_std": 1.1223993308955216,
  "dvars_vstd": 0.9522603362189049,
  "efc": 0.46788035259319133,
  "fber": 39805.75,
  "fd_mean": 0.04201854199972692,
  "fd_num": 1,
  "fd_perc": 0.49504950495049505,
  "fwhm_avg": 3.605988888888889,
  "fwhm_x": 3.3595,
  "fwhm_y": 3.4902333333333337,
  "fwhm_z": 3.9682333333333335,
  "gcor": 0.0161535,
  "gsr_x": -0.014600276947021484,
  "gsr_y": 0.05150255188345909,
  "provenance": {
    "md5sum": "b4606dcd9f41942026d7bed2b6c3754d",
    "settings": {
      "fd_thres": 0.2,
      "testing": false
    },
    "software": "mriqc",
    "version": "23.1.0"
  },
  "size_t": 202,
  "size_x": 72,
  "size_y": 72,
  "size_z": 46,
  "snr": 2.726838224310247,
  "spacing_tr": 3.0,
  "spacing_x": 3.0,
  "spacing_y": 3.0,
  "spacing_z": 3.0,
  "summary_bg_k": 15.50244622652215,
  "summary_bg_mad": 32.015400296044156,
  "summary_bg_mean": 282.6675209035775,
  "summary_bg_median": 23.153465270996094,
  "summary_bg_n": 189200.0,
  "summary_bg_p05": 0.9405940175056458,
  "summary_bg_p95": 1676.7054443359375,
  "summary_bg_stdv": 637.8449855856765,
  "summary_fg_k": 2.0579585097385067,
  "summary_fg_mad": 1218.8237200140156,
  "summary_fg_mean": 5010.225049743001,
  "summary_fg_median": 4619.435546875,
  "summary_fg_n": 49264.0,
  "summary_fg_p05": 2894.777099609375,
  "summary_fg_p95": 8448.3955078125,
  "summary_fg_stdv": 1694.045734345061,
  "tsnr": 89.6620970852673
}