{
  "aor": 0.004038669950738916,
  "aqi": 0.009704761379310346,
  "bids_meta": {
    "EchoTime": 0.047,
    "RepetitionTime": 3.0,
    "SliceEncodingDirection": "k",
    "SliceTiming": [
      0.0,
      1.5,
      0.065,
      1.565,
      0.13,
      1.63,
      0.196,
      1.696,
      0.261,
      1.761,
      0.326,
      1.826,
      0.391,
      1.891,
      0.457,
      1.957,
      0.522,
      2.022,
      0.587,
      2.087,
      0.652,
      2.152,
      0.717,
      2.217,
      0.783,
      2.283,
      0.848,
      2.348,
      0.913,
      2.413,
      0.978,
      2.478,
      1.043,
      2.543,
      1.109,
      2.609,
      1.174,
      2.674,
      1.239,
      2.739,
      1.304,
      2.804,
      1.37,
      2.87,
      1.435,
      2.935
    ],
    "TaskName": "rest",
    "dataset": "ds003592",
    "modality": "bold",
    "session_id": "1",
    "subject_id": "62",
    "task_id": "rest"
  },
  "dummy_trs": 1,
  "dvars_nstd": 36.08274420183168,
  "dvars_std": 1.1173524930198013,
  "dvars_vstd": 0.9889206429702975,
  "efc": 0.4791503821085997,
  "fber": 5360.42041015625,
  "fd_mean": 0.2514752011223138,
  "fd_num": 95,
  "fd_perc": 46.79802955665025,
  "fwhm_avg": 2.495343333333333,
  "fwhm_x": 2.4934866666666666,
  "fwhm_y": 2.599676666666667,
  "fwhm_z": 2.392866666666667,
  "gcor": 0.011462,
  "gsr_x": -0.007599645294249058,
  "gsr_y": 0.033346857875585556,
  "provenance": {
    "md5sum": "d195bac905657c2bf3cef356e4354f68",
    "settings": {
      "fd_thres": 0.2,
      "testing": false
    },
    "software": "mriqc",
    "version": "23.1.0"
  },
  "size_t": 203,
  "size_x": 72,
  "size_y": 72,
  "size_z": 46,
  "snr": 2.8618158211908673,
  "spacing_tr": 3.0,
  "spacing_x": 3.0,
  "spacing_y": 3.0,
  "spacing_z": 3.0,
  "summary_bg_k": 27.31167798716009,
  "summary_bg_mad": 45.54802162390813,
  "summary_bg_mean": 110.8435320592152,
  "summary_bg_median": 33.342363357543945,
  "summary_bg_n": 182990.0,
  "summary_bg_p05": 0.6157635450363159,
  "summary_bg_p95": 518.4334716796875,
  "summary_bg_stdv": 214.7520538103943,
  "summary_fg_k": 1.1903089615788218,
  "summary_fg_mad": 770.5148159064554,
  "summary_fg_mean": 2535.6345717160934,
  "summary_fg_median": 2441.1575927734375,
  "summary_fg_n": 55474.0,
  "summary_fg_p05": 1317.472900390625,
  "summary_fg_p95": 4090.699462890625,
  "summary_fg_stdv": 853.0023392421322,
  "tsnr": 33.605752318166196
}