{
  "bids_meta": {
    "EchoTime": 0.0034,
    "FlipAngle": 7,
    "RepetitionTime": 2.53,
    "dataset": "ds003592",
    "modality": "T1w",
    "session_id": "1",
    "subject_id": "51"
  },
  "cjv": 0.6309587466139821,
  "cnr": 1.4559752527868015,
  "efc": 0.5864823190118925,
  "fber": 2682.4498886814135,
  "fwhm_avg": 4.43421,
  "fwhm_x": 4.45688,
  "fwhm_y": 4.50414,
  "fwhm_z": 4.34161,
  "icvs_csf": 0.2706619354933648,
  "icvs_gm": 0.37191890991514354,
  "icvs_wm": 0.35741915459149154,
  "inu_med": 0.8042104244232178,
  "inu_range": 0.680792510509491,
  "provenance": {
    "md5sum": "2a7490f03ed6d7029bbe89282790f3c7",
    "settings": {
      "testing": false
    },
    "software": "mriqc",
    "version": "23.1.0",
    "warnings": {
      "large_rot_frame": true,
      "small_air_mask": false
    }
  },
  "qi_1": 0.0,
  "qi_2": 0.0006468370390140799,
  "rpve_csf": 7.738440693773873,
  "rpve_gm": 7.625808451126022,
  "rpve_wm": 7.6968815483989275,
  "size_x": 176,
  "size_y": 256,
  "size_z": 256,
  "snr_csf": 1.509113928501263,
  "snr_gm": 4.686469971212715,
  "snr_total": 5.556312417346298,
  "snr_wm": 10.473353352324915,
  "snrd_csf": 24.01312418025796,
  "snrd_gm": 60.55423434354381,
  "snrd_total": 55.727897957395705,
  "snrd_wm": 82.61633534838535,
  "spacing_x": 1.0,
  "spacing_y": 1.0,
  "spacing_z": 1.0,
  "summary_bg_k": 9.700710772184923,
  "summary_bg_mad": 0.0,
  "summary_bg_mean": 3.20209058267634,
  "summary_bg_median": 0.0,
  "summary_bg_n": 3000172.0,
  "summary_bg_p05": 0.0,
  "summary_bg_p95": 20.38932368159294,
  "summary_bg_stdv": 7.614771180874232,
  "summary_csf_k": -0.8638116060232104,
  "summary_csf_mad": 163.04756471691792,
  "summary_csf_mean": 314.703183263058,
  "summary_csf_median": 279.1089702397585,
  "summary_csf_n": 399627.20542587474,
  "summary_csf_p05": 64.53943401575089,
  "summary_csf_p95": 664.6999793127179,
  "summary_csf_stdv": 184.94867468691123,
  "summary_gm_k": -0.3247209634243746,
  "summary_gm_mad": 94.436673432755,
  "summary_gm_mean": 707.1323143956798,
  "summary_gm_median": 703.8330316543579,
  "summary_gm_n": 549131.2043694081,
  "summary_gm_p05": 457.1141878142953,
  "summary_gm_p95": 979.0086284279823,
  "summary_gm_stdv": 150.18391136973477,
  "summary_wm_k": -0.2403663790652959,
  "summary_wm_mad": 67.36125666406973,
  "summary_wm_mean": 940.066912572975,
  "summary_wm_median": 960.2648997679353,
  "summary_wm_n": 527722.5911161712,
  "summary_wm_p05": 758.7798507884145,
  "summary_wm_p95": 1061.127833649516,
  "summary_wm_stdv": 91.68639285282633,
  "tpm_overlap_csf": 0.18110231781961122,
  "tpm_overlap_gm": 0.5225549356784036,
  "tpm_overlap_wm": 0.5544672969751415,
  "wm2max": 0.47022560461454616
}