{
  "bids_meta": {
    "EchoTime": 0.0034,
    "FlipAngle": 7,
    "RepetitionTime": 2.53,
    "dataset": "ds003592",
    "modality": "T1w",
    "session_id": "1",
    "subject_id": "70"
  },
  "cjv": 0.7656203020578138,
  "cnr": 1.1225607229538999,
  "efc": 0.5534959889299872,
  "fber": -1.0,
  "fwhm_avg": 4.534046666666666,
  "fwhm_x": 4.57606,
  "fwhm_y": 4.58801,
  "fwhm_z": 4.43807,
  "icvs_csf": 0.26450404022420365,
  "icvs_gm": 0.3608642376803458,
  "icvs_wm": 0.3746317220954504,
  "inu_med": 0.8057660758495331,
  "inu_range": 0.75634924173355,
  "provenance": {
    "md5sum": "b9613f2e5dadd701c5521437c92596b7",
    "settings": {
      "testing": false
    },
    "software": "mriqc",
    "version": "23.1.0",
    "warnings": {
      "large_rot_frame": true,
      "small_air_mask": false
    }
  },
  "qi_1": 0.0,
  "qi_2": 0.000633738854691638,
  "rpve_csf": 6.900851245172279,
  "rpve_gm": 6.751854089516579,
  "rpve_wm": 6.820944469590747,
  "size_x": 176,
  "size_y": 256,
  "size_z": 256,
  "snr_csf": 1.5590973365745389,
  "snr_gm": 3.707362556624443,
  "snr_total": 4.6285291815668215,
  "snr_wm": 8.619127651501483,
  "snrd_csf": 25.521034899516806,
  "snrd_gm": 74.5140821242333,
  "snrd_total": 66.88376671688826,
  "snrd_wm": 100.61618312691466,
  "spacing_x": 1.0,
  "spacing_y": 1.0,
  "spacing_z": 1.0,
  "summary_bg_k": 14.176677044013303,
  "summary_bg_mad": 0.0,
  "summary_bg_mean": 2.7090226353218774,
  "summary_bg_median": 0.0,
  "summary_bg_n": 2882151.0,
  "summary_bg_p05": 0.0,
  "summary_bg_p95": 15.859062820672989,
  "summary_bg_stdv": 6.276816025442025,
  "summary_csf_k": -0.4871295667449842,
  "summary_csf_mad": 120.87581873377356,
  "summary_csf_mean": 288.09595423885577,
  "summary_csf_median": 244.51525032520294,
  "summary_csf_n": 437632.51456747315,
  "summary_csf_p05": 94.56836074590683,
  "summary_csf_p95": 602.7542652189732,
  "summary_csf_stdv": 156.83111325228595,
  "summary_gm_k": 0.4470620242585066,
  "summary_gm_mad": 94.91955577117528,
  "summary_gm_mean": 709.5257502737923,
  "summary_gm_median": 713.9142090082169,
  "summary_gm_n": 597064.315613705,
  "summary_gm_p05": 354.50316175818443,
  "summary_gm_p95": 1028.4217666089535,
  "summary_gm_stdv": 192.5664404951792,
  "summary_wm_k": -0.6236676149443192,
  "summary_wm_mad": 96.5486099320078,
  "summary_wm_mean": 939.9355026991379,
  "summary_wm_median": 963.9966130256653,
  "summary_wm_n": 619843.1692703207,
  "summary_wm_p05": 734.2782711982727,
  "summary_wm_p95": 1092.1876519918442,
  "summary_wm_stdv": 111.84378215399758,
  "tpm_overlap_csf": 0.1859522075126794,
  "tpm_overlap_gm": 0.5042870466665199,
  "tpm_overlap_wm": 0.5339257461617891,
  "wm2max": 0.5489852533216528
}