{
  "aor": 0.0037215763546798028,
  "aqi": 0.01132906197044335,
  "bids_meta": {
    "EchoTime": 0.047,
    "RepetitionTime": 3.0,
    "SliceEncodingDirection": "k",
    "SliceTiming": [
      0.0,
      1.5,
      0.065,
      1.565,
      0.13,
      1.63,
      0.196,
      1.696,
      0.261,
      1.761,
      0.326,
      1.826,
      0.391,
      1.891,
      0.457,
      1.957,
      0.522,
      2.022,
      0.587,
      2.087,
      0.652,
      2.152,
      0.717,
      2.217,
      0.783,
      2.283,
      0.848,
      2.348,
      0.913,
      2.413,
      0.978,
      2.478,
      1.043,
      2.543,
      1.109,
      2.609,
      1.174,
      2.674,
      1.239,
      2.739,
      1.304,
      2.804,
      1.37,
      2.87,
      1.435,
      2.935
    ],
    "TaskName": "rest",
    "dataset": "ds003592",
    "modality": "bold",
    "session_id": "2",
    "subject_id": "34",
    "task_id": "rest"
  },
  "dummy_trs": 1,
  "dvars_nstd": 24.39173251797031,
  "dvars_std": 1.0192367897524761,
  "dvars_vstd": 0.9554981289603958,
  "efc": 0.41074054345045147,
  "fber": 11058.341796875,
  "fd_mean": 0.07770351109999982,
  "fd_num": 3,
  "fd_perc": 1.477832512315271,
  "fwhm_avg": 2.4470844444444446,
  "fwhm_x": 2.4762366666666664,
  "fwhm_y": 2.515896666666667,
  "fwhm_z": 2.34912,
  "gcor": 0.0459573,
  "gsr_x": -0.010103213600814342,
  "gsr_y": 0.011035609990358353,
  "provenance": {
    "md5sum": "a7d8b171f95d757105cf01d454a6102d",
    "settings": {
      "fd_thres": 0.2,
      "testing": false
    },
    "software": "mriqc",
    "version": "23.1.0"
  },
  "size_t": 203,
  "size_x": 72,
  "size_y": 72,
  "size_z": 46,
  "snr": 3.076007072271402,
  "spacing_tr": 3.0,
  "spacing_x": 3.0,
  "spacing_y": 3.0,
  "spacing_z": 3.0,
  "summary_bg_k": 28.92230094596444,
  "summary_bg_mad": 32.70489114729687,
  "summary_bg_mean": 80.43593571819629,
  "summary_bg_median": 22.758621215820312,
  "summary_bg_n": 197243.0,
  "summary_bg_p05": 0.06896551698446274,
  "summary_bg_p95": 390.56158447265625,
  "summary_bg_stdv": 183.2506649852306,
  "summary_fg_k": 1.3512081679052343,
  "summary_fg_mad": 680.4047433740989,
  "summary_fg_mean": 2493.7136593550267,
  "summary_fg_median": 2393.265869140625,
  "summary_fg_n": 41221.0,
  "summary_fg_p05": 1381.94091796875,
  "summary_fg_p95": 3912.655029296875,
  "summary_fg_stdv": 778.0335945408991,
  "tsnr": 36.42229350213893
}