{
  "aor": 0.003909900000000001,
  "aqi": 0.0020990135999999996,
  "bids_meta": {
    "EchoTime": 0.02996,
    "RepetitionTime": 3,
    "SliceEncodingDirection": "k",
    "SliceTiming": [
      0,
      1.54,
      0.07,
      1.61,
      0.14,
      1.68,
      0.21,
      1.75,
      0.28,
      1.82,
      0.35,
      1.89,
      0.42,
      1.96,
      0.49,
      2.03,
      0.56,
      2.1,
      0.63,
      2.17,
      0.7,
      2.24,
      0.77,
      2.31,
      0.84,
      2.38,
      0.91,
      2.45,
      0.98,
      2.52,
      1.05,
      2.59,
      1.12,
      2.66,
      1.19,
      2.73,
      1.26,
      2.8,
      1.33,
      2.87,
      1.4,
      2.94,
      1.47
    ],
    "TaskName": "rest",
    "dataset": "ds003592",
    "modality": "bold",
    "session_id": "2",
    "subject_id": "277",
    "task_id": "rest"
  },
  "dummy_trs": 0,
  "dvars_nstd": 20.17645179311557,
  "dvars_std": 1.160179847839196,
  "dvars_vstd": 1.0288334984422107,
  "efc": 0.4613384529213715,
  "fber": 2150.462158203125,
  "fd_mean": 0.062265994630194076,
  "fd_num": 5,
  "fd_perc": 2.5,
  "fwhm_avg": 2.3122239589083255,
  "fwhm_x": 2.191371851851852,
  "fwhm_y": 2.2586429629629627,
  "fwhm_z": 2.4866570619101624,
  "gcor": 0.0174466,
  "gsr_x": -0.007622667588293552,
  "gsr_y": 0.02506248652935028,
  "provenance": {
    "md5sum": "4abfe61602f7cd18b097acf7321d1148",
    "settings": {
      "fd_thres": 0.2,
      "testing": false
    },
    "software": "mriqc",
    "version": "23.1.0"
  },
  "size_t": 200,
  "size_x": 64,
  "size_y": 64,
  "size_z": 43,
  "snr": 2.8945969458737384,
  "spacing_tr": 3.0,
  "spacing_x": 3.375,
  "spacing_y": 3.375,
  "spacing_z": 2.999999523162842,
  "summary_bg_k": 57.551297556225485,
  "summary_bg_mad": 6.5679268665144495,
  "summary_bg_mean": 29.177217892573037,
  "summary_bg_median": 12.644999504089355,
  "summary_bg_n": 141338.0,
  "summary_bg_p05": 7.384999752044678,
  "summary_bg_p95": 111.62999725341797,
  "summary_bg_stdv": 51.82122883887895,
  "summary_fg_k": 1.597359413753236,
  "summary_fg_mad": 179.00940000654361,
  "summary_fg_mean": 619.3466078727264,
  "summary_fg_median": 586.3875122070312,
  "summary_fg_n": 34790.0,
  "summary_fg_p05": 347.04998779296875,
  "summary_fg_p95": 996.1599731445312,
  "summary_fg_stdv": 202.57711024421505,
  "tsnr": 75.95222067623399
}