{
  "aor": 0.0021219306930693074,
  "aqi": 0.005026846336633663,
  "bids_meta": {
    "EchoTime": 0.03,
    "RepetitionTime": 3.0,
    "SliceEncodingDirection": "k",
    "SliceTiming": [
      0.0,
      1.5,
      0.065,
      1.565,
      0.13,
      1.63,
      0.196,
      1.696,
      0.261,
      1.761,
      0.326,
      1.826,
      0.391,
      1.891,
      0.457,
      1.957,
      0.522,
      2.022,
      0.587,
      2.087,
      0.652,
      2.152,
      0.717,
      2.217,
      0.783,
      2.283,
      0.848,
      2.348,
      0.913,
      2.413,
      0.978,
      2.478,
      1.043,
      2.543,
      1.109,
      2.609,
      1.174,
      2.674,
      1.239,
      2.739,
      1.304,
      2.804,
      1.37,
      2.87,
      1.435,
      2.935
    ],
    "TaskName": "rest",
    "dataset": "ds003592",
    "modality": "bold",
    "session_id": "1",
    "subject_id": "56",
    "task_id": "rest"
  },
  "dummy_trs": 2,
  "dvars_nstd": 19.80117796402985,
  "dvars_std": 1.069856009253732,
  "dvars_vstd": 0.9499041607462688,
  "efc": 0.41028573198263846,
  "fber": 22982.423828125,
  "fd_mean": 0.1335621303496858,
  "fd_num": 32,
  "fd_perc": 15.841584158415841,
  "fwhm_avg": 3.455266852484824,
  "fwhm_x": 3.3514,
  "fwhm_y": 3.416433604847082,
  "fwhm_z": 3.59796695260739,
  "gcor": 0.0176654,
  "gsr_x": -0.008951651863753796,
  "gsr_y": 0.023927073925733566,
  "provenance": {
    "md5sum": "07a2fc2d53cad6015cf61e9fda01b96d",
    "settings": {
      "fd_thres": 0.2,
      "testing": false
    },
    "software": "mriqc",
    "version": "23.1.0"
  },
  "size_t": 202,
  "size_x": 72,
  "size_y": 72,
  "size_z": 46,
  "snr": 2.45591255373046,
  "spacing_tr": 3.0,
  "spacing_x": 3.0,
  "spacing_y": 2.999999761581421,
  "spacing_z": 2.999999761581421,
  "summary_bg_k": 30.63275291611471,
  "summary_bg_mad": 27.798791243500123,
  "summary_bg_mean": 123.62602766186282,
  "summary_bg_median": 21.022276878356934,
  "summary_bg_n": 196468.0,
  "summary_bg_p05": 0.9405940175056458,
  "summary_bg_p95": 650.2376098632812,
  "summary_bg_stdv": 298.41702705400536,
  "summary_fg_k": 2.1816587096972686,
  "summary_fg_mad": 914.2590009945193,
  "summary_fg_mean": 3511.658516879581,
  "summary_fg_median": 3186.9677734375,
  "summary_fg_n": 41996.0,
  "summary_fg_p05": 1947.1038818359375,
  "summary_fg_p95": 6229.84130859375,
  "summary_fg_stdv": 1297.6560686839355,
  "tsnr": 52.551357791991904
}