{
  "aor": 0.0008844827586206896,
  "aqi": 0.0027700267487684727,
  "bids_meta": {
    "EchoTime": 0.03,
    "RepetitionTime": 3.0,
    "SliceEncodingDirection": "k",
    "SliceTiming": [
      0.0,
      1.5,
      0.065,
      1.565,
      0.13,
      1.63,
      0.196,
      1.696,
      0.261,
      1.761,
      0.326,
      1.826,
      0.391,
      1.891,
      0.457,
      1.957,
      0.522,
      2.022,
      0.587,
      2.087,
      0.652,
      2.152,
      0.717,
      2.217,
      0.783,
      2.283,
      0.848,
      2.348,
      0.913,
      2.413,
      0.978,
      2.478,
      1.043,
      2.543,
      1.109,
      2.609,
      1.174,
      2.674,
      1.239,
      2.739,
      1.304,
      2.804,
      1.37,
      2.87,
      1.435,
      2.935
    ],
    "TaskName": "rest",
    "dataset": "ds003592",
    "modality": "bold",
    "session_id": "2",
    "subject_id": "208",
    "task_id": "rest"
  },
  "dummy_trs": 1,
  "dvars_nstd": 20.200756016039602,
  "dvars_std": 1.145926407178218,
  "dvars_vstd": 0.9681018241089109,
  "efc": 0.4917282772360404,
  "fber": 13595.3310546875,
  "fd_mean": 0.06394464418475983,
  "fd_num": 4,
  "fd_perc": 1.9704433497536946,
  "fwhm_avg": 3.1270366666666667,
  "fwhm_x": 3.02895,
  "fwhm_y": 3.1491466666666668,
  "fwhm_z": 3.2030133333333333,
  "gcor": 0.0311767,
  "gsr_x": -0.001323200180195272,
  "gsr_y": 0.040379103273153305,
  "provenance": {
    "md5sum": "6eced930bc5dbc854b96a7077eeb4cd3",
    "settings": {
      "fd_thres": 0.2,
      "testing": false
    },
    "software": "mriqc",
    "version": "23.1.0"
  },
  "size_t": 203,
  "size_x": 72,
  "size_y": 72,
  "size_z": 46,
  "snr": 2.622293827865913,
  "spacing_tr": 3.0,
  "spacing_x": 3.0,
  "spacing_y": 3.0,
  "spacing_z": 3.0,
  "summary_bg_k": 15.127910302407493,
  "summary_bg_mad": 42.2359047526559,
  "summary_bg_mean": 199.91927716134444,
  "summary_bg_median": 30.34482765197754,
  "summary_bg_n": 180529.0,
  "summary_bg_p05": 0.8965517282485962,
  "summary_bg_p95": 1170.669921875,
  "summary_bg_stdv": 426.95094579489745,
  "summary_fg_k": 0.5900950598755625,
  "summary_fg_mad": 1208.5691149965908,
  "summary_fg_mean": 3781.313408013835,
  "summary_fg_median": 3538.17724609375,
  "summary_fg_n": 57935.0,
  "summary_fg_p05": 1966.975341796875,
  "summary_fg_p95": 6426.86181640625,
  "summary_fg_stdv": 1349.256392481513,
  "tsnr": 63.69780140463263
}