{
  "aor": 0.001605,
  "aqi": 0.0023864902475247527,
  "bids_meta": {
    "EchoTime": 0.0137,
    "RepetitionTime": 3.0,
    "SliceEncodingDirection": "k",
    "SliceTiming": [
      0.0,
      1.5,
      0.065,
      1.565,
      0.13,
      1.63,
      0.196,
      1.696,
      0.261,
      1.761,
      0.326,
      1.826,
      0.391,
      1.891,
      0.457,
      1.957,
      0.522,
      2.022,
      0.587,
      2.087,
      0.652,
      2.152,
      0.717,
      2.217,
      0.783,
      2.283,
      0.848,
      2.348,
      0.913,
      2.413,
      0.978,
      2.478,
      1.043,
      2.543,
      1.109,
      2.609,
      1.174,
      2.674,
      1.239,
      2.739,
      1.304,
      2.804,
      1.37,
      2.87,
      1.435,
      2.935
    ],
    "TaskName": "rest",
    "dataset": "ds003592",
    "modality": "bold",
    "session_id": "2",
    "subject_id": "208",
    "task_id": "rest"
  },
  "dummy_trs": 2,
  "dvars_nstd": 19.784610843333333,
  "dvars_std": 1.4566044295522382,
  "dvars_vstd": 0.9786885433333335,
  "efc": 0.5450734147039697,
  "fber": 14625.134765625,
  "fd_mean": 0.06156405545337113,
  "fd_num": 3,
  "fd_perc": 1.4851485148514851,
  "fwhm_avg": 3.282353333333333,
  "fwhm_x": 2.84339,
  "fwhm_y": 3.227736666666667,
  "fwhm_z": 3.775933333333333,
  "gcor": 0.0247866,
  "gsr_x": -0.011276016011834145,
  "gsr_y": 0.09710948914289474,
  "provenance": {
    "md5sum": "3a4ed136496b646d2619a74e8756da41",
    "settings": {
      "fd_thres": 0.2,
      "testing": false
    },
    "software": "mriqc",
    "version": "23.1.0"
  },
  "size_t": 202,
  "size_x": 72,
  "size_y": 72,
  "size_z": 46,
  "snr": 2.621085428952326,
  "spacing_tr": 3.0,
  "spacing_x": 3.0,
  "spacing_y": 3.0,
  "spacing_z": 3.0,
  "summary_bg_k": 13.16238302035094,
  "summary_bg_mad": 58.34993740295071,
  "summary_bg_mean": 464.37897112058624,
  "summary_bg_median": 40.841583251953125,
  "summary_bg_n": 171120.0,
  "summary_bg_p05": 0.7871286869049072,
  "summary_bg_p95": 2729.97021484375,
  "summary_bg_stdv": 1066.7898663933645,
  "summary_fg_k": 1.0371156098928473,
  "summary_fg_mad": 1643.0278503324473,
  "summary_fg_mean": 5269.222134022091,
  "summary_fg_median": 4939.1533203125,
  "summary_fg_n": 67344.0,
  "summary_fg_p05": 2810.049560546875,
  "summary_fg_p95": 8903.7275390625,
  "summary_fg_stdv": 1884.378355069017,
  "tsnr": 86.7504301071167
}