{
  "aor": 0.0037050243902439026,
  "aqi": 0.0028721511707317073,
  "bids_meta": {
    "EchoTime": 0.03,
    "RepetitionTime": 3.0,
    "SliceEncodingDirection": "k",
    "SliceTiming": [
      0.0,
      1.5,
      0.065,
      1.565,
      0.13,
      1.63,
      0.196,
      1.696,
      0.261,
      1.761,
      0.326,
      1.826,
      0.391,
      1.891,
      0.457,
      1.957,
      0.522,
      2.022,
      0.587,
      2.087,
      0.652,
      2.152,
      0.717,
      2.217,
      0.783,
      2.283,
      0.848,
      2.348,
      0.913,
      2.413,
      0.978,
      2.478,
      1.043,
      2.543,
      1.109,
      2.609,
      1.174,
      2.674,
      1.239,
      2.739,
      1.304,
      2.804,
      1.37,
      2.87,
      1.435,
      2.935
    ],
    "TaskName": "rest",
    "dataset": "ds003592",
    "modality": "bold",
    "session_id": "1",
    "subject_id": "149",
    "task_id": "rest"
  },
  "dummy_trs": 1,
  "dvars_nstd": 17.831173892009804,
  "dvars_std": 1.113825506519607,
  "dvars_vstd": 1.0007770586764704,
  "efc": 0.47778146580948183,
  "fber": 5824.4521484375,
  "fd_mean": 0.05491331669993598,
  "fd_num": 6,
  "fd_perc": 2.926829268292683,
  "fwhm_avg": 2.9208744444444448,
  "fwhm_x": 2.744566666666667,
  "fwhm_y": 3.02581,
  "fwhm_z": 2.9922466666666665,
  "gcor": 0.0168644,
  "gsr_x": -0.0038224426098167896,
  "gsr_y": 0.02505509927868843,
  "provenance": {
    "md5sum": "209b217869c05b4083541e7a2b70a60b",
    "settings": {
      "fd_thres": 0.2,
      "testing": false
    },
    "software": "mriqc",
    "version": "23.1.0"
  },
  "size_t": 205,
  "size_x": 72,
  "size_y": 72,
  "size_z": 46,
  "snr": 3.0422435953013767,
  "spacing_tr": 3.0,
  "spacing_x": 3.0,
  "spacing_y": 3.0,
  "spacing_z": 3.0,
  "summary_bg_k": 17.456419198464623,
  "summary_bg_mad": 61.871520462263874,
  "summary_bg_mean": 220.1010628420343,
  "summary_bg_median": 43.85853576660156,
  "summary_bg_n": 191417.0,
  "summary_bg_p05": 0.5951219797134399,
  "summary_bg_p95": 1167.6683349609375,
  "summary_bg_stdv": 435.10899176816866,
  "summary_fg_k": 0.4431914174711298,
  "summary_fg_mad": 992.9891241985782,
  "summary_fg_mean": 3494.964184412012,
  "summary_fg_median": 3347.199951171875,
  "summary_fg_n": 47047.0,
  "summary_fg_p05": 1888.239013671875,
  "summary_fg_p95": 5555.70263671875,
  "summary_fg_stdv": 1100.228917636715,
  "tsnr": 66.03288610908203
}