{
  "aor": 0.0017098009950248757,
  "aqi": 0.007624822189054726,
  "bids_meta": {
    "EchoTime": 0.03,
    "RepetitionTime": 3.0,
    "SliceEncodingDirection": "k",
    "SliceTiming": [
      0.0,
      1.5,
      0.065,
      1.565,
      0.13,
      1.63,
      0.196,
      1.696,
      0.261,
      1.761,
      0.326,
      1.826,
      0.391,
      1.891,
      0.457,
      1.957,
      0.522,
      2.022,
      0.587,
      2.087,
      0.652,
      2.152,
      0.717,
      2.217,
      0.783,
      2.283,
      0.848,
      2.348,
      0.913,
      2.413,
      0.978,
      2.478,
      1.043,
      2.543,
      1.109,
      2.609,
      1.174,
      2.674,
      1.239,
      2.739,
      1.304,
      2.804,
      1.37,
      2.87,
      1.435,
      2.935
    ],
    "TaskName": "rest",
    "dataset": "ds003592",
    "modality": "bold",
    "session_id": "1",
    "subject_id": "114",
    "task_id": "rest"
  },
  "dummy_trs": 3,
  "dvars_nstd": 21.201707420549983,
  "dvars_std": 1.0979193268000003,
  "dvars_vstd": 0.9638691563999999,
  "efc": 0.42868976847315376,
  "fber": 20557.953125,
  "fd_mean": 0.19321139516949282,
  "fd_num": 71,
  "fd_perc": 35.32338308457712,
  "fwhm_avg": 2.804883333333333,
  "fwhm_x": 2.7492099999999997,
  "fwhm_y": 2.898013333333333,
  "fwhm_z": 2.7674266666666667,
  "gcor": 0.0255557,
  "gsr_x": -0.01333057414740324,
  "gsr_y": 0.02113872952759266,
  "provenance": {
    "md5sum": "f95d1034033d811ff31fdd702865da6f",
    "settings": {
      "fd_thres": 0.2,
      "testing": false
    },
    "software": "mriqc",
    "version": "23.1.0"
  },
  "size_t": 201,
  "size_x": 72,
  "size_y": 72,
  "size_z": 46,
  "snr": 3.4346215624021363,
  "spacing_tr": 3.0,
  "spacing_x": 3.0,
  "spacing_y": 3.0,
  "spacing_z": 3.0,
  "summary_bg_k": 30.451414406471258,
  "summary_bg_mad": 32.86434823426107,
  "summary_bg_mean": 125.44554414001182,
  "summary_bg_median": 24.16666603088379,
  "summary_bg_n": 194840.0,
  "summary_bg_p05": 0.8407959938049316,
  "summary_bg_p95": 588.3308410644531,
  "summary_bg_stdv": 272.8083763460657,
  "summary_fg_k": 0.41924020186084565,
  "summary_fg_mad": 939.6968861046334,
  "summary_fg_mean": 3563.256877615848,
  "summary_fg_median": 3465.02734375,
  "summary_fg_n": 43624.0,
  "summary_fg_p05": 2003.6964111328125,
  "summary_fg_p95": 5386.93505859375,
  "summary_fg_stdv": 1008.8411680523594,
  "tsnr": 43.466223300551064
}