{
  "bids_meta": {
    "EchoTime": 0.0034,
    "FlipAngle": 7,
    "RepetitionTime": 2.53,
    "dataset": "ds003592",
    "modality": "T1w",
    "session_id": "1",
    "subject_id": "36"
  },
  "cjv": 0.5821644613908914,
  "cnr": 1.6906970590731287,
  "efc": 0.6591016869898756,
  "fber": 5904.309708885841,
  "fwhm_avg": 4.271463333333333,
  "fwhm_x": 4.32273,
  "fwhm_y": 4.32391,
  "fwhm_z": 4.16775,
  "icvs_csf": 0.254581402320978,
  "icvs_gm": 0.38813406068656847,
  "icvs_wm": 0.35728453699245355,
  "inu_med": 0.7901341915130615,
  "inu_range": 0.66247398853302,
  "provenance": {
    "md5sum": "d27017f374eb21b2b810a354acf28f45",
    "settings": {
      "testing": false
    },
    "software": "mriqc",
    "version": "23.1.0",
    "warnings": {
      "large_rot_frame": true,
      "small_air_mask": false
    }
  },
  "qi_1": 0.0,
  "qi_2": 0.0016818186177841852,
  "rpve_csf": 6.540997718119208,
  "rpve_gm": 6.448999251435841,
  "rpve_wm": 6.5530684743903365,
  "size_x": 176,
  "size_y": 256,
  "size_z": 256,
  "snr_csf": 2.081785621234203,
  "snr_gm": 5.416584751001498,
  "snr_total": 6.132090433602589,
  "snr_wm": 10.897900928572065,
  "snrd_csf": 48.62765404326853,
  "snrd_gm": 74.98123165396606,
  "snrd_total": 75.66114851698715,
  "snrd_wm": 103.3745598537269,
  "spacing_x": 1.0,
  "spacing_y": 1.0,
  "spacing_z": 1.0,
  "summary_bg_k": 18.768741126373204,
  "summary_bg_mad": 0.0,
  "summary_bg_mean": 2.1682345020442764,
  "summary_bg_median": 0.0,
  "summary_bg_n": 3113122.0,
  "summary_bg_p05": 0.0,
  "summary_bg_p95": 14.832301061600447,
  "summary_bg_stdv": 6.0800603675561575,
  "summary_csf_k": 0.29298190770604515,
  "summary_csf_mad": 165.2251860468423,
  "summary_csf_mean": 449.7398204700298,
  "summary_csf_median": 451.29391698539257,
  "summary_csf_n": 440806.9345788355,
  "summary_csf_p05": 116.20862903818488,
  "summary_csf_p95": 784.8202543705702,
  "summary_csf_stdv": 216.78188209520778,
  "summary_gm_k": -0.5636899114750635,
  "summary_gm_mad": 90.53706237818577,
  "summary_gm_mean": 705.1223359489014,
  "summary_gm_median": 695.8709894455969,
  "summary_gm_n": 672052.9619880393,
  "summary_gm_p05": 506.035352434963,
  "summary_gm_p95": 951.583423063159,
  "summary_gm_stdv": 128.4703376230551,
  "summary_wm_k": -0.02995688242380945,
  "summary_wm_mad": 62.86745688113264,
  "summary_wm_mean": 941.1936191893977,
  "summary_wm_median": 959.3781758733094,
  "summary_wm_n": 618637.1042354975,
  "summary_wm_p05": 766.602803517133,
  "summary_wm_p95": 1057.1911882795393,
  "summary_wm_stdv": 88.03322830373105,
  "tpm_overlap_csf": 0.21980404949185695,
  "tpm_overlap_gm": 0.5215889512451347,
  "tpm_overlap_wm": 0.5262625194016686,
  "wm2max": 0.48767179115629317
}