{
  "aor": 0.0016063054187192118,
  "aqi": 0.004317421773399015,
  "bids_meta": {
    "EchoTime": 0.03,
    "RepetitionTime": 3.0,
    "SliceEncodingDirection": "k",
    "SliceTiming": [
      0.0,
      1.5,
      0.065,
      1.565,
      0.13,
      1.63,
      0.196,
      1.696,
      0.261,
      1.761,
      0.326,
      1.826,
      0.391,
      1.891,
      0.457,
      1.957,
      0.522,
      2.022,
      0.587,
      2.087,
      0.652,
      2.152,
      0.717,
      2.217,
      0.783,
      2.283,
      0.848,
      2.348,
      0.913,
      2.413,
      0.978,
      2.478,
      1.043,
      2.543,
      1.109,
      2.609,
      1.174,
      2.674,
      1.239,
      2.739,
      1.304,
      2.804,
      1.37,
      2.87,
      1.435,
      2.935
    ],
    "TaskName": "rest",
    "dataset": "ds003592",
    "modality": "bold",
    "session_id": "2",
    "subject_id": "213",
    "task_id": "rest"
  },
  "dummy_trs": 1,
  "dvars_nstd": 18.542022044257426,
  "dvars_std": 1.1049816055445543,
  "dvars_vstd": 0.974615654158416,
  "efc": 0.42891996025032014,
  "fber": 18599.76953125,
  "fd_mean": 0.06585550751916625,
  "fd_num": 8,
  "fd_perc": 3.9408866995073892,
  "fwhm_avg": 2.97720317448114,
  "fwhm_x": 2.93514,
  "fwhm_y": 2.9502430988690778,
  "fwhm_z": 3.046226424574342,
  "gcor": 0.03268,
  "gsr_x": 0.015799788758158684,
  "gsr_y": 0.012399463914334774,
  "provenance": {
    "md5sum": "e5cae99b62c5712a211d8381ca9219e6",
    "settings": {
      "fd_thres": 0.2,
      "testing": false
    },
    "software": "mriqc",
    "version": "23.1.0"
  },
  "size_t": 203,
  "size_x": 72,
  "size_y": 72,
  "size_z": 46,
  "snr": 2.8612040192199912,
  "spacing_tr": 3.0,
  "spacing_x": 3.0,
  "spacing_y": 3.000000238418579,
  "spacing_z": 3.000000238418579,
  "summary_bg_k": 22.330029895042827,
  "summary_bg_mad": 33.38411287681904,
  "summary_bg_mean": 150.54569156962665,
  "summary_bg_median": 24.709360122680664,
  "summary_bg_n": 195543.0,
  "summary_bg_p05": 1.0246305465698242,
  "summary_bg_p95": 837.310302734375,
  "summary_bg_stdv": 355.0783548124973,
  "summary_fg_k": 0.7951160829250914,
  "summary_fg_mad": 969.0962799990333,
  "summary_fg_mean": 3599.0608073391627,
  "summary_fg_median": 3369.88671875,
  "summary_fg_n": 42921.0,
  "summary_fg_p05": 2003.591064453125,
  "summary_fg_p95": 5949.47265625,
  "summary_fg_stdv": 1177.7725178044698,
  "tsnr": 66.54273034539074
}