{
  "aor": 0.0008964000000000001,
  "aqi": 0.004763645950000001,
  "bids_meta": {
    "EchoTime": 0.04592,
    "RepetitionTime": 3,
    "SliceEncodingDirection": "k",
    "SliceTiming": [
      0,
      1.54,
      0.07,
      1.61,
      0.14,
      1.68,
      0.21,
      1.75,
      0.28,
      1.82,
      0.35,
      1.89,
      0.42,
      1.96,
      0.49,
      2.03,
      0.56,
      2.1,
      0.63,
      2.17,
      0.7,
      2.24,
      0.77,
      2.31,
      0.84,
      2.38,
      0.91,
      2.45,
      0.98,
      2.52,
      1.05,
      2.5925,
      1.12,
      2.6625,
      1.19,
      2.7325,
      1.26,
      2.8025,
      1.33,
      2.8725,
      1.4,
      2.9425,
      1.47
    ],
    "TaskName": "rest",
    "dataset": "ds003592",
    "modality": "bold",
    "session_id": "2",
    "subject_id": "289",
    "task_id": "rest"
  },
  "dummy_trs": 0,
  "dvars_nstd": 31.755762905427126,
  "dvars_std": 1.09217181160804,
  "dvars_vstd": 0.9845255838693471,
  "efc": 0.4648388954416807,
  "fber": 889.0067138671875,
  "fd_mean": 0.06774537375491775,
  "fd_num": 11,
  "fd_perc": 5.5,
  "fwhm_avg": 2.269425371881111,
  "fwhm_x": 2.1367109601684176,
  "fwhm_y": 2.275265345915713,
  "fwhm_z": 2.3962998095592014,
  "gcor": 0.00792476,
  "gsr_x": 0.0019756790716201067,
  "gsr_y": 0.029202193021774292,
  "provenance": {
    "md5sum": "7c2345c743dab833573e318ee79f18cf",
    "settings": {
      "fd_thres": 0.2,
      "testing": false
    },
    "software": "mriqc",
    "version": "23.1.0"
  },
  "size_t": 200,
  "size_x": 64,
  "size_y": 64,
  "size_z": 43,
  "snr": 2.0079801661265804,
  "spacing_tr": 3.0,
  "spacing_x": 3.375000238418579,
  "spacing_y": 3.374999761581421,
  "spacing_z": 3.000000238418579,
  "summary_bg_k": 37.40368994269265,
  "summary_bg_mad": 6.03419057686351,
  "summary_bg_mean": 24.924011392239848,
  "summary_bg_median": 12.704999923706055,
  "summary_bg_n": 141409.0,
  "summary_bg_p05": 7.524999618530273,
  "summary_bg_p95": 95.2699966430664,
  "summary_bg_stdv": 39.32113425843117,
  "summary_fg_k": 4.43566428780581,
  "summary_fg_mad": 137.72631679972343,
  "summary_fg_mean": 424.8827365991545,
  "summary_fg_median": 378.81500244140625,
  "summary_fg_n": 34719.0,
  "summary_fg_p05": 212.3300018310547,
  "summary_fg_p95": 790.3800048828125,
  "summary_fg_stdv": 188.65203618547247,
  "tsnr": 45.922175431158394
}