{
  "aor": 0.0023372413793103447,
  "aqi": 0.005324283793103449,
  "bids_meta": {
    "EchoTime": 0.03,
    "RepetitionTime": 3.0,
    "SliceEncodingDirection": "k",
    "SliceTiming": [
      0.0,
      1.5,
      0.065,
      1.565,
      0.13,
      1.63,
      0.196,
      1.696,
      0.261,
      1.761,
      0.326,
      1.826,
      0.391,
      1.891,
      0.457,
      1.957,
      0.522,
      2.022,
      0.587,
      2.087,
      0.652,
      2.152,
      0.717,
      2.217,
      0.783,
      2.283,
      0.848,
      2.348,
      0.913,
      2.413,
      0.978,
      2.478,
      1.043,
      2.543,
      1.109,
      2.609,
      1.174,
      2.674,
      1.239,
      2.739,
      1.304,
      2.804,
      1.37,
      2.87,
      1.435,
      2.935
    ],
    "TaskName": "rest",
    "dataset": "ds003592",
    "modality": "bold",
    "session_id": "1",
    "subject_id": "172",
    "task_id": "rest"
  },
  "dummy_trs": 1,
  "dvars_nstd": 20.905654591089114,
  "dvars_std": 1.1681850481683165,
  "dvars_vstd": 0.9592799916831685,
  "efc": 0.45243335781479294,
  "fber": 11691.7822265625,
  "fd_mean": 0.05564104758989509,
  "fd_num": 3,
  "fd_perc": 1.477832512315271,
  "fwhm_avg": 2.7916666666666665,
  "fwhm_x": 2.7345333333333333,
  "fwhm_y": 2.82864,
  "fwhm_z": 2.8118266666666667,
  "gcor": 0.0388982,
  "gsr_x": -0.004504380747675896,
  "gsr_y": 0.02194252610206604,
  "provenance": {
    "md5sum": "f9c82e99b3aff9a533333efc529f2127",
    "settings": {
      "fd_thres": 0.2,
      "testing": false
    },
    "software": "mriqc",
    "version": "23.1.0"
  },
  "size_t": 203,
  "size_x": 72,
  "size_y": 72,
  "size_z": 46,
  "snr": 3.396553347230093,
  "spacing_tr": 3.0,
  "spacing_x": 3.0,
  "spacing_y": 3.0,
  "spacing_z": 3.0,
  "summary_bg_k": 25.332985070172445,
  "summary_bg_mad": 46.617979697227476,
  "summary_bg_mean": 172.6426493281075,
  "summary_bg_median": 33.12807846069336,
  "summary_bg_n": 193228.0,
  "summary_bg_p05": 0.6896551847457886,
  "summary_bg_p95": 859.7586059570312,
  "summary_bg_stdv": 360.61556760035603,
  "summary_fg_k": 0.3120157664739329,
  "summary_fg_mad": 979.0395964647213,
  "summary_fg_mean": 3716.912408622467,
  "summary_fg_median": 3582.091064453125,
  "summary_fg_n": 45236.0,
  "summary_fg_p05": 2129.236328125,
  "summary_fg_p95": 5653.876953125,
  "summary_fg_stdv": 1054.6136346684714,
  "tsnr": 53.91788286506198
}