{
  "aor": 0.002540591133004926,
  "aqi": 0.004098081330049262,
  "bids_meta": {
    "EchoTime": 0.0137,
    "RepetitionTime": 3.0,
    "SliceEncodingDirection": "k",
    "SliceTiming": [
      0.0,
      1.5,
      0.065,
      1.565,
      0.13,
      1.63,
      0.196,
      1.696,
      0.261,
      1.761,
      0.326,
      1.826,
      0.391,
      1.891,
      0.457,
      1.957,
      0.522,
      2.022,
      0.587,
      2.087,
      0.652,
      2.152,
      0.717,
      2.217,
      0.783,
      2.283,
      0.848,
      2.348,
      0.913,
      2.413,
      0.978,
      2.478,
      1.043,
      2.543,
      1.109,
      2.609,
      1.174,
      2.674,
      1.239,
      2.739,
      1.304,
      2.804,
      1.37,
      2.87,
      1.435,
      2.935
    ],
    "TaskName": "rest",
    "dataset": "ds003592",
    "modality": "bold",
    "session_id": "2",
    "subject_id": "194",
    "task_id": "rest"
  },
  "dummy_trs": 1,
  "dvars_nstd": 22.051811402178235,
  "dvars_std": 1.1756385694059415,
  "dvars_vstd": 0.9740012873267329,
  "efc": 0.5385409104309234,
  "fber": 5260.79931640625,
  "fd_mean": 0.18200442531581332,
  "fd_num": 75,
  "fd_perc": 36.94581280788177,
  "fwhm_avg": 3.561809800768621,
  "fwhm_x": 3.1646966666666665,
  "fwhm_y": 3.4366330602142767,
  "fwhm_z": 4.08409967542492,
  "gcor": 0.044635,
  "gsr_x": -0.00660203630104661,
  "gsr_y": 0.09692515432834625,
  "provenance": {
    "md5sum": "9f84838215fe2e61e1d1b59986433c80",
    "settings": {
      "fd_thres": 0.2,
      "testing": false
    },
    "software": "mriqc",
    "version": "23.1.0"
  },
  "size_t": 203,
  "size_x": 72,
  "size_y": 72,
  "size_z": 46,
  "snr": 2.735214656436432,
  "spacing_tr": 3.0,
  "spacing_x": 3.0,
  "spacing_y": 3.000000238418579,
  "spacing_z": 3.000000238418579,
  "summary_bg_k": 12.662355106333752,
  "summary_bg_mad": 95.05816920803242,
  "summary_bg_mean": 482.07261731112015,
  "summary_bg_median": 65.91871643066406,
  "summary_bg_n": 179562.0,
  "summary_bg_p05": 0.7832512259483337,
  "summary_bg_p95": 2442.3251953125,
  "summary_bg_stdv": 946.285707218116,
  "summary_fg_k": 2.4901552163466025,
  "summary_fg_mad": 1370.3081311373637,
  "summary_fg_mean": 5108.735222056181,
  "summary_fg_median": 4781.1748046875,
  "summary_fg_n": 58902.0,
  "summary_fg_p05": 2862.541748046875,
  "summary_fg_p95": 8490.0390625,
  "summary_fg_stdv": 1747.9923220724493,
  "tsnr": 72.3668222312117
}