{
  "aor": 0.0037152970297029703,
  "aqi": 0.004711673415841585,
  "bids_meta": {
    "EchoTime": 0.0137,
    "RepetitionTime": 3.0,
    "SliceEncodingDirection": "k",
    "SliceTiming": [
      0.0,
      1.5,
      0.065,
      1.565,
      0.13,
      1.63,
      0.196,
      1.696,
      0.261,
      1.761,
      0.326,
      1.826,
      0.391,
      1.891,
      0.457,
      1.957,
      0.522,
      2.022,
      0.587,
      2.087,
      0.652,
      2.152,
      0.717,
      2.217,
      0.783,
      2.283,
      0.848,
      2.348,
      0.913,
      2.413,
      0.978,
      2.478,
      1.043,
      2.543,
      1.109,
      2.609,
      1.174,
      2.674,
      1.239,
      2.739,
      1.304,
      2.804,
      1.37,
      2.87,
      1.435,
      2.935
    ],
    "TaskName": "rest",
    "dataset": "ds003592",
    "modality": "bold",
    "session_id": "1",
    "subject_id": "71",
    "task_id": "rest"
  },
  "dummy_trs": 2,
  "dvars_nstd": 21.389395585920386,
  "dvars_std": 1.1728807216915416,
  "dvars_vstd": 0.9967348216417917,
  "efc": 0.5401606110008675,
  "fber": 4130.91064453125,
  "fd_mean": 0.17680698781017531,
  "fd_num": 64,
  "fd_perc": 31.683168316831683,
  "fwhm_avg": 3.218831111111111,
  "fwhm_x": 2.7741966666666666,
  "fwhm_y": 3.3239300000000003,
  "fwhm_z": 3.5583666666666667,
  "gcor": 0.0369374,
  "gsr_x": 0.006555469706654549,
  "gsr_y": 0.09376533329486847,
  "provenance": {
    "md5sum": "450f7cd7943be6bc57185e5b8d4cc44e",
    "settings": {
      "fd_thres": 0.2,
      "testing": false
    },
    "software": "mriqc",
    "version": "23.1.0"
  },
  "size_t": 202,
  "size_x": 72,
  "size_y": 72,
  "size_z": 46,
  "snr": 3.0545049809242513,
  "spacing_tr": 3.0,
  "spacing_x": 3.0,
  "spacing_y": 3.0,
  "spacing_z": 3.0,
  "summary_bg_k": 16.021269239552655,
  "summary_bg_mad": 105.81522807291194,
  "summary_bg_mean": 469.37323432115977,
  "summary_bg_median": 72.76732635498047,
  "summary_bg_n": 181674.0,
  "summary_bg_p05": 0.7524752616882324,
  "summary_bg_p95": 2250.47021484375,
  "summary_bg_stdv": 900.7439291498415,
  "summary_fg_k": 1.1877056262974763,
  "summary_fg_mad": 1332.1805320193469,
  "summary_fg_mean": 4856.348527985756,
  "summary_fg_median": 4676.913330078125,
  "summary_fg_n": 56790.0,
  "summary_fg_p05": 2628.227783203125,
  "summary_fg_p95": 7686.2080078125,
  "summary_fg_stdv": 1531.1391475356083,
  "tsnr": 65.25193801498972
}