{
  "aor": 0.0020288059701492537,
  "aqi": 0.008095817412935323,
  "bids_meta": {
    "EchoTime": 0.047,
    "RepetitionTime": 3.0,
    "SliceEncodingDirection": "k",
    "SliceTiming": [
      0.0,
      1.5,
      0.065,
      1.565,
      0.13,
      1.63,
      0.196,
      1.696,
      0.261,
      1.761,
      0.326,
      1.826,
      0.391,
      1.891,
      0.457,
      1.957,
      0.522,
      2.022,
      0.587,
      2.087,
      0.652,
      2.152,
      0.717,
      2.217,
      0.783,
      2.283,
      0.848,
      2.348,
      0.913,
      2.413,
      0.978,
      2.478,
      1.043,
      2.543,
      1.109,
      2.609,
      1.174,
      2.674,
      1.239,
      2.739,
      1.304,
      2.804,
      1.37,
      2.87,
      1.435,
      2.935
    ],
    "TaskName": "rest",
    "dataset": "ds003592",
    "modality": "bold",
    "session_id": "1",
    "subject_id": "71",
    "task_id": "rest"
  },
  "dummy_trs": 3,
  "dvars_nstd": 32.60560763374999,
  "dvars_std": 1.0920157318999997,
  "dvars_vstd": 0.9807199821499992,
  "efc": 0.44411790698774994,
  "fber": 6989.30078125,
  "fd_mean": 0.18007914561001587,
  "fd_num": 63,
  "fd_perc": 31.34328358208955,
  "fwhm_avg": 2.4424633333333334,
  "fwhm_x": 2.4602333333333335,
  "fwhm_y": 2.56319,
  "fwhm_z": 2.3039666666666667,
  "gcor": 0.0392933,
  "gsr_x": -0.004003819078207016,
  "gsr_y": 0.030473511666059494,
  "provenance": {
    "md5sum": "49857a7b1e288df15065ba22bf6eb532",
    "settings": {
      "fd_thres": 0.2,
      "testing": false
    },
    "software": "mriqc",
    "version": "23.1.0"
  },
  "size_t": 201,
  "size_x": 72,
  "size_y": 72,
  "size_z": 46,
  "snr": 3.119968543463367,
  "spacing_tr": 3.0,
  "spacing_x": 3.0,
  "spacing_y": 3.0,
  "spacing_z": 3.0,
  "summary_bg_k": 43.79022363301086,
  "summary_bg_mad": 41.46122860011392,
  "summary_bg_mean": 99.58381062701652,
  "summary_bg_median": 30.328357696533203,
  "summary_bg_n": 191469.0,
  "summary_bg_p05": 0.5572139024734497,
  "summary_bg_p95": 447.2189025878906,
  "summary_bg_stdv": 206.34884996748593,
  "summary_fg_k": 0.7586979173725457,
  "summary_fg_mad": 720.1758374562575,
  "summary_fg_mean": 2620.6865079100303,
  "summary_fg_median": 2535.512451171875,
  "summary_fg_n": 46995.0,
  "summary_fg_p05": 1410.885498046875,
  "summary_fg_p95": 4108.2734375,
  "summary_fg_stdv": 812.6637942981529,
  "tsnr": 38.580746261868626
}