{
  "aor": 0.001441773399014778,
  "aqi": 0.00907804497536946,
  "bids_meta": {
    "EchoTime": 0.047,
    "RepetitionTime": 3.0,
    "SliceEncodingDirection": "k",
    "SliceTiming": [
      0.0,
      1.5,
      0.065,
      1.565,
      0.13,
      1.63,
      0.196,
      1.696,
      0.261,
      1.761,
      0.326,
      1.826,
      0.391,
      1.891,
      0.457,
      1.957,
      0.522,
      2.022,
      0.587,
      2.087,
      0.652,
      2.152,
      0.717,
      2.217,
      0.783,
      2.283,
      0.848,
      2.348,
      0.913,
      2.413,
      0.978,
      2.478,
      1.043,
      2.543,
      1.109,
      2.609,
      1.174,
      2.674,
      1.239,
      2.739,
      1.304,
      2.804,
      1.37,
      2.87,
      1.435,
      2.935
    ],
    "TaskName": "rest",
    "dataset": "ds003592",
    "modality": "bold",
    "session_id": "2",
    "subject_id": "234",
    "task_id": "rest"
  },
  "dummy_trs": 1,
  "dvars_nstd": 31.32170002069309,
  "dvars_std": 1.0852557931188125,
  "dvars_vstd": 0.9517559901980207,
  "efc": 0.4108468572461503,
  "fber": 15833.8955078125,
  "fd_mean": 0.1333072983452087,
  "fd_num": 37,
  "fd_perc": 18.226600985221676,
  "fwhm_avg": 2.550588888888889,
  "fwhm_x": 2.5926766666666667,
  "fwhm_y": 2.682263333333333,
  "fwhm_z": 2.3768266666666666,
  "gcor": 0.026834,
  "gsr_x": -0.016174789518117905,
  "gsr_y": 0.020235108211636543,
  "provenance": {
    "md5sum": "ed9ad89c684d1c565e4afb0226cbb5b4",
    "settings": {
      "fd_thres": 0.2,
      "testing": false
    },
    "software": "mriqc",
    "version": "23.1.0"
  },
  "size_t": 203,
  "size_x": 72,
  "size_y": 72,
  "size_z": 46,
  "snr": 3.0305527251226234,
  "spacing_tr": 3.0,
  "spacing_x": 3.0,
  "spacing_y": 3.0,
  "spacing_z": 3.0,
  "summary_bg_k": 35.836528582978524,
  "summary_bg_mad": 24.01377250606939,
  "summary_bg_mean": 71.53009263836978,
  "summary_bg_median": 18.827585220336914,
  "summary_bg_n": 195589.0,
  "summary_bg_p05": 0.842364490032196,
  "summary_bg_p95": 319.029541015625,
  "summary_bg_stdv": 168.7827053878325,
  "summary_fg_k": 0.5767046045299282,
  "summary_fg_mad": 719.4928124595972,
  "summary_fg_mean": 2466.9718473825706,
  "summary_fg_median": 2369.1279296875,
  "summary_fg_n": 42875.0,
  "summary_fg_p05": 1338.527099609375,
  "summary_fg_p95": 3911.916259765625,
  "summary_fg_stdv": 781.7386846871279,
  "tsnr": 37.62179419398308
}