{
  "aor": 0.0011202475247524752,
  "aqi": 0.002883493861386139,
  "bids_meta": {
    "EchoTime": 0.0137,
    "RepetitionTime": 3.0,
    "SliceEncodingDirection": "k",
    "SliceTiming": [
      0.0,
      1.5,
      0.065,
      1.565,
      0.13,
      1.63,
      0.196,
      1.696,
      0.261,
      1.761,
      0.326,
      1.826,
      0.391,
      1.891,
      0.457,
      1.957,
      0.522,
      2.022,
      0.587,
      2.087,
      0.652,
      2.152,
      0.717,
      2.217,
      0.783,
      2.283,
      0.848,
      2.348,
      0.913,
      2.413,
      0.978,
      2.478,
      1.043,
      2.543,
      1.109,
      2.609,
      1.174,
      2.674,
      1.239,
      2.739,
      1.304,
      2.804,
      1.37,
      2.87,
      1.435,
      2.935
    ],
    "TaskName": "rest",
    "dataset": "ds003592",
    "modality": "bold",
    "session_id": "2",
    "subject_id": "234",
    "task_id": "rest"
  },
  "dummy_trs": 2,
  "dvars_nstd": 18.104186864378107,
  "dvars_std": 1.1923601393532341,
  "dvars_vstd": 0.9663676240298504,
  "efc": 0.4827297209036298,
  "fber": 38729.62109375,
  "fd_mean": 0.12494730840337091,
  "fd_num": 28,
  "fd_perc": 13.861386138613861,
  "fwhm_avg": 3.2403200000000005,
  "fwhm_x": 3.1049733333333336,
  "fwhm_y": 3.15342,
  "fwhm_z": 3.462566666666667,
  "gcor": 0.0262522,
  "gsr_x": -0.0213606096804142,
  "gsr_y": 0.05532950907945633,
  "provenance": {
    "md5sum": "7ae59f68a836070ee0aa690b0410411c",
    "settings": {
      "fd_thres": 0.2,
      "testing": false
    },
    "software": "mriqc",
    "version": "23.1.0"
  },
  "size_t": 202,
  "size_x": 72,
  "size_y": 72,
  "size_z": 46,
  "snr": 3.2125532195563293,
  "spacing_tr": 3.0,
  "spacing_x": 3.0,
  "spacing_y": 3.0,
  "spacing_z": 3.0,
  "summary_bg_k": 12.64542558354354,
  "summary_bg_mad": 34.00443407147995,
  "summary_bg_mean": 300.9440517048251,
  "summary_bg_median": 24.43564224243164,
  "summary_bg_n": 187407.0,
  "summary_bg_p05": 0.6584158539772034,
  "summary_bg_p95": 1770.89599609375,
  "summary_bg_stdv": 667.4173542461458,
  "summary_fg_k": 0.8857626899331512,
  "summary_fg_mad": 1326.6864700629046,
  "summary_fg_mean": 5067.660295891963,
  "summary_fg_median": 4808.89599609375,
  "summary_fg_n": 51057.0,
  "summary_fg_p05": 3056.589111328125,
  "summary_fg_p95": 7908.6533203125,
  "summary_fg_stdv": 1496.8931481614215,
  "tsnr": 80.60966270789504
}