{
  "aor": 0.005517192118226601,
  "aqi": 0.002386784581280788,
  "bids_meta": {
    "EchoTime": 0.0137,
    "RepetitionTime": 3.0,
    "SliceEncodingDirection": "k",
    "SliceTiming": [
      0.0,
      1.5,
      0.065,
      1.565,
      0.13,
      1.63,
      0.196,
      1.696,
      0.261,
      1.761,
      0.326,
      1.826,
      0.391,
      1.891,
      0.457,
      1.957,
      0.522,
      2.022,
      0.587,
      2.087,
      0.652,
      2.152,
      0.717,
      2.217,
      0.783,
      2.283,
      0.848,
      2.348,
      0.913,
      2.413,
      0.978,
      2.478,
      1.043,
      2.543,
      1.109,
      2.609,
      1.174,
      2.674,
      1.239,
      2.739,
      1.304,
      2.804,
      1.37,
      2.87,
      1.435,
      2.935
    ],
    "TaskName": "rest",
    "dataset": "ds003592",
    "modality": "bold",
    "session_id": "2",
    "subject_id": "165",
    "task_id": "rest"
  },
  "dummy_trs": 1,
  "dvars_nstd": 19.96237346445545,
  "dvars_std": 1.5337868171287141,
  "dvars_vstd": 0.9716806838118812,
  "efc": 0.5384889446675112,
  "fber": 8639.58203125,
  "fd_mean": 0.04622269383680284,
  "fd_num": 5,
  "fd_perc": 2.4630541871921183,
  "fwhm_avg": 3.4318788888888885,
  "fwhm_x": 3.0571699999999997,
  "fwhm_y": 3.357333333333333,
  "fwhm_z": 3.881133333333333,
  "gcor": 0.0227974,
  "gsr_x": -0.0018368400633335114,
  "gsr_y": 0.06622577458620071,
  "provenance": {
    "md5sum": "cd20582381046f3f5988dca13c62f488",
    "settings": {
      "fd_thres": 0.2,
      "testing": false
    },
    "software": "mriqc",
    "version": "23.1.0"
  },
  "size_t": 203,
  "size_x": 72,
  "size_y": 72,
  "size_z": 46,
  "snr": 2.6523340535713227,
  "spacing_tr": 3.0,
  "spacing_x": 3.0,
  "spacing_y": 3.0,
  "spacing_z": 3.0,
  "summary_bg_k": 9.833622011237857,
  "summary_bg_mad": 75.74417497501655,
  "summary_bg_mean": 464.34648866315206,
  "summary_bg_median": 52.226600646972656,
  "summary_bg_n": 177031.0,
  "summary_bg_p05": 0.5467979907989502,
  "summary_bg_p95": 2455.5517578125,
  "summary_bg_stdv": 928.2267048013492,
  "summary_fg_k": 1.4295394865602002,
  "summary_fg_mad": 1534.9830326771355,
  "summary_fg_mean": 5177.141457716349,
  "summary_fg_median": 4854.4287109375,
  "summary_fg_n": 61433.0,
  "summary_fg_p05": 2684.029541015625,
  "summary_fg_p95": 8696.6796875,
  "summary_fg_stdv": 1830.2329581362194,
  "tsnr": 85.41369148343801
}