{
  "aor": 0.004425024630541873,
  "aqi": 0.00437923433497537,
  "bids_meta": {
    "EchoTime": 0.047,
    "RepetitionTime": 3.0,
    "SliceEncodingDirection": "k",
    "SliceTiming": [
      0.0,
      1.5,
      0.065,
      1.565,
      0.13,
      1.63,
      0.196,
      1.696,
      0.261,
      1.761,
      0.326,
      1.826,
      0.391,
      1.891,
      0.457,
      1.957,
      0.522,
      2.022,
      0.587,
      2.087,
      0.652,
      2.152,
      0.717,
      2.217,
      0.783,
      2.283,
      0.848,
      2.348,
      0.913,
      2.413,
      0.978,
      2.478,
      1.043,
      2.543,
      1.109,
      2.609,
      1.174,
      2.674,
      1.239,
      2.739,
      1.304,
      2.804,
      1.37,
      2.87,
      1.435,
      2.935
    ],
    "TaskName": "rest",
    "dataset": "ds003592",
    "modality": "bold",
    "session_id": "2",
    "subject_id": "165",
    "task_id": "rest"
  },
  "dummy_trs": 1,
  "dvars_nstd": 21.769427365445537,
  "dvars_std": 1.10050647628713,
  "dvars_vstd": 1.0055346975742576,
  "efc": 0.4394303286368726,
  "fber": 8770.28515625,
  "fd_mean": 0.04902467487095403,
  "fd_num": 5,
  "fd_perc": 2.4630541871921183,
  "fwhm_avg": 2.641907777777778,
  "fwhm_x": 2.631743333333333,
  "fwhm_y": 2.743206666666667,
  "fwhm_z": 2.5507733333333333,
  "gcor": 0.0301702,
  "gsr_x": -0.0005968451150692999,
  "gsr_y": 0.018620295450091362,
  "provenance": {
    "md5sum": "190354589e5140103de06ae7276c8554",
    "settings": {
      "fd_thres": 0.2,
      "testing": false
    },
    "software": "mriqc",
    "version": "23.1.0"
  },
  "size_t": 203,
  "size_x": 72,
  "size_y": 72,
  "size_z": 46,
  "snr": 2.8694959911596034,
  "spacing_tr": 3.0,
  "spacing_x": 3.0,
  "spacing_y": 3.0,
  "spacing_z": 3.0,
  "summary_bg_k": 46.03944480085261,
  "summary_bg_mad": 36.020660526503654,
  "summary_bg_mean": 103.96777774525053,
  "summary_bg_median": 27.261083602905273,
  "summary_bg_n": 191814.0,
  "summary_bg_p05": 0.7044335007667542,
  "summary_bg_p95": 529.2906494140625,
  "summary_bg_stdv": 233.239141410905,
  "summary_fg_k": 0.6897625766598035,
  "summary_fg_mad": 797.9649462273184,
  "summary_fg_mean": 2689.066416464105,
  "summary_fg_median": 2552.9949951171875,
  "summary_fg_n": 46650.0,
  "summary_fg_p05": 1442.423583984375,
  "summary_fg_p95": 4385.14794921875,
  "summary_fg_stdv": 889.6920015031789,
  "tsnr": 52.08605959173292
}