{
  "aor": 0.004702660098522167,
  "aqi": 0.0030401881773399015,
  "bids_meta": {
    "EchoTime": 0.03,
    "RepetitionTime": 3.0,
    "SliceEncodingDirection": "k",
    "SliceTiming": [
      0.0,
      1.5,
      0.065,
      1.565,
      0.13,
      1.63,
      0.196,
      1.696,
      0.261,
      1.761,
      0.326,
      1.826,
      0.391,
      1.891,
      0.457,
      1.957,
      0.522,
      2.022,
      0.587,
      2.087,
      0.652,
      2.152,
      0.717,
      2.217,
      0.783,
      2.283,
      0.848,
      2.348,
      0.913,
      2.413,
      0.978,
      2.478,
      1.043,
      2.543,
      1.109,
      2.609,
      1.174,
      2.674,
      1.239,
      2.739,
      1.304,
      2.804,
      1.37,
      2.87,
      1.435,
      2.935
    ],
    "TaskName": "rest",
    "dataset": "ds003592",
    "modality": "bold",
    "session_id": "2",
    "subject_id": "165",
    "task_id": "rest"
  },
  "dummy_trs": 1,
  "dvars_nstd": 16.874292500841587,
  "dvars_std": 1.1077968348019802,
  "dvars_vstd": 0.9903828305940594,
  "efc": 0.4717162496327601,
  "fber": 11204.62890625,
  "fd_mean": 0.04927296118837903,
  "fd_num": 5,
  "fd_perc": 2.4630541871921183,
  "fwhm_avg": 3.072232222222222,
  "fwhm_x": 2.9985866666666667,
  "fwhm_y": 3.0843966666666667,
  "fwhm_z": 3.133713333333333,
  "gcor": 0.030083,
  "gsr_x": 0.004181241616606712,
  "gsr_y": 0.02162301354110241,
  "provenance": {
    "md5sum": "2a258794c34630643d844ad919992f16",
    "settings": {
      "fd_thres": 0.2,
      "testing": false
    },
    "software": "mriqc",
    "version": "23.1.0"
  },
  "size_t": 203,
  "size_x": 72,
  "size_y": 72,
  "size_z": 46,
  "snr": 2.7890235806357815,
  "spacing_tr": 3.0,
  "spacing_x": 3.0,
  "spacing_y": 3.0,
  "spacing_z": 3.0,
  "summary_bg_k": 23.42042643697912,
  "summary_bg_mad": 47.662374279883956,
  "summary_bg_mean": 191.36322669323278,
  "summary_bg_median": 33.83251190185547,
  "summary_bg_n": 186857.0,
  "summary_bg_p05": 0.6896551847457886,
  "summary_bg_p95": 1034.3004150390625,
  "summary_bg_stdv": 406.35056646260995,
  "summary_fg_k": 0.8399836716154563,
  "summary_fg_mad": 1126.9239192908874,
  "summary_fg_mean": 3794.836771345315,
  "summary_fg_median": 3581.236328125,
  "summary_fg_n": 51607.0,
  "summary_fg_p05": 2020.0738525390625,
  "summary_fg_p95": 6276.103515625,
  "summary_fg_stdv": 1284.0341887482818,
  "tsnr": 66.37867048033513
}