{
  "bids_meta": {
    "EchoTime": 0.0034,
    "FlipAngle": 7,
    "RepetitionTime": 2.53,
    "dataset": "ds003592",
    "modality": "T1w",
    "session_id": "1",
    "subject_id": "71"
  },
  "cjv": 0.8060105569891185,
  "cnr": 1.0027613458729063,
  "efc": 0.5847723664351747,
  "fber": 3821.8643612871006,
  "fwhm_avg": 4.000473333333334,
  "fwhm_x": 4.09354,
  "fwhm_y": 4.04701,
  "fwhm_z": 3.86087,
  "icvs_csf": 0.26344351613208516,
  "icvs_gm": 0.35925121876280575,
  "icvs_wm": 0.37730526510510914,
  "inu_med": 0.9195820391178131,
  "inu_range": 0.7102552920579909,
  "provenance": {
    "md5sum": "fe5b033038ae1dbdce4605f51efa8100",
    "settings": {
      "testing": false
    },
    "software": "mriqc",
    "version": "23.1.0",
    "warnings": {
      "large_rot_frame": true,
      "small_air_mask": false
    }
  },
  "qi_1": 0.0,
  "qi_2": 0.002190558198519442,
  "rpve_csf": 7.1591464705612164,
  "rpve_gm": 7.006828841493511,
  "rpve_wm": 7.095749651005121,
  "size_x": 176,
  "size_y": 256,
  "size_z": 256,
  "snr_csf": 1.5915061377029185,
  "snr_gm": 3.448743776077089,
  "snr_total": 4.501685548432439,
  "snr_wm": 8.46480673151731,
  "snrd_csf": 3.8669744752454807,
  "snrd_gm": 9.876921503496556,
  "snrd_total": 8.98560642563657,
  "snrd_wm": 13.212923298167674,
  "spacing_x": 1.0,
  "spacing_y": 1.0,
  "spacing_z": 1.0,
  "summary_bg_k": 784.2436486766424,
  "summary_bg_mad": 0.0,
  "summary_bg_mean": 6.516970657533624,
  "summary_bg_median": 0.0,
  "summary_bg_n": 2754020.0,
  "summary_bg_p05": 0.0,
  "summary_bg_p95": 27.38810896128416,
  "summary_bg_stdv": 47.95402137685648,
  "summary_csf_k": -0.5907802911684525,
  "summary_csf_mad": 146.30646463047387,
  "summary_csf_mean": 325.4278543259555,
  "summary_csf_median": 283.05094427615404,
  "summary_csf_n": 419022.7194984018,
  "summary_csf_p05": 96.07092766463757,
  "summary_csf_p95": 666.7881073057652,
  "summary_csf_stdv": 177.85077909481453,
  "summary_gm_k": 2.1502681090097955,
  "summary_gm_mad": 94.89662382801197,
  "summary_gm_mean": 713.4437366106569,
  "summary_gm_median": 722.9610580578446,
  "summary_gm_n": 571410.619169049,
  "summary_gm_p05": 310.74269080907106,
  "summary_gm_p95": 1049.2499925345182,
  "summary_gm_stdv": 209.63007761310925,
  "summary_wm_k": -0.5367301758790806,
  "summary_wm_mad": 101.91933413027472,
  "summary_wm_mean": 949.3047659664239,
  "summary_wm_median": 967.1463931649923,
  "summary_wm_n": 600126.6631521136,
  "summary_wm_p05": 745.1266007870436,
  "summary_wm_p95": 1114.7749804928899,
  "summary_wm_stdv": 114.25489300050143,
  "tpm_overlap_csf": 0.20408199251718068,
  "tpm_overlap_gm": 0.5041104784298546,
  "tpm_overlap_wm": 0.5254978557631902,
  "wm2max": 0.32253883387002047
}