{
  "aor": 0.0042040394088669955,
  "aqi": 0.0033982484729064033,
  "bids_meta": {
    "EchoTime": 0.0137,
    "RepetitionTime": 3.0,
    "SliceEncodingDirection": "k",
    "SliceTiming": [
      0.0,
      1.5,
      0.065,
      1.565,
      0.13,
      1.63,
      0.196,
      1.696,
      0.261,
      1.761,
      0.326,
      1.826,
      0.391,
      1.891,
      0.457,
      1.957,
      0.522,
      2.022,
      0.587,
      2.087,
      0.652,
      2.152,
      0.717,
      2.217,
      0.783,
      2.283,
      0.848,
      2.348,
      0.913,
      2.413,
      0.978,
      2.478,
      1.043,
      2.543,
      1.109,
      2.609,
      1.174,
      2.674,
      1.239,
      2.739,
      1.304,
      2.804,
      1.37,
      2.87,
      1.435,
      2.935
    ],
    "TaskName": "rest",
    "dataset": "ds003592",
    "modality": "bold",
    "session_id": "1",
    "subject_id": "212",
    "task_id": "rest"
  },
  "dummy_trs": 1,
  "dvars_nstd": 22.92128557247524,
  "dvars_std": 1.6405887108910886,
  "dvars_vstd": 0.991517054108911,
  "efc": 0.4964047921687554,
  "fber": 31132.642578125,
  "fd_mean": 0.07396631973057298,
  "fd_num": 6,
  "fd_perc": 2.955665024630542,
  "fwhm_avg": 3.408212222222222,
  "fwhm_x": 3.216143333333333,
  "fwhm_y": 3.2834266666666667,
  "fwhm_z": 3.7250666666666667,
  "gcor": 0.0611425,
  "gsr_x": -0.03750620409846306,
  "gsr_y": 0.0702235996723175,
  "provenance": {
    "md5sum": "32220efba0cbe9b5b596872cbfdad5ef",
    "settings": {
      "fd_thres": 0.2,
      "testing": false
    },
    "software": "mriqc",
    "version": "23.1.0"
  },
  "size_t": 203,
  "size_x": 72,
  "size_y": 72,
  "size_z": 46,
  "snr": 3.0156891299550055,
  "spacing_tr": 3.0,
  "spacing_x": 3.0,
  "spacing_y": 3.0,
  "spacing_z": 3.0,
  "summary_bg_k": 12.66214457571121,
  "summary_bg_mad": 37.99989795959429,
  "summary_bg_mean": 339.02412552436016,
  "summary_bg_median": 26.916255950927734,
  "summary_bg_n": 185422.0,
  "summary_bg_p05": 0.6551724076271057,
  "summary_bg_p95": 1917.581298828125,
  "summary_bg_stdv": 728.3650055423053,
  "summary_fg_k": 2.08362797951008,
  "summary_fg_mad": 1238.3927300335904,
  "summary_fg_mean": 5063.484511458646,
  "summary_fg_median": 4749.22412109375,
  "summary_fg_n": 53042.0,
  "summary_fg_p05": 3013.187255859375,
  "summary_fg_p95": 8094.1376953125,
  "summary_fg_stdv": 1574.8239117834412,
  "tsnr": 82.05530886305496
}