{
  "aor": 0.010638423645320198,
  "aqi": 0.0036486076354679806,
  "bids_meta": {
    "EchoTime": 0.0137,
    "RepetitionTime": 3.0,
    "SliceEncodingDirection": "k",
    "SliceTiming": [
      0.0,
      1.5,
      0.065,
      1.565,
      0.13,
      1.63,
      0.196,
      1.696,
      0.261,
      1.761,
      0.326,
      1.826,
      0.391,
      1.891,
      0.457,
      1.957,
      0.522,
      2.022,
      0.587,
      2.087,
      0.652,
      2.152,
      0.717,
      2.217,
      0.783,
      2.283,
      0.848,
      2.348,
      0.913,
      2.413,
      0.978,
      2.478,
      1.043,
      2.543,
      1.109,
      2.609,
      1.174,
      2.674,
      1.239,
      2.739,
      1.304,
      2.804,
      1.37,
      2.87,
      1.435,
      2.935
    ],
    "TaskName": "rest",
    "dataset": "ds003592",
    "modality": "bold",
    "session_id": "2",
    "subject_id": "211",
    "task_id": "rest"
  },
  "dummy_trs": 1,
  "dvars_nstd": 24.11868810212871,
  "dvars_std": 1.2309808500990103,
  "dvars_vstd": 1.0591273106930688,
  "efc": 0.5574968257515229,
  "fber": 4017.415283203125,
  "fd_mean": 0.20860850103476883,
  "fd_num": 72,
  "fd_perc": 35.467980295566505,
  "fwhm_avg": 3.3353177777777776,
  "fwhm_x": 2.9260566666666663,
  "fwhm_y": 3.320263333333333,
  "fwhm_z": 3.7596333333333334,
  "gcor": 0.0384917,
  "gsr_x": -0.00944463349878788,
  "gsr_y": 0.09704994410276413,
  "provenance": {
    "md5sum": "e86e9a091cf9c7c657795b02ba178667",
    "settings": {
      "fd_thres": 0.2,
      "testing": false
    },
    "software": "mriqc",
    "version": "23.1.0"
  },
  "size_t": 203,
  "size_x": 72,
  "size_y": 72,
  "size_z": 46,
  "snr": 2.68505716959155,
  "spacing_tr": 3.0,
  "spacing_x": 3.0,
  "spacing_y": 3.0,
  "spacing_z": 3.0,
  "summary_bg_k": 10.046774044500026,
  "summary_bg_mad": 107.83557486655678,
  "summary_bg_mean": 547.7820201349397,
  "summary_bg_median": 73.81773376464844,
  "summary_bg_n": 176680.0,
  "summary_bg_p05": 0.4729064106941223,
  "summary_bg_p95": 2765.4654541015625,
  "summary_bg_stdv": 1049.5991609387204,
  "summary_fg_k": 1.284466508612832,
  "summary_fg_mad": 1526.9559506217913,
  "summary_fg_mean": 4945.730716673,
  "summary_fg_median": 4678.795654296875,
  "summary_fg_n": 61784.0,
  "summary_fg_p05": 2592.630615234375,
  "summary_fg_p95": 8232.3056640625,
  "summary_fg_stdv": 1742.5170096913084,
  "tsnr": 64.16149218380451
}