{
  "aor": 0.0008080198019801981,
  "aqi": 0.00321251900990099,
  "bids_meta": {
    "EchoTime": 0.0137,
    "RepetitionTime": 3.0,
    "SliceEncodingDirection": "k",
    "SliceTiming": [
      0.0,
      1.5,
      0.065,
      1.565,
      0.13,
      1.63,
      0.196,
      1.696,
      0.261,
      1.761,
      0.326,
      1.826,
      0.391,
      1.891,
      0.457,
      1.957,
      0.522,
      2.022,
      0.587,
      2.087,
      0.652,
      2.152,
      0.717,
      2.217,
      0.783,
      2.283,
      0.848,
      2.348,
      0.913,
      2.413,
      0.978,
      2.478,
      1.043,
      2.543,
      1.109,
      2.609,
      1.174,
      2.674,
      1.239,
      2.739,
      1.304,
      2.804,
      1.37,
      2.87,
      1.435,
      2.935
    ],
    "TaskName": "rest",
    "dataset": "ds003592",
    "modality": "bold",
    "session_id": "2",
    "subject_id": "46",
    "task_id": "rest"
  },
  "dummy_trs": 2,
  "dvars_nstd": 19.403325185223885,
  "dvars_std": 1.462759067263682,
  "dvars_vstd": 0.9605595364179103,
  "efc": 0.5136160791245409,
  "fber": 15935.8974609375,
  "fd_mean": 0.07858568254430214,
  "fd_num": 3,
  "fd_perc": 1.4851485148514851,
  "fwhm_avg": 3.4170677777777776,
  "fwhm_x": 2.9986366666666666,
  "fwhm_y": 3.3785000000000003,
  "fwhm_z": 3.8740666666666663,
  "gcor": 0.0161152,
  "gsr_x": -0.022641217336058617,
  "gsr_y": 0.07545369118452072,
  "provenance": {
    "md5sum": "7a73c8535d80da8661944992a54d5fbc",
    "settings": {
      "fd_thres": 0.2,
      "testing": false
    },
    "software": "mriqc",
    "version": "23.1.0"
  },
  "size_t": 202,
  "size_x": 72,
  "size_y": 72,
  "size_z": 46,
  "snr": 2.7415695269394282,
  "spacing_tr": 3.0,
  "spacing_x": 3.0,
  "spacing_y": 3.0,
  "spacing_z": 3.0,
  "summary_bg_k": 11.689325410186951,
  "summary_bg_mad": 52.35347391408135,
  "summary_bg_mean": 397.63015323485115,
  "summary_bg_median": 36.73267364501953,
  "summary_bg_n": 182725.0,
  "summary_bg_p05": 0.7920792102813721,
  "summary_bg_p95": 2192.910888671875,
  "summary_bg_stdv": 839.1682442161982,
  "summary_fg_k": 2.1849105590278377,
  "summary_fg_mad": 1365.8878337026981,
  "summary_fg_mean": 4890.55784311997,
  "summary_fg_median": 4637.03955078125,
  "summary_fg_n": 55739.0,
  "summary_fg_p05": 2541.009765625,
  "summary_fg_p95": 8027.83154296875,
  "summary_fg_stdv": 1691.36617146649,
  "tsnr": 91.56701326742768
}