{
  "aor": 0.0010906435643564356,
  "aqi": 0.007176243118811882,
  "bids_meta": {
    "EchoTime": 0.047,
    "RepetitionTime": 3.0,
    "SliceEncodingDirection": "k",
    "SliceTiming": [
      0.0,
      1.5,
      0.065,
      1.565,
      0.13,
      1.63,
      0.196,
      1.696,
      0.261,
      1.761,
      0.326,
      1.826,
      0.391,
      1.891,
      0.457,
      1.957,
      0.522,
      2.022,
      0.587,
      2.087,
      0.652,
      2.152,
      0.717,
      2.217,
      0.783,
      2.283,
      0.848,
      2.348,
      0.913,
      2.413,
      0.978,
      2.478,
      1.043,
      2.543,
      1.109,
      2.609,
      1.174,
      2.674,
      1.239,
      2.739,
      1.304,
      2.804,
      1.37,
      2.87,
      1.435,
      2.935
    ],
    "TaskName": "rest",
    "dataset": "ds003592",
    "modality": "bold",
    "session_id": "2",
    "subject_id": "181",
    "task_id": "rest"
  },
  "dummy_trs": 2,
  "dvars_nstd": 28.677472745422886,
  "dvars_std": 1.131977348656716,
  "dvars_vstd": 0.9774164732835822,
  "efc": 0.4044521207934323,
  "fber": 12733.1357421875,
  "fd_mean": 0.1498792025159056,
  "fd_num": 43,
  "fd_perc": 21.287128712871286,
  "fwhm_avg": 2.639005555555556,
  "fwhm_x": 2.63803,
  "fwhm_y": 2.6809133333333333,
  "fwhm_z": 2.5980733333333332,
  "gcor": 0.0261259,
  "gsr_x": -0.015161138959228992,
  "gsr_y": 0.021603411063551903,
  "provenance": {
    "md5sum": "f497e65429f4f236fbfad32b5eb2ef92",
    "settings": {
      "fd_thres": 0.2,
      "testing": false
    },
    "software": "mriqc",
    "version": "23.1.0"
  },
  "size_t": 202,
  "size_x": 72,
  "size_y": 72,
  "size_z": 46,
  "snr": 2.7453205601336865,
  "spacing_tr": 3.0,
  "spacing_x": 3.0,
  "spacing_y": 3.0,
  "spacing_z": 3.0,
  "summary_bg_k": 42.84315740382895,
  "summary_bg_mad": 26.642801991456572,
  "summary_bg_mean": 74.90198133731951,
  "summary_bg_median": 20.98019790649414,
  "summary_bg_n": 196641.0,
  "summary_bg_p05": 0.9752475023269653,
  "summary_bg_p95": 326.554443359375,
  "summary_bg_stdv": 186.08544313734217,
  "summary_fg_k": 1.1805995388408306,
  "summary_fg_mad": 745.8810325610899,
  "summary_fg_mean": 2523.8398839003203,
  "summary_fg_median": 2367.4306640625,
  "summary_fg_n": 41823.0,
  "summary_fg_p05": 1366.39111328125,
  "summary_fg_p95": 4183.712890625,
  "summary_fg_stdv": 862.3409576631831,
  "tsnr": 46.932008082512766
}