{
  "aor": 0.0023989108910891094,
  "aqi": 0.003140463910891089,
  "bids_meta": {
    "EchoTime": 0.0137,
    "RepetitionTime": 3.0,
    "SliceEncodingDirection": "k",
    "SliceTiming": [
      0.0,
      1.5,
      0.065,
      1.565,
      0.13,
      1.63,
      0.196,
      1.696,
      0.261,
      1.761,
      0.326,
      1.826,
      0.391,
      1.891,
      0.457,
      1.957,
      0.522,
      2.022,
      0.587,
      2.087,
      0.652,
      2.152,
      0.717,
      2.217,
      0.783,
      2.283,
      0.848,
      2.348,
      0.913,
      2.413,
      0.978,
      2.478,
      1.043,
      2.543,
      1.109,
      2.609,
      1.174,
      2.674,
      1.239,
      2.739,
      1.304,
      2.804,
      1.37,
      2.87,
      1.435,
      2.935
    ],
    "TaskName": "rest",
    "dataset": "ds003592",
    "modality": "bold",
    "session_id": "2",
    "subject_id": "181",
    "task_id": "rest"
  },
  "dummy_trs": 2,
  "dvars_nstd": 19.572134829203975,
  "dvars_std": 1.2963052176616914,
  "dvars_vstd": 1.000261497761194,
  "efc": 0.46423459291174857,
  "fber": 27356.22265625,
  "fd_mean": 0.15434750328342042,
  "fd_num": 47,
  "fd_perc": 23.26732673267327,
  "fwhm_avg": 4.010922222222223,
  "fwhm_x": 3.7507,
  "fwhm_y": 3.8027333333333337,
  "fwhm_z": 4.479333333333334,
  "gcor": 0.021979,
  "gsr_x": -0.023367060348391533,
  "gsr_y": 0.05017847567796707,
  "provenance": {
    "md5sum": "6830e491464f6d753f2626b2b2d6ca46",
    "settings": {
      "fd_thres": 0.2,
      "testing": false
    },
    "software": "mriqc",
    "version": "23.1.0"
  },
  "size_t": 202,
  "size_x": 72,
  "size_y": 72,
  "size_z": 46,
  "snr": 2.4319712548824506,
  "spacing_tr": 3.0,
  "spacing_x": 3.0,
  "spacing_y": 3.0,
  "spacing_z": 3.0,
  "summary_bg_k": 15.502907633322156,
  "summary_bg_mad": 38.13663777616564,
  "summary_bg_mean": 272.84547576454236,
  "summary_bg_median": 27.321781158447266,
  "summary_bg_n": 188775.0,
  "summary_bg_p05": 0.8514851331710815,
  "summary_bg_p95": 1552.3564453125,
  "summary_bg_stdv": 598.2757616158735,
  "summary_fg_k": 3.366018426272661,
  "summary_fg_mad": 1279.6913097998538,
  "summary_fg_mean": 4984.134391646019,
  "summary_fg_median": 4518.9453125,
  "summary_fg_n": 49689.0,
  "summary_fg_p05": 2858.455322265625,
  "summary_fg_p95": 8709.4951171875,
  "summary_fg_stdv": 1858.1222252969683,
  "tsnr": 90.09778003022075
}