{
  "bids_meta": {
    "EchoTime": 0.0034,
    "FlipAngle": 7,
    "RepetitionTime": 2.53,
    "dataset": "ds003592",
    "modality": "T1w",
    "session_id": "1",
    "subject_id": "80"
  },
  "cjv": 0.6463374275392966,
  "cnr": 1.5343806940395932,
  "efc": 0.5943506134784617,
  "fber": -1.0,
  "fwhm_avg": 4.067683333333334,
  "fwhm_x": 4.03727,
  "fwhm_y": 4.21634,
  "fwhm_z": 3.94944,
  "icvs_csf": 0.2593387523799165,
  "icvs_gm": 0.37804819836689385,
  "icvs_wm": 0.3626130492531897,
  "inu_med": 0.8035077452659607,
  "inu_range": 0.6380282163619994,
  "provenance": {
    "md5sum": "9e190abb4415e6381746ac0b4f4cded4",
    "settings": {
      "testing": false
    },
    "software": "mriqc",
    "version": "23.1.0",
    "warnings": {
      "large_rot_frame": true,
      "small_air_mask": false
    }
  },
  "qi_1": 0.0,
  "qi_2": 0.0018474253278007702,
  "rpve_csf": 6.609736879312626,
  "rpve_gm": 6.516074184069016,
  "rpve_wm": 6.617889212704311,
  "size_x": 176,
  "size_y": 256,
  "size_z": 256,
  "snr_csf": 1.993807522908765,
  "snr_gm": 5.1290962645498395,
  "snr_total": 6.282326782189588,
  "snr_wm": 11.724076559110157,
  "snrd_csf": 29.35928039774565,
  "snrd_gm": 48.268722229151045,
  "snrd_total": 47.56338754551364,
  "snrd_wm": 65.06216000964422,
  "spacing_x": 1.0,
  "spacing_y": 1.0,
  "spacing_z": 1.0,
  "summary_bg_k": 11.022741462273174,
  "summary_bg_mad": 0.0,
  "summary_bg_mean": 4.781000571693351,
  "summary_bg_median": 0.0,
  "summary_bg_n": 2813286.0,
  "summary_bg_p05": 0.0,
  "summary_bg_p95": 26.028957962989807,
  "summary_bg_stdv": 9.660522966705692,
  "summary_csf_k": -0.5187178587683263,
  "summary_csf_mad": 160.00623719288868,
  "summary_csf_mean": 435.8454987817841,
  "summary_csf_median": 432.92664331942797,
  "summary_csf_n": 444794.2284314304,
  "summary_csf_p05": 100.76460351422429,
  "summary_csf_p95": 781.8773610107601,
  "summary_csf_stdv": 217.13538126694027,
  "summary_gm_k": -0.5776049827447949,
  "summary_gm_mad": 97.344765346774,
  "summary_gm_mean": 718.703665899354,
  "summary_gm_median": 711.7618554979563,
  "summary_gm_n": 648393.8677092091,
  "summary_gm_p05": 499.6583842970431,
  "summary_gm_p95": 968.7978153824806,
  "summary_gm_stdv": 138.76934062473913,
  "summary_wm_k": 0.27151083606963367,
  "summary_wm_mad": 62.70971008464133,
  "summary_wm_mean": 950.9363793309864,
  "summary_wm_median": 959.3948543183506,
  "summary_wm_n": 621920.9045374861,
  "summary_wm_p05": 796.5511860623956,
  "summary_wm_p95": 1072.9136472344398,
  "summary_wm_stdv": 81.83110014380917,
  "tpm_overlap_csf": 0.21991821192071728,
  "tpm_overlap_gm": 0.5286530018675935,
  "tpm_overlap_wm": 0.5421875737623857,
  "wm2max": 0.5731009871108812
}