{
  "aor": 0.003613448275862069,
  "aqi": 0.010678908128078817,
  "bids_meta": {
    "EchoTime": 0.03,
    "RepetitionTime": 3.0,
    "SliceEncodingDirection": "k",
    "SliceTiming": [
      0.0,
      1.5,
      0.065,
      1.565,
      0.13,
      1.63,
      0.196,
      1.696,
      0.261,
      1.761,
      0.326,
      1.826,
      0.391,
      1.891,
      0.457,
      1.957,
      0.522,
      2.022,
      0.587,
      2.087,
      0.652,
      2.152,
      0.717,
      2.217,
      0.783,
      2.283,
      0.848,
      2.348,
      0.913,
      2.413,
      0.978,
      2.478,
      1.043,
      2.543,
      1.109,
      2.609,
      1.174,
      2.674,
      1.239,
      2.739,
      1.304,
      2.804,
      1.37,
      2.87,
      1.435,
      2.935
    ],
    "TaskName": "rest",
    "dataset": "ds003592",
    "modality": "bold",
    "session_id": "1",
    "subject_id": "197",
    "task_id": "rest"
  },
  "dummy_trs": 1,
  "dvars_nstd": 23.613148967772272,
  "dvars_std": 1.052049080792079,
  "dvars_vstd": 0.9002677086633664,
  "efc": 0.47992679987445347,
  "fber": 15068.0009765625,
  "fd_mean": 0.18533664053461704,
  "fd_num": 60,
  "fd_perc": 29.55665024630542,
  "fwhm_avg": 3.1472088888888887,
  "fwhm_x": 3.0543633333333333,
  "fwhm_y": 3.16041,
  "fwhm_z": 3.226853333333333,
  "gcor": 0.0205519,
  "gsr_x": -0.018496310338377953,
  "gsr_y": 0.04959492385387421,
  "provenance": {
    "md5sum": "aa2427bd06b9e9c37db2224d20474081",
    "settings": {
      "fd_thres": 0.2,
      "testing": false
    },
    "software": "mriqc",
    "version": "23.1.0"
  },
  "size_t": 203,
  "size_x": 72,
  "size_y": 72,
  "size_z": 46,
  "snr": 2.738460283335839,
  "spacing_tr": 3.0,
  "spacing_x": 3.0,
  "spacing_y": 3.0,
  "spacing_z": 3.0,
  "summary_bg_k": 34.05427457065913,
  "summary_bg_mad": 39.35468908742403,
  "summary_bg_mean": 163.7270577703099,
  "summary_bg_median": 28.618226051330566,
  "summary_bg_n": 181756.0,
  "summary_bg_p05": 1.1576354503631592,
  "summary_bg_p95": 835.3004760742188,
  "summary_bg_stdv": 348.5009275230984,
  "summary_fg_k": 0.9732632251970457,
  "summary_fg_mad": 1133.04399700341,
  "summary_fg_mean": 3745.658430525839,
  "summary_fg_median": 3512.9383544921875,
  "summary_fg_n": 56708.0,
  "summary_fg_p05": 2029.5714111328125,
  "summary_fg_p95": 6224.43359375,
  "summary_fg_stdv": 1282.8038448504574,
  "tsnr": 35.54828371061012
}