{
  "bids_meta": {
    "EchoTime": 0.0034,
    "FlipAngle": 7,
    "RepetitionTime": 2.53,
    "dataset": "ds003592",
    "modality": "T1w",
    "session_id": "1",
    "subject_id": "112"
  },
  "cjv": 0.7951369898499834,
  "cnr": 1.038028146233861,
  "efc": 0.5837184956496694,
  "fber": -1.0,
  "fwhm_avg": 4.145133333333334,
  "fwhm_x": 4.08701,
  "fwhm_y": 4.31862,
  "fwhm_z": 4.02977,
  "icvs_csf": 0.26211258850324537,
  "icvs_gm": 0.3605006239499889,
  "icvs_wm": 0.3773867875467658,
  "inu_med": 0.8744742274284363,
  "inu_range": 0.7567178100347518,
  "provenance": {
    "md5sum": "38865a8a4a9a55c8e8e380c54a361630",
    "settings": {
      "testing": false
    },
    "software": "mriqc",
    "version": "23.1.0",
    "warnings": {
      "large_rot_frame": true,
      "small_air_mask": false
    }
  },
  "qi_1": 0.0,
  "qi_2": 0.0011992898751820224,
  "rpve_csf": 7.202498016069911,
  "rpve_gm": 7.046469064534995,
  "rpve_wm": 7.130928599779189,
  "size_x": 176,
  "size_y": 256,
  "size_z": 256,
  "snr_csf": 1.5485937327789463,
  "snr_gm": 3.692831225582433,
  "snr_total": 4.592233613928228,
  "snr_wm": 8.535275883423305,
  "snrd_csf": 15.943233655615291,
  "snrd_gm": 40.910692783077046,
  "snrd_total": 37.011948773146656,
  "snrd_wm": 54.18191988074764,
  "spacing_x": 1.0,
  "spacing_y": 1.0,
  "spacing_z": 1.0,
  "summary_bg_k": 3580.8213684106836,
  "summary_bg_mad": 0.0,
  "summary_bg_mean": 3.656614727992353,
  "summary_bg_median": 0.0,
  "summary_bg_n": 2825633.0,
  "summary_bg_p05": 0.0,
  "summary_bg_p95": 19.9366504997015,
  "summary_bg_stdv": 11.68364278553129,
  "summary_csf_k": -0.6132388228044703,
  "summary_csf_mad": 145.30441410266604,
  "summary_csf_mean": 331.14141072030225,
  "summary_csf_median": 284.33017441630363,
  "summary_csf_n": 414623.3224013753,
  "summary_csf_p05": 95.63070905581117,
  "summary_csf_p95": 686.1841086708009,
  "summary_csf_stdv": 183.60518031296527,
  "summary_gm_k": 1.3929376069584753,
  "summary_gm_mad": 89.6412212477474,
  "summary_gm_mean": 724.4030226741799,
  "summary_gm_median": 729.5975625626743,
  "summary_gm_n": 570258.6330685238,
  "summary_gm_p05": 356.4374991208315,
  "summary_gm_p95": 1043.5532269738615,
  "summary_gm_stdv": 197.57115294098563,
  "summary_wm_k": -0.51445493919267,
  "summary_wm_mad": 98.55009454586713,
  "summary_wm_mean": 945.6794306690974,
  "summary_wm_median": 966.2754158079624,
  "summary_wm_n": 596970.0447297845,
  "summary_wm_p05": 741.2893832996488,
  "summary_wm_p95": 1106.4375217743218,
  "summary_wm_stdv": 113.20953413676554,
  "tpm_overlap_csf": 0.20019253239929363,
  "tpm_overlap_gm": 0.5094881296317293,
  "tpm_overlap_wm": 0.531256071822228,
  "wm2max": 0.38211726564370846
}