{
  "bids_meta": {
    "EchoTime": 0.0034,
    "FlipAngle": 7,
    "RepetitionTime": 2.53,
    "dataset": "ds003592",
    "modality": "T1w",
    "session_id": "1",
    "subject_id": "224"
  },
  "cjv": 0.5989320220453094,
  "cnr": 1.6017144477380498,
  "efc": 0.5840626907808534,
  "fber": -1.0,
  "fwhm_avg": 4.172183333333334,
  "fwhm_x": 4.28564,
  "fwhm_y": 4.15232,
  "fwhm_z": 4.07859,
  "icvs_csf": 0.2617937429312518,
  "icvs_gm": 0.3847676966650616,
  "icvs_wm": 0.35343856040368665,
  "inu_med": 0.80373615026474,
  "inu_range": 0.6987638235092162,
  "provenance": {
    "md5sum": "21bb39fdfa6c3cc3fa33defcc9095ed0",
    "settings": {
      "testing": false
    },
    "software": "mriqc",
    "version": "23.1.0",
    "warnings": {
      "large_rot_frame": true,
      "small_air_mask": false
    }
  },
  "qi_1": 0.0,
  "qi_2": 0.0012637356320711304,
  "rpve_csf": 7.362284486539137,
  "rpve_gm": 7.255180993960504,
  "rpve_wm": 7.3523212655561565,
  "size_x": 176,
  "size_y": 256,
  "size_z": 256,
  "snr_csf": 1.895988371612393,
  "snr_gm": 5.17895111988696,
  "snr_total": 5.389374785204254,
  "snr_wm": 9.093184864113406,
  "snrd_csf": 46.309976350047805,
  "snrd_gm": 81.60070256229598,
  "snrd_total": 80.58777296078898,
  "snrd_wm": 113.85263997002319,
  "spacing_x": 1.0,
  "spacing_y": 1.0,
  "spacing_z": 1.0,
  "summary_bg_k": 22.854282142607083,
  "summary_bg_mad": 0.0,
  "summary_bg_mean": 1.9792703936160918,
  "summary_bg_median": 0.0,
  "summary_bg_n": 3032685.0,
  "summary_bg_p05": 0.0,
  "summary_bg_p95": 13.026011623442173,
  "summary_bg_stdv": 5.476612008846093,
  "summary_csf_k": -0.7951472429156641,
  "summary_csf_mad": 159.79351324004438,
  "summary_csf_mean": 400.1639133009213,
  "summary_csf_median": 387.1281959116459,
  "summary_csf_n": 404246.71398330806,
  "summary_csf_p05": 97.87769481539726,
  "summary_csf_p95": 731.0392504557967,
  "summary_csf_stdv": 204.1825376573812,
  "summary_gm_k": -0.46191503235338205,
  "summary_gm_mad": 88.86107645163612,
  "summary_gm_mean": 688.740175688791,
  "summary_gm_median": 682.1409825235605,
  "summary_gm_n": 594135.9609370923,
  "summary_gm_p05": 478.2291183248162,
  "summary_gm_p95": 939.9829696118832,
  "summary_gm_stdv": 131.71400785046583,
  "summary_wm_k": -0.17859456611710822,
  "summary_wm_mad": 72.61700695810752,
  "summary_wm_mean": 925.6889994597332,
  "summary_wm_median": 951.7510174959898,
  "summary_wm_n": 545759.3257899263,
  "summary_wm_p05": 719.5958383753896,
  "summary_wm_p95": 1060.1793759316206,
  "summary_wm_stdv": 104.66631436258272,
  "tpm_overlap_csf": 0.2184504880357462,
  "tpm_overlap_gm": 0.5343550716000123,
  "tpm_overlap_wm": 0.5504228856339003,
  "wm2max": 0.4988726762241035
}