{
  "aor": 0.0013736999999999998,
  "aqi": 0.009245768250000001,
  "bids_meta": {
    "EchoTime": 0.04592,
    "RepetitionTime": 3,
    "SliceEncodingDirection": "k",
    "SliceTiming": [
      0,
      1.54,
      0.07,
      1.61,
      0.14,
      1.68,
      0.21,
      1.75,
      0.28,
      1.82,
      0.35,
      1.89,
      0.42,
      1.96,
      0.49,
      2.03,
      0.56,
      2.1,
      0.63,
      2.17,
      0.7,
      2.24,
      0.77,
      2.31,
      0.84,
      2.38,
      0.91,
      2.45,
      0.98,
      2.52,
      1.05,
      2.5925,
      1.12,
      2.6625,
      1.19,
      2.7325,
      1.26,
      2.8025,
      1.33,
      2.8725,
      1.4,
      2.9425,
      1.47
    ],
    "TaskName": "rest",
    "dataset": "ds003592",
    "modality": "bold",
    "session_id": "2",
    "subject_id": "294",
    "task_id": "rest"
  },
  "dummy_trs": 0,
  "dvars_nstd": 41.987334850452235,
  "dvars_std": 1.1068635896984926,
  "dvars_vstd": 0.9718647975879399,
  "efc": 0.4693994593229465,
  "fber": 825.99267578125,
  "fd_mean": 0.22452235232209639,
  "fd_num": 78,
  "fd_perc": 39.0,
  "fwhm_avg": 2.2446674074074076,
  "fwhm_x": 2.0724414814814813,
  "fwhm_y": 2.2530074074074076,
  "fwhm_z": 2.4085533333333333,
  "gcor": 0.0124301,
  "gsr_x": -0.015170762315392494,
  "gsr_y": 0.03216700255870819,
  "provenance": {
    "md5sum": "8f6fe6440cab0bfa52ae69b8e5d5d94a",
    "settings": {
      "fd_thres": 0.2,
      "testing": false
    },
    "software": "mriqc",
    "version": "23.1.0"
  },
  "size_t": 200,
  "size_x": 64,
  "size_y": 64,
  "size_z": 43,
  "snr": 2.2338461482679173,
  "spacing_tr": 3.0,
  "spacing_x": 3.375,
  "spacing_y": 3.375,
  "spacing_z": 3.0,
  "summary_bg_k": 41.566533492079365,
  "summary_bg_mad": 8.599091736196765,
  "summary_bg_mean": 28.364496039449197,
  "summary_bg_median": 16.139999389648438,
  "summary_bg_n": 141072.0,
  "summary_bg_p05": 8.554999351501465,
  "summary_bg_p95": 96.91999816894531,
  "summary_bg_stdv": 41.16680307580987,
  "summary_fg_k": 2.1312567501367603,
  "summary_fg_mad": 181.7855464183465,
  "summary_fg_mean": 502.77339457992224,
  "summary_fg_median": 463.864990234375,
  "summary_fg_n": 35056.0,
  "summary_fg_p05": 236.72999572753906,
  "summary_fg_p95": 893.0650024414062,
  "summary_fg_stdv": 207.65009913052117,
  "tsnr": 31.10686829604674
}