{
  "aor": 0.0020683251231527096,
  "aqi": 0.0025486933004926107,
  "bids_meta": {
    "EchoTime": 0.0137,
    "RepetitionTime": 3.0,
    "SliceEncodingDirection": "k",
    "SliceTiming": [
      0.0,
      1.5,
      0.065,
      1.565,
      0.13,
      1.63,
      0.196,
      1.696,
      0.261,
      1.761,
      0.326,
      1.826,
      0.391,
      1.891,
      0.457,
      1.957,
      0.522,
      2.022,
      0.587,
      2.087,
      0.652,
      2.152,
      0.717,
      2.217,
      0.783,
      2.283,
      0.848,
      2.348,
      0.913,
      2.413,
      0.978,
      2.478,
      1.043,
      2.543,
      1.109,
      2.609,
      1.174,
      2.674,
      1.239,
      2.739,
      1.304,
      2.804,
      1.37,
      2.87,
      1.435,
      2.935
    ],
    "TaskName": "rest",
    "dataset": "ds003592",
    "modality": "bold",
    "session_id": "2",
    "subject_id": "153",
    "task_id": "rest"
  },
  "dummy_trs": 1,
  "dvars_nstd": 18.02843547089109,
  "dvars_std": 1.1913563947029704,
  "dvars_vstd": 0.992538687376238,
  "efc": 0.5435436346896736,
  "fber": 11320.740234375,
  "fd_mean": 0.18510302215031263,
  "fd_num": 77,
  "fd_perc": 37.93103448275862,
  "fwhm_avg": 3.152407777777778,
  "fwhm_x": 2.64346,
  "fwhm_y": 3.2415966666666667,
  "fwhm_z": 3.5721666666666665,
  "gcor": 0.0252803,
  "gsr_x": -0.026865776628255844,
  "gsr_y": 0.08036524802446365,
  "provenance": {
    "md5sum": "fe691be06252626bb2aaffc6de0da8c3",
    "settings": {
      "fd_thres": 0.2,
      "testing": false
    },
    "software": "mriqc",
    "version": "23.1.0"
  },
  "size_t": 203,
  "size_x": 72,
  "size_y": 72,
  "size_z": 46,
  "snr": 2.793757858915221,
  "spacing_tr": 3.0,
  "spacing_x": 3.0,
  "spacing_y": 3.0,
  "spacing_z": 3.0,
  "summary_bg_k": 11.097427023157945,
  "summary_bg_mad": 61.88220934139266,
  "summary_bg_mean": 410.61329676864136,
  "summary_bg_median": 42.83251190185547,
  "summary_bg_n": 174415.0,
  "summary_bg_p05": 0.4926108419895172,
  "summary_bg_p95": 2200.408935546875,
  "summary_bg_stdv": 836.853269448848,
  "summary_fg_k": 0.7420624107921081,
  "summary_fg_mad": 1426.161260514494,
  "summary_fg_mean": 4797.536283712785,
  "summary_fg_median": 4557.3349609375,
  "summary_fg_n": 64049.0,
  "summary_fg_p05": 2477.94580078125,
  "summary_fg_p95": 7873.84228515625,
  "summary_fg_stdv": 1631.2435128602679,
  "tsnr": 81.40029468946159
}