{
  "bids_meta": {
    "EchoTime": 0.0034,
    "FlipAngle": 7,
    "RepetitionTime": 2.53,
    "dataset": "ds003592",
    "modality": "T1w",
    "session_id": "1",
    "subject_id": "56"
  },
  "cjv": 0.6102584630234698,
  "cnr": 1.4297186414090521,
  "efc": 0.5413223084852673,
  "fber": -1.0,
  "fwhm_avg": 4.4289,
  "fwhm_x": 4.56616,
  "fwhm_y": 4.52072,
  "fwhm_z": 4.19982,
  "icvs_csf": 0.26641520313762806,
  "icvs_gm": 0.37580745365141366,
  "icvs_wm": 0.35777734321095833,
  "inu_med": 0.7493570446968079,
  "inu_range": 0.7407820701599115,
  "provenance": {
    "md5sum": "5dfcd3e23ec4a65cd3ef05339a2544f8",
    "settings": {
      "testing": false
    },
    "software": "mriqc",
    "version": "23.1.0",
    "warnings": {
      "large_rot_frame": true,
      "small_air_mask": false
    }
  },
  "qi_1": 0.0,
  "qi_2": 0.0008141032559664248,
  "rpve_csf": 8.515154307751837,
  "rpve_gm": 8.391247066679723,
  "rpve_wm": 8.473625266177677,
  "size_x": 176,
  "size_y": 256,
  "size_z": 256,
  "snr_csf": 1.6374332618787368,
  "snr_gm": 4.496733409424859,
  "snr_total": 5.016849932789672,
  "snr_wm": 8.91638312706542,
  "snrd_csf": 31.3044777057251,
  "snrd_gm": 71.46487693705345,
  "snrd_total": 67.32935235841644,
  "snrd_wm": 99.21870243247079,
  "spacing_x": 1.0,
  "spacing_y": 1.0,
  "spacing_z": 1.0,
  "summary_bg_k": 10.890116802177038,
  "summary_bg_mad": 0.0,
  "summary_bg_mean": 2.8886697524463085,
  "summary_bg_median": 0.0,
  "summary_bg_n": 2689628.0,
  "summary_bg_p05": 0.0,
  "summary_bg_p95": 16.379809889942408,
  "summary_bg_stdv": 6.291380366059626,
  "summary_csf_k": -0.8142292373937225,
  "summary_csf_mad": 159.2714567607539,
  "summary_csf_mean": 335.6901273885766,
  "summary_csf_median": 300.6219413354993,
  "summary_csf_n": 357239.60934949474,
  "summary_csf_p05": 95.78392140939832,
  "summary_csf_p95": 675.2965331226587,
  "summary_csf_stdv": 183.59314396334503,
  "summary_gm_k": -0.1884286923815961,
  "summary_gm_mad": 88.02549040766,
  "summary_gm_mean": 689.6927685787222,
  "summary_gm_median": 686.288723424077,
  "summary_gm_n": 503925.1001892153,
  "summary_gm_p05": 432.636700514704,
  "summary_gm_p95": 971.8325616158545,
  "summary_gm_stdv": 152.61924156814396,
  "summary_wm_k": -0.38323825950895474,
  "summary_wm_mad": 74.623314645227,
  "summary_wm_mean": 923.0588812442937,
  "summary_wm_median": 952.8131797127426,
  "summary_wm_n": 479748.29070380057,
  "summary_wm_p05": 713.1545043252409,
  "summary_wm_p95": 1058.1429505944252,
  "summary_wm_stdv": 106.86083954664545,
  "tpm_overlap_csf": 0.21357029411014533,
  "tpm_overlap_gm": 0.5298283385759573,
  "tpm_overlap_wm": 0.5600797571196445,
  "wm2max": 0.5632501356103992
}