{
  "aor": 0.0028119704433497536,
  "aqi": 0.003813691921182265,
  "bids_meta": {
    "EchoTime": 0.0137,
    "RepetitionTime": 3.0,
    "SliceEncodingDirection": "k",
    "SliceTiming": [
      0.0,
      1.5,
      0.065,
      1.565,
      0.13,
      1.63,
      0.196,
      1.696,
      0.261,
      1.761,
      0.326,
      1.826,
      0.391,
      1.891,
      0.457,
      1.957,
      0.522,
      2.022,
      0.587,
      2.087,
      0.652,
      2.152,
      0.717,
      2.217,
      0.783,
      2.283,
      0.848,
      2.348,
      0.913,
      2.413,
      0.978,
      2.478,
      1.043,
      2.543,
      1.109,
      2.609,
      1.174,
      2.674,
      1.239,
      2.739,
      1.304,
      2.804,
      1.37,
      2.87,
      1.435,
      2.935
    ],
    "TaskName": "rest",
    "dataset": "ds003592",
    "modality": "bold",
    "session_id": "2",
    "subject_id": "69",
    "task_id": "rest"
  },
  "dummy_trs": 1,
  "dvars_nstd": 16.491796305198026,
  "dvars_std": 1.1825986085643567,
  "dvars_vstd": 0.9515655625742582,
  "efc": 0.5489077774008736,
  "fber": 4383.55517578125,
  "fd_mean": 0.06996320284903226,
  "fd_num": 11,
  "fd_perc": 5.41871921182266,
  "fwhm_avg": 3.6167753437215477,
  "fwhm_x": 2.8538599999999996,
  "fwhm_y": 3.5602997170528,
  "fwhm_z": 4.436166314111844,
  "gcor": 0.00822678,
  "gsr_x": -0.019061457365751266,
  "gsr_y": 0.10548809170722961,
  "provenance": {
    "md5sum": "7acbd79abe766d253c489e45eb04d72f",
    "settings": {
      "fd_thres": 0.2,
      "testing": false
    },
    "software": "mriqc",
    "version": "23.1.0"
  },
  "size_t": 203,
  "size_x": 72,
  "size_y": 72,
  "size_z": 46,
  "snr": 2.510737660874294,
  "spacing_tr": 3.0,
  "spacing_x": 3.0,
  "spacing_y": 3.000000238418579,
  "spacing_z": 3.000000238418579,
  "summary_bg_k": 10.940099255003927,
  "summary_bg_mad": 94.63091980300679,
  "summary_bg_mean": 480.3416210590994,
  "summary_bg_median": 65.25615692138672,
  "summary_bg_n": 176941.0,
  "summary_bg_p05": 0.5320196747779846,
  "summary_bg_p95": 2401.536865234375,
  "summary_bg_stdv": 926.3727954703121,
  "summary_fg_k": 1.6262660873736534,
  "summary_fg_mad": 1407.1281373563688,
  "summary_fg_mean": 4594.59983188552,
  "summary_fg_median": 4320.50732421875,
  "summary_fg_n": 61523.0,
  "summary_fg_p05": 2283.0146484375,
  "summary_fg_p95": 7959.84716796875,
  "summary_fg_stdv": 1720.7979465395226,
  "tsnr": 74.5824470333755
}