{
  "aor": 0.0041008500000000005,
  "aqi": 0.00541521265,
  "bids_meta": {
    "EchoTime": 0.02996,
    "RepetitionTime": 3,
    "SliceEncodingDirection": "k",
    "SliceTiming": [
      0,
      1.54,
      0.07,
      1.61,
      0.14,
      1.68,
      0.21,
      1.75,
      0.28,
      1.82,
      0.35,
      1.89,
      0.42,
      1.96,
      0.49,
      2.03,
      0.56,
      2.1,
      0.63,
      2.17,
      0.7,
      2.24,
      0.77,
      2.31,
      0.84,
      2.38,
      0.91,
      2.45,
      0.98,
      2.52,
      1.05,
      2.59,
      1.12,
      2.66,
      1.19,
      2.73,
      1.26,
      2.8,
      1.33,
      2.87,
      1.4,
      2.94,
      1.47
    ],
    "TaskName": "rest",
    "dataset": "ds003592",
    "modality": "bold",
    "session_id": "2",
    "subject_id": "241",
    "task_id": "rest"
  },
  "dummy_trs": 0,
  "dvars_nstd": 24.112740454371863,
  "dvars_std": 1.070790145075377,
  "dvars_vstd": 0.9774762468341701,
  "efc": 0.454506179769028,
  "fber": 1243.57080078125,
  "fd_mean": 0.06921610379849863,
  "fd_num": 8,
  "fd_perc": 4.0,
  "fwhm_avg": 2.9241499128185926,
  "fwhm_x": 2.7854577777777774,
  "fwhm_y": 2.972148148148148,
  "fwhm_z": 3.014843812529852,
  "gcor": 0.0209125,
  "gsr_x": 0.0010105762630701065,
  "gsr_y": 0.0313967801630497,
  "provenance": {
    "md5sum": "d481078cb47ab2be2a4c0d762ea107bb",
    "settings": {
      "fd_thres": 0.2,
      "testing": false
    },
    "software": "mriqc",
    "version": "23.1.0"
  },
  "size_t": 200,
  "size_x": 64,
  "size_y": 64,
  "size_z": 43,
  "snr": 2.2978180600766707,
  "spacing_tr": 3.0,
  "spacing_x": 3.375,
  "spacing_y": 3.375,
  "spacing_z": 2.999999523162842,
  "summary_bg_k": 40.393251531103004,
  "summary_bg_mad": 11.504993554944189,
  "summary_bg_mean": 37.22032993336737,
  "summary_bg_median": 17.045000076293945,
  "summary_bg_n": 144499.0,
  "summary_bg_p05": 7.784999847412109,
  "summary_bg_p95": 135.72000122070312,
  "summary_bg_stdv": 61.97615965656614,
  "summary_fg_k": 2.298560207308424,
  "summary_fg_mad": 204.5323239005225,
  "summary_fg_mean": 661.7019565291249,
  "summary_fg_median": 601.0799560546875,
  "summary_fg_n": 31629.0,
  "summary_fg_p05": 351.7550048828125,
  "summary_fg_p95": 1194.3800048828125,
  "summary_fg_stdv": 261.5831359254579,
  "tsnr": 48.45888572046533
}