{
  "aor": 0.00438385,
  "aqi": 0.007751789,
  "bids_meta": {
    "EchoTime": 0.04592,
    "RepetitionTime": 3,
    "SliceEncodingDirection": "k",
    "SliceTiming": [
      0,
      1.54,
      0.07,
      1.61,
      0.14,
      1.68,
      0.21,
      1.75,
      0.28,
      1.82,
      0.35,
      1.89,
      0.42,
      1.96,
      0.49,
      2.03,
      0.56,
      2.1,
      0.63,
      2.17,
      0.7,
      2.24,
      0.77,
      2.31,
      0.84,
      2.38,
      0.91,
      2.45,
      0.98,
      2.52,
      1.05,
      2.5925,
      1.12,
      2.6625,
      1.19,
      2.7325,
      1.26,
      2.8025,
      1.33,
      2.8725,
      1.4,
      2.9425,
      1.47
    ],
    "TaskName": "rest",
    "dataset": "ds003592",
    "modality": "bold",
    "session_id": "2",
    "subject_id": "241",
    "task_id": "rest"
  },
  "dummy_trs": 0,
  "dvars_nstd": 29.923365847286423,
  "dvars_std": 1.0432407936180899,
  "dvars_vstd": 0.9791432055276381,
  "efc": 0.4374861075883676,
  "fber": 935.7268676757812,
  "fd_mean": 0.07043207280845458,
  "fd_num": 8,
  "fd_perc": 4.0,
  "fwhm_avg": 2.60248853657501,
  "fwhm_x": 2.4749718518518518,
  "fwhm_y": 2.66152,
  "fwhm_z": 2.6709737578731785,
  "gcor": 0.0198052,
  "gsr_x": -0.0038139009848237038,
  "gsr_y": 0.03040013089776039,
  "provenance": {
    "md5sum": "ed3d28d7ee803b42ed12b8b9d47592b0",
    "settings": {
      "fd_thres": 0.2,
      "testing": false
    },
    "software": "mriqc",
    "version": "23.1.0"
  },
  "size_t": 200,
  "size_x": 64,
  "size_y": 64,
  "size_z": 43,
  "snr": 2.1560457869593965,
  "spacing_tr": 3.0,
  "spacing_x": 3.375,
  "spacing_y": 3.375,
  "spacing_z": 2.999999523162842,
  "summary_bg_k": 36.97269333151281,
  "summary_bg_mad": 7.716944434208085,
  "summary_bg_mean": 25.839331615781767,
  "summary_bg_median": 14.639999389648438,
  "summary_bg_n": 147002.0,
  "summary_bg_p05": 7.71999979019165,
  "summary_bg_p95": 85.18499755859375,
  "summary_bg_stdv": 37.957363313624406,
  "summary_fg_k": 2.6160209077160657,
  "summary_fg_mad": 160.43237339577107,
  "summary_fg_mean": 497.10006054068367,
  "summary_fg_median": 447.8324890136719,
  "summary_fg_n": 29126.0,
  "summary_fg_p05": 254.0800018310547,
  "summary_fg_p95": 917.2249755859375,
  "summary_fg_stdv": 207.70653564449447,
  "tsnr": 36.69764743169071
}