{
  "aor": 0.001719059405940594,
  "aqi": 0.005395043465346534,
  "bids_meta": {
    "EchoTime": 0.03,
    "RepetitionTime": 3.0,
    "SliceEncodingDirection": "k",
    "SliceTiming": [
      0.0,
      1.5,
      0.065,
      1.565,
      0.13,
      1.63,
      0.196,
      1.696,
      0.261,
      1.761,
      0.326,
      1.826,
      0.391,
      1.891,
      0.457,
      1.957,
      0.522,
      2.022,
      0.587,
      2.087,
      0.652,
      2.152,
      0.717,
      2.217,
      0.783,
      2.283,
      0.848,
      2.348,
      0.913,
      2.413,
      0.978,
      2.478,
      1.043,
      2.543,
      1.109,
      2.609,
      1.174,
      2.674,
      1.239,
      2.739,
      1.304,
      2.804,
      1.37,
      2.87,
      1.435,
      2.935
    ],
    "TaskName": "rest",
    "dataset": "ds003592",
    "modality": "bold",
    "session_id": "2",
    "subject_id": "181",
    "task_id": "rest"
  },
  "dummy_trs": 2,
  "dvars_nstd": 23.288708643830834,
  "dvars_std": 1.1943040863681589,
  "dvars_vstd": 0.9878485993532335,
  "efc": 0.42231239431901174,
  "fber": 23195.220703125,
  "fd_mean": 0.1543362746991158,
  "fd_num": 48,
  "fd_perc": 23.762376237623762,
  "fwhm_avg": 3.3488333333333338,
  "fwhm_x": 3.25308,
  "fwhm_y": 3.309286666666667,
  "fwhm_z": 3.4841333333333337,
  "gcor": 0.0299273,
  "gsr_x": -0.013769596815109253,
  "gsr_y": 0.027283206582069397,
  "provenance": {
    "md5sum": "962875e673b11001d124e4187e72ffa4",
    "settings": {
      "fd_thres": 0.2,
      "testing": false
    },
    "software": "mriqc",
    "version": "23.1.0"
  },
  "size_t": 202,
  "size_x": 72,
  "size_y": 72,
  "size_z": 46,
  "snr": 2.6423612287523732,
  "spacing_tr": 3.0,
  "spacing_x": 3.0,
  "spacing_y": 3.0,
  "spacing_z": 3.0,
  "summary_bg_k": 34.87927403281312,
  "summary_bg_mad": 28.712573583899793,
  "summary_bg_mean": 110.19378919942555,
  "summary_bg_median": 21.633663177490234,
  "summary_bg_n": 192367.0,
  "summary_bg_p05": 0.9752475023269653,
  "summary_bg_p95": 549.8564453125,
  "summary_bg_stdv": 256.12884066466836,
  "summary_fg_k": 2.2787085915064607,
  "summary_fg_mad": 929.3128791601781,
  "summary_fg_mean": 3561.2087352797457,
  "summary_fg_median": 3294.802001953125,
  "summary_fg_n": 46097.0,
  "summary_fg_p05": 1996.07421875,
  "summary_fg_p95": 6101.25732421875,
  "summary_fg_stdv": 1246.9022888326588,
  "tsnr": 64.03210978768766
}