{
  "bids_meta": {
    "EchoTime": 0.0034,
    "FlipAngle": 7,
    "RepetitionTime": 2.53,
    "dataset": "ds003592",
    "modality": "T1w",
    "session_id": "1",
    "subject_id": "226"
  },
  "cjv": 0.5377710383375167,
  "cnr": 1.9920134012250599,
  "efc": 0.5751937976956876,
  "fber": -1.0,
  "fwhm_avg": 4.154693333333333,
  "fwhm_x": 4.15394,
  "fwhm_y": 4.31736,
  "fwhm_z": 3.99278,
  "icvs_csf": 0.26707783494883625,
  "icvs_gm": 0.3851632906836716,
  "icvs_wm": 0.34775887436749225,
  "inu_med": 0.7488420307636261,
  "inu_range": 0.5209933310747146,
  "provenance": {
    "md5sum": "c7f97d4e202e9e608e4181ea5cc6ff49",
    "settings": {
      "testing": false
    },
    "software": "mriqc",
    "version": "23.1.0",
    "warnings": {
      "large_rot_frame": true,
      "small_air_mask": false
    }
  },
  "qi_1": 0.0,
  "qi_2": 0.0007784876872893226,
  "rpve_csf": 7.783760508473609,
  "rpve_gm": 7.720619185516025,
  "rpve_wm": 7.815461777799501,
  "size_x": 176,
  "size_y": 256,
  "size_z": 256,
  "snr_csf": 1.9106786002096716,
  "snr_gm": 5.8337159053572805,
  "snr_total": 6.869319237080563,
  "snr_wm": 12.863563205674739,
  "snrd_csf": 47.23558433435111,
  "snrd_gm": 82.27495456488015,
  "snrd_total": 81.70832264638923,
  "snrd_wm": 115.61442903993645,
  "spacing_x": 1.0,
  "spacing_y": 1.0,
  "spacing_z": 1.0,
  "summary_bg_k": 14.959032156508098,
  "summary_bg_mad": 0.0,
  "summary_bg_mean": 2.511777654036162,
  "summary_bg_median": 0.0,
  "summary_bg_n": 2693256.0,
  "summary_bg_p05": 0.0,
  "summary_bg_p95": 13.458950258791447,
  "summary_bg_stdv": 5.537528826940442,
  "summary_csf_k": -0.6738248437136272,
  "summary_csf_mad": 163.13963587873852,
  "summary_csf_mean": 406.0448968512551,
  "summary_csf_median": 399.25794064998627,
  "summary_csf_n": 390602.4021458066,
  "summary_csf_p05": 85.80990178510547,
  "summary_csf_p95": 743.0431809090078,
  "summary_csf_stdv": 208.9610620677469,
  "summary_gm_k": -0.7192161482669821,
  "summary_gm_mad": 93.35362304333765,
  "summary_gm_mean": 698.4730911607863,
  "summary_gm_median": 695.427597425878,
  "summary_gm_n": 563302.8535978899,
  "summary_gm_p05": 506.2020318955183,
  "summary_gm_p95": 911.7529411800206,
  "summary_gm_stdv": 119.20823561362391,
  "summary_wm_k": -0.15162787715887038,
  "summary_wm_mad": 58.19096433492855,
  "summary_wm_mean": 963.5597543742116,
  "summary_wm_median": 977.228915411979,
  "summary_wm_n": 508598.74508674996,
  "summary_wm_p05": 813.6844819970429,
  "summary_wm_p95": 1066.1671137437224,
  "summary_wm_stdv": 75.96868294418151,
  "tpm_overlap_csf": 0.2073439380809556,
  "tpm_overlap_gm": 0.531149533773833,
  "tpm_overlap_wm": 0.5521655378149936,
  "wm2max": 0.6107509559820916
}