{
  "aor": 0.004151199999999999,
  "aqi": 0.00836433505,
  "bids_meta": {
    "EchoTime": 0.04592,
    "RepetitionTime": 3,
    "SliceEncodingDirection": "k",
    "SliceTiming": [
      0,
      1.54,
      0.07,
      1.61,
      0.14,
      1.68,
      0.21,
      1.75,
      0.28,
      1.82,
      0.35,
      1.89,
      0.42,
      1.96,
      0.49,
      2.03,
      0.56,
      2.1,
      0.63,
      2.17,
      0.7,
      2.24,
      0.77,
      2.31,
      0.84,
      2.38,
      0.91,
      2.45,
      0.98,
      2.52,
      1.05,
      2.5925,
      1.12,
      2.6625,
      1.19,
      2.7325,
      1.26,
      2.8025,
      1.33,
      2.8725,
      1.4,
      2.9425,
      1.47
    ],
    "TaskName": "rest",
    "dataset": "ds003592",
    "modality": "bold",
    "session_id": "1",
    "subject_id": "265",
    "task_id": "rest"
  },
  "dummy_trs": 0,
  "dvars_nstd": 27.425192138140687,
  "dvars_std": 1.0370802830150752,
  "dvars_vstd": 0.9882663594974871,
  "efc": 0.4702274443510024,
  "fber": 1002.4852294921875,
  "fd_mean": 0.06881163973591185,
  "fd_num": 2,
  "fd_perc": 1.0,
  "fwhm_avg": 2.162887904882862,
  "fwhm_x": 1.9913303703703704,
  "fwhm_y": 2.2360237037037036,
  "fwhm_z": 2.2613096405745123,
  "gcor": 0.00961593,
  "gsr_x": -0.006247667130082846,
  "gsr_y": 0.04165773093700409,
  "provenance": {
    "md5sum": "f013eba762b931386467e2435324c14c",
    "settings": {
      "fd_thres": 0.2,
      "testing": false
    },
    "software": "mriqc",
    "version": "23.1.0"
  },
  "size_t": 200,
  "size_x": 64,
  "size_y": 64,
  "size_z": 43,
  "snr": 2.4295961665207915,
  "spacing_tr": 3.0,
  "spacing_x": 3.375,
  "spacing_y": 3.375,
  "spacing_z": 3.000000476837158,
  "summary_bg_k": 108.4512785954531,
  "summary_bg_mad": 6.02677881002028,
  "summary_bg_mean": 25.098481191432096,
  "summary_bg_median": 12.989999771118164,
  "summary_bg_n": 141469.0,
  "summary_bg_p05": 7.824999809265137,
  "summary_bg_p95": 87.86499786376953,
  "summary_bg_stdv": 41.842495621528236,
  "summary_fg_k": 3.451623095005365,
  "summary_fg_mad": 133.36746265768264,
  "summary_fg_mean": 445.80923942419093,
  "summary_fg_median": 411.28997802734375,
  "summary_fg_n": 34659.0,
  "summary_fg_p05": 237.1999969482422,
  "summary_fg_p95": 765.4400024414062,
  "summary_fg_stdv": 169.2808254609357,
  "tsnr": 40.28036393225193
}