{
  "aor": 0.0009063546798029556,
  "aqi": 0.00594777197044335,
  "bids_meta": {
    "EchoTime": 0.03,
    "RepetitionTime": 3.0,
    "SliceEncodingDirection": "k",
    "SliceTiming": [
      0.0,
      1.5,
      0.065,
      1.565,
      0.13,
      1.63,
      0.196,
      1.696,
      0.261,
      1.761,
      0.326,
      1.826,
      0.391,
      1.891,
      0.457,
      1.957,
      0.522,
      2.022,
      0.587,
      2.087,
      0.652,
      2.152,
      0.717,
      2.217,
      0.783,
      2.283,
      0.848,
      2.348,
      0.913,
      2.413,
      0.978,
      2.478,
      1.043,
      2.543,
      1.109,
      2.609,
      1.174,
      2.674,
      1.239,
      2.739,
      1.304,
      2.804,
      1.37,
      2.87,
      1.435,
      2.935
    ],
    "TaskName": "rest",
    "dataset": "ds003592",
    "modality": "bold",
    "session_id": "1",
    "subject_id": "136",
    "task_id": "rest"
  },
  "dummy_trs": 1,
  "dvars_nstd": 21.1341385369307,
  "dvars_std": 1.12432460019802,
  "dvars_vstd": 0.9546368091584158,
  "efc": 0.4284575174466214,
  "fber": 12476.494140625,
  "fd_mean": 0.15331032641313938,
  "fd_num": 46,
  "fd_perc": 22.660098522167488,
  "fwhm_avg": 3.2953177777777776,
  "fwhm_x": 3.1579366666666666,
  "fwhm_y": 3.280616666666667,
  "fwhm_z": 3.4474,
  "gcor": 0.0702088,
  "gsr_x": 0.00026965371216647327,
  "gsr_y": 0.00798193272203207,
  "provenance": {
    "md5sum": "7c137a8272e6e98d1a33c044739a1451",
    "settings": {
      "fd_thres": 0.2,
      "testing": false
    },
    "software": "mriqc",
    "version": "23.1.0"
  },
  "size_t": 203,
  "size_x": 72,
  "size_y": 72,
  "size_z": 46,
  "snr": 2.8826906041980505,
  "spacing_tr": 3.0,
  "spacing_x": 3.0,
  "spacing_y": 3.0,
  "spacing_z": 3.0,
  "summary_bg_k": 25.636072661720696,
  "summary_bg_mad": 42.92973315593709,
  "summary_bg_mean": 155.19529435814056,
  "summary_bg_median": 30.802955627441406,
  "summary_bg_n": 196751.0,
  "summary_bg_p05": 0.8571428656578064,
  "summary_bg_p95": 780.3941040039062,
  "summary_bg_stdv": 332.4799727179066,
  "summary_fg_k": 0.7234551038283601,
  "summary_fg_mad": 978.8457650467501,
  "summary_fg_mean": 3680.982191481844,
  "summary_fg_median": 3440.635498046875,
  "summary_fg_n": 41713.0,
  "summary_fg_p05": 2059.896484375,
  "summary_fg_p95": 6083.20166015625,
  "summary_fg_stdv": 1193.53573741977,
  "tsnr": 56.17186468793079
}