{
  "bids_meta": {
    "EchoTime": 0.0034,
    "FlipAngle": 7,
    "RepetitionTime": 2.53,
    "dataset": "ds003592",
    "modality": "T1w",
    "session_id": "1",
    "subject_id": "115"
  },
  "cjv": 0.6919817604496958,
  "cnr": 1.2884966511261964,
  "efc": 0.6211566186462243,
  "fber": -1.0,
  "fwhm_avg": 4.365559999999999,
  "fwhm_x": 4.37369,
  "fwhm_y": 4.39962,
  "fwhm_z": 4.32337,
  "icvs_csf": 0.2655584735050328,
  "icvs_gm": 0.3691286593244994,
  "icvs_wm": 0.36531286717046785,
  "inu_med": 0.8256174325942993,
  "inu_range": 0.7517514228820802,
  "provenance": {
    "md5sum": "0f7e7cea99baaf95d636291cea7654d8",
    "settings": {
      "testing": false
    },
    "software": "mriqc",
    "version": "23.1.0",
    "warnings": {
      "large_rot_frame": true,
      "small_air_mask": false
    }
  },
  "qi_1": 0.0,
  "qi_2": 0.001561832932578686,
  "rpve_csf": 7.409709433772955,
  "rpve_gm": 7.280453680956533,
  "rpve_wm": 7.370176928748306,
  "size_x": 176,
  "size_y": 256,
  "size_z": 256,
  "snr_csf": 1.7030923037196948,
  "snr_gm": 4.303835047116173,
  "snr_total": 5.177832977860007,
  "snr_wm": 9.526571582744154,
  "snrd_csf": 40.07730919758499,
  "snrd_gm": 85.46769958182149,
  "snrd_total": 80.33361291337269,
  "snrd_wm": 115.45582996071161,
  "spacing_x": 1.0,
  "spacing_y": 1.0,
  "spacing_z": 1.0,
  "summary_bg_k": 428.9884637300082,
  "summary_bg_mad": 0.0,
  "summary_bg_mean": 1.6627307133503084,
  "summary_bg_median": 0.0,
  "summary_bg_n": 2730784.0,
  "summary_bg_p05": 0.0,
  "summary_bg_p95": 11.56153217330575,
  "summary_bg_stdv": 5.438768392229078,
  "summary_csf_k": -0.819720283992381,
  "summary_csf_mad": 168.50989526748748,
  "summary_csf_mean": 362.7175894689215,
  "summary_csf_median": 332.711176648736,
  "summary_csf_n": 408098.8430689892,
  "summary_csf_p05": 97.38506880775094,
  "summary_csf_p95": 711.1973223723471,
  "summary_csf_stdv": 195.3568625060944,
  "summary_gm_k": 0.04821607639994108,
  "summary_gm_mad": 93.01359333801685,
  "summary_gm_mean": 712.5106215533467,
  "summary_gm_median": 709.5301421843469,
  "summary_gm_n": 567261.0511186733,
  "summary_gm_p05": 433.97425154596567,
  "summary_gm_p95": 999.2933074682951,
  "summary_gm_stdv": 164.85983059677935,
  "summary_wm_k": -0.36694681594159295,
  "summary_wm_mad": 79.25768352026277,
  "summary_wm_mean": 938.8543324551953,
  "summary_wm_median": 958.4836359098554,
  "summary_wm_n": 561397.1058154085,
  "summary_wm_p05": 747.4041268900037,
  "summary_wm_p95": 1076.5997279249132,
  "summary_wm_stdv": 100.61151316874452,
  "tpm_overlap_csf": 0.20356262400124953,
  "tpm_overlap_gm": 0.517410891933911,
  "tpm_overlap_wm": 0.5401949474258712,
  "wm2max": 0.5222680545825859
}