{
  "aor": 0.0022052216748768474,
  "aqi": 0.007033635960591133,
  "bids_meta": {
    "EchoTime": 0.047,
    "RepetitionTime": 3.0,
    "SliceEncodingDirection": "k",
    "SliceTiming": [
      0.0,
      1.5,
      0.065,
      1.565,
      0.13,
      1.63,
      0.196,
      1.696,
      0.261,
      1.761,
      0.326,
      1.826,
      0.391,
      1.891,
      0.457,
      1.957,
      0.522,
      2.022,
      0.587,
      2.087,
      0.652,
      2.152,
      0.717,
      2.217,
      0.783,
      2.283,
      0.848,
      2.348,
      0.913,
      2.413,
      0.978,
      2.478,
      1.043,
      2.543,
      1.109,
      2.609,
      1.174,
      2.674,
      1.239,
      2.739,
      1.304,
      2.804,
      1.37,
      2.87,
      1.435,
      2.935
    ],
    "TaskName": "rest",
    "dataset": "ds003592",
    "modality": "bold",
    "session_id": "1",
    "subject_id": "141",
    "task_id": "rest"
  },
  "dummy_trs": 1,
  "dvars_nstd": 22.063702422821773,
  "dvars_std": 1.0117124853465354,
  "dvars_vstd": 0.9492288699504952,
  "efc": 0.41395402227479144,
  "fber": 9446.2421875,
  "fd_mean": 0.06052054251791949,
  "fd_num": 3,
  "fd_perc": 1.477832512315271,
  "fwhm_avg": 2.8119511111111106,
  "fwhm_x": 2.8030266666666663,
  "fwhm_y": 2.84557,
  "fwhm_z": 2.7872566666666665,
  "gcor": 0.00869173,
  "gsr_x": 0.001611617160961032,
  "gsr_y": 0.007792584132403135,
  "provenance": {
    "md5sum": "ad11378a9ca9eda3f4aa4ba32e157566",
    "settings": {
      "fd_thres": 0.2,
      "testing": false
    },
    "software": "mriqc",
    "version": "23.1.0"
  },
  "size_t": 203,
  "size_x": 72,
  "size_y": 72,
  "size_z": 46,
  "snr": 2.7998356325402796,
  "spacing_tr": 3.0,
  "spacing_x": 3.0,
  "spacing_y": 3.0,
  "spacing_z": 3.0,
  "summary_bg_k": 30.075160601878963,
  "summary_bg_mad": 36.23246038895885,
  "summary_bg_mean": 94.08622290952351,
  "summary_bg_median": 26.970443725585938,
  "summary_bg_n": 196670.0,
  "summary_bg_p05": 0.5517241358757019,
  "summary_bg_p95": 441.0196838378906,
  "summary_bg_stdv": 205.71207109494873,
  "summary_fg_k": 1.2782419808240224,
  "summary_fg_mad": 793.0497542899056,
  "summary_fg_mean": 2787.459196947668,
  "summary_fg_median": 2621.305419921875,
  "summary_fg_n": 41794.0,
  "summary_fg_p05": 1535.8472900390625,
  "summary_fg_p95": 4631.70947265625,
  "summary_fg_stdv": 936.2242659675759,
  "tsnr": 44.55843646428548
}