{
  "aor": 0.00145980198019802,
  "aqi": 0.002993886683168317,
  "bids_meta": {
    "EchoTime": 0.0137,
    "RepetitionTime": 3.0,
    "SliceEncodingDirection": "k",
    "SliceTiming": [
      0.0,
      1.5,
      0.065,
      1.565,
      0.13,
      1.63,
      0.196,
      1.696,
      0.261,
      1.761,
      0.326,
      1.826,
      0.391,
      1.891,
      0.457,
      1.957,
      0.522,
      2.022,
      0.587,
      2.087,
      0.652,
      2.152,
      0.717,
      2.217,
      0.783,
      2.283,
      0.848,
      2.348,
      0.913,
      2.413,
      0.978,
      2.478,
      1.043,
      2.543,
      1.109,
      2.609,
      1.174,
      2.674,
      1.239,
      2.739,
      1.304,
      2.804,
      1.37,
      2.87,
      1.435,
      2.935
    ],
    "TaskName": "rest",
    "dataset": "ds003592",
    "modality": "bold",
    "session_id": "2",
    "subject_id": "138",
    "task_id": "rest"
  },
  "dummy_trs": 2,
  "dvars_nstd": 14.538768924825877,
  "dvars_std": 1.1543288566666674,
  "dvars_vstd": 0.9385154729850744,
  "efc": 0.501610857208037,
  "fber": 10801.462890625,
  "fd_mean": 0.053292618220049374,
  "fd_num": 2,
  "fd_perc": 0.9900990099009901,
  "fwhm_avg": 3.3785522222222224,
  "fwhm_x": 3.001796666666667,
  "fwhm_y": 3.20796,
  "fwhm_z": 3.9259,
  "gcor": 0.0203633,
  "gsr_x": 0.0012947205686941743,
  "gsr_y": 0.05337851867079735,
  "provenance": {
    "md5sum": "625d3fd28da4ad1c8f4f0d10fcfc4f05",
    "settings": {
      "fd_thres": 0.2,
      "testing": false
    },
    "software": "mriqc",
    "version": "23.1.0"
  },
  "size_t": 202,
  "size_x": 72,
  "size_y": 72,
  "size_z": 46,
  "snr": 2.8647911192066595,
  "spacing_tr": 3.0,
  "spacing_x": 3.0,
  "spacing_y": 3.0,
  "spacing_z": 3.0,
  "summary_bg_k": 14.07011073780787,
  "summary_bg_mad": 63.78125190262424,
  "summary_bg_mean": 365.8852611723656,
  "summary_bg_median": 44.608909606933594,
  "summary_bg_n": 186291.0,
  "summary_bg_p05": 0.9455445408821106,
  "summary_bg_p95": 1920.3118896484375,
  "summary_bg_stdv": 746.4017137856935,
  "summary_fg_k": 1.1656505574675657,
  "summary_fg_mad": 1328.5364651651464,
  "summary_fg_mean": 4933.822466776831,
  "summary_fg_median": 4636.2080078125,
  "summary_fg_n": 52173.0,
  "summary_fg_p05": 2731.668212890625,
  "summary_fg_p95": 8109.82177734375,
  "summary_fg_stdv": 1618.3251705203525,
  "tsnr": 83.2312794229947
}