{
  "aor": 0.0015827722772277229,
  "aqi": 0.0026620842178217826,
  "bids_meta": {
    "EchoTime": 0.0137,
    "RepetitionTime": 3.0,
    "SliceEncodingDirection": "k",
    "SliceTiming": [
      0.0,
      1.5,
      0.065,
      1.565,
      0.13,
      1.63,
      0.196,
      1.696,
      0.261,
      1.761,
      0.326,
      1.826,
      0.391,
      1.891,
      0.457,
      1.957,
      0.522,
      2.022,
      0.587,
      2.087,
      0.652,
      2.152,
      0.717,
      2.217,
      0.783,
      2.283,
      0.848,
      2.348,
      0.913,
      2.413,
      0.978,
      2.478,
      1.043,
      2.543,
      1.109,
      2.609,
      1.174,
      2.674,
      1.239,
      2.739,
      1.304,
      2.804,
      1.37,
      2.87,
      1.435,
      2.935
    ],
    "TaskName": "rest",
    "dataset": "ds003592",
    "modality": "bold",
    "session_id": "2",
    "subject_id": "190",
    "task_id": "rest"
  },
  "dummy_trs": 2,
  "dvars_nstd": 15.326585394975128,
  "dvars_std": 1.206580560945273,
  "dvars_vstd": 0.9754659669651743,
  "efc": 0.5405611148138325,
  "fber": 12274.0732421875,
  "fd_mean": 0.061287734556624195,
  "fd_num": 0,
  "fd_perc": 0.0,
  "fwhm_avg": 3.4044544444444447,
  "fwhm_x": 2.971296666666667,
  "fwhm_y": 3.4652666666666665,
  "fwhm_z": 3.7767999999999997,
  "gcor": 0.0131583,
  "gsr_x": -0.016101311892271042,
  "gsr_y": 0.10642015188932419,
  "provenance": {
    "md5sum": "8c1cc71f07c36a57c231a430e02e8a3f",
    "settings": {
      "fd_thres": 0.2,
      "testing": false
    },
    "software": "mriqc",
    "version": "23.1.0"
  },
  "size_t": 202,
  "size_x": 72,
  "size_y": 72,
  "size_z": 46,
  "snr": 2.621380239330272,
  "spacing_tr": 3.0,
  "spacing_x": 3.0,
  "spacing_y": 3.0,
  "spacing_z": 3.0,
  "summary_bg_k": 13.208952883337915,
  "summary_bg_mad": 64.66200525657084,
  "summary_bg_mean": 474.9962682238161,
  "summary_bg_median": 44.87623596191406,
  "summary_bg_n": 174503.0,
  "summary_bg_p05": 0.5049504637718201,
  "summary_bg_p95": 2663.60400390625,
  "summary_bg_stdv": 1022.6081809214407,
  "summary_fg_k": 2.6717839101163596,
  "summary_fg_mad": 1557.8334221917937,
  "summary_fg_mean": 5336.631782076483,
  "summary_fg_median": 4971.76708984375,
  "summary_fg_n": 63961.0,
  "summary_fg_p05": 2943.777099609375,
  "summary_fg_p95": 8897.2470703125,
  "summary_fg_stdv": 1896.6070429171791,
  "tsnr": 100.81189714372158
}