{
  "bids_meta": {
    "EchoTime": 0.0034,
    "FlipAngle": 7,
    "RepetitionTime": 2.53,
    "dataset": "ds003592",
    "modality": "T1w",
    "session_id": "1",
    "subject_id": "170"
  },
  "cjv": 0.5717211194021872,
  "cnr": 1.715307459302311,
  "efc": 0.5669161232825417,
  "fber": -1.0,
  "fwhm_avg": 4.224823333333333,
  "fwhm_x": 4.21556,
  "fwhm_y": 4.35493,
  "fwhm_z": 4.10398,
  "icvs_csf": 0.2638575456632566,
  "icvs_gm": 0.38544744621990473,
  "icvs_wm": 0.3506950081168387,
  "inu_med": 0.7735973000526428,
  "inu_range": 0.6287843942642211,
  "provenance": {
    "md5sum": "dae2bd02f8439af1ac5ef96237adbacf",
    "settings": {
      "testing": false
    },
    "software": "mriqc",
    "version": "23.1.0",
    "warnings": {
      "large_rot_frame": true,
      "small_air_mask": false
    }
  },
  "qi_1": 0.0,
  "qi_2": 0.0015022712709484368,
  "rpve_csf": 7.579677961262174,
  "rpve_gm": 7.480061648977763,
  "rpve_wm": 7.567051785562138,
  "size_x": 176,
  "size_y": 256,
  "size_z": 256,
  "snr_csf": 1.802191253697692,
  "snr_gm": 5.602482329675566,
  "snr_total": 5.612488040510226,
  "snr_wm": 9.43279053815742,
  "snrd_csf": 37.753901821936275,
  "snrd_gm": 69.75418681845261,
  "snrd_total": 68.34882787561597,
  "snrd_wm": 97.53839498645901,
  "spacing_x": 1.0,
  "spacing_y": 1.0,
  "spacing_z": 1.0,
  "summary_bg_k": 9.783571768270694,
  "summary_bg_mad": 0.0,
  "summary_bg_mean": 3.113001913115725,
  "summary_bg_median": 0.0,
  "summary_bg_n": 2740787.0,
  "summary_bg_p05": 0.0,
  "summary_bg_p95": 16.801767826080322,
  "summary_bg_stdv": 6.45263747600831,
  "summary_csf_k": -0.7398507920279003,
  "summary_csf_mad": 173.27980908099863,
  "summary_csf_mean": 387.3675703382669,
  "summary_csf_median": 371.84965109825134,
  "summary_csf_n": 396506.3859533033,
  "summary_csf_p05": 86.99336367845535,
  "summary_csf_p95": 725.5710790157318,
  "summary_csf_stdv": 206.33169838522187,
  "summary_gm_k": -0.5335196472013708,
  "summary_gm_mad": 86.42139280143122,
  "summary_gm_mean": 694.1311276337073,
  "summary_gm_median": 687.0301817655563,
  "summary_gm_n": 579223.0557265708,
  "summary_gm_p05": 501.8054298758507,
  "summary_gm_p95": 929.955741584301,
  "summary_gm_stdv": 122.6294967615268,
  "summary_wm_k": -0.3394301690268402,
  "summary_wm_mad": 70.03301237132416,
  "summary_wm_mean": 933.0858929689523,
  "summary_wm_median": 960.6852906346321,
  "summary_wm_n": 526999.5591398993,
  "summary_wm_p05": 728.7398334741592,
  "summary_wm_p95": 1059.7272904515266,
  "summary_wm_stdv": 101.84519366577337,
  "tpm_overlap_csf": 0.21527989745607115,
  "tpm_overlap_gm": 0.5397512597374838,
  "tpm_overlap_wm": 0.5565874364105674,
  "wm2max": 0.5561666629248134
}