{
  "aor": 0.0015595073891625617,
  "aqi": 0.006874406748768473,
  "bids_meta": {
    "EchoTime": 0.047,
    "RepetitionTime": 3.0,
    "SliceEncodingDirection": "k",
    "SliceTiming": [
      0.0,
      1.5,
      0.065,
      1.565,
      0.13,
      1.63,
      0.196,
      1.696,
      0.261,
      1.761,
      0.326,
      1.826,
      0.391,
      1.891,
      0.457,
      1.957,
      0.522,
      2.022,
      0.587,
      2.087,
      0.652,
      2.152,
      0.717,
      2.217,
      0.783,
      2.283,
      0.848,
      2.348,
      0.913,
      2.413,
      0.978,
      2.478,
      1.043,
      2.543,
      1.109,
      2.609,
      1.174,
      2.674,
      1.239,
      2.739,
      1.304,
      2.804,
      1.37,
      2.87,
      1.435,
      2.935
    ],
    "TaskName": "rest",
    "dataset": "ds003592",
    "modality": "bold",
    "session_id": "2",
    "subject_id": "166",
    "task_id": "rest"
  },
  "dummy_trs": 1,
  "dvars_nstd": 24.012968035049504,
  "dvars_std": 1.102830773861386,
  "dvars_vstd": 0.9701083802475249,
  "efc": 0.44773063792445983,
  "fber": 11041.1474609375,
  "fd_mean": 0.08771000493637317,
  "fd_num": 6,
  "fd_perc": 2.955665024630542,
  "fwhm_avg": 2.546441111111111,
  "fwhm_x": 2.49754,
  "fwhm_y": 2.6625133333333335,
  "fwhm_z": 2.47927,
  "gcor": 0.0485981,
  "gsr_x": -0.0037009709049016237,
  "gsr_y": 0.0217239148914814,
  "provenance": {
    "md5sum": "793f8e066a066e6241bfe724348d4f9c",
    "settings": {
      "fd_thres": 0.2,
      "testing": false
    },
    "software": "mriqc",
    "version": "23.1.0"
  },
  "size_t": 203,
  "size_x": 72,
  "size_y": 72,
  "size_z": 46,
  "snr": 2.8040991726165574,
  "spacing_tr": 3.0,
  "spacing_x": 3.0,
  "spacing_y": 3.0,
  "spacing_z": 3.0,
  "summary_bg_k": 21.143786484702762,
  "summary_bg_mad": 31.193075051053334,
  "summary_bg_mean": 102.90656029037471,
  "summary_bg_median": 23.16748809814453,
  "summary_bg_n": 189830.0,
  "summary_bg_p05": 0.6551724076271057,
  "summary_bg_p95": 570.083740234375,
  "summary_bg_stdv": 221.75302506423296,
  "summary_fg_k": 1.2292645486596685,
  "summary_fg_mad": 757.4345433551525,
  "summary_fg_mean": 2567.6543266968824,
  "summary_fg_median": 2434.366943359375,
  "summary_fg_n": 48634.0,
  "summary_fg_p05": 1384.1871337890625,
  "summary_fg_p95": 4233.216796875,
  "summary_fg_stdv": 868.1368831690372,
  "tsnr": 44.909361293306574
}