{
  "aor": 0.002659108910891089,
  "aqi": 0.006766598069306931,
  "bids_meta": {
    "EchoTime": 0.047,
    "RepetitionTime": 3.0,
    "SliceEncodingDirection": "k",
    "SliceTiming": [
      0.0,
      1.5,
      0.065,
      1.565,
      0.13,
      1.63,
      0.196,
      1.696,
      0.261,
      1.761,
      0.326,
      1.826,
      0.391,
      1.891,
      0.457,
      1.957,
      0.522,
      2.022,
      0.587,
      2.087,
      0.652,
      2.152,
      0.717,
      2.217,
      0.783,
      2.283,
      0.848,
      2.348,
      0.913,
      2.413,
      0.978,
      2.478,
      1.043,
      2.543,
      1.109,
      2.609,
      1.174,
      2.674,
      1.239,
      2.739,
      1.304,
      2.804,
      1.37,
      2.87,
      1.435,
      2.935
    ],
    "TaskName": "rest",
    "dataset": "ds003592",
    "modality": "bold",
    "session_id": "2",
    "subject_id": "116",
    "task_id": "rest"
  },
  "dummy_trs": 2,
  "dvars_nstd": 38.50044797094527,
  "dvars_std": 1.1543042393034824,
  "dvars_vstd": 1.0166703641791046,
  "efc": 0.3897072492939579,
  "fber": 9001.6669921875,
  "fd_mean": 0.2839455641192447,
  "fd_num": 133,
  "fd_perc": 65.84158415841584,
  "fwhm_avg": 2.345766542773698,
  "fwhm_x": 2.3604966666666667,
  "fwhm_y": 2.453563138341654,
  "fwhm_z": 2.2232398233127735,
  "gcor": 0.0170018,
  "gsr_x": -0.008259834721684456,
  "gsr_y": 0.020089125260710716,
  "provenance": {
    "md5sum": "070a8405048ff59ec38ac10d9cbbd864",
    "settings": {
      "fd_thres": 0.2,
      "testing": false
    },
    "software": "mriqc",
    "version": "23.1.0"
  },
  "size_t": 202,
  "size_x": 72,
  "size_y": 72,
  "size_z": 46,
  "snr": 2.9579919408498436,
  "spacing_tr": 3.0,
  "spacing_x": 3.0,
  "spacing_y": 3.000000238418579,
  "spacing_z": 3.000000238418579,
  "summary_bg_k": 127.97344894993972,
  "summary_bg_mad": 31.49428801131289,
  "summary_bg_mean": 75.88803336793525,
  "summary_bg_median": 24.00990104675293,
  "summary_bg_n": 202292.0,
  "summary_bg_p05": 0.5643564462661743,
  "summary_bg_p95": 326.82672119140625,
  "summary_bg_stdv": 180.73145426944856,
  "summary_fg_k": 2.001327082908775,
  "summary_fg_mad": 656.3964328396653,
  "summary_fg_mean": 2390.186320641182,
  "summary_fg_median": 2277.9901123046875,
  "summary_fg_n": 36172.0,
  "summary_fg_p05": 1314.6385498046875,
  "summary_fg_p95": 3793.5791015625,
  "summary_fg_stdv": 770.103052790997,
  "tsnr": 43.64900492026936
}