{
  "aor": 0.004178613861386139,
  "aqi": 0.006817091485148514,
  "bids_meta": {
    "EchoTime": 0.03,
    "RepetitionTime": 3.0,
    "SliceEncodingDirection": "k",
    "SliceTiming": [
      0.0,
      1.5,
      0.065,
      1.565,
      0.13,
      1.63,
      0.196,
      1.696,
      0.261,
      1.761,
      0.326,
      1.826,
      0.391,
      1.891,
      0.457,
      1.957,
      0.522,
      2.022,
      0.587,
      2.087,
      0.652,
      2.152,
      0.717,
      2.217,
      0.783,
      2.283,
      0.848,
      2.348,
      0.913,
      2.413,
      0.978,
      2.478,
      1.043,
      2.543,
      1.109,
      2.609,
      1.174,
      2.674,
      1.239,
      2.739,
      1.304,
      2.804,
      1.37,
      2.87,
      1.435,
      2.935
    ],
    "TaskName": "rest",
    "dataset": "ds003592",
    "modality": "bold",
    "session_id": "1",
    "subject_id": "116",
    "task_id": "rest"
  },
  "dummy_trs": 2,
  "dvars_nstd": 29.511303156865683,
  "dvars_std": 1.179302893830846,
  "dvars_vstd": 1.0154673353731345,
  "efc": 0.4231631065717951,
  "fber": 10993.7861328125,
  "fd_mean": 0.2381265202892834,
  "fd_num": 97,
  "fd_perc": 48.01980198019802,
  "fwhm_avg": 2.8844331777678724,
  "fwhm_x": 2.7809000000000004,
  "fwhm_y": 3.0352930921099115,
  "fwhm_z": 2.837106441193704,
  "gcor": 0.026334,
  "gsr_x": -0.007059763185679913,
  "gsr_y": 0.030385076999664307,
  "provenance": {
    "md5sum": "19771be9e386df707a98a0848972dad9",
    "settings": {
      "fd_thres": 0.2,
      "testing": false
    },
    "software": "mriqc",
    "version": "23.1.0"
  },
  "size_t": 202,
  "size_x": 72,
  "size_y": 72,
  "size_z": 46,
  "snr": 3.233142823898313,
  "spacing_tr": 3.0,
  "spacing_x": 3.0,
  "spacing_y": 3.000000238418579,
  "spacing_z": 3.000000238418579,
  "summary_bg_k": 40.92868968506095,
  "summary_bg_mad": 40.36054092718409,
  "summary_bg_mean": 136.86426749980646,
  "summary_bg_median": 29.4554443359375,
  "summary_bg_n": 199395.0,
  "summary_bg_p05": 1.0495048761367798,
  "summary_bg_p95": 670.8069458007812,
  "summary_bg_stdv": 289.54356622737566,
  "summary_fg_k": 0.6788525638277125,
  "summary_fg_mad": 841.355041195994,
  "summary_fg_mean": 3231.0637496986906,
  "summary_fg_median": 3088.4404296875,
  "summary_fg_n": 39069.0,
  "summary_fg_p05": 1851.7276611328125,
  "summary_fg_p95": 5031.41552734375,
  "summary_fg_stdv": 955.2318199943669,
  "tsnr": 51.932996936375275
}