{
  "aor": 0.000867783251231527,
  "aqi": 0.005826590394088671,
  "bids_meta": {
    "EchoTime": 0.047,
    "RepetitionTime": 3.0,
    "SliceEncodingDirection": "k",
    "SliceTiming": [
      0.0,
      1.5,
      0.065,
      1.565,
      0.13,
      1.63,
      0.196,
      1.696,
      0.261,
      1.761,
      0.326,
      1.826,
      0.391,
      1.891,
      0.457,
      1.957,
      0.522,
      2.022,
      0.587,
      2.087,
      0.652,
      2.152,
      0.717,
      2.217,
      0.783,
      2.283,
      0.848,
      2.348,
      0.913,
      2.413,
      0.978,
      2.478,
      1.043,
      2.543,
      1.109,
      2.609,
      1.174,
      2.674,
      1.239,
      2.739,
      1.304,
      2.804,
      1.37,
      2.87,
      1.435,
      2.935
    ],
    "TaskName": "rest",
    "dataset": "ds003592",
    "modality": "bold",
    "session_id": "2",
    "subject_id": "57",
    "task_id": "rest"
  },
  "dummy_trs": 1,
  "dvars_nstd": 26.513423305990088,
  "dvars_std": 1.0745308708910895,
  "dvars_vstd": 0.9562299535643568,
  "efc": 0.4223392049382081,
  "fber": 10322.34765625,
  "fd_mean": 0.16216848342410176,
  "fd_num": 54,
  "fd_perc": 26.600985221674875,
  "fwhm_avg": 2.7614366666666665,
  "fwhm_x": 2.7059766666666665,
  "fwhm_y": 2.79191,
  "fwhm_z": 2.7864233333333335,
  "gcor": 0.00852046,
  "gsr_x": -0.013462474569678307,
  "gsr_y": 0.023593775928020477,
  "provenance": {
    "md5sum": "12934acb00d3afe80ae68e80606f3579",
    "settings": {
      "fd_thres": 0.2,
      "testing": false
    },
    "software": "mriqc",
    "version": "23.1.0"
  },
  "size_t": 203,
  "size_x": 72,
  "size_y": 72,
  "size_z": 46,
  "snr": 2.763315178805511,
  "spacing_tr": 3.0,
  "spacing_x": 3.0,
  "spacing_y": 3.0,
  "spacing_z": 3.0,
  "summary_bg_k": 42.59201117591925,
  "summary_bg_mad": 30.8717218657162,
  "summary_bg_mean": 82.82533420764942,
  "summary_bg_median": 23.522167205810547,
  "summary_bg_n": 193411.0,
  "summary_bg_p05": 0.9162561297416687,
  "summary_bg_p95": 393.4335021972656,
  "summary_bg_stdv": 195.9324155409285,
  "summary_fg_k": 1.2108128414418902,
  "summary_fg_mad": 729.7030769565714,
  "summary_fg_mean": 2540.7757358911304,
  "summary_fg_median": 2389.82763671875,
  "summary_fg_n": 45053.0,
  "summary_fg_p05": 1351.586181640625,
  "summary_fg_p95": 4207.7685546875,
  "summary_fg_stdv": 864.8311754295418,
  "tsnr": 49.768191957846284
}