{
  "bids_meta": {
    "EchoTime": 0.0034,
    "FlipAngle": 7,
    "RepetitionTime": 2.53,
    "dataset": "ds003592",
    "modality": "T1w",
    "session_id": "1",
    "subject_id": "159"
  },
  "cjv": 0.518048270593568,
  "cnr": 2.013632138340689,
  "efc": 0.5536484161264217,
  "fber": -1.0,
  "fwhm_avg": 4.425996666666666,
  "fwhm_x": 4.44729,
  "fwhm_y": 4.45768,
  "fwhm_z": 4.37302,
  "icvs_csf": 0.26583985751031625,
  "icvs_gm": 0.38606323194758746,
  "icvs_wm": 0.34809691054209624,
  "inu_med": 0.6843575835227966,
  "inu_range": 0.6146974205970763,
  "provenance": {
    "md5sum": "28554dc088446d9f41b1b0c4794ddbe6",
    "settings": {
      "testing": false
    },
    "software": "mriqc",
    "version": "23.1.0",
    "warnings": {
      "large_rot_frame": true,
      "small_air_mask": false
    }
  },
  "qi_1": 0.0,
  "qi_2": 0.0012483052863714184,
  "rpve_csf": 7.843010642430658,
  "rpve_gm": 7.778834952648307,
  "rpve_wm": 7.869466562285663,
  "size_x": 176,
  "size_y": 256,
  "size_z": 256,
  "snr_csf": 1.8293190677714186,
  "snr_gm": 5.969385462186155,
  "snr_total": 7.006774498050789,
  "snr_wm": 13.221618964194795,
  "snrd_csf": 51.45067699020885,
  "snrd_gm": 90.89990016844672,
  "snrd_total": 89.8479208836937,
  "snrd_wm": 127.19318549242558,
  "spacing_x": 1.0,
  "spacing_y": 1.0,
  "spacing_z": 1.0,
  "summary_bg_k": 17.952414696121267,
  "summary_bg_mad": 0.0,
  "summary_bg_mean": 1.8443456241750962,
  "summary_bg_median": 0.0,
  "summary_bg_n": 3242725.0,
  "summary_bg_p05": 0.0,
  "summary_bg_p95": 11.9047613106668,
  "summary_bg_stdv": 5.027555821451122,
  "summary_csf_k": -0.728640353913931,
  "summary_csf_mad": 170.0268935007835,
  "summary_csf_mean": 402.0831139973828,
  "summary_csf_median": 394.8355649597943,
  "summary_csf_n": 386049.45111921045,
  "summary_csf_p05": 68.08568359911442,
  "summary_csf_p95": 747.6804102249444,
  "summary_csf_stdv": 215.83717162088908,
  "summary_gm_k": -0.6379733250704702,
  "summary_gm_mad": 88.45242020608875,
  "summary_gm_mean": 702.631694168303,
  "summary_gm_median": 697.5712573155761,
  "summary_gm_n": 560636.3928512522,
  "summary_gm_p05": 514.4971772171557,
  "summary_gm_p95": 916.2572881542146,
  "summary_gm_stdv": 116.85803163653321,
  "summary_wm_k": -0.20640223244738198,
  "summary_wm_mad": 55.83274551602171,
  "summary_wm_mean": 960.7302208264488,
  "summary_wm_median": 976.0880942828953,
  "summary_wm_n": 505502.1564847712,
  "summary_wm_p05": 813.2759861573577,
  "summary_wm_p95": 1056.4878719598055,
  "summary_wm_stdv": 73.8250838616596,
  "tpm_overlap_csf": 0.2042410401301899,
  "tpm_overlap_gm": 0.5300859532397468,
  "tpm_overlap_wm": 0.5491360396822775,
  "wm2max": 0.6078597981943706
}