{
  "aor": 0.002787241379310345,
  "aqi": 0.003979111034482758,
  "bids_meta": {
    "EchoTime": 0.03,
    "RepetitionTime": 3.0,
    "SliceEncodingDirection": "k",
    "SliceTiming": [
      0.0,
      1.5,
      0.065,
      1.565,
      0.13,
      1.63,
      0.196,
      1.696,
      0.261,
      1.761,
      0.326,
      1.826,
      0.391,
      1.891,
      0.457,
      1.957,
      0.522,
      2.022,
      0.587,
      2.087,
      0.652,
      2.152,
      0.717,
      2.217,
      0.783,
      2.283,
      0.848,
      2.348,
      0.913,
      2.413,
      0.978,
      2.478,
      1.043,
      2.543,
      1.109,
      2.609,
      1.174,
      2.674,
      1.239,
      2.739,
      1.304,
      2.804,
      1.37,
      2.87,
      1.435,
      2.935
    ],
    "TaskName": "rest",
    "dataset": "ds003592",
    "modality": "bold",
    "session_id": "1",
    "subject_id": "118",
    "task_id": "rest"
  },
  "dummy_trs": 1,
  "dvars_nstd": 17.535238605990106,
  "dvars_std": 1.0153289392079214,
  "dvars_vstd": 0.9472349526237624,
  "efc": 0.4827612153056978,
  "fber": 16340.7333984375,
  "fd_mean": 0.08316582547604971,
  "fd_num": 11,
  "fd_perc": 5.41871921182266,
  "fwhm_avg": 3.075816666666667,
  "fwhm_x": 2.9240666666666666,
  "fwhm_y": 3.120566666666667,
  "fwhm_z": 3.182816666666667,
  "gcor": 0.0170595,
  "gsr_x": -0.0075258114375174046,
  "gsr_y": 0.04381723701953888,
  "provenance": {
    "md5sum": "d778b5cc3566105ff2d09d04f09c8de8",
    "settings": {
      "fd_thres": 0.2,
      "testing": false
    },
    "software": "mriqc",
    "version": "23.1.0"
  },
  "size_t": 203,
  "size_x": 72,
  "size_y": 72,
  "size_z": 46,
  "snr": 2.8157565423963526,
  "spacing_tr": 3.0,
  "spacing_x": 3.0,
  "spacing_y": 3.0,
  "spacing_z": 3.0,
  "summary_bg_k": 24.074457813442873,
  "summary_bg_mad": 36.334709579631465,
  "summary_bg_mean": 153.31188929364336,
  "summary_bg_median": 26.098522186279297,
  "summary_bg_n": 181177.0,
  "summary_bg_p05": 0.842364490032196,
  "summary_bg_p95": 755.5615844726562,
  "summary_bg_stdv": 319.599358771318,
  "summary_fg_k": 0.8092600160020726,
  "summary_fg_mad": 1068.9417210052488,
  "summary_fg_mean": 3530.5461704594354,
  "summary_fg_median": 3336.197021484375,
  "summary_fg_n": 57287.0,
  "summary_fg_p05": 1925.3349609375,
  "summary_fg_p95": 5829.41357421875,
  "summary_fg_stdv": 1184.821149432528,
  "tsnr": 54.70455380016938
}