{
  "aor": 0.0032686206896551722,
  "aqi": 0.00741201,
  "bids_meta": {
    "EchoTime": 0.03,
    "RepetitionTime": 3.0,
    "SliceEncodingDirection": "k",
    "SliceTiming": [
      0.0,
      1.5,
      0.065,
      1.565,
      0.13,
      1.63,
      0.196,
      1.696,
      0.261,
      1.761,
      0.326,
      1.826,
      0.391,
      1.891,
      0.457,
      1.957,
      0.522,
      2.022,
      0.587,
      2.087,
      0.652,
      2.152,
      0.717,
      2.217,
      0.783,
      2.283,
      0.848,
      2.348,
      0.913,
      2.413,
      0.978,
      2.478,
      1.043,
      2.543,
      1.109,
      2.609,
      1.174,
      2.674,
      1.239,
      2.739,
      1.304,
      2.804,
      1.37,
      2.87,
      1.435,
      2.935
    ],
    "TaskName": "rest",
    "dataset": "ds003592",
    "modality": "bold",
    "session_id": "2",
    "subject_id": "101",
    "task_id": "rest"
  },
  "dummy_trs": 1,
  "dvars_nstd": 25.8363333971782,
  "dvars_std": 1.1045650199504948,
  "dvars_vstd": 0.9709489950990101,
  "efc": 0.46834998258095173,
  "fber": 13475.0654296875,
  "fd_mean": 0.2852542514699012,
  "fd_num": 119,
  "fd_perc": 58.62068965517241,
  "fwhm_avg": 2.7214466666666666,
  "fwhm_x": 2.6149666666666667,
  "fwhm_y": 2.8060733333333334,
  "fwhm_z": 2.7433,
  "gcor": 0.0591743,
  "gsr_x": 0.0171375572681427,
  "gsr_y": 0.025588620454072952,
  "provenance": {
    "md5sum": "e43ccd0b99c45a2702ebe6a2c03d9bd1",
    "settings": {
      "fd_thres": 0.2,
      "testing": false
    },
    "software": "mriqc",
    "version": "23.1.0"
  },
  "size_t": 203,
  "size_x": 72,
  "size_y": 72,
  "size_z": 46,
  "snr": 3.2704696907305895,
  "spacing_tr": 3.0,
  "spacing_x": 3.0,
  "spacing_y": 3.0,
  "spacing_z": 3.0,
  "summary_bg_k": 34.72788093976106,
  "summary_bg_mad": 38.94204335157815,
  "summary_bg_mean": 168.55891466609916,
  "summary_bg_median": 28.665023803710938,
  "summary_bg_n": 188403.0,
  "summary_bg_p05": 1.0443350076675415,
  "summary_bg_p95": 908.2857055664062,
  "summary_bg_stdv": 383.8762079684277,
  "summary_fg_k": 0.08304757133797214,
  "summary_fg_mad": 971.6886621008246,
  "summary_fg_mean": 3443.8021966850347,
  "summary_fg_median": 3327.49755859375,
  "summary_fg_n": 50061.0,
  "summary_fg_p05": 1918.305419921875,
  "summary_fg_p95": 5317.88671875,
  "summary_fg_stdv": 1017.4270483010883,
  "tsnr": 49.53133357129991
}