{
  "aor": 0.0044614,
  "aqi": 0.01278905025,
  "bids_meta": {
    "EchoTime": 0.04592,
    "RepetitionTime": 3,
    "SliceEncodingDirection": "k",
    "SliceTiming": [
      0,
      1.54,
      0.07,
      1.61,
      0.14,
      1.68,
      0.21,
      1.75,
      0.28,
      1.82,
      0.35,
      1.89,
      0.42,
      1.96,
      0.49,
      2.03,
      0.56,
      2.1,
      0.63,
      2.17,
      0.7,
      2.24,
      0.77,
      2.31,
      0.84,
      2.38,
      0.91,
      2.45,
      0.98,
      2.52,
      1.05,
      2.5925,
      1.12,
      2.6625,
      1.19,
      2.7325,
      1.26,
      2.8025,
      1.33,
      2.8725,
      1.4,
      2.9425,
      1.47
    ],
    "TaskName": "rest",
    "dataset": "ds003592",
    "modality": "bold",
    "session_id": "1",
    "subject_id": "273",
    "task_id": "rest"
  },
  "dummy_trs": 0,
  "dvars_nstd": 34.16287880326633,
  "dvars_std": 1.0265548518090455,
  "dvars_vstd": 0.9531870816080406,
  "efc": 0.4785851710735321,
  "fber": 927.9507446289062,
  "fd_mean": 0.22150242963576297,
  "fd_num": 85,
  "fd_perc": 42.5,
  "fwhm_avg": 2.299481238426829,
  "fwhm_x": 2.1752059259259258,
  "fwhm_y": 2.320234074074074,
  "fwhm_z": 2.4030037152804877,
  "gcor": 0.0155886,
  "gsr_x": -0.009044606238603592,
  "gsr_y": 0.04681211709976196,
  "provenance": {
    "md5sum": "8b5327abd865aad45d3e1c0afc36c9d5",
    "settings": {
      "fd_thres": 0.2,
      "testing": false
    },
    "software": "mriqc",
    "version": "23.1.0"
  },
  "size_t": 200,
  "size_x": 64,
  "size_y": 64,
  "size_z": 43,
  "snr": 1.9847537369761639,
  "spacing_tr": 3.0,
  "spacing_x": 3.375,
  "spacing_y": 3.375,
  "spacing_z": 2.999999523162842,
  "summary_bg_k": 142.06107927427774,
  "summary_bg_mad": 8.33963747909401,
  "summary_bg_mean": 29.68656666087122,
  "summary_bg_median": 14.449999809265137,
  "summary_bg_n": 138242.0,
  "summary_bg_p05": 6.529999732971191,
  "summary_bg_p95": 106.31499481201172,
  "summary_bg_stdv": 45.9503993535925,
  "summary_fg_k": 2.6221862873139923,
  "summary_fg_mad": 182.73072343081543,
  "summary_fg_mean": 493.87501197688675,
  "summary_fg_median": 440.17999267578125,
  "summary_fg_n": 37886.0,
  "summary_fg_p05": 237.25999450683594,
  "summary_fg_p95": 928.364990234375,
  "summary_fg_stdv": 221.77773250511572,
  "tsnr": 26.32451063802
}