{
  "aor": 0.0007333497536945811,
  "aqi": 0.00679144472906404,
  "bids_meta": {
    "EchoTime": 0.047,
    "RepetitionTime": 3.0,
    "SliceEncodingDirection": "k",
    "SliceTiming": [
      0.0,
      1.5,
      0.065,
      1.565,
      0.13,
      1.63,
      0.196,
      1.696,
      0.261,
      1.761,
      0.326,
      1.826,
      0.391,
      1.891,
      0.457,
      1.957,
      0.522,
      2.022,
      0.587,
      2.087,
      0.652,
      2.152,
      0.717,
      2.217,
      0.783,
      2.283,
      0.848,
      2.348,
      0.913,
      2.413,
      0.978,
      2.478,
      1.043,
      2.543,
      1.109,
      2.609,
      1.174,
      2.674,
      1.239,
      2.739,
      1.304,
      2.804,
      1.37,
      2.87,
      1.435,
      2.935
    ],
    "TaskName": "rest",
    "dataset": "ds003592",
    "modality": "bold",
    "session_id": "2",
    "subject_id": "84",
    "task_id": "rest"
  },
  "dummy_trs": 1,
  "dvars_nstd": 24.6684211880693,
  "dvars_std": 1.0868050467326733,
  "dvars_vstd": 0.9519727689603962,
  "efc": 0.41833348039210333,
  "fber": 8425.0712890625,
  "fd_mean": 0.07845641157795413,
  "fd_num": 4,
  "fd_perc": 1.9704433497536946,
  "fwhm_avg": 2.5367955555555555,
  "fwhm_x": 2.5039266666666666,
  "fwhm_y": 2.65842,
  "fwhm_z": 2.44804,
  "gcor": 0.0312471,
  "gsr_x": -0.009197738952934742,
  "gsr_y": 0.019931558519601822,
  "provenance": {
    "md5sum": "04300509190936c16d4e7c1342bfd0f6",
    "settings": {
      "fd_thres": 0.2,
      "testing": false
    },
    "software": "mriqc",
    "version": "23.1.0"
  },
  "size_t": 203,
  "size_x": 72,
  "size_y": 72,
  "size_z": 46,
  "snr": 3.108275032068728,
  "spacing_tr": 3.0,
  "spacing_x": 3.0,
  "spacing_y": 3.0,
  "spacing_z": 3.0,
  "summary_bg_k": 45.506130630418845,
  "summary_bg_mad": 35.231887064759164,
  "summary_bg_mean": 93.9314825795386,
  "summary_bg_median": 26.605911254882812,
  "summary_bg_n": 197763.0,
  "summary_bg_p05": 0.8029556274414062,
  "summary_bg_p95": 452.38916015625,
  "summary_bg_stdv": 207.83453991628846,
  "summary_fg_k": 0.36463442422893344,
  "summary_fg_mad": 718.6239192404755,
  "summary_fg_mean": 2531.661330660943,
  "summary_fg_median": 2442.1083984375,
  "summary_fg_n": 40701.0,
  "summary_fg_p05": 1351.5762939453125,
  "summary_fg_p95": 3983.699462890625,
  "summary_fg_stdv": 785.6699849476722,
  "tsnr": 48.54138657916337
}