{
  "aor": 0.0009015270935960591,
  "aqi": 0.005090324926108374,
  "bids_meta": {
    "EchoTime": 0.03,
    "RepetitionTime": 3.0,
    "SliceEncodingDirection": "k",
    "SliceTiming": [
      0.0,
      1.5,
      0.065,
      1.565,
      0.13,
      1.63,
      0.196,
      1.696,
      0.261,
      1.761,
      0.326,
      1.826,
      0.391,
      1.891,
      0.457,
      1.957,
      0.522,
      2.022,
      0.587,
      2.087,
      0.652,
      2.152,
      0.717,
      2.217,
      0.783,
      2.283,
      0.848,
      2.348,
      0.913,
      2.413,
      0.978,
      2.478,
      1.043,
      2.543,
      1.109,
      2.609,
      1.174,
      2.674,
      1.239,
      2.739,
      1.304,
      2.804,
      1.37,
      2.87,
      1.435,
      2.935
    ],
    "TaskName": "rest",
    "dataset": "ds003592",
    "modality": "bold",
    "session_id": "2",
    "subject_id": "84",
    "task_id": "rest"
  },
  "dummy_trs": 1,
  "dvars_nstd": 19.381832208069298,
  "dvars_std": 1.1197236187128716,
  "dvars_vstd": 0.9493154375742578,
  "efc": 0.4501716963493624,
  "fber": 11877.236328125,
  "fd_mean": 0.08144551260595845,
  "fd_num": 6,
  "fd_perc": 2.955665024630542,
  "fwhm_avg": 2.923065555555555,
  "fwhm_x": 2.833903333333333,
  "fwhm_y": 3.0042033333333333,
  "fwhm_z": 2.9310899999999998,
  "gcor": 0.033226,
  "gsr_x": -0.007168516982346773,
  "gsr_y": 0.025047574192285538,
  "provenance": {
    "md5sum": "906c3f99ae4641c7708eb4bb629cc5ae",
    "settings": {
      "fd_thres": 0.2,
      "testing": false
    },
    "software": "mriqc",
    "version": "23.1.0"
  },
  "size_t": 203,
  "size_x": 72,
  "size_y": 72,
  "size_z": 46,
  "snr": 3.124153252499533,
  "spacing_tr": 3.0,
  "spacing_x": 3.0,
  "spacing_y": 3.0,
  "spacing_z": 3.0,
  "summary_bg_k": 31.444291207895617,
  "summary_bg_mad": 43.594347328000445,
  "summary_bg_mean": 170.74720149560514,
  "summary_bg_median": 31.389162063598633,
  "summary_bg_n": 193313.0,
  "summary_bg_p05": 0.9852216839790344,
  "summary_bg_p95": 920.359619140625,
  "summary_bg_stdv": 371.17120187253454,
  "summary_fg_k": 0.5275348842679426,
  "summary_fg_mad": 974.0986146327607,
  "summary_fg_mean": 3576.8811452609225,
  "summary_fg_median": 3420.876708984375,
  "summary_fg_n": 45151.0,
  "summary_fg_p05": 1987.5714111328125,
  "summary_fg_p95": 5657.75341796875,
  "summary_fg_stdv": 1094.9651152400268,
  "tsnr": 64.59210233204067
}