{
  "aor": 0.0007310837438423644,
  "aqi": 0.0035228581280788178,
  "bids_meta": {
    "EchoTime": 0.047,
    "RepetitionTime": 3.0,
    "SliceEncodingDirection": "k",
    "SliceTiming": [
      0.0,
      1.5,
      0.065,
      1.565,
      0.13,
      1.63,
      0.196,
      1.696,
      0.261,
      1.761,
      0.326,
      1.826,
      0.391,
      1.891,
      0.457,
      1.957,
      0.522,
      2.022,
      0.587,
      2.087,
      0.652,
      2.152,
      0.717,
      2.217,
      0.783,
      2.283,
      0.848,
      2.348,
      0.913,
      2.413,
      0.978,
      2.478,
      1.043,
      2.543,
      1.109,
      2.609,
      1.174,
      2.674,
      1.239,
      2.739,
      1.304,
      2.804,
      1.37,
      2.87,
      1.435,
      2.935
    ],
    "TaskName": "rest",
    "dataset": "ds003592",
    "modality": "bold",
    "session_id": "2",
    "subject_id": "32",
    "task_id": "rest"
  },
  "dummy_trs": 1,
  "dvars_nstd": 24.216290889405943,
  "dvars_std": 1.0837686484158415,
  "dvars_vstd": 0.9845076278712873,
  "efc": 0.41324729596787285,
  "fber": 10061.5029296875,
  "fd_mean": 0.12682418284173522,
  "fd_num": 38,
  "fd_perc": 18.7192118226601,
  "fwhm_avg": 2.603683333333333,
  "fwhm_x": 2.56201,
  "fwhm_y": 2.7593433333333333,
  "fwhm_z": 2.4896966666666667,
  "gcor": 0.029044,
  "gsr_x": -0.011743148788809776,
  "gsr_y": 0.021829228848218918,
  "provenance": {
    "md5sum": "3a2b07323fbe8aea72abc1149be9e916",
    "settings": {
      "fd_thres": 0.2,
      "testing": false
    },
    "software": "mriqc",
    "version": "23.1.0"
  },
  "size_t": 203,
  "size_x": 72,
  "size_y": 72,
  "size_z": 46,
  "snr": 3.188804531889555,
  "spacing_tr": 3.0,
  "spacing_x": 3.0,
  "spacing_y": 3.0,
  "spacing_z": 3.0,
  "summary_bg_k": 33.15137672629743,
  "summary_bg_mad": 35.53132953249793,
  "summary_bg_mean": 79.90308153271732,
  "summary_bg_median": 24.674877166748047,
  "summary_bg_n": 196429.0,
  "summary_bg_p05": 0.02463054098188877,
  "summary_bg_p95": 379.2906188964844,
  "summary_bg_stdv": 180.97896812690098,
  "summary_fg_k": 0.3528220561916262,
  "summary_fg_mad": 718.6092597214692,
  "summary_fg_mean": 2564.50519895213,
  "summary_fg_median": 2475.06396484375,
  "summary_fg_n": 42035.0,
  "summary_fg_p05": 1412.50244140625,
  "summary_fg_p95": 3997.84228515625,
  "summary_fg_stdv": 776.1637627529992,
  "tsnr": 59.50801914604381
}