{
  "aor": 0.003207192118226601,
  "aqi": 0.0034501441379310347,
  "bids_meta": {
    "EchoTime": 0.0137,
    "RepetitionTime": 3.0,
    "SliceEncodingDirection": "k",
    "SliceTiming": [
      0.0,
      1.5,
      0.065,
      1.565,
      0.13,
      1.63,
      0.196,
      1.696,
      0.261,
      1.761,
      0.326,
      1.826,
      0.391,
      1.891,
      0.457,
      1.957,
      0.522,
      2.022,
      0.587,
      2.087,
      0.652,
      2.152,
      0.717,
      2.217,
      0.783,
      2.283,
      0.848,
      2.348,
      0.913,
      2.413,
      0.978,
      2.478,
      1.043,
      2.543,
      1.109,
      2.609,
      1.174,
      2.674,
      1.239,
      2.739,
      1.304,
      2.804,
      1.37,
      2.87,
      1.435,
      2.935
    ],
    "TaskName": "rest",
    "dataset": "ds003592",
    "modality": "bold",
    "session_id": "1",
    "subject_id": "217",
    "task_id": "rest"
  },
  "dummy_trs": 1,
  "dvars_nstd": 20.23706022133664,
  "dvars_std": 1.3254773480693072,
  "dvars_vstd": 1.004217488613861,
  "efc": 0.5310405589558638,
  "fber": 8869.8701171875,
  "fd_mean": 0.07538852474659069,
  "fd_num": 5,
  "fd_perc": 2.4630541871921183,
  "fwhm_avg": 3.156695731396954,
  "fwhm_x": 2.8322966666666667,
  "fwhm_y": 3.189356920133982,
  "fwhm_z": 3.4484336073902138,
  "gcor": 0.044837,
  "gsr_x": -0.008149285800755024,
  "gsr_y": 0.06055610999464989,
  "provenance": {
    "md5sum": "2452aae497dc9a27e4c23811a2e39baa",
    "settings": {
      "fd_thres": 0.2,
      "testing": false
    },
    "software": "mriqc",
    "version": "23.1.0"
  },
  "size_t": 203,
  "size_x": 72,
  "size_y": 72,
  "size_z": 46,
  "snr": 3.1187651548484396,
  "spacing_tr": 3.0,
  "spacing_x": 3.0,
  "spacing_y": 2.999999761581421,
  "spacing_z": 2.999999761581421,
  "summary_bg_k": 12.573529273423558,
  "summary_bg_mad": 72.76071064933193,
  "summary_bg_mean": 384.5150938350866,
  "summary_bg_median": 50.194580078125,
  "summary_bg_n": 179534.0,
  "summary_bg_p05": 0.7290640473365784,
  "summary_bg_p95": 1917.7340087890625,
  "summary_bg_stdv": 734.7480385279764,
  "summary_fg_k": 1.310234998360162,
  "summary_fg_mad": 1313.8411117791334,
  "summary_fg_mean": 4928.7651424989335,
  "summary_fg_median": 4727.324951171875,
  "summary_fg_n": 58930.0,
  "summary_fg_p05": 2742.408935546875,
  "summary_fg_p95": 7666.50732421875,
  "summary_fg_stdv": 1515.7553091129912,
  "tsnr": 71.10573718324304
}