{
  "aor": 0.002051773399014778,
  "aqi": 0.004925555467980296,
  "bids_meta": {
    "EchoTime": 0.03,
    "RepetitionTime": 3.0,
    "SliceEncodingDirection": "k",
    "SliceTiming": [
      0.0,
      1.5,
      0.065,
      1.565,
      0.13,
      1.63,
      0.196,
      1.696,
      0.261,
      1.761,
      0.326,
      1.826,
      0.391,
      1.891,
      0.457,
      1.957,
      0.522,
      2.022,
      0.587,
      2.087,
      0.652,
      2.152,
      0.717,
      2.217,
      0.783,
      2.283,
      0.848,
      2.348,
      0.913,
      2.413,
      0.978,
      2.478,
      1.043,
      2.543,
      1.109,
      2.609,
      1.174,
      2.674,
      1.239,
      2.739,
      1.304,
      2.804,
      1.37,
      2.87,
      1.435,
      2.935
    ],
    "TaskName": "rest",
    "dataset": "ds003592",
    "modality": "bold",
    "session_id": "1",
    "subject_id": "217",
    "task_id": "rest"
  },
  "dummy_trs": 1,
  "dvars_nstd": 21.250381006980216,
  "dvars_std": 1.1307989333663366,
  "dvars_vstd": 0.9755046925742572,
  "efc": 0.47657442266150585,
  "fber": 10489.9873046875,
  "fd_mean": 0.07508798822963075,
  "fd_num": 5,
  "fd_perc": 2.4630541871921183,
  "fwhm_avg": 2.8548879319926663,
  "fwhm_x": 2.7432466666666664,
  "fwhm_y": 2.9731335696167602,
  "fwhm_z": 2.8482835596945733,
  "gcor": 0.0422915,
  "gsr_x": -0.0026442264206707478,
  "gsr_y": 0.028074748814105988,
  "provenance": {
    "md5sum": "f5716558a174eae035c71cc1f3f7120e",
    "settings": {
      "fd_thres": 0.2,
      "testing": false
    },
    "software": "mriqc",
    "version": "23.1.0"
  },
  "size_t": 203,
  "size_x": 72,
  "size_y": 72,
  "size_z": 46,
  "snr": 3.2988498369364248,
  "spacing_tr": 3.0,
  "spacing_x": 3.0,
  "spacing_y": 2.999999761581421,
  "spacing_z": 2.999999761581421,
  "summary_bg_k": 27.69233229881084,
  "summary_bg_mad": 48.87474905719845,
  "summary_bg_mean": 182.62978834348996,
  "summary_bg_median": 34.29556655883789,
  "summary_bg_n": 187320.0,
  "summary_bg_p05": 0.8128078579902649,
  "summary_bg_p95": 907.11572265625,
  "summary_bg_stdv": 385.5240932846866,
  "summary_fg_k": 0.44111780077490703,
  "summary_fg_mad": 1000.7235588189463,
  "summary_fg_mean": 3616.3959711590937,
  "summary_fg_median": 3512.5738525390625,
  "summary_fg_n": 51144.0,
  "summary_fg_p05": 2036.8768310546875,
  "summary_fg_p95": 5557.09326171875,
  "summary_fg_stdv": 1064.7770241020671,
  "tsnr": 53.12743592262268
}