{
  "aor": 0.002018768472906404,
  "aqi": 0.0068497646305418726,
  "bids_meta": {
    "EchoTime": 0.047,
    "RepetitionTime": 3.0,
    "SliceEncodingDirection": "k",
    "SliceTiming": [
      0.0,
      1.5,
      0.065,
      1.565,
      0.13,
      1.63,
      0.196,
      1.696,
      0.261,
      1.761,
      0.326,
      1.826,
      0.391,
      1.891,
      0.457,
      1.957,
      0.522,
      2.022,
      0.587,
      2.087,
      0.652,
      2.152,
      0.717,
      2.217,
      0.783,
      2.283,
      0.848,
      2.348,
      0.913,
      2.413,
      0.978,
      2.478,
      1.043,
      2.543,
      1.109,
      2.609,
      1.174,
      2.674,
      1.239,
      2.739,
      1.304,
      2.804,
      1.37,
      2.87,
      1.435,
      2.935
    ],
    "TaskName": "rest",
    "dataset": "ds003592",
    "modality": "bold",
    "session_id": "1",
    "subject_id": "217",
    "task_id": "rest"
  },
  "dummy_trs": 1,
  "dvars_nstd": 27.29890063267327,
  "dvars_std": 1.1201161702970297,
  "dvars_vstd": 0.98398293009901,
  "efc": 0.4484790741253992,
  "fber": 8172.74951171875,
  "fd_mean": 0.0729006792730655,
  "fd_num": 6,
  "fd_perc": 2.955665024630542,
  "fwhm_avg": 2.4134490174926753,
  "fwhm_x": 2.3857166666666667,
  "fwhm_y": 2.554046869644075,
  "fwhm_z": 2.300583516167284,
  "gcor": 0.0359529,
  "gsr_x": -0.0054909707978367805,
  "gsr_y": 0.026186564937233925,
  "provenance": {
    "md5sum": "35d8774728cc589903ae3d26a4b8de91",
    "settings": {
      "fd_thres": 0.2,
      "testing": false
    },
    "software": "mriqc",
    "version": "23.1.0"
  },
  "size_t": 203,
  "size_x": 72,
  "size_y": 72,
  "size_z": 46,
  "snr": 3.2825323539480418,
  "spacing_tr": 3.0,
  "spacing_x": 3.0,
  "spacing_y": 2.999999761581421,
  "spacing_z": 2.999999761581421,
  "summary_bg_k": 51.198243609988566,
  "summary_bg_mad": 37.76618817487053,
  "summary_bg_mean": 101.23631451897405,
  "summary_bg_median": 27.6256160736084,
  "summary_bg_n": 191148.0,
  "summary_bg_p05": 0.7980295419692993,
  "summary_bg_p95": 494.7684631347656,
  "summary_bg_stdv": 213.9293166483898,
  "summary_fg_k": 0.4515561091040001,
  "summary_fg_mad": 700.0036153768342,
  "summary_fg_mean": 2567.4432350327675,
  "summary_fg_median": 2497.44580078125,
  "summary_fg_n": 47316.0,
  "summary_fg_p05": 1411.1181640625,
  "summary_fg_p95": 3935.16748046875,
  "summary_fg_stdv": 760.8209577900943,
  "tsnr": 42.93133593094535
}