{
  "aor": 0.004165024630541872,
  "aqi": 0.0037355706896551725,
  "bids_meta": {
    "EchoTime": 0.03,
    "RepetitionTime": 3.0,
    "SliceEncodingDirection": "k",
    "SliceTiming": [
      0.0,
      1.5,
      0.065,
      1.565,
      0.13,
      1.63,
      0.196,
      1.696,
      0.261,
      1.761,
      0.326,
      1.826,
      0.391,
      1.891,
      0.457,
      1.957,
      0.522,
      2.022,
      0.587,
      2.087,
      0.652,
      2.152,
      0.717,
      2.217,
      0.783,
      2.283,
      0.848,
      2.348,
      0.913,
      2.413,
      0.978,
      2.478,
      1.043,
      2.543,
      1.109,
      2.609,
      1.174,
      2.674,
      1.239,
      2.739,
      1.304,
      2.804,
      1.37,
      2.87,
      1.435,
      2.935
    ],
    "TaskName": "rest",
    "dataset": "ds003592",
    "modality": "bold",
    "session_id": "1",
    "subject_id": "202",
    "task_id": "rest"
  },
  "dummy_trs": 1,
  "dvars_nstd": 19.45088799138614,
  "dvars_std": 1.0707493536633663,
  "dvars_vstd": 0.9768057387128712,
  "efc": 0.5095012143620389,
  "fber": 12924.01953125,
  "fd_mean": 0.10265816601530182,
  "fd_num": 23,
  "fd_perc": 11.330049261083744,
  "fwhm_avg": 3.141544444444444,
  "fwhm_x": 3.0330399999999997,
  "fwhm_y": 3.13341,
  "fwhm_z": 3.258183333333333,
  "gcor": 0.0136527,
  "gsr_x": 0.0016870283288881183,
  "gsr_y": 0.05302124843001366,
  "provenance": {
    "md5sum": "ba8dcd1ba2805849d680426653b8c3d9",
    "settings": {
      "fd_thres": 0.2,
      "testing": false
    },
    "software": "mriqc",
    "version": "23.1.0"
  },
  "size_t": 203,
  "size_x": 72,
  "size_y": 72,
  "size_z": 46,
  "snr": 2.7318636257701723,
  "spacing_tr": 3.0,
  "spacing_x": 3.0,
  "spacing_y": 3.0,
  "spacing_z": 3.0,
  "summary_bg_k": 20.475688308927026,
  "summary_bg_mad": 44.19323049607839,
  "summary_bg_mean": 197.6397488020451,
  "summary_bg_median": 30.960590362548828,
  "summary_bg_n": 176003.0,
  "summary_bg_p05": 0.45320194959640503,
  "summary_bg_p95": 1049.8177490234375,
  "summary_bg_stdv": 398.73383506225764,
  "summary_fg_k": 0.8479597516881827,
  "summary_fg_mad": 1156.8021908061571,
  "summary_fg_mean": 3753.5658906349213,
  "summary_fg_median": 3519.71923828125,
  "summary_fg_n": 62461.0,
  "summary_fg_p05": 2016.72900390625,
  "summary_fg_p95": 6224.6943359375,
  "summary_fg_stdv": 1288.3846139431225,
  "tsnr": 56.43556909519248
}