{
  "aor": 0.0017242364532019704,
  "aqi": 0.004043137438423645,
  "bids_meta": {
    "EchoTime": 0.0137,
    "RepetitionTime": 3.0,
    "SliceEncodingDirection": "k",
    "SliceTiming": [
      0.0,
      1.5,
      0.065,
      1.565,
      0.13,
      1.63,
      0.196,
      1.696,
      0.261,
      1.761,
      0.326,
      1.826,
      0.391,
      1.891,
      0.457,
      1.957,
      0.522,
      2.022,
      0.587,
      2.087,
      0.652,
      2.152,
      0.717,
      2.217,
      0.783,
      2.283,
      0.848,
      2.348,
      0.913,
      2.413,
      0.978,
      2.478,
      1.043,
      2.543,
      1.109,
      2.609,
      1.174,
      2.674,
      1.239,
      2.739,
      1.304,
      2.804,
      1.37,
      2.87,
      1.435,
      2.935
    ],
    "TaskName": "rest",
    "dataset": "ds003592",
    "modality": "bold",
    "session_id": "2",
    "subject_id": "84",
    "task_id": "rest"
  },
  "dummy_trs": 1,
  "dvars_nstd": 20.400943128168326,
  "dvars_std": 1.4219406303465345,
  "dvars_vstd": 0.9466084612376239,
  "efc": 0.5143926987775874,
  "fber": 9501.306640625,
  "fd_mean": 0.0817252184577233,
  "fd_num": 6,
  "fd_perc": 2.955665024630542,
  "fwhm_avg": 3.340577777777778,
  "fwhm_x": 3.073733333333333,
  "fwhm_y": 3.3094,
  "fwhm_z": 3.6386000000000003,
  "gcor": 0.0250907,
  "gsr_x": -0.011462390422821045,
  "gsr_y": 0.06710802018642426,
  "provenance": {
    "md5sum": "828ffafdb56537d433759f807d9db02e",
    "settings": {
      "fd_thres": 0.2,
      "testing": false
    },
    "software": "mriqc",
    "version": "23.1.0"
  },
  "size_t": 203,
  "size_x": 72,
  "size_y": 72,
  "size_z": 46,
  "snr": 2.976634379965954,
  "spacing_tr": 3.0,
  "spacing_x": 3.0,
  "spacing_y": 3.0,
  "spacing_z": 3.0,
  "summary_bg_k": 13.140352180615103,
  "summary_bg_mad": 68.55026805389302,
  "summary_bg_mean": 423.90607787097014,
  "summary_bg_median": 47.802955627441406,
  "summary_bg_n": 185682.0,
  "summary_bg_p05": 0.9507389068603516,
  "summary_bg_p95": 2265.265869140625,
  "summary_bg_stdv": 880.8527832789886,
  "summary_fg_k": 0.9416220306654153,
  "summary_fg_mad": 1365.1040018901556,
  "summary_fg_mean": 4895.152448445379,
  "summary_fg_median": 4659.576171875,
  "summary_fg_n": 52782.0,
  "summary_fg_p05": 2630.078857421875,
  "summary_fg_p95": 7840.07861328125,
  "summary_fg_stdv": 1565.369285258744,
  "tsnr": 84.3396469252184
}