{
  "aor": 0.00150535,
  "aqi": 0.00323426165,
  "bids_meta": {
    "EchoTime": 0.014,
    "RepetitionTime": 3,
    "SliceEncodingDirection": "k",
    "SliceTiming": [
      0,
      1.5425,
      0.07,
      1.6125,
      0.14,
      1.6825,
      0.21,
      1.7525,
      0.28,
      1.8225,
      0.35,
      1.8925,
      0.42,
      1.9625,
      0.49,
      2.0325,
      0.56,
      2.1025,
      0.63,
      2.1725,
      0.7,
      2.2425,
      0.77,
      2.3125,
      0.84,
      2.3825,
      0.91,
      2.4525,
      0.98,
      2.5225,
      1.05,
      2.5925,
      1.12,
      2.6625,
      1.19,
      2.7325,
      1.26,
      2.8025,
      1.33,
      2.8725,
      1.4,
      2.9425,
      1.47
    ],
    "TaskName": "rest",
    "dataset": "ds003592",
    "modality": "bold",
    "session_id": "1",
    "subject_id": "257",
    "task_id": "rest"
  },
  "dummy_trs": 0,
  "dvars_nstd": 26.157104405979883,
  "dvars_std": 1.3386110436683416,
  "dvars_vstd": 1.0068159302010045,
  "efc": 0.56166763151787,
  "fber": 1014.9005737304688,
  "fd_mean": 0.07180259489627958,
  "fd_num": 3,
  "fd_perc": 1.5,
  "fwhm_avg": 2.6988981047508127,
  "fwhm_x": 2.0278696296296297,
  "fwhm_y": 2.9195585185185187,
  "fwhm_z": 3.1492661661042907,
  "gcor": 0.0431282,
  "gsr_x": -0.039044011384248734,
  "gsr_y": 0.11895175278186798,
  "provenance": {
    "md5sum": "57972776a351c640500451029fce6226",
    "settings": {
      "fd_thres": 0.2,
      "testing": false
    },
    "software": "mriqc",
    "version": "23.1.0"
  },
  "size_t": 200,
  "size_x": 64,
  "size_y": 64,
  "size_z": 43,
  "snr": 2.4044227049449924,
  "spacing_tr": 3.0,
  "spacing_x": 3.375,
  "spacing_y": 3.375,
  "spacing_z": 3.000000476837158,
  "summary_bg_k": 10.194208709751793,
  "summary_bg_mad": 20.03736807819463,
  "summary_bg_mean": 90.47473794605274,
  "summary_bg_median": 23.7549991607666,
  "summary_bg_n": 130711.0,
  "summary_bg_p05": 9.029999732971191,
  "summary_bg_p95": 441.92498779296875,
  "summary_bg_stdv": 156.15607682381102,
  "summary_fg_k": 3.13538854658756,
  "summary_fg_mad": 251.5827740778499,
  "summary_fg_mean": 813.7664658824275,
  "summary_fg_median": 756.7749633789062,
  "summary_fg_n": 45417.0,
  "summary_fg_p05": 417.55499267578125,
  "summary_fg_p95": 1399.4000244140625,
  "summary_fg_stdv": 314.73943012196736,
  "tsnr": 75.22573897894472
}