{
  "aor": 0.00289487684729064,
  "aqi": 0.009523256798029556,
  "bids_meta": {
    "EchoTime": 0.03,
    "RepetitionTime": 3.0,
    "SliceEncodingDirection": "k",
    "SliceTiming": [
      0.0,
      1.5,
      0.065,
      1.565,
      0.13,
      1.63,
      0.196,
      1.696,
      0.261,
      1.761,
      0.326,
      1.826,
      0.391,
      1.891,
      0.457,
      1.957,
      0.522,
      2.022,
      0.587,
      2.087,
      0.652,
      2.152,
      0.717,
      2.217,
      0.783,
      2.283,
      0.848,
      2.348,
      0.913,
      2.413,
      0.978,
      2.478,
      1.043,
      2.543,
      1.109,
      2.609,
      1.174,
      2.674,
      1.239,
      2.739,
      1.304,
      2.804,
      1.37,
      2.87,
      1.435,
      2.935
    ],
    "TaskName": "rest",
    "dataset": "ds003592",
    "modality": "bold",
    "session_id": "2",
    "subject_id": "125",
    "task_id": "rest"
  },
  "dummy_trs": 1,
  "dvars_nstd": 27.622019229653482,
  "dvars_std": 1.0412102276732682,
  "dvars_vstd": 0.9281077986633667,
  "efc": 0.4607973423229715,
  "fber": 14705.62890625,
  "fd_mean": 0.21241468752630996,
  "fd_num": 76,
  "fd_perc": 37.4384236453202,
  "fwhm_avg": 3.069605555555556,
  "fwhm_x": 2.9667366666666664,
  "fwhm_y": 3.138386666666667,
  "fwhm_z": 3.1036933333333336,
  "gcor": 0.038422,
  "gsr_x": -0.010426754131913185,
  "gsr_y": 0.033841323107481,
  "provenance": {
    "md5sum": "b10ccd856e0d430843841cd3336678a0",
    "settings": {
      "fd_thres": 0.2,
      "testing": false
    },
    "software": "mriqc",
    "version": "23.1.0"
  },
  "size_t": 203,
  "size_x": 72,
  "size_y": 72,
  "size_z": 46,
  "snr": 3.0736871800597196,
  "spacing_tr": 3.0,
  "spacing_x": 3.0,
  "spacing_y": 3.0,
  "spacing_z": 3.0,
  "summary_bg_k": 76.6151595303834,
  "summary_bg_mad": 38.255519257246235,
  "summary_bg_mean": 143.90929607898576,
  "summary_bg_median": 27.753694534301758,
  "summary_bg_n": 187083.0,
  "summary_bg_p05": 0.8571428656578064,
  "summary_bg_p95": 733.83740234375,
  "summary_bg_stdv": 334.9844015033658,
  "summary_fg_k": 0.7411710740114348,
  "summary_fg_mad": 946.3530316603217,
  "summary_fg_mean": 3519.7907521941725,
  "summary_fg_median": 3365.600830078125,
  "summary_fg_n": 51381.0,
  "summary_fg_p05": 1930.1033935546875,
  "summary_fg_p95": 5617.4384765625,
  "summary_fg_stdv": 1094.961159462928,
  "tsnr": 39.11887181107886
}