{
  "bids_meta": {
    "EchoTime": 0.0034,
    "FlipAngle": 7,
    "RepetitionTime": 2.53,
    "dataset": "ds003592",
    "modality": "T1w",
    "session_id": "1",
    "subject_id": "74"
  },
  "cjv": 0.5814041839430398,
  "cnr": 1.746601794298147,
  "efc": 0.6327485306953132,
  "fber": 15378.119731171013,
  "fwhm_avg": 4.163053333333333,
  "fwhm_x": 4.22793,
  "fwhm_y": 4.14993,
  "fwhm_z": 4.1113,
  "icvs_csf": 0.2551201383138113,
  "icvs_gm": 0.38599583291819844,
  "icvs_wm": 0.35888402876799025,
  "inu_med": 0.7596652507781982,
  "inu_range": 0.6250731647014618,
  "provenance": {
    "md5sum": "a8be830a9541c0e457eaabb371b01656",
    "settings": {
      "testing": false
    },
    "software": "mriqc",
    "version": "23.1.0",
    "warnings": {
      "large_rot_frame": true,
      "small_air_mask": false
    }
  },
  "qi_1": 0.0,
  "qi_2": 0.0009777392258357885,
  "rpve_csf": 7.5171615692534735,
  "rpve_gm": 7.435407542743325,
  "rpve_wm": 7.544621299213,
  "size_x": 176,
  "size_y": 256,
  "size_z": 256,
  "snr_csf": 2.279824381232818,
  "snr_gm": 5.609354005501624,
  "snr_total": 6.505723284604753,
  "snr_wm": 11.627991467079818,
  "snrd_csf": 48.65377638363498,
  "snrd_gm": 73.67732003058352,
  "snrd_total": 74.518111097121,
  "snrd_wm": 101.22323687714446,
  "spacing_x": 1.0,
  "spacing_y": 1.0,
  "spacing_z": 1.0,
  "summary_bg_k": 18.661544759846798,
  "summary_bg_mad": 0.0,
  "summary_bg_mean": 2.349677016731729,
  "summary_bg_median": 0.0,
  "summary_bg_n": 2581411.0,
  "summary_bg_p05": 0.0,
  "summary_bg_p95": 15.620238035917282,
  "summary_bg_stdv": 6.233998982760942,
  "summary_csf_k": -0.4385648843596681,
  "summary_csf_mad": 145.56027092840338,
  "summary_csf_mean": 463.5840591640666,
  "summary_csf_median": 462.96861612796783,
  "summary_csf_n": 385147.47446299926,
  "summary_csf_p05": 142.71563825011253,
  "summary_csf_p95": 778.61171887815,
  "summary_csf_stdv": 203.07178873554645,
  "summary_gm_k": -0.6485336240689556,
  "summary_gm_mad": 89.69721002495326,
  "summary_gm_mean": 706.8375160744429,
  "summary_gm_median": 701.0820008218288,
  "summary_gm_n": 582726.7152811737,
  "summary_gm_p05": 507.2386566102505,
  "summary_gm_p95": 940.4145260453224,
  "summary_gm_stdv": 124.9843384070536,
  "summary_wm_k": -0.12281404137280161,
  "summary_wm_mad": 62.69767199477212,
  "summary_wm_mean": 949.5811527686703,
  "summary_wm_median": 963.197214692831,
  "summary_wm_n": 541796.8107836155,
  "summary_wm_p05": 788.1362542659044,
  "summary_wm_p95": 1064.6906637847424,
  "summary_wm_stdv": 82.83428213099312,
  "tpm_overlap_csf": 0.239483252977612,
  "tpm_overlap_gm": 0.5340398889611138,
  "tpm_overlap_wm": 0.5511080371550973,
  "wm2max": 0.5602928406588661
}