{
  "aor": 0.0016843349753694582,
  "aqi": 0.008801212561576354,
  "bids_meta": {
    "EchoTime": 0.047,
    "RepetitionTime": 3.0,
    "SliceEncodingDirection": "k",
    "SliceTiming": [
      0.0,
      1.5,
      0.065,
      1.565,
      0.13,
      1.63,
      0.196,
      1.696,
      0.261,
      1.761,
      0.326,
      1.826,
      0.391,
      1.891,
      0.457,
      1.957,
      0.522,
      2.022,
      0.587,
      2.087,
      0.652,
      2.152,
      0.717,
      2.217,
      0.783,
      2.283,
      0.848,
      2.348,
      0.913,
      2.413,
      0.978,
      2.478,
      1.043,
      2.543,
      1.109,
      2.609,
      1.174,
      2.674,
      1.239,
      2.739,
      1.304,
      2.804,
      1.37,
      2.87,
      1.435,
      2.935
    ],
    "TaskName": "rest",
    "dataset": "ds003592",
    "modality": "bold",
    "session_id": "2",
    "subject_id": "121",
    "task_id": "rest"
  },
  "dummy_trs": 1,
  "dvars_nstd": 31.105132933811895,
  "dvars_std": 1.081524184752476,
  "dvars_vstd": 0.9836144364851489,
  "efc": 0.4326596378538273,
  "fber": 5130.01318359375,
  "fd_mean": 0.23230811378845037,
  "fd_num": 104,
  "fd_perc": 51.23152709359606,
  "fwhm_avg": 2.3359955555555554,
  "fwhm_x": 2.3427700000000002,
  "fwhm_y": 2.544773333333333,
  "fwhm_z": 2.1204433333333332,
  "gcor": 0.0175571,
  "gsr_x": 0.004112134221941233,
  "gsr_y": 0.018074706196784973,
  "provenance": {
    "md5sum": "f8d0c35269550df6a2b3d108bd3c4f57",
    "settings": {
      "fd_thres": 0.2,
      "testing": false
    },
    "software": "mriqc",
    "version": "23.1.0"
  },
  "size_t": 203,
  "size_x": 72,
  "size_y": 72,
  "size_z": 46,
  "snr": 3.109141275578024,
  "spacing_tr": 3.0,
  "spacing_x": 3.0,
  "spacing_y": 3.0,
  "spacing_z": 3.0,
  "summary_bg_k": 89.62779456627446,
  "summary_bg_mad": 43.99603624694249,
  "summary_bg_mean": 101.78552215469217,
  "summary_bg_median": 33.201969146728516,
  "summary_bg_n": 196156.0,
  "summary_bg_p05": 0.6403940916061401,
  "summary_bg_p95": 470.862060546875,
  "summary_bg_stdv": 215.12693614216724,
  "summary_fg_k": 0.8453610617448484,
  "summary_fg_mad": 675.5735269529687,
  "summary_fg_mean": 2459.4109820897606,
  "summary_fg_median": 2378.0615234375,
  "summary_fg_n": 42308.0,
  "summary_fg_p05": 1326.5762939453125,
  "summary_fg_p95": 3877.28564453125,
  "summary_fg_stdv": 764.8521595951798,
  "tsnr": 40.59459773765411
}