{
  "aor": 0.006716995073891626,
  "aqi": 0.008575519162561576,
  "bids_meta": {
    "EchoTime": 0.047,
    "RepetitionTime": 3.0,
    "SliceEncodingDirection": "k",
    "SliceTiming": [
      0.0,
      1.5,
      0.065,
      1.565,
      0.13,
      1.63,
      0.196,
      1.696,
      0.261,
      1.761,
      0.326,
      1.826,
      0.391,
      1.891,
      0.457,
      1.957,
      0.522,
      2.022,
      0.587,
      2.087,
      0.652,
      2.152,
      0.717,
      2.217,
      0.783,
      2.283,
      0.848,
      2.348,
      0.913,
      2.413,
      0.978,
      2.478,
      1.043,
      2.543,
      1.109,
      2.609,
      1.174,
      2.674,
      1.239,
      2.739,
      1.304,
      2.804,
      1.37,
      2.87,
      1.435,
      2.935
    ],
    "TaskName": "rest",
    "dataset": "ds003592",
    "modality": "bold",
    "session_id": "2",
    "subject_id": "174",
    "task_id": "rest"
  },
  "dummy_trs": 1,
  "dvars_nstd": 36.180214995346525,
  "dvars_std": 1.065004966732674,
  "dvars_vstd": 0.9991483014851488,
  "efc": 0.43535733527814563,
  "fber": 6903.5556640625,
  "fd_mean": 0.2374822401661583,
  "fd_num": 69,
  "fd_perc": 33.99014778325123,
  "fwhm_avg": 2.6708944444444445,
  "fwhm_x": 2.6087700000000003,
  "fwhm_y": 2.7786733333333333,
  "fwhm_z": 2.6252400000000002,
  "gcor": 0.0400423,
  "gsr_x": -0.0016147955320775509,
  "gsr_y": 0.01917603239417076,
  "provenance": {
    "md5sum": "e734ebd946e54fbe416142e219ff4c50",
    "settings": {
      "fd_thres": 0.2,
      "testing": false
    },
    "software": "mriqc",
    "version": "23.1.0"
  },
  "size_t": 203,
  "size_x": 72,
  "size_y": 72,
  "size_z": 46,
  "snr": 2.8000009792366054,
  "spacing_tr": 3.0,
  "spacing_x": 3.0,
  "spacing_y": 3.0,
  "spacing_z": 3.0,
  "summary_bg_k": 23.486461860515004,
  "summary_bg_mad": 37.63472369254032,
  "summary_bg_mean": 98.96273428492796,
  "summary_bg_median": 28.497535705566406,
  "summary_bg_n": 193427.0,
  "summary_bg_p05": 0.8226600885391235,
  "summary_bg_p95": 507.99505615234375,
  "summary_bg_stdv": 209.58441784243809,
  "summary_fg_k": 0.7269473429310565,
  "summary_fg_mad": 754.4472591487738,
  "summary_fg_mean": 2481.9113419518358,
  "summary_fg_median": 2367.79296875,
  "summary_fg_n": 45037.0,
  "summary_fg_p05": 1276.5762939453125,
  "summary_fg_p95": 4062.098388671875,
  "summary_fg_stdv": 845.630661905262,
  "tsnr": 35.12016986112576
}