{
  "aor": 0.009037960199004975,
  "aqi": 0.0060962714427860686,
  "bids_meta": {
    "EchoTime": 0.03,
    "RepetitionTime": 3.0,
    "SliceEncodingDirection": "k",
    "SliceTiming": [
      0.0,
      1.5,
      0.065,
      1.565,
      0.13,
      1.63,
      0.196,
      1.696,
      0.261,
      1.761,
      0.326,
      1.826,
      0.391,
      1.891,
      0.457,
      1.957,
      0.522,
      2.022,
      0.587,
      2.087,
      0.652,
      2.152,
      0.717,
      2.217,
      0.783,
      2.283,
      0.848,
      2.348,
      0.913,
      2.413,
      0.978,
      2.478,
      1.043,
      2.543,
      1.109,
      2.609,
      1.174,
      2.674,
      1.239,
      2.739,
      1.304,
      2.804,
      1.37,
      2.87,
      1.435,
      2.935
    ],
    "TaskName": "rest",
    "dataset": "ds003592",
    "modality": "bold",
    "session_id": "2",
    "subject_id": "174",
    "task_id": "rest"
  },
  "dummy_trs": 3,
  "dvars_nstd": 29.05017806029999,
  "dvars_std": 1.0989770879000005,
  "dvars_vstd": 1.0238538997500002,
  "efc": 0.46992958835441695,
  "fber": 9234.7705078125,
  "fd_mean": 0.2418471679669147,
  "fd_num": 72,
  "fd_perc": 35.82089552238806,
  "fwhm_avg": 3.0341166666666664,
  "fwhm_x": 2.9274299999999998,
  "fwhm_y": 3.08794,
  "fwhm_z": 3.08698,
  "gcor": 0.0502421,
  "gsr_x": 0.0003852953959722072,
  "gsr_y": 0.026212310418486595,
  "provenance": {
    "md5sum": "c0a26fa8ecedf1ff9c4592f09a66c834",
    "settings": {
      "fd_thres": 0.2,
      "testing": false
    },
    "software": "mriqc",
    "version": "23.1.0"
  },
  "size_t": 201,
  "size_x": 72,
  "size_y": 72,
  "size_z": 46,
  "snr": 2.838258732605935,
  "spacing_tr": 3.0,
  "spacing_x": 3.0,
  "spacing_y": 3.0,
  "spacing_z": 3.0,
  "summary_bg_k": 17.676782722379848,
  "summary_bg_mad": 48.505434656648134,
  "summary_bg_mean": 188.92511971005433,
  "summary_bg_median": 34.6716423034668,
  "summary_bg_n": 189025.0,
  "summary_bg_p05": 0.9402984976768494,
  "summary_bg_p95": 1006.4427490234375,
  "summary_bg_stdv": 392.9926957458009,
  "summary_fg_k": 0.8898302389295591,
  "summary_fg_mad": 1026.0714960161458,
  "summary_fg_mean": 3509.6490114255594,
  "summary_fg_median": 3331.865478515625,
  "summary_fg_n": 49439.0,
  "summary_fg_p05": 1867.1292724609375,
  "summary_fg_p95": 5761.72607421875,
  "summary_fg_stdv": 1173.8999490557371,
  "tsnr": 45.86608316283673
}