{
  "bids_meta": {
    "EchoTime": 0.0034,
    "FlipAngle": 7,
    "RepetitionTime": 2.53,
    "dataset": "ds003592",
    "modality": "T1w",
    "session_id": "1",
    "subject_id": "22"
  },
  "cjv": 0.578852584165842,
  "cnr": 1.6657988399155839,
  "efc": 0.593791659610126,
  "fber": 15008.652056901192,
  "fwhm_avg": 4.216483333333334,
  "fwhm_x": 4.23765,
  "fwhm_y": 4.2383,
  "fwhm_z": 4.1735,
  "icvs_csf": 0.26687094936247746,
  "icvs_gm": 0.38213191565387095,
  "icvs_wm": 0.35099713498365154,
  "inu_med": 0.7008436918258667,
  "inu_range": 0.6116250634193416,
  "provenance": {
    "md5sum": "8d0a2a532fb4cd061210014aaa188300",
    "settings": {
      "testing": false
    },
    "software": "mriqc",
    "version": "23.1.0",
    "warnings": {
      "large_rot_frame": true,
      "small_air_mask": false
    }
  },
  "qi_1": 0.0,
  "qi_2": 0.0008514327020499248,
  "rpve_csf": 8.919016474927023,
  "rpve_gm": 8.82382990451878,
  "rpve_wm": 8.931701365107436,
  "size_x": 176,
  "size_y": 256,
  "size_z": 256,
  "snr_csf": 1.9987239312555007,
  "snr_gm": 4.883811310615543,
  "snr_total": 5.6237174175287,
  "snr_wm": 9.988617010715055,
  "snrd_csf": 42.473873735424,
  "snrd_gm": 71.71017045057808,
  "snrd_total": 71.88566145733226,
  "snrd_wm": 101.47294018599467,
  "spacing_x": 1.0,
  "spacing_y": 1.0,
  "spacing_z": 1.0,
  "summary_bg_k": 13.73455718625144,
  "summary_bg_mad": 0.0,
  "summary_bg_mean": 2.382694043222396,
  "summary_bg_median": 0.0,
  "summary_bg_n": 3061084.0,
  "summary_bg_p05": 0.0,
  "summary_bg_p95": 15.84108704701066,
  "summary_bg_stdv": 6.213220993345861,
  "summary_csf_k": -0.6197880072381459,
  "summary_csf_mad": 145.7092523067196,
  "summary_csf_mean": 408.56135547925516,
  "summary_csf_median": 402.8162134811282,
  "summary_csf_n": 340626.8744658974,
  "summary_csf_p05": 91.66996404528618,
  "summary_csf_p95": 732.3180082254112,
  "summary_csf_stdv": 201.53639824638728,
  "summary_gm_k": -0.48107487872647337,
  "summary_gm_mad": 94.10389211475642,
  "summary_gm_mean": 683.9532032085306,
  "summary_gm_median": 680.089118052274,
  "summary_gm_n": 487742.85988711414,
  "summary_gm_p05": 455.7994411326945,
  "summary_gm_p95": 945.4003854654729,
  "summary_gm_stdv": 139.25362337272946,
  "summary_wm_k": -0.27253725334055323,
  "summary_wm_mad": 69.28645367362654,
  "summary_wm_mean": 938.7310292603534,
  "summary_wm_median": 962.3550183139741,
  "summary_wm_n": 448003.2664536102,
  "summary_wm_p05": 747.2969952970743,
  "summary_wm_p95": 1062.7178237773478,
  "summary_wm_stdv": 96.34506390944043,
  "tpm_overlap_csf": 0.21395167962475672,
  "tpm_overlap_gm": 0.5337968167311952,
  "tpm_overlap_wm": 0.5444834625421077,
  "wm2max": 0.6666639294402288
}