{
  "aor": 0.0020905911330049254,
  "aqi": 0.003606686256157636,
  "bids_meta": {
    "EchoTime": 0.03,
    "RepetitionTime": 3.0,
    "SliceEncodingDirection": "k",
    "SliceTiming": [
      0.0,
      1.5,
      0.065,
      1.565,
      0.13,
      1.63,
      0.196,
      1.696,
      0.261,
      1.761,
      0.326,
      1.826,
      0.391,
      1.891,
      0.457,
      1.957,
      0.522,
      2.022,
      0.587,
      2.087,
      0.652,
      2.152,
      0.717,
      2.217,
      0.783,
      2.283,
      0.848,
      2.348,
      0.913,
      2.413,
      0.978,
      2.478,
      1.043,
      2.543,
      1.109,
      2.609,
      1.174,
      2.674,
      1.239,
      2.739,
      1.304,
      2.804,
      1.37,
      2.87,
      1.435,
      2.935
    ],
    "TaskName": "rest",
    "dataset": "ds003592",
    "modality": "bold",
    "session_id": "1",
    "subject_id": "86",
    "task_id": "rest"
  },
  "dummy_trs": 1,
  "dvars_nstd": 21.174970560841576,
  "dvars_std": 1.1322045439603963,
  "dvars_vstd": 0.97677102460396,
  "efc": 0.45138459422592797,
  "fber": 11002.4501953125,
  "fd_mean": 0.08814785642245859,
  "fd_num": 2,
  "fd_perc": 0.9852216748768473,
  "fwhm_avg": 3.0745977777777775,
  "fwhm_x": 2.9629366666666663,
  "fwhm_y": 3.10805,
  "fwhm_z": 3.1528066666666668,
  "gcor": 0.0232273,
  "gsr_x": -0.010366448201239109,
  "gsr_y": 0.020029552280902863,
  "provenance": {
    "md5sum": "325d3703ccb2c11b5dfd97cea364ad67",
    "settings": {
      "fd_thres": 0.2,
      "testing": false
    },
    "software": "mriqc",
    "version": "23.1.0"
  },
  "size_t": 203,
  "size_x": 72,
  "size_y": 72,
  "size_z": 46,
  "snr": 2.8475677675460505,
  "spacing_tr": 3.0,
  "spacing_x": 3.0,
  "spacing_y": 3.0,
  "spacing_z": 3.0,
  "summary_bg_k": 21.11206329347838,
  "summary_bg_mad": 45.56627974518197,
  "summary_bg_mean": 183.34808566469042,
  "summary_bg_median": 32.11822509765625,
  "summary_bg_n": 193674.0,
  "summary_bg_p05": 0.5270935893058777,
  "summary_bg_p95": 960.7733764648438,
  "summary_bg_stdv": 387.9201469532296,
  "summary_fg_k": 0.8413860638924642,
  "summary_fg_mad": 1011.7554803071333,
  "summary_fg_mean": 3575.575741561307,
  "summary_fg_median": 3368.9630126953125,
  "summary_fg_n": 44790.0,
  "summary_fg_p05": 1909.029541015625,
  "summary_fg_p95": 5886.1083984375,
  "summary_fg_stdv": 1183.0887547095228,
  "tsnr": 59.82021820510272
}