{
  "aor": 0.0009523152709359605,
  "aqi": 0.004702901083743842,
  "bids_meta": {
    "EchoTime": 0.047,
    "RepetitionTime": 3.0,
    "SliceEncodingDirection": "k",
    "SliceTiming": [
      0.0,
      1.5,
      0.065,
      1.565,
      0.13,
      1.63,
      0.196,
      1.696,
      0.261,
      1.761,
      0.326,
      1.826,
      0.391,
      1.891,
      0.457,
      1.957,
      0.522,
      2.022,
      0.587,
      2.087,
      0.652,
      2.152,
      0.717,
      2.217,
      0.783,
      2.283,
      0.848,
      2.348,
      0.913,
      2.413,
      0.978,
      2.478,
      1.043,
      2.543,
      1.109,
      2.609,
      1.174,
      2.674,
      1.239,
      2.739,
      1.304,
      2.804,
      1.37,
      2.87,
      1.435,
      2.935
    ],
    "TaskName": "rest",
    "dataset": "ds003592",
    "modality": "bold",
    "session_id": "1",
    "subject_id": "93",
    "task_id": "rest"
  },
  "dummy_trs": 1,
  "dvars_nstd": 22.01886849311882,
  "dvars_std": 1.0364488526732671,
  "dvars_vstd": 0.9644849224752475,
  "efc": 0.43512787029487315,
  "fber": 12822.314453125,
  "fd_mean": 0.05123707484722215,
  "fd_num": 0,
  "fd_perc": 0.0,
  "fwhm_avg": 2.481097777777778,
  "fwhm_x": 2.416306666666667,
  "fwhm_y": 2.62432,
  "fwhm_z": 2.4026666666666667,
  "gcor": 0.0155144,
  "gsr_x": -0.0070997136645019054,
  "gsr_y": 0.022088609635829926,
  "provenance": {
    "md5sum": "ede0cbc1fc09bfe195dddc62ac650301",
    "settings": {
      "fd_thres": 0.2,
      "testing": false
    },
    "software": "mriqc",
    "version": "23.1.0"
  },
  "size_t": 203,
  "size_x": 72,
  "size_y": 72,
  "size_z": 46,
  "snr": 3.357561740812426,
  "spacing_tr": 3.0,
  "spacing_x": 3.0,
  "spacing_y": 3.0,
  "spacing_z": 3.0,
  "summary_bg_k": 38.19572109724105,
  "summary_bg_mad": 30.05373505645365,
  "summary_bg_mean": 91.92808707294861,
  "summary_bg_median": 22.773399353027344,
  "summary_bg_n": 192288.0,
  "summary_bg_p05": 0.5911329984664917,
  "summary_bg_p95": 457.5418701171875,
  "summary_bg_stdv": 220.6321483946018,
  "summary_fg_k": 0.521892531322492,
  "summary_fg_mad": 712.9088786086431,
  "summary_fg_mean": 2644.094445869107,
  "summary_fg_median": 2578.760986328125,
  "summary_fg_n": 46176.0,
  "summary_fg_p05": 1462.2364501953125,
  "summary_fg_p95": 4016.453125,
  "summary_fg_stdv": 768.0374218163277,
  "tsnr": 51.45241049234755
}