{
  "aor": 0.0024698000000000003,
  "aqi": 0.01005251095,
  "bids_meta": {
    "EchoTime": 0.04592,
    "RepetitionTime": 3,
    "SliceEncodingDirection": "k",
    "SliceTiming": [
      0,
      1.54,
      0.07,
      1.61,
      0.14,
      1.68,
      0.21,
      1.75,
      0.28,
      1.82,
      0.35,
      1.89,
      0.42,
      1.96,
      0.49,
      2.03,
      0.56,
      2.1,
      0.63,
      2.17,
      0.7,
      2.24,
      0.77,
      2.31,
      0.84,
      2.38,
      0.91,
      2.45,
      0.98,
      2.52,
      1.05,
      2.5925,
      1.12,
      2.6625,
      1.19,
      2.7325,
      1.26,
      2.8025,
      1.33,
      2.8725,
      1.4,
      2.9425,
      1.47
    ],
    "TaskName": "rest",
    "dataset": "ds003592",
    "modality": "bold",
    "session_id": "1",
    "subject_id": "272",
    "task_id": "rest"
  },
  "dummy_trs": 0,
  "dvars_nstd": 54.76626859125626,
  "dvars_std": 1.1372684813065321,
  "dvars_vstd": 0.975948896934673,
  "efc": 0.4252003162501292,
  "fber": 1364.6751708984375,
  "fd_mean": 0.24137826479881327,
  "fd_num": 108,
  "fd_perc": 54.0,
  "fwhm_avg": 2.3991003887530415,
  "fwhm_x": 2.2457748148148147,
  "fwhm_y": 2.4429390866838325,
  "fwhm_z": 2.508587264760478,
  "gcor": 0.0153619,
  "gsr_x": -0.00933083239942789,
  "gsr_y": 0.02455935813486576,
  "provenance": {
    "md5sum": "f297a13acf1f889f2e425dd8cd2f1aff",
    "settings": {
      "fd_thres": 0.2,
      "testing": false
    },
    "software": "mriqc",
    "version": "23.1.0"
  },
  "size_t": 200,
  "size_x": 64,
  "size_y": 64,
  "size_z": 43,
  "snr": 1.813180788915886,
  "spacing_tr": 3.0,
  "spacing_x": 3.375,
  "spacing_y": 3.375000238418579,
  "spacing_z": 2.9999992847442627,
  "summary_bg_k": 39.20816811822686,
  "summary_bg_mad": 6.93857742114085,
  "summary_bg_mean": 26.655658240457235,
  "summary_bg_median": 13.719999313354492,
  "summary_bg_n": 144544.0,
  "summary_bg_p05": 7.514999866485596,
  "summary_bg_p95": 95.51499938964844,
  "summary_bg_stdv": 43.555324295920926,
  "summary_fg_k": 3.3538961318808287,
  "summary_fg_mad": 211.08549085973507,
  "summary_fg_mean": 581.5215185075062,
  "summary_fg_median": 506.8374938964844,
  "summary_fg_n": 31584.0,
  "summary_fg_p05": 272.55499267578125,
  "summary_fg_p95": 1127.4849853515625,
  "summary_fg_stdv": 279.5250607595541,
  "tsnr": 28.572534628212452
}