{
  "aor": 0.00247655,
  "aqi": 0.005781694399999999,
  "bids_meta": {
    "EchoTime": 0.014,
    "RepetitionTime": 3,
    "SliceEncodingDirection": "k",
    "SliceTiming": [
      0,
      1.5425,
      0.07,
      1.6125,
      0.14,
      1.6825,
      0.21,
      1.7525,
      0.28,
      1.8225,
      0.35,
      1.8925,
      0.42,
      1.9625,
      0.49,
      2.0325,
      0.56,
      2.1025,
      0.63,
      2.1725,
      0.7,
      2.2425,
      0.77,
      2.3125,
      0.84,
      2.3825,
      0.91,
      2.4525,
      0.98,
      2.5225,
      1.05,
      2.5925,
      1.12,
      2.6625,
      1.19,
      2.7325,
      1.26,
      2.8025,
      1.33,
      2.8725,
      1.4,
      2.9425,
      1.47
    ],
    "TaskName": "rest",
    "dataset": "ds003592",
    "modality": "bold",
    "session_id": "1",
    "subject_id": "272",
    "task_id": "rest"
  },
  "dummy_trs": 0,
  "dvars_nstd": 36.06659702306532,
  "dvars_std": 1.2214456233668338,
  "dvars_vstd": 0.9929258304020103,
  "efc": 0.497657289908183,
  "fber": 1870.4931640625,
  "fd_mean": 0.2278494742430582,
  "fd_num": 101,
  "fd_perc": 50.5,
  "fwhm_avg": 3.319916258481531,
  "fwhm_x": 2.993362962962963,
  "fwhm_y": 3.3443849489293314,
  "fwhm_z": 3.6220008635522993,
  "gcor": 0.0224765,
  "gsr_x": -0.002267497591674328,
  "gsr_y": 0.03855335712432861,
  "provenance": {
    "md5sum": "753e52867cc43ec080fe22f365b49ed3",
    "settings": {
      "fd_thres": 0.2,
      "testing": false
    },
    "software": "mriqc",
    "version": "23.1.0"
  },
  "size_t": 200,
  "size_x": 64,
  "size_y": 64,
  "size_z": 43,
  "snr": 2.5582974970140007,
  "spacing_tr": 3.0,
  "spacing_x": 3.375,
  "spacing_y": 3.375000238418579,
  "spacing_z": 2.9999992847442627,
  "summary_bg_k": 18.354977207350267,
  "summary_bg_mad": 14.559153333270721,
  "summary_bg_mean": 60.403620828771636,
  "summary_bg_median": 18.729999542236328,
  "summary_bg_n": 138414.0,
  "summary_bg_p05": 7.744999885559082,
  "summary_bg_p95": 282.72998046875,
  "summary_bg_stdv": 104.59031015608318,
  "summary_fg_k": 1.8757538432358256,
  "summary_fg_mad": 255.98610447662873,
  "summary_fg_mean": 879.7960743901838,
  "summary_fg_median": 810.0574951171875,
  "summary_fg_n": 37714.0,
  "summary_fg_p05": 474.67999267578125,
  "summary_fg_p95": 1508.7049560546875,
  "summary_fg_stdv": 316.6350889650243,
  "tsnr": 50.756163771729916
}