{
  "aor": 0.0037393103448275854,
  "aqi": 0.0045507506896551725,
  "bids_meta": {
    "EchoTime": 0.0137,
    "RepetitionTime": 3.0,
    "SliceEncodingDirection": "k",
    "SliceTiming": [
      0.0,
      1.5,
      0.065,
      1.565,
      0.13,
      1.63,
      0.196,
      1.696,
      0.261,
      1.761,
      0.326,
      1.826,
      0.391,
      1.891,
      0.457,
      1.957,
      0.522,
      2.022,
      0.587,
      2.087,
      0.652,
      2.152,
      0.717,
      2.217,
      0.783,
      2.283,
      0.848,
      2.348,
      0.913,
      2.413,
      0.978,
      2.478,
      1.043,
      2.543,
      1.109,
      2.609,
      1.174,
      2.674,
      1.239,
      2.739,
      1.304,
      2.804,
      1.37,
      2.87,
      1.435,
      2.935
    ],
    "TaskName": "rest",
    "dataset": "ds003592",
    "modality": "bold",
    "session_id": "1",
    "subject_id": "107",
    "task_id": "rest"
  },
  "dummy_trs": 1,
  "dvars_nstd": 27.877051523712876,
  "dvars_std": 1.4043791011386138,
  "dvars_vstd": 1.000654352029703,
  "efc": 0.5418456422663835,
  "fber": 4365.97900390625,
  "fd_mean": 0.2085169631679854,
  "fd_num": 91,
  "fd_perc": 44.827586206896555,
  "fwhm_avg": 3.3184411111111114,
  "fwhm_x": 2.97509,
  "fwhm_y": 3.2996666666666665,
  "fwhm_z": 3.680566666666667,
  "gcor": 0.0187128,
  "gsr_x": -0.00045223970664665103,
  "gsr_y": 0.0670451819896698,
  "provenance": {
    "md5sum": "e95224f30e78a06670b027240517e7a3",
    "settings": {
      "fd_thres": 0.2,
      "testing": false
    },
    "software": "mriqc",
    "version": "23.1.0"
  },
  "size_t": 203,
  "size_x": 72,
  "size_y": 72,
  "size_z": 46,
  "snr": 2.864040664532956,
  "spacing_tr": 3.0,
  "spacing_x": 3.0,
  "spacing_y": 3.0,
  "spacing_z": 3.0,
  "summary_bg_k": 11.429791101617749,
  "summary_bg_mad": 97.6107277324578,
  "summary_bg_mean": 507.063469359759,
  "summary_bg_median": 67.54679489135742,
  "summary_bg_n": 181854.0,
  "summary_bg_p05": 0.6650246381759644,
  "summary_bg_p95": 2652.17236328125,
  "summary_bg_stdv": 1017.2956914301459,
  "summary_fg_k": 0.6753057367821298,
  "summary_fg_mad": 1429.5096032445442,
  "summary_fg_mean": 4639.041997803953,
  "summary_fg_median": 4463.19189453125,
  "summary_fg_n": 56610.0,
  "summary_fg_p05": 2399.1181640625,
  "summary_fg_p95": 7548.70947265625,
  "summary_fg_stdv": 1558.3411678128168,
  "tsnr": 65.06080414401367
}