{
  "aor": 0.0010776000000000002,
  "aqi": 0.0013938496699999999,
  "bids_meta": {
    "EchoTime": 0.014,
    "RepetitionTime": 3,
    "SliceEncodingDirection": "k",
    "SliceTiming": [
      0,
      1.5425,
      0.07,
      1.6125,
      0.14,
      1.6825,
      0.21,
      1.7525,
      0.28,
      1.8225,
      0.35,
      1.8925,
      0.42,
      1.9625,
      0.49,
      2.0325,
      0.56,
      2.1025,
      0.63,
      2.1725,
      0.7,
      2.2425,
      0.77,
      2.3125,
      0.84,
      2.3825,
      0.91,
      2.4525,
      0.98,
      2.5225,
      1.05,
      2.5925,
      1.12,
      2.6625,
      1.19,
      2.7325,
      1.26,
      2.8025,
      1.33,
      2.8725,
      1.4,
      2.9425,
      1.47
    ],
    "TaskName": "rest",
    "dataset": "ds003592",
    "modality": "bold",
    "session_id": "1",
    "subject_id": "239",
    "task_id": "rest"
  },
  "dummy_trs": 0,
  "dvars_nstd": 16.128681849296484,
  "dvars_std": 1.1809571709547741,
  "dvars_vstd": 0.9954685713567842,
  "efc": 0.49610337314863073,
  "fber": 2441.881103515625,
  "fd_mean": 0.06169756954343269,
  "fd_num": 6,
  "fd_perc": 3.0,
  "fwhm_avg": 3.4660536743019694,
  "fwhm_x": 3.3096296296296295,
  "fwhm_y": 3.389896296296296,
  "fwhm_z": 3.698635096979982,
  "gcor": 0.0405207,
  "gsr_x": -0.024755680933594704,
  "gsr_y": 0.05864235758781433,
  "provenance": {
    "md5sum": "751f48f5f43b84aeeef020d2e21c7116",
    "settings": {
      "fd_thres": 0.2,
      "testing": false
    },
    "software": "mriqc",
    "version": "23.1.0"
  },
  "size_t": 200,
  "size_x": 64,
  "size_y": 64,
  "size_z": 43,
  "snr": 2.2011427382026216,
  "spacing_tr": 3.0,
  "spacing_x": 3.375,
  "spacing_y": 3.375,
  "spacing_z": 2.9999985694885254,
  "summary_bg_k": 16.498649728952373,
  "summary_bg_mad": 13.49909252081207,
  "summary_bg_mean": 72.81907462008473,
  "summary_bg_median": 18.614999771118164,
  "summary_bg_n": 136898.0,
  "summary_bg_p05": 8.545000076293945,
  "summary_bg_p95": 364.25,
  "summary_bg_stdv": 135.65597927292498,
  "summary_fg_k": 3.2563355774825986,
  "summary_fg_mad": 319.2561360531837,
  "summary_fg_mean": 1017.545261770458,
  "summary_fg_median": 919.8674926757812,
  "summary_fg_n": 39230.0,
  "summary_fg_p05": 547.2849731445312,
  "summary_fg_p95": 1873.4249267578125,
  "summary_fg_stdv": 417.8991905454208,
  "tsnr": 98.54156904760748
}