{
  "bids_meta": {
    "EchoTime": 0.00252,
    "FlipAngle": 9,
    "RepetitionTime": 1.9,
    "dataset": "ds003592",
    "modality": "T1w",
    "session_id": "1",
    "subject_id": "245"
  },
  "cjv": 0.5879331502375156,
  "cnr": 1.716430481812446,
  "efc": 0.47182970461889456,
  "fber": -1.0,
  "fwhm_avg": 4.153313333333333,
  "fwhm_x": 4.14267,
  "fwhm_y": 4.14359,
  "fwhm_z": 4.17368,
  "icvs_csf": 0.2597802163754912,
  "icvs_gm": 0.3871002686034564,
  "icvs_wm": 0.35311951502105227,
  "inu_med": 0.34359920024871826,
  "inu_range": 0.08796328902244566,
  "provenance": {
    "md5sum": "a62f8974af0f54f2bf24f401bf477163",
    "settings": {
      "testing": false
    },
    "software": "mriqc",
    "version": "23.1.0",
    "warnings": {
      "large_rot_frame": true,
      "small_air_mask": false
    }
  },
  "qi_1": 0.0,
  "qi_2": 0.0022650181344702324,
  "rpve_csf": 9.996151810684832,
  "rpve_gm": 9.904920961161402,
  "rpve_wm": 9.993565270305712,
  "size_x": 192,
  "size_y": 256,
  "size_z": 256,
  "snr_csf": 2.4993455262774527,
  "snr_gm": 7.32864001348856,
  "snr_total": 7.659360295694266,
  "snr_wm": 13.150095347316785,
  "snrd_csf": 79.82238658500243,
  "snrd_gm": 121.40550491612979,
  "snrd_total": 119.2190591202553,
  "snrd_wm": 156.42928585963372,
  "spacing_x": 1.0,
  "spacing_y": 1.0,
  "spacing_z": 1.0,
  "summary_bg_k": 145.3454626093263,
  "summary_bg_mad": 0.0,
  "summary_bg_mean": 1.206096195686944,
  "summary_bg_median": 0.0,
  "summary_bg_n": 4660009.0,
  "summary_bg_p05": 0.0,
  "summary_bg_p95": 6.81255578994751,
  "summary_bg_stdv": 4.043005021309933,
  "summary_csf_k": 0.2543878633733332,
  "summary_csf_mad": 132.18487527926706,
  "summary_csf_mean": 493.22406697974884,
  "summary_csf_median": 492.60323464870453,
  "summary_csf_n": 323710.0495546709,
  "summary_csf_p05": 138.5087651014328,
  "summary_csf_p95": 796.5145170688629,
  "summary_csf_stdv": 197.09258627826313,
  "summary_gm_k": -0.516227137719746,
  "summary_gm_mad": 71.99407245330138,
  "summary_gm_mean": 751.7232175861833,
  "summary_gm_median": 749.2227053642273,
  "summary_gm_n": 482362.54815928097,
  "summary_gm_p05": 582.4339121580124,
  "summary_gm_p95": 941.3605433702469,
  "summary_gm_stdv": 102.232054974325,
  "summary_wm_k": -0.4777365855597351,
  "summary_wm_mad": 55.08192492756663,
  "summary_wm_mean": 946.5953832950943,
  "summary_wm_median": 965.362920165062,
  "summary_wm_n": 440019.40294392075,
  "summary_wm_p05": 800.3168737888336,
  "summary_wm_p95": 1037.8849530220032,
  "summary_wm_stdv": 73.41101320656743,
  "tpm_overlap_csf": 0.2215202332570964,
  "tpm_overlap_gm": 0.5356006799750933,
  "tpm_overlap_wm": 0.5585198209401966,
  "wm2max": 0.47256893235513264
}