{
  "bids_meta": {
    "EchoTime": 0.0034,
    "FlipAngle": 7,
    "RepetitionTime": 2.53,
    "dataset": "ds003592",
    "modality": "T1w",
    "session_id": "1",
    "subject_id": "75"
  },
  "cjv": 0.6776976219939972,
  "cnr": 1.4092892835629738,
  "efc": 0.6173273384749307,
  "fber": -1.0,
  "fwhm_avg": 4.113533333333333,
  "fwhm_x": 4.2444,
  "fwhm_y": 4.18684,
  "fwhm_z": 3.90936,
  "icvs_csf": 0.2500338233459911,
  "icvs_gm": 0.3824902364557458,
  "icvs_wm": 0.3674759401982632,
  "inu_med": 0.8881373405456543,
  "inu_range": 0.7268785178661346,
  "provenance": {
    "md5sum": "9d5248b86e5105f605997b5aee11575c",
    "settings": {
      "testing": false
    },
    "software": "mriqc",
    "version": "23.1.0",
    "warnings": {
      "large_rot_frame": true,
      "small_air_mask": false
    }
  },
  "qi_1": 0.0,
  "qi_2": 0.00220455923672224,
  "rpve_csf": 6.393490660884334,
  "rpve_gm": 6.277786150560171,
  "rpve_wm": 6.382534270074402,
  "size_x": 176,
  "size_y": 256,
  "size_z": 256,
  "snr_csf": 2.1498363813930736,
  "snr_gm": 5.090131791473303,
  "snr_total": 5.640790233684794,
  "snr_wm": 9.682402528188005,
  "snrd_csf": 15.5844804693712,
  "snrd_gm": 24.359724787525288,
  "snrd_total": 24.20233368427331,
  "snrd_wm": 32.662795795923444,
  "spacing_x": 1.0,
  "spacing_y": 1.0,
  "spacing_z": 1.0,
  "summary_bg_k": 3996.1437436446595,
  "summary_bg_mad": 0.0,
  "summary_bg_mean": 3.663434781522883,
  "summary_bg_median": 0.0,
  "summary_bg_n": 2394375.0,
  "summary_bg_p05": 0.0,
  "summary_bg_p95": 16.890016324818134,
  "summary_bg_stdv": 18.813815114851497,
  "summary_csf_k": -0.44486182430302135,
  "summary_csf_mad": 151.3639139905184,
  "summary_csf_mean": 450.11914437912776,
  "summary_csf_median": 447.54578468203545,
  "summary_csf_n": 442660.63108579814,
  "summary_csf_p05": 130.9570984058082,
  "summary_csf_p95": 778.8042034469545,
  "summary_csf_stdv": 208.17643753605117,
  "summary_gm_k": -0.5112384271018384,
  "summary_gm_mad": 90.34809157414632,
  "summary_gm_mean": 707.1666997935251,
  "summary_gm_median": 699.5480000823736,
  "summary_gm_n": 677161.8622947849,
  "summary_gm_p05": 488.77962735295296,
  "summary_gm_p95": 955.4357121959329,
  "summary_gm_stdv": 137.43209649790208,
  "summary_wm_k": 0.17027951365397165,
  "summary_wm_mad": 71.24390825495468,
  "summary_wm_mean": 923.5755543993347,
  "summary_wm_median": 937.9906249120831,
  "summary_wm_n": 650580.5071496872,
  "summary_wm_p05": 741.099026158452,
  "summary_wm_p95": 1061.8903925530612,
  "summary_wm_stdv": 96.87573939356872,
  "tpm_overlap_csf": 0.238544252767141,
  "tpm_overlap_gm": 0.5355895443822659,
  "tpm_overlap_wm": 0.5498112657119096,
  "wm2max": 0.47073102789605636
}