{
  "bids_meta": {
    "EchoTime": 0.0034,
    "FlipAngle": 7,
    "RepetitionTime": 2.53,
    "dataset": "ds003592",
    "modality": "T1w",
    "session_id": "1",
    "subject_id": "200"
  },
  "cjv": 0.7046030345373157,
  "cnr": 1.218540580281906,
  "efc": 0.5930304846535015,
  "fber": -1.0,
  "fwhm_avg": 4.155946666666666,
  "fwhm_x": 4.15029,
  "fwhm_y": 4.20074,
  "fwhm_z": 4.11681,
  "icvs_csf": 0.2705626769972278,
  "icvs_gm": 0.36351412963596713,
  "icvs_wm": 0.36592319336680507,
  "inu_med": 0.8468939065933228,
  "inu_range": 0.659128260612488,
  "provenance": {
    "md5sum": "7d095efa8fe494918f8904dbed2bdf58",
    "settings": {
      "testing": false
    },
    "software": "mriqc",
    "version": "23.1.0",
    "warnings": {
      "large_rot_frame": true,
      "small_air_mask": false
    }
  },
  "qi_1": 0.0,
  "qi_2": 0.001691214600952018,
  "rpve_csf": 7.3575018711817615,
  "rpve_gm": 7.218061935403484,
  "rpve_wm": 7.292730268293901,
  "size_x": 176,
  "size_y": 256,
  "size_z": 256,
  "snr_csf": 1.5955133944047082,
  "snr_gm": 4.426981880548842,
  "snr_total": 5.169740089471582,
  "snr_wm": 9.486724993461197,
  "snrd_csf": 31.510439046876844,
  "snrd_gm": 76.5069158291747,
  "snrd_total": 69.76318000039373,
  "snrd_wm": 101.27218512512964,
  "spacing_x": 1.0,
  "spacing_y": 1.0,
  "spacing_z": 1.0,
  "summary_bg_k": 1745.1315132279233,
  "summary_bg_mad": 0.0,
  "summary_bg_mean": 1.9254551287426325,
  "summary_bg_median": 0.0,
  "summary_bg_n": 2856181.0,
  "summary_bg_p05": 0.0,
  "summary_bg_p95": 12.798354391008615,
  "summary_bg_stdv": 6.267273497377052,
  "summary_csf_k": -0.630012271817495,
  "summary_csf_mad": 160.21866552606215,
  "summary_csf_mean": 343.8366727312113,
  "summary_csf_median": 301.4403405599296,
  "summary_csf_n": 419652.18162706186,
  "summary_csf_p05": 102.42798739299178,
  "summary_csf_p95": 702.7572280876338,
  "summary_csf_stdv": 188.92977173482487,
  "summary_gm_k": 0.363290276760575,
  "summary_gm_mad": 87.24778815775662,
  "summary_gm_mean": 736.7513087151689,
  "summary_gm_median": 731.8930316530168,
  "summary_gm_n": 563823.1379398985,
  "summary_gm_p05": 456.00824761018157,
  "summary_gm_p95": 1020.0000383779407,
  "summary_gm_stdv": 165.32536214426983,
  "summary_wm_k": -0.2556461848029272,
  "summary_wm_mad": 79.68224568813297,
  "summary_wm_mean": 947.6407205314378,
  "summary_wm_median": 968.8066208139062,
  "summary_wm_n": 567559.6801028633,
  "summary_wm_p05": 754.7325386852026,
  "summary_wm_p95": 1087.078230202198,
  "summary_wm_stdv": 102.12225694293103,
  "tpm_overlap_csf": 0.18634449690852956,
  "tpm_overlap_gm": 0.5096692157412231,
  "tpm_overlap_wm": 0.5352427125462128,
  "wm2max": 0.5015784049425199
}