{
  "bids_meta": {
    "EchoTime": 0.0034,
    "FlipAngle": 7,
    "RepetitionTime": 2.53,
    "dataset": "ds003592",
    "modality": "T1w",
    "session_id": "1",
    "subject_id": "167"
  },
  "cjv": 0.5595542671722742,
  "cnr": 1.7445254865457993,
  "efc": 0.5747727573278294,
  "fber": -1.0,
  "fwhm_avg": 3.9149100000000003,
  "fwhm_x": 3.98101,
  "fwhm_y": 4.00823,
  "fwhm_z": 3.75549,
  "icvs_csf": 0.261760304792072,
  "icvs_gm": 0.38821487491076423,
  "icvs_wm": 0.3500248202971637,
  "inu_med": 0.77265465259552,
  "inu_range": 0.5004456341266632,
  "provenance": {
    "md5sum": "fd1c5e0c17a67c4642e04f0f10d8858a",
    "settings": {
      "testing": false
    },
    "software": "mriqc",
    "version": "23.1.0",
    "warnings": {
      "large_rot_frame": true,
      "small_air_mask": false
    }
  },
  "qi_1": 0.0,
  "qi_2": 0.002181634100113114,
  "rpve_csf": 8.023065241308931,
  "rpve_gm": 7.927199256957983,
  "rpve_wm": 8.015898424586767,
  "size_x": 176,
  "size_y": 256,
  "size_z": 256,
  "snr_csf": 1.6720985970512097,
  "snr_gm": 5.5000343794564746,
  "snr_total": 5.4750089092050365,
  "snr_wm": 9.252893751107424,
  "snrd_csf": 40.050375474176,
  "snrd_gm": 74.65006159179192,
  "snrd_total": 73.43617550613185,
  "snrd_wm": 105.60808945242758,
  "spacing_x": 1.0,
  "spacing_y": 1.0,
  "spacing_z": 1.0,
  "summary_bg_k": 13.82310512107803,
  "summary_bg_mad": 0.0,
  "summary_bg_mean": 2.454782618040294,
  "summary_bg_median": 0.0,
  "summary_bg_n": 3006580.0,
  "summary_bg_p05": 0.0,
  "summary_bg_p95": 15.52495077997446,
  "summary_bg_stdv": 5.959146071519689,
  "summary_csf_k": -0.35509077001531564,
  "summary_csf_mad": 174.69832577765868,
  "summary_csf_mean": 374.586935227972,
  "summary_csf_median": 364.29976668953896,
  "summary_csf_n": 371732.6147236605,
  "summary_csf_p05": 47.469146739691496,
  "summary_csf_p95": 724.3784638121724,
  "summary_csf_stdv": 217.8694948546898,
  "summary_gm_k": -0.49690073836174653,
  "summary_gm_mad": 86.44756254328587,
  "summary_gm_mean": 684.9025305062759,
  "summary_gm_median": 679.0198518559337,
  "summary_gm_n": 551314.0376262581,
  "summary_gm_p05": 488.24897049739957,
  "summary_gm_p95": 919.5135018415749,
  "summary_gm_stdv": 123.45727120768889,
  "summary_wm_k": 0.131919014033969,
  "summary_wm_mad": 71.12035666904684,
  "summary_wm_mean": 932.3075383753104,
  "summary_wm_median": 960.6152724549174,
  "summary_wm_n": 497079.34811048134,
  "summary_wm_p05": 722.876049220562,
  "summary_wm_p95": 1059.9177226051688,
  "summary_wm_stdv": 103.81771714172916,
  "tpm_overlap_csf": 0.19899235090552728,
  "tpm_overlap_gm": 0.5391519851793443,
  "tpm_overlap_wm": 0.5449003801765002,
  "wm2max": 0.5167709034927355
}