{
  "aor": 0.00144,
  "aqi": 0.003524925148514852,
  "bids_meta": {
    "EchoTime": 0.0137,
    "RepetitionTime": 3.0,
    "SliceEncodingDirection": "k",
    "SliceTiming": [
      0.0,
      1.5,
      0.065,
      1.565,
      0.13,
      1.63,
      0.196,
      1.696,
      0.261,
      1.761,
      0.326,
      1.826,
      0.391,
      1.891,
      0.457,
      1.957,
      0.522,
      2.022,
      0.587,
      2.087,
      0.652,
      2.152,
      0.717,
      2.217,
      0.783,
      2.283,
      0.848,
      2.348,
      0.913,
      2.413,
      0.978,
      2.478,
      1.043,
      2.543,
      1.109,
      2.609,
      1.174,
      2.674,
      1.239,
      2.739,
      1.304,
      2.804,
      1.37,
      2.87,
      1.435,
      2.935
    ],
    "TaskName": "rest",
    "dataset": "ds003592",
    "modality": "bold",
    "session_id": "2",
    "subject_id": "07",
    "task_id": "rest"
  },
  "dummy_trs": 2,
  "dvars_nstd": 11.763989865870647,
  "dvars_std": 1.0408454652238803,
  "dvars_vstd": 0.9555924022388054,
  "efc": 0.47365186328190956,
  "fber": 18029.861328125,
  "fd_mean": 0.07349785247250071,
  "fd_num": 10,
  "fd_perc": 4.9504950495049505,
  "fwhm_avg": 3.5117111111111114,
  "fwhm_x": 3.3503333333333334,
  "fwhm_y": 3.361,
  "fwhm_z": 3.8238,
  "gcor": 0.00871023,
  "gsr_x": -0.02796054445207119,
  "gsr_y": 0.053791798651218414,
  "provenance": {
    "md5sum": "6e50c74312231a28778f273894e1a12b",
    "settings": {
      "fd_thres": 0.2,
      "testing": false
    },
    "software": "mriqc",
    "version": "23.1.0"
  },
  "size_t": 202,
  "size_x": 72,
  "size_y": 72,
  "size_z": 46,
  "snr": 2.995425519128662,
  "spacing_tr": 3.0,
  "spacing_x": 3.0,
  "spacing_y": 3.0,
  "spacing_z": 3.0,
  "summary_bg_k": 13.325983456183554,
  "summary_bg_mad": 49.02862611023537,
  "summary_bg_mean": 310.8357540219971,
  "summary_bg_median": 34.12871170043945,
  "summary_bg_n": 192639.0,
  "summary_bg_p05": 0.5396039485931396,
  "summary_bg_p95": 1640.232666015625,
  "summary_bg_stdv": 619.9459495743395,
  "summary_fg_k": 2.2540097827277776,
  "summary_fg_mad": 1174.2064785191467,
  "summary_fg_mean": 4883.052614219986,
  "summary_fg_median": 4582.6435546875,
  "summary_fg_n": 45825.0,
  "summary_fg_p05": 2889.32666015625,
  "summary_fg_p95": 7914.82666015625,
  "summary_fg_stdv": 1529.8639620929066,
  "tsnr": 82.30969333648682
}