{
  "aor": 0.001131576354679803,
  "aqi": 0.004338846305418719,
  "bids_meta": {
    "EchoTime": 0.03,
    "RepetitionTime": 3.0,
    "SliceEncodingDirection": "k",
    "SliceTiming": [
      0.0,
      1.5,
      0.065,
      1.565,
      0.13,
      1.63,
      0.196,
      1.696,
      0.261,
      1.761,
      0.326,
      1.826,
      0.391,
      1.891,
      0.457,
      1.957,
      0.522,
      2.022,
      0.587,
      2.087,
      0.652,
      2.152,
      0.717,
      2.217,
      0.783,
      2.283,
      0.848,
      2.348,
      0.913,
      2.413,
      0.978,
      2.478,
      1.043,
      2.543,
      1.109,
      2.609,
      1.174,
      2.674,
      1.239,
      2.739,
      1.304,
      2.804,
      1.37,
      2.87,
      1.435,
      2.935
    ],
    "TaskName": "rest",
    "dataset": "ds003592",
    "modality": "bold",
    "session_id": "2",
    "subject_id": "193",
    "task_id": "rest"
  },
  "dummy_trs": 1,
  "dvars_nstd": 27.2095832638614,
  "dvars_std": 1.1446048693069313,
  "dvars_vstd": 0.9738212707425747,
  "efc": 0.48745258913579875,
  "fber": 10042.2470703125,
  "fd_mean": 0.1733568150377346,
  "fd_num": 65,
  "fd_perc": 32.01970443349754,
  "fwhm_avg": 3.06829427591493,
  "fwhm_x": 2.843106666666667,
  "fwhm_y": 3.127899751416862,
  "fwhm_z": 3.2338764096612604,
  "gcor": 0.0386623,
  "gsr_x": -0.0037018086295574903,
  "gsr_y": 0.02386433072388172,
  "provenance": {
    "md5sum": "33c7ea748ff988effdd9e8c2b6dcb7c7",
    "settings": {
      "fd_thres": 0.2,
      "testing": false
    },
    "software": "mriqc",
    "version": "23.1.0"
  },
  "size_t": 203,
  "size_x": 72,
  "size_y": 72,
  "size_z": 46,
  "snr": 2.9738338783361513,
  "spacing_tr": 3.0,
  "spacing_x": 3.0,
  "spacing_y": 3.000000238418579,
  "spacing_z": 3.000000238418579,
  "summary_bg_k": 26.92856093074099,
  "summary_bg_mad": 49.134019504745766,
  "summary_bg_mean": 177.7078245866667,
  "summary_bg_median": 35.07635307312012,
  "summary_bg_n": 182100.0,
  "summary_bg_p05": 1.0443350076675415,
  "summary_bg_p95": 926.7068786621094,
  "summary_bg_stdv": 376.27425126084563,
  "summary_fg_k": 0.5564735786313455,
  "summary_fg_mad": 1079.4330501073669,
  "summary_fg_mean": 3686.12149077387,
  "summary_fg_median": 3515.036865234375,
  "summary_fg_n": 56364.0,
  "summary_fg_p05": 1996.699462890625,
  "summary_fg_p95": 5881.83251953125,
  "summary_fg_stdv": 1181.9778196505147,
  "tsnr": 53.45270939916372
}