{
  "aor": 0.001307783251231527,
  "aqi": 0.008315505320197043,
  "bids_meta": {
    "EchoTime": 0.03,
    "RepetitionTime": 3.0,
    "SliceEncodingDirection": "k",
    "SliceTiming": [
      0.0,
      1.5,
      0.065,
      1.565,
      0.13,
      1.63,
      0.196,
      1.696,
      0.261,
      1.761,
      0.326,
      1.826,
      0.391,
      1.891,
      0.457,
      1.957,
      0.522,
      2.022,
      0.587,
      2.087,
      0.652,
      2.152,
      0.717,
      2.217,
      0.783,
      2.283,
      0.848,
      2.348,
      0.913,
      2.413,
      0.978,
      2.478,
      1.043,
      2.543,
      1.109,
      2.609,
      1.174,
      2.674,
      1.239,
      2.739,
      1.304,
      2.804,
      1.37,
      2.87,
      1.435,
      2.935
    ],
    "TaskName": "rest",
    "dataset": "ds003592",
    "modality": "bold",
    "session_id": "1",
    "subject_id": "123",
    "task_id": "rest"
  },
  "dummy_trs": 1,
  "dvars_nstd": 26.020597202821765,
  "dvars_std": 1.0597766761881193,
  "dvars_vstd": 0.9352296836138613,
  "efc": 0.492851698708782,
  "fber": 6658.9169921875,
  "fd_mean": 0.19128358879001395,
  "fd_num": 66,
  "fd_perc": 32.51231527093596,
  "fwhm_avg": 2.9670822222222224,
  "fwhm_x": 2.78238,
  "fwhm_y": 3.0793166666666667,
  "fwhm_z": 3.03955,
  "gcor": 0.0267277,
  "gsr_x": 0.01927003264427185,
  "gsr_y": 0.030296552926301956,
  "provenance": {
    "md5sum": "6715cc0a29688923f5c0fce6b8320e27",
    "settings": {
      "fd_thres": 0.2,
      "testing": false
    },
    "software": "mriqc",
    "version": "23.1.0"
  },
  "size_t": 203,
  "size_x": 72,
  "size_y": 72,
  "size_z": 46,
  "snr": 3.038320529720285,
  "spacing_tr": 3.0,
  "spacing_x": 3.0,
  "spacing_y": 3.0,
  "spacing_z": 3.0,
  "summary_bg_k": 25.595343885162578,
  "summary_bg_mad": 56.35349292111143,
  "summary_bg_mean": 189.2017955390197,
  "summary_bg_median": 40.00985336303711,
  "summary_bg_n": 183411.0,
  "summary_bg_p05": 0.9211822748184204,
  "summary_bg_p95": 980.472900390625,
  "summary_bg_stdv": 395.8825174073062,
  "summary_fg_k": 0.5084904289597105,
  "summary_fg_mad": 973.2150618946326,
  "summary_fg_mean": 3422.523259437258,
  "summary_fg_median": 3264.8916015625,
  "summary_fg_n": 55053.0,
  "summary_fg_p05": 1900.83251953125,
  "summary_fg_p95": 5435.123046875,
  "summary_fg_stdv": 1074.5613957555918,
  "tsnr": 49.42663485975936
}