{
  "aor": 0.0015853500000000001,
  "aqi": 0.00463397245,
  "bids_meta": {
    "EchoTime": 0.014,
    "RepetitionTime": 3,
    "SliceEncodingDirection": "k",
    "SliceTiming": [
      0,
      1.5425,
      0.07,
      1.6125,
      0.14,
      1.6825,
      0.21,
      1.7525,
      0.28,
      1.8225,
      0.35,
      1.8925,
      0.42,
      1.9625,
      0.49,
      2.0325,
      0.56,
      2.1025,
      0.63,
      2.1725,
      0.7,
      2.2425,
      0.77,
      2.3125,
      0.84,
      2.3825,
      0.91,
      2.4525,
      0.98,
      2.5225,
      1.05,
      2.5925,
      1.12,
      2.6625,
      1.19,
      2.7325,
      1.26,
      2.8025,
      1.33,
      2.8725,
      1.4,
      2.9425,
      1.47
    ],
    "TaskName": "rest",
    "dataset": "ds003592",
    "modality": "bold",
    "session_id": "2",
    "subject_id": "257",
    "task_id": "rest"
  },
  "dummy_trs": 0,
  "dvars_nstd": 31.794543961155775,
  "dvars_std": 1.3518311830150744,
  "dvars_vstd": 1.0046549067336683,
  "efc": 0.564462418115013,
  "fber": 825.729736328125,
  "fd_mean": 0.08963985286484774,
  "fd_num": 15,
  "fd_perc": 7.5,
  "fwhm_avg": 2.717896623424745,
  "fwhm_x": 2.05128,
  "fwhm_y": 2.956077037037037,
  "fwhm_z": 3.1463328332371976,
  "gcor": 0.0246416,
  "gsr_x": -0.03805326297879219,
  "gsr_y": 0.11821553856134415,
  "provenance": {
    "md5sum": "c07e538379a2fceb065d39eb9a1f88cb",
    "settings": {
      "fd_thres": 0.2,
      "testing": false
    },
    "software": "mriqc",
    "version": "23.1.0"
  },
  "size_t": 200,
  "size_x": 64,
  "size_y": 64,
  "size_z": 43,
  "snr": 2.4024270871591282,
  "spacing_tr": 3.0,
  "spacing_x": 3.375,
  "spacing_y": 3.375,
  "spacing_z": 3.000000476837158,
  "summary_bg_k": 10.048870574076474,
  "summary_bg_mad": 22.498487534686785,
  "summary_bg_mean": 92.35448254589247,
  "summary_bg_median": 26.314998626708984,
  "summary_bg_n": 130805.0,
  "summary_bg_p05": 9.434999465942383,
  "summary_bg_p95": 447.6349792480469,
  "summary_bg_stdv": 156.87568999634559,
  "summary_fg_k": 3.1296132140165858,
  "summary_fg_mad": 251.6791468416871,
  "summary_fg_mean": 813.0020623978166,
  "summary_fg_median": 756.1749877929688,
  "summary_fg_n": 45323.0,
  "summary_fg_p05": 416.78997802734375,
  "summary_fg_p95": 1401.824951171875,
  "summary_fg_stdv": 314.75113218703933,
  "tsnr": 64.17551410384476
}