{
  "aor": 0.0012470443349753694,
  "aqi": 0.003923044581280789,
  "bids_meta": {
    "EchoTime": 0.03,
    "RepetitionTime": 3.0,
    "SliceEncodingDirection": "k",
    "SliceTiming": [
      0.0,
      1.5,
      0.065,
      1.565,
      0.13,
      1.63,
      0.196,
      1.696,
      0.261,
      1.761,
      0.326,
      1.826,
      0.391,
      1.891,
      0.457,
      1.957,
      0.522,
      2.022,
      0.587,
      2.087,
      0.652,
      2.152,
      0.717,
      2.217,
      0.783,
      2.283,
      0.848,
      2.348,
      0.913,
      2.413,
      0.978,
      2.478,
      1.043,
      2.543,
      1.109,
      2.609,
      1.174,
      2.674,
      1.239,
      2.739,
      1.304,
      2.804,
      1.37,
      2.87,
      1.435,
      2.935
    ],
    "TaskName": "rest",
    "dataset": "ds003592",
    "modality": "bold",
    "session_id": "2",
    "subject_id": "205",
    "task_id": "rest"
  },
  "dummy_trs": 1,
  "dvars_nstd": 17.978094266039598,
  "dvars_std": 1.110187190742574,
  "dvars_vstd": 0.9667591408415841,
  "efc": 0.4636268317067129,
  "fber": 13292.62109375,
  "fd_mean": 0.08583383633670447,
  "fd_num": 15,
  "fd_perc": 7.389162561576355,
  "fwhm_avg": 2.8084522222222223,
  "fwhm_x": 2.75619,
  "fwhm_y": 2.8922233333333334,
  "fwhm_z": 2.7769433333333335,
  "gcor": 0.0226152,
  "gsr_x": 0.007248803041875362,
  "gsr_y": 0.021384187042713165,
  "provenance": {
    "md5sum": "0d32c9d6daaa1045a4ffcca47ed65f90",
    "settings": {
      "fd_thres": 0.2,
      "testing": false
    },
    "software": "mriqc",
    "version": "23.1.0"
  },
  "size_t": 203,
  "size_x": 72,
  "size_y": 72,
  "size_z": 46,
  "snr": 3.1232440603489287,
  "spacing_tr": 3.0,
  "spacing_x": 3.0,
  "spacing_y": 3.0,
  "spacing_z": 3.0,
  "summary_bg_k": 22.215671439933107,
  "summary_bg_mad": 41.80499842117678,
  "summary_bg_mean": 173.11933820280902,
  "summary_bg_median": 30.315269470214844,
  "summary_bg_n": 189311.0,
  "summary_bg_p05": 0.9064038991928101,
  "summary_bg_p95": 947.0048828125,
  "summary_bg_stdv": 368.79714351724243,
  "summary_fg_k": 0.6790504331555991,
  "summary_fg_mad": 995.8196782387915,
  "summary_fg_mean": 3646.9778979332127,
  "summary_fg_median": 3495.157470703125,
  "summary_fg_n": 49153.0,
  "summary_fg_p05": 2016.28564453125,
  "summary_fg_p95": 5760.17724609375,
  "summary_fg_stdv": 1119.0678183102893,
  "tsnr": 61.90056176483631
}