{
  "aor": 0.0013677611940298507,
  "aqi": 0.0029680129850746264,
  "bids_meta": {
    "EchoTime": 0.0137,
    "RepetitionTime": 3.0,
    "SliceEncodingDirection": "k",
    "SliceTiming": [
      0.0,
      1.5,
      0.065,
      1.565,
      0.13,
      1.63,
      0.196,
      1.696,
      0.261,
      1.761,
      0.326,
      1.826,
      0.391,
      1.891,
      0.457,
      1.957,
      0.522,
      2.022,
      0.587,
      2.087,
      0.652,
      2.152,
      0.717,
      2.217,
      0.783,
      2.283,
      0.848,
      2.348,
      0.913,
      2.413,
      0.978,
      2.478,
      1.043,
      2.543,
      1.109,
      2.609,
      1.174,
      2.674,
      1.239,
      2.739,
      1.304,
      2.804,
      1.37,
      2.87,
      1.435,
      2.935
    ],
    "TaskName": "rest",
    "dataset": "ds003592",
    "modality": "bold",
    "session_id": "2",
    "subject_id": "110",
    "task_id": "rest"
  },
  "dummy_trs": 3,
  "dvars_nstd": 21.757154403100003,
  "dvars_std": 1.2128046696999992,
  "dvars_vstd": 0.9494573161999996,
  "efc": 0.53138037547869,
  "fber": 7044.556640625,
  "fd_mean": 0.15552993225506384,
  "fd_num": 27,
  "fd_perc": 13.432835820895523,
  "fwhm_avg": 3.375363333333333,
  "fwhm_x": 2.8865499999999997,
  "fwhm_y": 3.3152066666666666,
  "fwhm_z": 3.9243333333333332,
  "gcor": 0.00690197,
  "gsr_x": 0.01618949882686138,
  "gsr_y": 0.048495274037122726,
  "provenance": {
    "md5sum": "edb06f94e90ae87ac4dac0cea24a7dcb",
    "settings": {
      "fd_thres": 0.2,
      "testing": false
    },
    "software": "mriqc",
    "version": "23.1.0"
  },
  "size_t": 201,
  "size_x": 72,
  "size_y": 72,
  "size_z": 46,
  "snr": 2.795487112190543,
  "spacing_tr": 3.0,
  "spacing_x": 3.0,
  "spacing_y": 3.0,
  "spacing_z": 3.0,
  "summary_bg_k": 12.5487801701141,
  "summary_bg_mad": 76.85559094008562,
  "summary_bg_mean": 385.7915022883953,
  "summary_bg_median": 53.22636795043945,
  "summary_bg_n": 178116.0,
  "summary_bg_p05": 0.7661691308021545,
  "summary_bg_p95": 2020.0347900390625,
  "summary_bg_stdv": 778.9784988266251,
  "summary_fg_k": 0.5450782494208317,
  "summary_fg_mad": 1431.0723803632936,
  "summary_fg_mean": 4721.30209129863,
  "summary_fg_median": 4467.387939453125,
  "summary_fg_n": 60348.0,
  "summary_fg_p05": 2503.338134765625,
  "summary_fg_p95": 7785.71630859375,
  "summary_fg_stdv": 1598.0581367248587,
  "tsnr": 77.05216502770782
}