{
  "aor": 0.0014945812807881772,
  "aqi": 0.006444517586206895,
  "bids_meta": {
    "EchoTime": 0.047,
    "RepetitionTime": 3.0,
    "SliceEncodingDirection": "k",
    "SliceTiming": [
      0.0,
      1.5,
      0.065,
      1.565,
      0.13,
      1.63,
      0.196,
      1.696,
      0.261,
      1.761,
      0.326,
      1.826,
      0.391,
      1.891,
      0.457,
      1.957,
      0.522,
      2.022,
      0.587,
      2.087,
      0.652,
      2.152,
      0.717,
      2.217,
      0.783,
      2.283,
      0.848,
      2.348,
      0.913,
      2.413,
      0.978,
      2.478,
      1.043,
      2.543,
      1.109,
      2.609,
      1.174,
      2.674,
      1.239,
      2.739,
      1.304,
      2.804,
      1.37,
      2.87,
      1.435,
      2.935
    ],
    "TaskName": "rest",
    "dataset": "ds003592",
    "modality": "bold",
    "session_id": "2",
    "subject_id": "110",
    "task_id": "rest"
  },
  "dummy_trs": 1,
  "dvars_nstd": 31.820049399207907,
  "dvars_std": 1.1012784017821782,
  "dvars_vstd": 0.9508179277722774,
  "efc": 0.44380021730124847,
  "fber": 8506.1669921875,
  "fd_mean": 0.15806902277369517,
  "fd_num": 31,
  "fd_perc": 15.270935960591133,
  "fwhm_avg": 2.603912222222222,
  "fwhm_x": 2.61604,
  "fwhm_y": 2.60697,
  "fwhm_z": 2.5887266666666666,
  "gcor": 0.0103043,
  "gsr_x": 0.002435691887512803,
  "gsr_y": 0.01134291011840105,
  "provenance": {
    "md5sum": "f2bec669fc2459e1fb6de5489ae76232",
    "settings": {
      "fd_thres": 0.2,
      "testing": false
    },
    "software": "mriqc",
    "version": "23.1.0"
  },
  "size_t": 203,
  "size_x": 72,
  "size_y": 72,
  "size_z": 46,
  "snr": 2.7758262530993667,
  "spacing_tr": 3.0,
  "spacing_x": 3.0,
  "spacing_y": 3.0,
  "spacing_z": 3.0,
  "summary_bg_k": 31.784694692123736,
  "summary_bg_mad": 35.83807401156652,
  "summary_bg_mean": 93.8157915552354,
  "summary_bg_median": 27.06403923034668,
  "summary_bg_n": 189216.0,
  "summary_bg_p05": 0.8374384045600891,
  "summary_bg_p95": 456.5960388183594,
  "summary_bg_stdv": 200.60185338080802,
  "summary_fg_k": 0.9932017532812742,
  "summary_fg_mad": 790.4861482809786,
  "summary_fg_mean": 2650.4781735943966,
  "summary_fg_median": 2496.086181640625,
  "summary_fg_n": 49248.0,
  "summary_fg_p05": 1436.3201904296875,
  "summary_fg_p95": 4347.576171875,
  "summary_fg_stdv": 899.2136437644128,
  "tsnr": 45.68453849561047
}