{
  "aor": 0.0034795073891625613,
  "aqi": 0.006641753349753695,
  "bids_meta": {
    "EchoTime": 0.0137,
    "RepetitionTime": 3.0,
    "SliceEncodingDirection": "k",
    "SliceTiming": [
      0.0,
      1.5,
      0.065,
      1.565,
      0.13,
      1.63,
      0.196,
      1.696,
      0.261,
      1.761,
      0.326,
      1.826,
      0.391,
      1.891,
      0.457,
      1.957,
      0.522,
      2.022,
      0.587,
      2.087,
      0.652,
      2.152,
      0.717,
      2.217,
      0.783,
      2.283,
      0.848,
      2.348,
      0.913,
      2.413,
      0.978,
      2.478,
      1.043,
      2.543,
      1.109,
      2.609,
      1.174,
      2.674,
      1.239,
      2.739,
      1.304,
      2.804,
      1.37,
      2.87,
      1.435,
      2.935
    ],
    "TaskName": "rest",
    "dataset": "ds003592",
    "modality": "bold",
    "session_id": "1",
    "subject_id": "48",
    "task_id": "rest"
  },
  "dummy_trs": 1,
  "dvars_nstd": 23.665438930396046,
  "dvars_std": 1.464962827326733,
  "dvars_vstd": 0.9341522420792081,
  "efc": 0.5398803915773392,
  "fber": 9670.3212890625,
  "fd_mean": 0.1027506442038872,
  "fd_num": 16,
  "fd_perc": 7.8817733990147785,
  "fwhm_avg": 3.253206489372886,
  "fwhm_x": 3.0670033333333335,
  "fwhm_y": 3.2323497431159227,
  "fwhm_z": 3.4602663916694016,
  "gcor": 0.0154117,
  "gsr_x": -0.018483053892850876,
  "gsr_y": 0.0876205787062645,
  "provenance": {
    "md5sum": "b116049e18e8c9f35054292deaf1f363",
    "settings": {
      "fd_thres": 0.2,
      "testing": false
    },
    "software": "mriqc",
    "version": "23.1.0"
  },
  "size_t": 203,
  "size_x": 72,
  "size_y": 72,
  "size_z": 46,
  "snr": 2.684711327495557,
  "spacing_tr": 3.0,
  "spacing_x": 3.0,
  "spacing_y": 3.000000238418579,
  "spacing_z": 3.000000238418579,
  "summary_bg_k": 11.073158464940278,
  "summary_bg_mad": 70.96771276935286,
  "summary_bg_mean": 448.24771501724257,
  "summary_bg_median": 49.01477813720703,
  "summary_bg_n": 175783.0,
  "summary_bg_p05": 0.6650246381759644,
  "summary_bg_p95": 2371.142822265625,
  "summary_bg_stdv": 910.2554498873316,
  "summary_fg_k": 0.7492295860187412,
  "summary_fg_mad": 1601.4807826699425,
  "summary_fg_mean": 5131.437851978543,
  "summary_fg_median": 4820.0048828125,
  "summary_fg_n": 62681.0,
  "summary_fg_p05": 2682.1181640625,
  "summary_fg_p95": 8559.841796875,
  "summary_fg_stdv": 1795.3388077904897,
  "tsnr": 62.9641990205273
}