{
  "aor": 0.0005359605911330048,
  "aqi": 0.004735233497536946,
  "bids_meta": {
    "EchoTime": 0.047,
    "RepetitionTime": 3.0,
    "SliceEncodingDirection": "k",
    "SliceTiming": [
      0.0,
      1.5,
      0.065,
      1.565,
      0.13,
      1.63,
      0.196,
      1.696,
      0.261,
      1.761,
      0.326,
      1.826,
      0.391,
      1.891,
      0.457,
      1.957,
      0.522,
      2.022,
      0.587,
      2.087,
      0.652,
      2.152,
      0.717,
      2.217,
      0.783,
      2.283,
      0.848,
      2.348,
      0.913,
      2.413,
      0.978,
      2.478,
      1.043,
      2.543,
      1.109,
      2.609,
      1.174,
      2.674,
      1.239,
      2.739,
      1.304,
      2.804,
      1.37,
      2.87,
      1.435,
      2.935
    ],
    "TaskName": "rest",
    "dataset": "ds003592",
    "modality": "bold",
    "session_id": "2",
    "subject_id": "111",
    "task_id": "rest"
  },
  "dummy_trs": 1,
  "dvars_nstd": 27.943746831138633,
  "dvars_std": 1.0915755324752474,
  "dvars_vstd": 0.9542140372277226,
  "efc": 0.41156250696698815,
  "fber": 11397.775390625,
  "fd_mean": 0.1064201931575487,
  "fd_num": 0,
  "fd_perc": 0.0,
  "fwhm_avg": 2.497602222222222,
  "fwhm_x": 2.4555366666666667,
  "fwhm_y": 2.5912,
  "fwhm_z": 2.44607,
  "gcor": 0.0127383,
  "gsr_x": -0.011704168282449245,
  "gsr_y": 0.01969483122229576,
  "provenance": {
    "md5sum": "5ac6b0b2eb37fd5587e25f76c21839d3",
    "settings": {
      "fd_thres": 0.2,
      "testing": false
    },
    "software": "mriqc",
    "version": "23.1.0"
  },
  "size_t": 203,
  "size_x": 72,
  "size_y": 72,
  "size_z": 46,
  "snr": 2.9234970467380936,
  "spacing_tr": 3.0,
  "spacing_x": 3.0,
  "spacing_y": 3.0,
  "spacing_z": 3.0,
  "summary_bg_k": 36.04423666931401,
  "summary_bg_mad": 28.950910950921735,
  "summary_bg_mean": 77.2081748355737,
  "summary_bg_median": 22.2216739654541,
  "summary_bg_n": 196116.0,
  "summary_bg_p05": 0.9605911374092102,
  "summary_bg_p95": 352.3300476074219,
  "summary_bg_stdv": 179.50127555824184,
  "summary_fg_k": 1.6666930176884787,
  "summary_fg_mad": 681.6500785627629,
  "summary_fg_mean": 2495.6743881189645,
  "summary_fg_median": 2372.39404296875,
  "summary_fg_n": 42348.0,
  "summary_fg_p05": 1354.4383544921875,
  "summary_fg_p95": 4020.689697265625,
  "summary_fg_stdv": 811.4822742006114,
  "tsnr": 53.70916243130341
}