{
  "aor": 0.00044965346534653463,
  "aqi": 0.0036213166831683165,
  "bids_meta": {
    "EchoTime": 0.047,
    "RepetitionTime": 3.0,
    "SliceEncodingDirection": "k",
    "SliceTiming": [
      0.0,
      1.5,
      0.065,
      1.565,
      0.13,
      1.63,
      0.196,
      1.696,
      0.261,
      1.761,
      0.326,
      1.826,
      0.391,
      1.891,
      0.457,
      1.957,
      0.522,
      2.022,
      0.587,
      2.087,
      0.652,
      2.152,
      0.717,
      2.217,
      0.783,
      2.283,
      0.848,
      2.348,
      0.913,
      2.413,
      0.978,
      2.478,
      1.043,
      2.543,
      1.109,
      2.609,
      1.174,
      2.674,
      1.239,
      2.739,
      1.304,
      2.804,
      1.37,
      2.87,
      1.435,
      2.935
    ],
    "TaskName": "rest",
    "dataset": "ds003592",
    "modality": "bold",
    "session_id": "2",
    "subject_id": "91",
    "task_id": "rest"
  },
  "dummy_trs": 2,
  "dvars_nstd": 25.81416717432836,
  "dvars_std": 1.1059822162189052,
  "dvars_vstd": 0.9711263065174128,
  "efc": 0.44605259195581276,
  "fber": 10790.4814453125,
  "fd_mean": 0.10548295028123986,
  "fd_num": 20,
  "fd_perc": 9.900990099009901,
  "fwhm_avg": 2.7026722222222226,
  "fwhm_x": 2.647676666666667,
  "fwhm_y": 2.8025266666666666,
  "fwhm_z": 2.6578133333333334,
  "gcor": 0.012287,
  "gsr_x": -0.0074681611731648445,
  "gsr_y": 0.025613106787204742,
  "provenance": {
    "md5sum": "8da847f047f0c3f474eab5f590be593f",
    "settings": {
      "fd_thres": 0.2,
      "testing": false
    },
    "software": "mriqc",
    "version": "23.1.0"
  },
  "size_t": 202,
  "size_x": 72,
  "size_y": 72,
  "size_z": 46,
  "snr": 2.7122659045752964,
  "spacing_tr": 3.0,
  "spacing_x": 3.0,
  "spacing_y": 3.0,
  "spacing_z": 3.0,
  "summary_bg_k": 37.33771939673586,
  "summary_bg_mad": 33.791585434119,
  "summary_bg_mean": 101.48820784042243,
  "summary_bg_median": 25.123762130737305,
  "summary_bg_n": 188557.0,
  "summary_bg_p05": 0.8267326354980469,
  "summary_bg_p95": 511.54949951171875,
  "summary_bg_stdv": 224.0877344521735,
  "summary_fg_k": 0.8003001742268983,
  "summary_fg_mad": 863.3955375309876,
  "summary_fg_mean": 2773.160551655397,
  "summary_fg_median": 2609.787109375,
  "summary_fg_n": 49907.0,
  "summary_fg_p05": 1475.7623291015625,
  "summary_fg_p95": 4640.66845703125,
  "summary_fg_stdv": 962.2068980545198,
  "tsnr": 54.88720332272351
}