{
  "aor": 0.012424626865671641,
  "aqi": 0.005615637313432835,
  "bids_meta": {
    "EchoTime": 0.0137,
    "RepetitionTime": 3.0,
    "SliceEncodingDirection": "k",
    "SliceTiming": [
      0.0,
      1.5,
      0.065,
      1.565,
      0.13,
      1.63,
      0.196,
      1.696,
      0.261,
      1.761,
      0.326,
      1.826,
      0.391,
      1.891,
      0.457,
      1.957,
      0.522,
      2.022,
      0.587,
      2.087,
      0.652,
      2.152,
      0.717,
      2.217,
      0.783,
      2.283,
      0.848,
      2.348,
      0.913,
      2.413,
      0.978,
      2.478,
      1.043,
      2.543,
      1.109,
      2.609,
      1.174,
      2.674,
      1.239,
      2.739,
      1.304,
      2.804,
      1.37,
      2.87,
      1.435,
      2.935
    ],
    "TaskName": "rest",
    "dataset": "ds003592",
    "modality": "bold",
    "session_id": "1",
    "subject_id": "174",
    "task_id": "rest"
  },
  "dummy_trs": 3,
  "dvars_nstd": 21.980883226599996,
  "dvars_std": 1.0374909255999993,
  "dvars_vstd": 0.9658931181999997,
  "efc": 0.5399896529260522,
  "fber": 7460.19873046875,
  "fd_mean": 0.17878419107016064,
  "fd_num": 43,
  "fd_perc": 21.393034825870647,
  "fwhm_avg": 3.14904,
  "fwhm_x": 2.7223733333333335,
  "fwhm_y": 3.1505799999999997,
  "fwhm_z": 3.5741666666666667,
  "gcor": 0.0697357,
  "gsr_x": -0.018788408488035202,
  "gsr_y": 0.09340047836303711,
  "provenance": {
    "md5sum": "73b4929a579112bf7c48c7119b3a7c96",
    "settings": {
      "fd_thres": 0.2,
      "testing": false
    },
    "software": "mriqc",
    "version": "23.1.0"
  },
  "size_t": 201,
  "size_x": 72,
  "size_y": 72,
  "size_z": 46,
  "snr": 2.736804882338871,
  "spacing_tr": 3.0,
  "spacing_x": 3.0,
  "spacing_y": 3.0,
  "spacing_z": 3.0,
  "summary_bg_k": 9.661296147500186,
  "summary_bg_mad": 75.2402170705267,
  "summary_bg_mean": 466.4885872222526,
  "summary_bg_median": 52.156715393066406,
  "summary_bg_n": 179150.0,
  "summary_bg_p05": 0.641791045665741,
  "summary_bg_p95": 2480.805908203125,
  "summary_bg_stdv": 930.0312382011496,
  "summary_fg_k": 1.2394247589931568,
  "summary_fg_mad": 1407.6014045440388,
  "summary_fg_mean": 4742.8617530231,
  "summary_fg_median": 4504.8828125,
  "summary_fg_n": 59314.0,
  "summary_fg_p05": 2421.119384765625,
  "summary_fg_p95": 7819.119140625,
  "summary_fg_stdv": 1646.0233853502407,
  "tsnr": 54.663704603910446
}