{
  "aor": 0.0015547783251231527,
  "aqi": 0.007476197684729065,
  "bids_meta": {
    "EchoTime": 0.047,
    "RepetitionTime": 3.0,
    "SliceEncodingDirection": "k",
    "SliceTiming": [
      0.0,
      1.5,
      0.065,
      1.565,
      0.13,
      1.63,
      0.196,
      1.696,
      0.261,
      1.761,
      0.326,
      1.826,
      0.391,
      1.891,
      0.457,
      1.957,
      0.522,
      2.022,
      0.587,
      2.087,
      0.652,
      2.152,
      0.717,
      2.217,
      0.783,
      2.283,
      0.848,
      2.348,
      0.913,
      2.413,
      0.978,
      2.478,
      1.043,
      2.543,
      1.109,
      2.609,
      1.174,
      2.674,
      1.239,
      2.739,
      1.304,
      2.804,
      1.37,
      2.87,
      1.435,
      2.935
    ],
    "TaskName": "rest",
    "dataset": "ds003592",
    "modality": "bold",
    "session_id": "2",
    "subject_id": "16",
    "task_id": "rest"
  },
  "dummy_trs": 1,
  "dvars_nstd": 23.0294918209901,
  "dvars_std": 1.05331707559406,
  "dvars_vstd": 0.9725650428217819,
  "efc": 0.42687056297934034,
  "fber": 9995.4345703125,
  "fd_mean": 0.10832343641217608,
  "fd_num": 20,
  "fd_perc": 9.852216748768473,
  "fwhm_avg": 2.680277777777778,
  "fwhm_x": 2.6432800000000003,
  "fwhm_y": 2.724883333333333,
  "fwhm_z": 2.67267,
  "gcor": 0.0297429,
  "gsr_x": -0.009541244246065617,
  "gsr_y": 0.018924886360764503,
  "provenance": {
    "md5sum": "f9bcd67948aada1bcd776c2207dddc6a",
    "settings": {
      "fd_thres": 0.2,
      "testing": false
    },
    "software": "mriqc",
    "version": "23.1.0"
  },
  "size_t": 203,
  "size_x": 72,
  "size_y": 72,
  "size_z": 46,
  "snr": 2.9912985452926804,
  "spacing_tr": 3.0,
  "spacing_x": 3.0,
  "spacing_y": 3.0,
  "spacing_z": 3.0,
  "summary_bg_k": 60.50603003761615,
  "summary_bg_mad": 35.20267186147155,
  "summary_bg_mean": 91.25632779852515,
  "summary_bg_median": 24.482757568359375,
  "summary_bg_n": 194254.0,
  "summary_bg_p05": 0.09852216392755508,
  "summary_bg_p95": 441.11328125,
  "summary_bg_stdv": 208.22741807778192,
  "summary_fg_k": 0.43355513517505484,
  "summary_fg_mad": 748.3817474236632,
  "summary_fg_mean": 2552.6727526440604,
  "summary_fg_median": 2447.716796875,
  "summary_fg_n": 44210.0,
  "summary_fg_p05": 1371.083740234375,
  "summary_fg_p95": 4081.857177734375,
  "summary_fg_stdv": 818.2697503495139,
  "tsnr": 45.86709849536419
}