{
  "aor": 0.0016688500000000002,
  "aqi": 0.007554336099999999,
  "bids_meta": {
    "EchoTime": 0.04592,
    "RepetitionTime": 3,
    "SliceEncodingDirection": "k",
    "SliceTiming": [
      0,
      1.54,
      0.07,
      1.61,
      0.14,
      1.68,
      0.21,
      1.75,
      0.28,
      1.82,
      0.35,
      1.89,
      0.42,
      1.96,
      0.49,
      2.03,
      0.56,
      2.1,
      0.63,
      2.17,
      0.7,
      2.24,
      0.77,
      2.31,
      0.84,
      2.38,
      0.91,
      2.45,
      0.98,
      2.52,
      1.05,
      2.5925,
      1.12,
      2.6625,
      1.19,
      2.7325,
      1.26,
      2.8025,
      1.33,
      2.8725,
      1.4,
      2.9425,
      1.47
    ],
    "TaskName": "rest",
    "dataset": "ds003592",
    "modality": "bold",
    "session_id": "2",
    "subject_id": "251",
    "task_id": "rest"
  },
  "dummy_trs": 0,
  "dvars_nstd": 28.12806881824119,
  "dvars_std": 1.050356943517588,
  "dvars_vstd": 0.9700731664321606,
  "efc": 0.45410085624668517,
  "fber": 1267.0184326171875,
  "fd_mean": 0.07503312119537701,
  "fd_num": 12,
  "fd_perc": 6.0,
  "fwhm_avg": 2.247007467941987,
  "fwhm_x": 2.1489955555555555,
  "fwhm_y": 2.266865185185185,
  "fwhm_z": 2.3251616630852197,
  "gcor": 0.0275602,
  "gsr_x": -0.004668854642659426,
  "gsr_y": 0.02604992687702179,
  "provenance": {
    "md5sum": "56de8998aad7ddf9d1c9717568734640",
    "settings": {
      "fd_thres": 0.2,
      "testing": false
    },
    "software": "mriqc",
    "version": "23.1.0"
  },
  "size_t": 200,
  "size_x": 64,
  "size_y": 64,
  "size_z": 43,
  "snr": 2.2859172434316,
  "spacing_tr": 3.0,
  "spacing_x": 3.375,
  "spacing_y": 3.375,
  "spacing_z": 2.999997854232788,
  "summary_bg_k": 103.91461580843203,
  "summary_bg_mad": 6.382603003120907,
  "summary_bg_mean": 25.322278173991485,
  "summary_bg_median": 13.34000015258789,
  "summary_bg_n": 141756.0,
  "summary_bg_p05": 7.829999923706055,
  "summary_bg_p95": 87.625,
  "summary_bg_stdv": 42.7411848334154,
  "summary_fg_k": 4.309928983462295,
  "summary_fg_mad": 163.74970038422023,
  "summary_fg_mean": 520.1515202022856,
  "summary_fg_median": 474.8399963378906,
  "summary_fg_n": 34372.0,
  "summary_fg_p05": 270.44000244140625,
  "summary_fg_p95": 905.5,
  "summary_fg_stdv": 207.72103202145095,
  "tsnr": 42.14542199485004
}