{
  "bids_meta": {
    "EchoTime": 0.0034,
    "FlipAngle": 7,
    "RepetitionTime": 2.53,
    "dataset": "ds003592",
    "modality": "T1w",
    "session_id": "1",
    "subject_id": "09"
  },
  "cjv": 0.7442817689623803,
  "cnr": 1.1567688918020513,
  "efc": 0.5657550071456342,
  "fber": -1.0,
  "fwhm_avg": 4.324413333333333,
  "fwhm_x": 4.38414,
  "fwhm_y": 4.37741,
  "fwhm_z": 4.21169,
  "icvs_csf": 0.26093760388810067,
  "icvs_gm": 0.36294618027414227,
  "icvs_wm": 0.376116215837757,
  "inu_med": 0.8177783489227295,
  "inu_range": 0.6391514539718628,
  "provenance": {
    "md5sum": "9ea233a9d4586867035b552f452c6662",
    "settings": {
      "testing": false
    },
    "software": "mriqc",
    "version": "23.1.0",
    "warnings": {
      "large_rot_frame": true,
      "small_air_mask": false
    }
  },
  "qi_1": 0.0,
  "qi_2": 0.002702183601394508,
  "rpve_csf": 7.816644404918161,
  "rpve_gm": 7.669587887796171,
  "rpve_wm": 7.728213847856376,
  "size_x": 176,
  "size_y": 256,
  "size_z": 256,
  "snr_csf": 1.6199165492827938,
  "snr_gm": 3.904384908411532,
  "snr_total": 4.86308793752844,
  "snr_wm": 9.064962354890993,
  "snrd_csf": 26.2744081436285,
  "snrd_gm": 80.83862609084383,
  "snrd_total": 71.87579007886828,
  "snrd_wm": 108.51433600213251,
  "spacing_x": 1.0,
  "spacing_y": 1.0,
  "spacing_z": 1.0,
  "summary_bg_k": 18.256397352102393,
  "summary_bg_mad": 0.0,
  "summary_bg_mean": 2.467057680564263,
  "summary_bg_median": 0.0,
  "summary_bg_n": 2743386.0,
  "summary_bg_p05": 0.0,
  "summary_bg_p95": 13.908154740929604,
  "summary_bg_stdv": 5.8026117807271,
  "summary_csf_k": -0.4843148111122879,
  "summary_csf_mad": 109.16290442704629,
  "summary_csf_mean": 274.6933584831519,
  "summary_csf_median": 232.71518759429455,
  "summary_csf_n": 382159.0380641783,
  "summary_csf_p05": 100.53296104073524,
  "summary_csf_p95": 560.0131282955408,
  "summary_csf_stdv": 143.6585626727865,
  "summary_gm_k": 0.1424034740408553,
  "summary_gm_mad": 93.35944974549075,
  "summary_gm_mean": 712.661350458741,
  "summary_gm_median": 715.9961865842342,
  "summary_gm_n": 531556.8206953986,
  "summary_gm_p05": 386.94603741168976,
  "summary_gm_p95": 1018.6171913146973,
  "summary_gm_stdv": 183.38240974950935,
  "summary_wm_k": -0.5844730818756552,
  "summary_wm_mad": 89.08385755424798,
  "summary_wm_mean": 937.0070416805883,
  "summary_wm_median": 961.1228508502245,
  "summary_wm_n": 550845.1411492814,
  "summary_wm_p05": 739.9795400351286,
  "summary_wm_p95": 1079.6889574080706,
  "summary_wm_stdv": 106.02603086639063,
  "tpm_overlap_csf": 0.18405856098601772,
  "tpm_overlap_gm": 0.49947558651014046,
  "tpm_overlap_wm": 0.5430537174521164,
  "wm2max": 0.490170160479577
}