{
  "aor": 0.0010575369458128078,
  "aqi": 0.005046560197044335,
  "bids_meta": {
    "EchoTime": 0.03,
    "RepetitionTime": 3.0,
    "SliceEncodingDirection": "k",
    "SliceTiming": [
      0.0,
      1.5,
      0.065,
      1.565,
      0.13,
      1.63,
      0.196,
      1.696,
      0.261,
      1.761,
      0.326,
      1.826,
      0.391,
      1.891,
      0.457,
      1.957,
      0.522,
      2.022,
      0.587,
      2.087,
      0.652,
      2.152,
      0.717,
      2.217,
      0.783,
      2.283,
      0.848,
      2.348,
      0.913,
      2.413,
      0.978,
      2.478,
      1.043,
      2.543,
      1.109,
      2.609,
      1.174,
      2.674,
      1.239,
      2.739,
      1.304,
      2.804,
      1.37,
      2.87,
      1.435,
      2.935
    ],
    "TaskName": "rest",
    "dataset": "ds003592",
    "modality": "bold",
    "session_id": "2",
    "subject_id": "197",
    "task_id": "rest"
  },
  "dummy_trs": 1,
  "dvars_nstd": 22.968395077425736,
  "dvars_std": 1.125263014356436,
  "dvars_vstd": 0.9437133211881192,
  "efc": 0.4768217344726169,
  "fber": 18262.26171875,
  "fd_mean": 0.15580964985917464,
  "fd_num": 46,
  "fd_perc": 22.660098522167488,
  "fwhm_avg": 3.1501711111111113,
  "fwhm_x": 3.050136666666667,
  "fwhm_y": 3.1770066666666668,
  "fwhm_z": 3.2233699999999996,
  "gcor": 0.016703,
  "gsr_x": -0.01629280485212803,
  "gsr_y": 0.04344112053513527,
  "provenance": {
    "md5sum": "6dfd45752055b15bcee8222fce5f55ba",
    "settings": {
      "fd_thres": 0.2,
      "testing": false
    },
    "software": "mriqc",
    "version": "23.1.0"
  },
  "size_t": 203,
  "size_x": 72,
  "size_y": 72,
  "size_z": 46,
  "snr": 2.715840208163822,
  "spacing_tr": 3.0,
  "spacing_x": 3.0,
  "spacing_y": 3.0,
  "spacing_z": 3.0,
  "summary_bg_k": 27.748229879238586,
  "summary_bg_mad": 37.56899392573462,
  "summary_bg_mean": 165.76960007618783,
  "summary_bg_median": 27.211822509765625,
  "summary_bg_n": 181745.0,
  "summary_bg_p05": 0.7832512259483337,
  "summary_bg_p95": 904.0098266601562,
  "summary_bg_stdv": 363.8776289415695,
  "summary_fg_k": 1.012766367629096,
  "summary_fg_mad": 1180.706255872102,
  "summary_fg_mean": 3929.3180906049315,
  "summary_fg_median": 3677.349609375,
  "summary_fg_n": 56719.0,
  "summary_fg_p05": 2117.039306640625,
  "summary_fg_p95": 6555.50732421875,
  "summary_fg_stdv": 1354.0256090597486,
  "tsnr": 53.9026797497645
}