{
  "aor": 0.0007236633663366337,
  "aqi": 0.003963341188118813,
  "bids_meta": {
    "EchoTime": 0.047,
    "RepetitionTime": 3.0,
    "SliceEncodingDirection": "k",
    "SliceTiming": [
      0.0,
      1.5,
      0.065,
      1.565,
      0.13,
      1.63,
      0.196,
      1.696,
      0.261,
      1.761,
      0.326,
      1.826,
      0.391,
      1.891,
      0.457,
      1.957,
      0.522,
      2.022,
      0.587,
      2.087,
      0.652,
      2.152,
      0.717,
      2.217,
      0.783,
      2.283,
      0.848,
      2.348,
      0.913,
      2.413,
      0.978,
      2.478,
      1.043,
      2.543,
      1.109,
      2.609,
      1.174,
      2.674,
      1.239,
      2.739,
      1.304,
      2.804,
      1.37,
      2.87,
      1.435,
      2.935
    ],
    "TaskName": "rest",
    "dataset": "ds003592",
    "modality": "bold",
    "session_id": "2",
    "subject_id": "184",
    "task_id": "rest"
  },
  "dummy_trs": 2,
  "dvars_nstd": 25.373637469950236,
  "dvars_std": 1.1058874244278603,
  "dvars_vstd": 0.9793600893034828,
  "efc": 0.41048866898878444,
  "fber": 12597.78515625,
  "fd_mean": 0.18141997066618915,
  "fd_num": 88,
  "fd_perc": 43.56435643564357,
  "fwhm_avg": 2.67877,
  "fwhm_x": 2.659546666666667,
  "fwhm_y": 2.695816666666667,
  "fwhm_z": 2.680946666666667,
  "gcor": 0.0119388,
  "gsr_x": -0.008801794610917568,
  "gsr_y": 0.018591079860925674,
  "provenance": {
    "md5sum": "284392301c12061d01d86f370d3ede50",
    "settings": {
      "fd_thres": 0.2,
      "testing": false
    },
    "software": "mriqc",
    "version": "23.1.0"
  },
  "size_t": 202,
  "size_x": 72,
  "size_y": 72,
  "size_z": 46,
  "snr": 2.5717987754618705,
  "spacing_tr": 3.0,
  "spacing_x": 3.0,
  "spacing_y": 3.0,
  "spacing_z": 3.0,
  "summary_bg_k": 58.63158123360044,
  "summary_bg_mad": 27.912554865641393,
  "summary_bg_mean": 83.17674072661768,
  "summary_bg_median": 22.074256896972656,
  "summary_bg_n": 195238.0,
  "summary_bg_p05": 0.9504950046539307,
  "summary_bg_p95": 388.910888671875,
  "summary_bg_stdv": 200.09815412991298,
  "summary_fg_k": 1.9607462038294567,
  "summary_fg_mad": 805.9962813529914,
  "summary_fg_mean": 2659.6309168726525,
  "summary_fg_median": 2477.6114501953125,
  "summary_fg_n": 43226.0,
  "summary_fg_p05": 1393.8465576171875,
  "summary_fg_p95": 4483.0791015625,
  "summary_fg_stdv": 963.365724744354,
  "tsnr": 58.284836251754314
}