{
  "bids_meta": {
    "EchoTime": 0.00252,
    "FlipAngle": 9,
    "RepetitionTime": 1.9,
    "dataset": "ds003592",
    "modality": "T1w",
    "session_id": "1",
    "subject_id": "263"
  },
  "cjv": 0.6138840381395694,
  "cnr": 1.494484957103404,
  "efc": 0.4298033513020783,
  "fber": -1.0,
  "fwhm_avg": 4.160796666666667,
  "fwhm_x": 4.278,
  "fwhm_y": 3.96641,
  "fwhm_z": 4.23798,
  "icvs_csf": 0.2518405163232752,
  "icvs_gm": 0.3898228181739766,
  "icvs_wm": 0.3583366655027482,
  "inu_med": 0.35420337319374084,
  "inu_range": 0.09764411151409147,
  "provenance": {
    "md5sum": "82412a000ab016fd521e9f5296fd3a74",
    "settings": {
      "testing": false
    },
    "software": "mriqc",
    "version": "23.1.0",
    "warnings": {
      "large_rot_frame": true,
      "small_air_mask": false
    }
  },
  "qi_1": 0.0,
  "qi_2": 0.002457535638335089,
  "rpve_csf": 11.111731162371873,
  "rpve_gm": 10.99636870496988,
  "rpve_wm": 11.079049235594677,
  "size_x": 192,
  "size_y": 256,
  "size_z": 256,
  "snr_csf": 2.2572217411192663,
  "snr_gm": 7.214983967235518,
  "snr_total": 7.095772349919435,
  "snr_wm": 11.815111341403519,
  "snrd_csf": 95.23113316810323,
  "snrd_gm": 143.6628931596558,
  "snrd_total": 140.0446499437264,
  "snrd_wm": 181.2399235034201,
  "spacing_x": 1.0,
  "spacing_y": 1.0,
  "spacing_z": 1.0,
  "summary_bg_k": 138.78690140340515,
  "summary_bg_mad": 0.0,
  "summary_bg_mean": 1.0020900823804104,
  "summary_bg_median": 0.0,
  "summary_bg_n": 5221286.0,
  "summary_bg_p05": 0.0,
  "summary_bg_p95": 5.95178047567606,
  "summary_bg_stdv": 3.4278041979146385,
  "summary_csf_k": 0.16229987175288807,
  "summary_csf_mad": 142.73143485580482,
  "summary_csf_mean": 491.15151159850353,
  "summary_csf_median": 498.2682660371065,
  "summary_csf_n": 282550.7044267757,
  "summary_csf_p05": 90.9580010548234,
  "summary_csf_p95": 821.4802091568708,
  "summary_csf_stdv": 220.74365811166456,
  "summary_gm_k": -0.2608573091596109,
  "summary_gm_mad": 65.05921148684084,
  "summary_gm_mean": 756.0529194373565,
  "summary_gm_median": 751.6728856116533,
  "summary_gm_n": 437358.9821238322,
  "summary_gm_p05": 585.6282981038094,
  "summary_gm_p95": 953.7307888790965,
  "summary_gm_stdv": 104.1820785316949,
  "summary_wm_k": -0.19269999660620973,
  "summary_wm_mad": 55.63684292667767,
  "summary_wm_mean": 926.9236635021662,
  "summary_wm_median": 948.2833965793252,
  "summary_wm_n": 402033.3135347292,
  "summary_wm_p05": 768.6539542004466,
  "summary_wm_p95": 1027.3714625611901,
  "summary_wm_stdv": 80.26011688068587,
  "tpm_overlap_csf": 0.20519333894167088,
  "tpm_overlap_gm": 0.5295310669514829,
  "tpm_overlap_wm": 0.5385200559860459,
  "wm2max": 0.4835230779781908
}