{
  "aor": 0.0017397029702970297,
  "aqi": 0.003567178267326733,
  "bids_meta": {
    "EchoTime": 0.03,
    "RepetitionTime": 3.0,
    "SliceEncodingDirection": "k",
    "SliceTiming": [
      0.0,
      1.5,
      0.065,
      1.565,
      0.13,
      1.63,
      0.196,
      1.696,
      0.261,
      1.761,
      0.326,
      1.826,
      0.391,
      1.891,
      0.457,
      1.957,
      0.522,
      2.022,
      0.587,
      2.087,
      0.652,
      2.152,
      0.717,
      2.217,
      0.783,
      2.283,
      0.848,
      2.348,
      0.913,
      2.413,
      0.978,
      2.478,
      1.043,
      2.543,
      1.109,
      2.609,
      1.174,
      2.674,
      1.239,
      2.739,
      1.304,
      2.804,
      1.37,
      2.87,
      1.435,
      2.935
    ],
    "TaskName": "rest",
    "dataset": "ds003592",
    "modality": "bold",
    "session_id": "1",
    "subject_id": "02",
    "task_id": "rest"
  },
  "dummy_trs": 2,
  "dvars_nstd": 17.677210547412937,
  "dvars_std": 1.0777692877114429,
  "dvars_vstd": 0.9604784380597017,
  "efc": 0.40522312798252047,
  "fber": 22382.783203125,
  "fd_mean": 0.06106270412284839,
  "fd_num": 0,
  "fd_perc": 0.0,
  "fwhm_avg": 2.9524000000000004,
  "fwhm_x": 2.92159,
  "fwhm_y": 2.9727266666666665,
  "fwhm_z": 2.9628833333333335,
  "gcor": 0.0104148,
  "gsr_x": -0.020334864035248756,
  "gsr_y": 0.029880749061703682,
  "provenance": {
    "md5sum": "5eb4399d2009f3b5199a354f44de536b",
    "settings": {
      "fd_thres": 0.2,
      "testing": false
    },
    "software": "mriqc",
    "version": "23.1.0"
  },
  "size_t": 202,
  "size_x": 72,
  "size_y": 72,
  "size_z": 46,
  "snr": 2.7557351406289774,
  "spacing_tr": 3.0,
  "spacing_x": 3.0,
  "spacing_y": 3.0,
  "spacing_z": 3.0,
  "summary_bg_k": 43.52909985333318,
  "summary_bg_mad": 27.391442050690255,
  "summary_bg_mean": 129.02708749151364,
  "summary_bg_median": 20.891088485717773,
  "summary_bg_n": 200663.0,
  "summary_bg_p05": 1.1980197429656982,
  "summary_bg_p95": 661.7772216796875,
  "summary_bg_stdv": 294.06342430240176,
  "summary_fg_k": 2.1962288634890683,
  "summary_fg_mad": 863.8872648537024,
  "summary_fg_mean": 3346.395231401399,
  "summary_fg_median": 3125.489990234375,
  "summary_fg_n": 37801.0,
  "summary_fg_p05": 1862.3712158203125,
  "summary_fg_p95": 5571.796875,
  "summary_fg_stdv": 1134.1614810925166,
  "tsnr": 63.885235673515126
}