{
  "aor": 0.001489158415841584,
  "aqi": 0.012504579504950495,
  "bids_meta": {
    "EchoTime": 0.047,
    "RepetitionTime": 3.0,
    "SliceEncodingDirection": "k",
    "SliceTiming": [
      0.0,
      1.5,
      0.065,
      1.565,
      0.13,
      1.63,
      0.196,
      1.696,
      0.261,
      1.761,
      0.326,
      1.826,
      0.391,
      1.891,
      0.457,
      1.957,
      0.522,
      2.022,
      0.587,
      2.087,
      0.652,
      2.152,
      0.717,
      2.217,
      0.783,
      2.283,
      0.848,
      2.348,
      0.913,
      2.413,
      0.978,
      2.478,
      1.043,
      2.543,
      1.109,
      2.609,
      1.174,
      2.674,
      1.239,
      2.739,
      1.304,
      2.804,
      1.37,
      2.87,
      1.435,
      2.935
    ],
    "TaskName": "rest",
    "dataset": "ds003592",
    "modality": "bold",
    "session_id": "2",
    "subject_id": "95",
    "task_id": "rest"
  },
  "dummy_trs": 2,
  "dvars_nstd": 27.290079857014923,
  "dvars_std": 0.9941823915920395,
  "dvars_vstd": 0.9356478384577112,
  "efc": 0.4047789357810458,
  "fber": 9957.796875,
  "fd_mean": 0.11329179745009775,
  "fd_num": 24,
  "fd_perc": 11.881188118811881,
  "fwhm_avg": 2.315226666666667,
  "fwhm_x": 2.3485666666666667,
  "fwhm_y": 2.4382800000000002,
  "fwhm_z": 2.1588333333333334,
  "gcor": 0.0397947,
  "gsr_x": -0.01612675189971924,
  "gsr_y": 0.031476981937885284,
  "provenance": {
    "md5sum": "885572770984c91161cd7e901fb94cc1",
    "settings": {
      "fd_thres": 0.2,
      "testing": false
    },
    "software": "mriqc",
    "version": "23.1.0"
  },
  "size_t": 202,
  "size_x": 72,
  "size_y": 72,
  "size_z": 46,
  "snr": 3.1060115220020164,
  "spacing_tr": 3.0,
  "spacing_x": 3.0,
  "spacing_y": 3.0,
  "spacing_z": 3.0,
  "summary_bg_k": 39.36897431897421,
  "summary_bg_mad": 29.86489159355333,
  "summary_bg_mean": 84.7127732348445,
  "summary_bg_median": 22.638612747192383,
  "summary_bg_n": 200847.0,
  "summary_bg_p05": 0.301980197429657,
  "summary_bg_p95": 408.9207763671875,
  "summary_bg_stdv": 190.63944905165906,
  "summary_fg_k": 1.6714325541219441,
  "summary_fg_mad": 637.5041134566865,
  "summary_fg_mean": 2323.1571786131435,
  "summary_fg_median": 2259.0791015625,
  "summary_fg_n": 37617.0,
  "summary_fg_p05": 1242.4603271484375,
  "summary_fg_p95": 3603.46533203125,
  "summary_fg_stdv": 727.3150978324592,
  "tsnr": 34.48031687736511
}