{
  "aor": 0.0017150990099009903,
  "aqi": 0.005426843811881188,
  "bids_meta": {
    "EchoTime": 0.0137,
    "RepetitionTime": 3.0,
    "SliceEncodingDirection": "k",
    "SliceTiming": [
      0.0,
      1.5,
      0.065,
      1.565,
      0.13,
      1.63,
      0.196,
      1.696,
      0.261,
      1.761,
      0.326,
      1.826,
      0.391,
      1.891,
      0.457,
      1.957,
      0.522,
      2.022,
      0.587,
      2.087,
      0.652,
      2.152,
      0.717,
      2.217,
      0.783,
      2.283,
      0.848,
      2.348,
      0.913,
      2.413,
      0.978,
      2.478,
      1.043,
      2.543,
      1.109,
      2.609,
      1.174,
      2.674,
      1.239,
      2.739,
      1.304,
      2.804,
      1.37,
      2.87,
      1.435,
      2.935
    ],
    "TaskName": "rest",
    "dataset": "ds003592",
    "modality": "bold",
    "session_id": "2",
    "subject_id": "95",
    "task_id": "rest"
  },
  "dummy_trs": 2,
  "dvars_nstd": 28.68128912233832,
  "dvars_std": 1.6473255796517408,
  "dvars_vstd": 0.9376030071144277,
  "efc": 0.49768855244997395,
  "fber": 17594.693359375,
  "fd_mean": 0.11673071758998908,
  "fd_num": 24,
  "fd_perc": 11.881188118811881,
  "fwhm_avg": 3.1641922222222223,
  "fwhm_x": 2.7316299999999996,
  "fwhm_y": 3.3029466666666667,
  "fwhm_z": 3.458,
  "gcor": 0.0358569,
  "gsr_x": -0.022518260404467583,
  "gsr_y": 0.0712779238820076,
  "provenance": {
    "md5sum": "ebf336d62466939ad880c44a81ea27c4",
    "settings": {
      "fd_thres": 0.2,
      "testing": false
    },
    "software": "mriqc",
    "version": "23.1.0"
  },
  "size_t": 202,
  "size_x": 72,
  "size_y": 72,
  "size_z": 46,
  "snr": 3.0295856206460643,
  "spacing_tr": 3.0,
  "spacing_x": 3.0,
  "spacing_y": 3.0,
  "spacing_z": 3.0,
  "summary_bg_k": 10.55113795623093,
  "summary_bg_mad": 47.318495940487395,
  "summary_bg_mean": 336.6616901922291,
  "summary_bg_median": 33.801979064941406,
  "summary_bg_n": 186929.0,
  "summary_bg_p05": 0.8118811845779419,
  "summary_bg_p95": 1891.302001953125,
  "summary_bg_stdv": 695.323282391355,
  "summary_fg_k": 0.919328299370215,
  "summary_fg_mad": 1264.0356674280754,
  "summary_fg_mean": 4684.758617934177,
  "summary_fg_median": 4483.6630859375,
  "summary_fg_n": 51535.0,
  "summary_fg_p05": 2486.376220703125,
  "summary_fg_p95": 7392.04443359375,
  "summary_fg_stdv": 1479.9448327275347,
  "tsnr": 66.0610652177129
}