{
  "aor": 0.0033156999999999996,
  "aqi": 0.011373746149999999,
  "bids_meta": {
    "EchoTime": 0.02996,
    "RepetitionTime": 3,
    "SliceEncodingDirection": "k",
    "SliceTiming": [
      0,
      1.54,
      0.07,
      1.61,
      0.14,
      1.68,
      0.21,
      1.75,
      0.28,
      1.82,
      0.35,
      1.89,
      0.42,
      1.96,
      0.49,
      2.03,
      0.56,
      2.1,
      0.63,
      2.17,
      0.7,
      2.24,
      0.77,
      2.31,
      0.84,
      2.38,
      0.91,
      2.45,
      0.98,
      2.52,
      1.05,
      2.59,
      1.12,
      2.66,
      1.19,
      2.73,
      1.26,
      2.8,
      1.33,
      2.87,
      1.4,
      2.94,
      1.47
    ],
    "TaskName": "rest",
    "dataset": "ds003592",
    "modality": "bold",
    "session_id": "1",
    "subject_id": "275",
    "task_id": "rest"
  },
  "dummy_trs": 0,
  "dvars_nstd": 34.95265076934673,
  "dvars_std": 1.1053591570854269,
  "dvars_vstd": 0.9848113046231156,
  "efc": 0.4963354613204665,
  "fber": 1096.6470947265625,
  "fd_mean": 0.24150740017277225,
  "fd_num": 85,
  "fd_perc": 42.5,
  "fwhm_avg": 2.288384397613903,
  "fwhm_x": 2.090127407407407,
  "fwhm_y": 2.2573985185185186,
  "fwhm_z": 2.5176272669157824,
  "gcor": 0.0189955,
  "gsr_x": 0.013051307760179043,
  "gsr_y": 0.03767341375350952,
  "provenance": {
    "md5sum": "20131bcb7435f9de60717f56ace669eb",
    "settings": {
      "fd_thres": 0.2,
      "testing": false
    },
    "software": "mriqc",
    "version": "23.1.0"
  },
  "size_t": 200,
  "size_x": 64,
  "size_y": 64,
  "size_z": 43,
  "snr": 2.541697546247465,
  "spacing_tr": 3.0,
  "spacing_x": 3.375,
  "spacing_y": 3.375,
  "spacing_z": 2.9999992847442627,
  "summary_bg_k": 44.450404534943765,
  "summary_bg_mad": 11.290016968499097,
  "summary_bg_mean": 42.448301847121236,
  "summary_bg_median": 16.600000381469727,
  "summary_bg_n": 139868.0,
  "summary_bg_p05": 7.934999942779541,
  "summary_bg_p95": 176.9550018310547,
  "summary_bg_stdv": 74.98592339651083,
  "summary_fg_k": 2.9052838502148264,
  "summary_fg_mad": 179.51721207927912,
  "summary_fg_mean": 589.9217519147319,
  "summary_fg_median": 549.7200012207031,
  "summary_fg_n": 36260.0,
  "summary_fg_p05": 317.0199890136719,
  "summary_fg_p95": 990.1449890136719,
  "summary_fg_stdv": 216.27766912168164,
  "tsnr": 36.02083303278778
}