{
  "aor": 0.00513539603960396,
  "aqi": 0.005728122227722772,
  "bids_meta": {
    "EchoTime": 0.0137,
    "RepetitionTime": 3.0,
    "SliceEncodingDirection": "k",
    "SliceTiming": [
      0.0,
      1.5,
      0.065,
      1.565,
      0.13,
      1.63,
      0.196,
      1.696,
      0.261,
      1.761,
      0.326,
      1.826,
      0.391,
      1.891,
      0.457,
      1.957,
      0.522,
      2.022,
      0.587,
      2.087,
      0.652,
      2.152,
      0.717,
      2.217,
      0.783,
      2.283,
      0.848,
      2.348,
      0.913,
      2.413,
      0.978,
      2.478,
      1.043,
      2.543,
      1.109,
      2.609,
      1.174,
      2.674,
      1.239,
      2.739,
      1.304,
      2.804,
      1.37,
      2.87,
      1.435,
      2.935
    ],
    "TaskName": "rest",
    "dataset": "ds003592",
    "modality": "bold",
    "session_id": "2",
    "subject_id": "12",
    "task_id": "rest"
  },
  "dummy_trs": 2,
  "dvars_nstd": 29.956028269402985,
  "dvars_std": 1.2159494478606967,
  "dvars_vstd": 1.0509142442786068,
  "efc": 0.5137077762874851,
  "fber": 4562.10791015625,
  "fd_mean": 0.2446186213702528,
  "fd_num": 111,
  "fd_perc": 54.95049504950495,
  "fwhm_avg": 3.7425422222222227,
  "fwhm_x": 3.3025933333333337,
  "fwhm_y": 3.780333333333333,
  "fwhm_z": 4.1447,
  "gcor": 0.025157,
  "gsr_x": -0.015398026444017887,
  "gsr_y": 0.07762307673692703,
  "provenance": {
    "md5sum": "9f9af5aefc898ff67e6a71d83eef93cd",
    "settings": {
      "fd_thres": 0.2,
      "testing": false
    },
    "software": "mriqc",
    "version": "23.1.0"
  },
  "size_t": 202,
  "size_x": 72,
  "size_y": 72,
  "size_z": 46,
  "snr": 2.5106917404679034,
  "spacing_tr": 3.0,
  "spacing_x": 3.0,
  "spacing_y": 3.0,
  "spacing_z": 3.0,
  "summary_bg_k": 16.77321250930728,
  "summary_bg_mad": 90.45341252184366,
  "summary_bg_mean": 371.12574673195525,
  "summary_bg_median": 62.589107513427734,
  "summary_bg_n": 184819.0,
  "summary_bg_p05": 0.9752475023269653,
  "summary_bg_p95": 1758.8564453125,
  "summary_bg_stdv": 668.0465888840778,
  "summary_fg_k": 2.4263979799263806,
  "summary_fg_mad": 1258.2160193643222,
  "summary_fg_mean": 4585.226496134063,
  "summary_fg_median": 4227.47998046875,
  "summary_fg_n": 53645.0,
  "summary_fg_p05": 2446.009765625,
  "summary_fg_p95": 7994.009765625,
  "summary_fg_stdv": 1683.7752360351674,
  "tsnr": 57.03444135468453
}