{
  "aor": 0.00046235,
  "aqi": 0.00435407665,
  "bids_meta": {
    "EchoTime": 0.02996,
    "RepetitionTime": 3,
    "SliceEncodingDirection": "k",
    "SliceTiming": [
      0,
      1.54,
      0.07,
      1.61,
      0.14,
      1.68,
      0.21,
      1.75,
      0.28,
      1.82,
      0.35,
      1.89,
      0.42,
      1.96,
      0.49,
      2.03,
      0.56,
      2.1,
      0.63,
      2.17,
      0.7,
      2.24,
      0.77,
      2.31,
      0.84,
      2.38,
      0.91,
      2.45,
      0.98,
      2.52,
      1.05,
      2.59,
      1.12,
      2.66,
      1.19,
      2.73,
      1.26,
      2.8,
      1.33,
      2.87,
      1.4,
      2.94,
      1.47
    ],
    "TaskName": "rest",
    "dataset": "ds003592",
    "modality": "bold",
    "session_id": "1",
    "subject_id": "263",
    "task_id": "rest"
  },
  "dummy_trs": 0,
  "dvars_nstd": 20.5508412022613,
  "dvars_std": 1.0947489307035176,
  "dvars_vstd": 0.9506096101005023,
  "efc": 0.42546876602597744,
  "fber": 2960.395751953125,
  "fd_mean": 0.051013376092971255,
  "fd_num": 0,
  "fd_perc": 0.0,
  "fwhm_avg": 2.3279099343759975,
  "fwhm_x": 2.160497777777778,
  "fwhm_y": 2.3460088888888886,
  "fwhm_z": 2.4772231364613266,
  "gcor": 0.0391604,
  "gsr_x": 0.006570806261152029,
  "gsr_y": 0.010193711146712303,
  "provenance": {
    "md5sum": "1aa5ae7c7d9d0ee39c85dca5464ac427",
    "settings": {
      "fd_thres": 0.2,
      "testing": false
    },
    "software": "mriqc",
    "version": "23.1.0"
  },
  "size_t": 200,
  "size_x": 64,
  "size_y": 64,
  "size_z": 43,
  "snr": 3.3925282888418216,
  "spacing_tr": 3.0,
  "spacing_x": 3.375,
  "spacing_y": 3.375,
  "spacing_z": 3.000000238418579,
  "summary_bg_k": 39.8544999043873,
  "summary_bg_mad": 5.033435210507954,
  "summary_bg_mean": 28.063770199927863,
  "summary_bg_median": 11.13499927520752,
  "summary_bg_n": 148844.0,
  "summary_bg_p05": 7.079999923706055,
  "summary_bg_p95": 112.47000122070312,
  "summary_bg_stdv": 54.89858672603508,
  "summary_fg_k": 0.7131228208132394,
  "summary_fg_mad": 162.81565374729308,
  "summary_fg_mean": 626.5384499363632,
  "summary_fg_median": 605.8499755859375,
  "summary_fg_n": 27284.0,
  "summary_fg_p05": 362.0950012207031,
  "summary_fg_p95": 949.97998046875,
  "summary_fg_stdv": 178.5803451709988,
  "tsnr": 70.692964251386
}