{
  "aor": 0.0026966009852216746,
  "aqi": 0.008593482364532019,
  "bids_meta": {
    "EchoTime": 0.047,
    "RepetitionTime": 3.0,
    "SliceEncodingDirection": "k",
    "SliceTiming": [
      0.0,
      1.5,
      0.065,
      1.565,
      0.13,
      1.63,
      0.196,
      1.696,
      0.261,
      1.761,
      0.326,
      1.826,
      0.391,
      1.891,
      0.457,
      1.957,
      0.522,
      2.022,
      0.587,
      2.087,
      0.652,
      2.152,
      0.717,
      2.217,
      0.783,
      2.283,
      0.848,
      2.348,
      0.913,
      2.413,
      0.978,
      2.478,
      1.043,
      2.543,
      1.109,
      2.609,
      1.174,
      2.674,
      1.239,
      2.739,
      1.304,
      2.804,
      1.37,
      2.87,
      1.435,
      2.935
    ],
    "TaskName": "rest",
    "dataset": "ds003592",
    "modality": "bold",
    "session_id": "2",
    "subject_id": "146",
    "task_id": "rest"
  },
  "dummy_trs": 1,
  "dvars_nstd": 26.008159089603968,
  "dvars_std": 1.0480040130693073,
  "dvars_vstd": 0.9790318770792078,
  "efc": 0.43771675052230263,
  "fber": 10693.5869140625,
  "fd_mean": 0.11624042508923212,
  "fd_num": 35,
  "fd_perc": 17.24137931034483,
  "fwhm_avg": 2.2829687682845954,
  "fwhm_x": 2.2962466666666668,
  "fwhm_y": 2.4557398048353347,
  "fwhm_z": 2.0969198333517842,
  "gcor": 0.0333291,
  "gsr_x": -0.0075090136379003525,
  "gsr_y": 0.01837112382054329,
  "provenance": {
    "md5sum": "7848944128682156baa98665eebbc71f",
    "settings": {
      "fd_thres": 0.2,
      "testing": false
    },
    "software": "mriqc",
    "version": "23.1.0"
  },
  "size_t": 203,
  "size_x": 72,
  "size_y": 72,
  "size_z": 46,
  "snr": 3.5878607710543737,
  "spacing_tr": 3.0,
  "spacing_x": 3.0,
  "spacing_y": 3.000000238418579,
  "spacing_z": 3.000000238418579,
  "summary_bg_k": 28.235602486434736,
  "summary_bg_mad": 31.214984443102033,
  "summary_bg_mean": 89.32943361137863,
  "summary_bg_median": 23.620689392089844,
  "summary_bg_n": 193097.0,
  "summary_bg_p05": 0.8522167205810547,
  "summary_bg_p95": 426.3645324707031,
  "summary_bg_stdv": 196.30739946370895,
  "summary_fg_k": 0.4646224466555928,
  "summary_fg_mad": 627.9149782094573,
  "summary_fg_mean": 2470.9190076376085,
  "summary_fg_median": 2442.61083984375,
  "summary_fg_n": 45367.0,
  "summary_fg_p05": 1383.83740234375,
  "summary_fg_p95": 3658.536865234375,
  "summary_fg_stdv": 680.7911663777684,
  "tsnr": 42.63796728802845
}