{
  "aor": 0.0023704950495049503,
  "aqi": 0.003472986386138614,
  "bids_meta": {
    "EchoTime": 0.0137,
    "RepetitionTime": 3.0,
    "SliceEncodingDirection": "k",
    "SliceTiming": [
      0.0,
      1.5,
      0.065,
      1.565,
      0.13,
      1.63,
      0.196,
      1.696,
      0.261,
      1.761,
      0.326,
      1.826,
      0.391,
      1.891,
      0.457,
      1.957,
      0.522,
      2.022,
      0.587,
      2.087,
      0.652,
      2.152,
      0.717,
      2.217,
      0.783,
      2.283,
      0.848,
      2.348,
      0.913,
      2.413,
      0.978,
      2.478,
      1.043,
      2.543,
      1.109,
      2.609,
      1.174,
      2.674,
      1.239,
      2.739,
      1.304,
      2.804,
      1.37,
      2.87,
      1.435,
      2.935
    ],
    "TaskName": "rest",
    "dataset": "ds003592",
    "modality": "bold",
    "session_id": "2",
    "subject_id": "146",
    "task_id": "rest"
  },
  "dummy_trs": 2,
  "dvars_nstd": 14.782305859502486,
  "dvars_std": 1.1042929274129354,
  "dvars_vstd": 0.9759096587562198,
  "efc": 0.5066996257883346,
  "fber": 18352.935546875,
  "fd_mean": 0.12014230365654746,
  "fd_num": 37,
  "fd_perc": 18.316831683168317,
  "fwhm_avg": 3.0844764938509157,
  "fwhm_x": 2.7298533333333332,
  "fwhm_y": 3.084309754881083,
  "fwhm_z": 3.439266393338331,
  "gcor": 0.0285511,
  "gsr_x": -0.0032009100541472435,
  "gsr_y": 0.043031010776758194,
  "provenance": {
    "md5sum": "c9dac5568138b793d9da027f63be76da",
    "settings": {
      "fd_thres": 0.2,
      "testing": false
    },
    "software": "mriqc",
    "version": "23.1.0"
  },
  "size_t": 202,
  "size_x": 72,
  "size_y": 72,
  "size_z": 46,
  "snr": 3.355160726993247,
  "spacing_tr": 3.0,
  "spacing_x": 3.0,
  "spacing_y": 3.000000238418579,
  "spacing_z": 3.000000238418579,
  "summary_bg_k": 13.863459541681319,
  "summary_bg_mad": 50.144247072365054,
  "summary_bg_mean": 329.68060060825843,
  "summary_bg_median": 35.569305419921875,
  "summary_bg_n": 182784.0,
  "summary_bg_p05": 0.9504950046539307,
  "summary_bg_p95": 1890.4752197265625,
  "summary_bg_stdv": 709.7563984560703,
  "summary_fg_k": 0.49294895061252175,
  "summary_fg_mad": 1300.0696700539447,
  "summary_fg_mean": 5009.687942728486,
  "summary_fg_median": 4818.6806640625,
  "summary_fg_n": 55680.0,
  "summary_fg_p05": 2929.908447265625,
  "summary_fg_p95": 7655.819091796875,
  "summary_fg_stdv": 1436.1867537082135,
  "tsnr": 83.09805655572563
}