{
  "aor": 0.0019428499999999999,
  "aqi": 0.00211731287,
  "bids_meta": {
    "EchoTime": 0.014,
    "RepetitionTime": 3,
    "SliceEncodingDirection": "k",
    "SliceTiming": [
      0,
      1.5425,
      0.07,
      1.6125,
      0.14,
      1.6825,
      0.21,
      1.7525,
      0.28,
      1.8225,
      0.35,
      1.8925,
      0.42,
      1.9625,
      0.49,
      2.0325,
      0.56,
      2.1025,
      0.63,
      2.1725,
      0.7,
      2.2425,
      0.77,
      2.3125,
      0.84,
      2.3825,
      0.91,
      2.4525,
      0.98,
      2.5225,
      1.05,
      2.5925,
      1.12,
      2.6625,
      1.19,
      2.7325,
      1.26,
      2.8025,
      1.33,
      2.8725,
      1.4,
      2.9425,
      1.47
    ],
    "TaskName": "rest",
    "dataset": "ds003592",
    "modality": "bold",
    "session_id": "2",
    "subject_id": "278",
    "task_id": "rest"
  },
  "dummy_trs": 0,
  "dvars_nstd": 21.094729284321613,
  "dvars_std": 1.212228768894472,
  "dvars_vstd": 0.9958118117085422,
  "efc": 0.4812987581152247,
  "fber": 1693.3304443359375,
  "fd_mean": 0.11639280329321208,
  "fd_num": 20,
  "fd_perc": 10.0,
  "fwhm_avg": 3.726364726656959,
  "fwhm_x": 3.41122962962963,
  "fwhm_y": 3.773096296296296,
  "fwhm_z": 3.9947682540449514,
  "gcor": 0.0281707,
  "gsr_x": -0.0042241839691996574,
  "gsr_y": 0.06720630824565887,
  "provenance": {
    "md5sum": "7599247e8462789f1aec2f3b07930251",
    "settings": {
      "fd_thres": 0.2,
      "testing": false
    },
    "software": "mriqc",
    "version": "23.1.0"
  },
  "size_t": 200,
  "size_x": 64,
  "size_y": 64,
  "size_z": 43,
  "snr": 1.8057335628576994,
  "spacing_tr": 3.0,
  "spacing_x": 3.375,
  "spacing_y": 3.375,
  "spacing_z": 2.9999988079071045,
  "summary_bg_k": 24.21413405195223,
  "summary_bg_mad": 15.98986611427543,
  "summary_bg_mean": 75.66789819738925,
  "summary_bg_median": 20.020000457763672,
  "summary_bg_n": 139997.0,
  "summary_bg_p05": 8.3149995803833,
  "summary_bg_p95": 352.2049865722656,
  "summary_bg_stdv": 145.29745225957598,
  "summary_fg_k": 3.2245550791489137,
  "summary_fg_mad": 317.76606833888786,
  "summary_fg_mean": 957.8152802075831,
  "summary_fg_median": 823.824951171875,
  "summary_fg_n": 36131.0,
  "summary_fg_p05": 483.05999755859375,
  "summary_fg_p95": 1915.1300048828125,
  "summary_fg_stdv": 456.2209882510529,
  "tsnr": 95.73012184072286
}