{
  "bids_meta": {
    "EchoTime": 0.00252,
    "FlipAngle": 9,
    "RepetitionTime": 1.9,
    "dataset": "ds003592",
    "modality": "T1w",
    "session_id": "1",
    "subject_id": "243"
  },
  "cjv": 0.6688087878119259,
  "cnr": 1.4068319514563021,
  "efc": 0.5312157552712602,
  "fber": 28447.47510404281,
  "fwhm_avg": 4.328236666666666,
  "fwhm_x": 4.27299,
  "fwhm_y": 4.3629,
  "fwhm_z": 4.34882,
  "icvs_csf": 0.26321272271835466,
  "icvs_gm": 0.3771332515849897,
  "icvs_wm": 0.3596540256966556,
  "inu_med": 0.4336637854576111,
  "inu_range": 0.15426155924797058,
  "provenance": {
    "md5sum": "0772e033a5e74f427eaf1ecf4f0c4e4e",
    "settings": {
      "testing": false
    },
    "software": "mriqc",
    "version": "23.1.0",
    "warnings": {
      "large_rot_frame": true,
      "small_air_mask": false
    }
  },
  "qi_1": 0.0,
  "qi_2": 0.00221200954436682,
  "rpve_csf": 7.621472394063113,
  "rpve_gm": 7.496952676403585,
  "rpve_wm": 7.579693232076738,
  "size_x": 192,
  "size_y": 256,
  "size_z": 256,
  "snr_csf": 2.77295411163559,
  "snr_gm": 7.181019565823323,
  "snr_total": 7.30192335358726,
  "snr_wm": 11.951796383302867,
  "snrd_csf": 55.330521051618106,
  "snrd_gm": 86.7967478061905,
  "snrd_total": 83.39287830242371,
  "snrd_wm": 108.05136604946252,
  "spacing_x": 1.0,
  "spacing_y": 1.0,
  "spacing_z": 1.0,
  "summary_bg_k": 125.56880486444734,
  "summary_bg_mad": 0.0,
  "summary_bg_mean": 2.4630957207981585,
  "summary_bg_median": 0.0,
  "summary_bg_n": 4067766.0,
  "summary_bg_p05": 0.0,
  "summary_bg_p95": 10.177259519696236,
  "summary_bg_stdv": 5.735862467893196,
  "summary_csf_k": 0.023635861449931905,
  "summary_csf_mad": 140.19619232926544,
  "summary_csf_mean": 499.9110235217831,
  "summary_csf_median": 484.43081323057413,
  "summary_csf_n": 429251.7831094733,
  "summary_csf_p05": 257.19484984874725,
  "summary_csf_p95": 786.0416499897838,
  "summary_csf_stdv": 174.69825660800765,
  "summary_gm_k": -0.26025780497349693,
  "summary_gm_mad": 64.15249855694114,
  "summary_gm_mean": 765.043050951923,
  "summary_gm_median": 759.9245104938745,
  "summary_gm_n": 615035.3183571307,
  "summary_gm_p05": 592.2356251627207,
  "summary_gm_p95": 960.6726394966245,
  "summary_gm_stdv": 105.82395518332909,
  "summary_wm_k": -0.37546484653396384,
  "summary_wm_mad": 60.30534716372893,
  "summary_wm_mean": 928.404934969921,
  "summary_wm_median": 946.0133418440819,
  "summary_wm_n": 586529.8996127294,
  "summary_wm_p05": 775.9991886094213,
  "summary_wm_p95": 1032.5200477614999,
  "summary_wm_stdv": 79.15233033219845,
  "tpm_overlap_csf": 0.20847600716515705,
  "tpm_overlap_gm": 0.5182495866304563,
  "tpm_overlap_wm": 0.5544789520663793,
  "wm2max": 0.4921976364975278
}