{
  "aor": 0.0017300492610837438,
  "aqi": 0.0036212412807881773,
  "bids_meta": {
    "EchoTime": 0.03,
    "RepetitionTime": 3.0,
    "SliceEncodingDirection": "k",
    "SliceTiming": [
      0.0,
      1.5,
      0.065,
      1.565,
      0.13,
      1.63,
      0.196,
      1.696,
      0.261,
      1.761,
      0.326,
      1.826,
      0.391,
      1.891,
      0.457,
      1.957,
      0.522,
      2.022,
      0.587,
      2.087,
      0.652,
      2.152,
      0.717,
      2.217,
      0.783,
      2.283,
      0.848,
      2.348,
      0.913,
      2.413,
      0.978,
      2.478,
      1.043,
      2.543,
      1.109,
      2.609,
      1.174,
      2.674,
      1.239,
      2.739,
      1.304,
      2.804,
      1.37,
      2.87,
      1.435,
      2.935
    ],
    "TaskName": "rest",
    "dataset": "ds003592",
    "modality": "bold",
    "session_id": "1",
    "subject_id": "93",
    "task_id": "rest"
  },
  "dummy_trs": 1,
  "dvars_nstd": 17.394083599158414,
  "dvars_std": 1.0725213133663365,
  "dvars_vstd": 0.9557313956435639,
  "efc": 0.46267247056917493,
  "fber": 19254.849609375,
  "fd_mean": 0.052762665040567897,
  "fd_num": 0,
  "fd_perc": 0.0,
  "fwhm_avg": 2.805012222222222,
  "fwhm_x": 2.59888,
  "fwhm_y": 2.9292466666666663,
  "fwhm_z": 2.88691,
  "gcor": 0.0171713,
  "gsr_x": -0.008313885889947414,
  "gsr_y": 0.036876145750284195,
  "provenance": {
    "md5sum": "324839836e27b20f14b8c2c120cc97d4",
    "settings": {
      "fd_thres": 0.2,
      "testing": false
    },
    "software": "mriqc",
    "version": "23.1.0"
  },
  "size_t": 203,
  "size_x": 72,
  "size_y": 72,
  "size_z": 46,
  "snr": 3.30993859463651,
  "spacing_tr": 3.0,
  "spacing_x": 3.0,
  "spacing_y": 3.0,
  "spacing_z": 3.0,
  "summary_bg_k": 29.47808514397159,
  "summary_bg_mad": 35.765039759071584,
  "summary_bg_mean": 157.1230763831017,
  "summary_bg_median": 26.0,
  "summary_bg_n": 187680.0,
  "summary_bg_p05": 0.7980295419692993,
  "summary_bg_p95": 818.6502380371094,
  "summary_bg_stdv": 354.7739492020491,
  "summary_fg_k": 0.7445982305119832,
  "summary_fg_mad": 975.1832380575048,
  "summary_fg_mean": 3733.977414188793,
  "summary_fg_median": 3607.807861328125,
  "summary_fg_n": 50784.0,
  "summary_fg_p05": 2140.857177734375,
  "summary_fg_p95": 5738.546875,
  "summary_fg_stdv": 1089.9816527991545,
  "tsnr": 64.23619488347322
}