{
  "aor": 0.002350445544554456,
  "aqi": 0.0027763460148514853,
  "bids_meta": {
    "EchoTime": 0.0137,
    "RepetitionTime": 3.0,
    "SliceEncodingDirection": "k",
    "SliceTiming": [
      0.0,
      1.5,
      0.065,
      1.565,
      0.13,
      1.63,
      0.196,
      1.696,
      0.261,
      1.761,
      0.326,
      1.826,
      0.391,
      1.891,
      0.457,
      1.957,
      0.522,
      2.022,
      0.587,
      2.087,
      0.652,
      2.152,
      0.717,
      2.217,
      0.783,
      2.283,
      0.848,
      2.348,
      0.913,
      2.413,
      0.978,
      2.478,
      1.043,
      2.543,
      1.109,
      2.609,
      1.174,
      2.674,
      1.239,
      2.739,
      1.304,
      2.804,
      1.37,
      2.87,
      1.435,
      2.935
    ],
    "TaskName": "rest",
    "dataset": "ds003592",
    "modality": "bold",
    "session_id": "1",
    "subject_id": "93",
    "task_id": "rest"
  },
  "dummy_trs": 2,
  "dvars_nstd": 17.585761089353234,
  "dvars_std": 1.4157385266666667,
  "dvars_vstd": 0.9567843246766167,
  "efc": 0.5150890480827989,
  "fber": 18468.30078125,
  "fd_mean": 0.05496521530910378,
  "fd_num": 0,
  "fd_perc": 0.0,
  "fwhm_avg": 2.9444966666666663,
  "fwhm_x": 2.5178066666666665,
  "fwhm_y": 3.0122366666666665,
  "fwhm_z": 3.3034466666666664,
  "gcor": 0.0129863,
  "gsr_x": -0.020957717671990395,
  "gsr_y": 0.0783914253115654,
  "provenance": {
    "md5sum": "cc6414514a1522ab2ce8b1864aec5b88",
    "settings": {
      "fd_thres": 0.2,
      "testing": false
    },
    "software": "mriqc",
    "version": "23.1.0"
  },
  "size_t": 202,
  "size_x": 72,
  "size_y": 72,
  "size_z": 46,
  "snr": 3.214995060522498,
  "spacing_tr": 3.0,
  "spacing_x": 3.0,
  "spacing_y": 3.0,
  "spacing_z": 3.0,
  "summary_bg_k": 12.081914703487199,
  "summary_bg_mad": 51.399320102448584,
  "summary_bg_mean": 350.457330095848,
  "summary_bg_median": 36.10395812988281,
  "summary_bg_n": 180783.0,
  "summary_bg_p05": 0.5891088843345642,
  "summary_bg_p95": 1970.9207763671875,
  "summary_bg_stdv": 732.2684688333791,
  "summary_fg_k": 0.945838251248118,
  "summary_fg_mad": 1337.4244772441027,
  "summary_fg_mean": 5116.118747183852,
  "summary_fg_median": 4906.46044921875,
  "summary_fg_n": 57681.0,
  "summary_fg_p05": 2885.123779296875,
  "summary_fg_p95": 7904.0244140625,
  "summary_fg_stdv": 1526.1043409639713,
  "tsnr": 86.10655484069139
}