{
  "bids_meta": {
    "EchoTime": 0.0034,
    "FlipAngle": 7,
    "RepetitionTime": 2.53,
    "dataset": "ds003592",
    "modality": "T1w",
    "session_id": "1",
    "subject_id": "208"
  },
  "cjv": 0.5389258208558398,
  "cnr": 1.818252726003833,
  "efc": 0.6032089080285071,
  "fber": -1.0,
  "fwhm_avg": 4.3135699999999995,
  "fwhm_x": 4.4219,
  "fwhm_y": 4.33157,
  "fwhm_z": 4.18724,
  "icvs_csf": 0.26346442077325555,
  "icvs_gm": 0.3834210427939013,
  "icvs_wm": 0.35311453643284296,
  "inu_med": 0.7400709390640259,
  "inu_range": 0.5922041684389114,
  "provenance": {
    "md5sum": "7a43a3c78a3b996ab44bc338eddb2d52",
    "settings": {
      "testing": false
    },
    "software": "mriqc",
    "version": "23.1.0",
    "warnings": {
      "large_rot_frame": true,
      "small_air_mask": false
    }
  },
  "qi_1": 0.0,
  "qi_2": 0.0013270211281800912,
  "rpve_csf": 6.313865740580301,
  "rpve_gm": 6.234410569700461,
  "rpve_wm": 6.330726364225661,
  "size_x": 176,
  "size_y": 256,
  "size_z": 256,
  "snr_csf": 1.8184556208113218,
  "snr_gm": 5.223569530449978,
  "snr_total": 6.335545289845524,
  "snr_wm": 11.964610718275274,
  "snrd_csf": 50.79088085684723,
  "snrd_gm": 92.70823428625768,
  "snrd_total": 91.37078776243133,
  "snrd_wm": 130.61324814418907,
  "spacing_x": 1.0,
  "spacing_y": 1.0,
  "spacing_z": 1.0,
  "summary_bg_k": 21.64292227344776,
  "summary_bg_mad": 0.0,
  "summary_bg_mean": 1.9026964530544774,
  "summary_bg_median": 0.0,
  "summary_bg_n": 2903486.0,
  "summary_bg_p05": 0.0,
  "summary_bg_p95": 11.416861832141876,
  "summary_bg_stdv": 4.8701575770165055,
  "summary_csf_k": -0.6826827668634268,
  "summary_csf_mad": 173.076351963111,
  "summary_csf_mean": 397.44261398186563,
  "summary_csf_median": 377.569607257843,
  "summary_csf_n": 473468.22234838316,
  "summary_csf_p05": 105.38641691207886,
  "summary_csf_p95": 735.5256313681602,
  "summary_csf_stdv": 207.63179711895853,
  "summary_gm_k": -0.5898322682183763,
  "summary_gm_mad": 93.12076780182984,
  "summary_gm_mean": 697.2612180368284,
  "summary_gm_median": 689.1751239299774,
  "summary_gm_n": 689040.5885158511,
  "summary_gm_p05": 491.12021881341934,
  "summary_gm_p95": 952.088212788105,
  "summary_gm_stdv": 131.93557007612048,
  "summary_wm_k": 0.0011987237820569874,
  "summary_wm_mad": 58.73697316552499,
  "summary_wm_mean": 955.108135046308,
  "summary_wm_median": 970.9536824822426,
  "summary_wm_n": 634577.1901934281,
  "summary_wm_p05": 791.2112936377525,
  "summary_wm_p95": 1061.507937014103,
  "summary_wm_stdv": 81.15206924024785,
  "tpm_overlap_csf": 0.20720559951777529,
  "tpm_overlap_gm": 0.5245774810674588,
  "tpm_overlap_wm": 0.5345550494552478,
  "wm2max": 0.6740708098389836
}