{
  "aor": 0.00107155,
  "aqi": 0.00450224035,
  "bids_meta": {
    "EchoTime": 0.02996,
    "RepetitionTime": 3,
    "SliceEncodingDirection": "k",
    "SliceTiming": [
      0,
      1.54,
      0.07,
      1.61,
      0.14,
      1.68,
      0.21,
      1.75,
      0.28,
      1.82,
      0.35,
      1.89,
      0.42,
      1.96,
      0.49,
      2.03,
      0.56,
      2.1,
      0.63,
      2.17,
      0.7,
      2.24,
      0.77,
      2.31,
      0.84,
      2.38,
      0.91,
      2.45,
      0.98,
      2.52,
      1.05,
      2.59,
      1.12,
      2.66,
      1.19,
      2.73,
      1.26,
      2.8,
      1.33,
      2.87,
      1.4,
      2.94,
      1.47
    ],
    "TaskName": "rest",
    "dataset": "ds003592",
    "modality": "bold",
    "session_id": "1",
    "subject_id": "259",
    "task_id": "rest"
  },
  "dummy_trs": 0,
  "dvars_nstd": 24.792550273618087,
  "dvars_std": 1.0146081817085426,
  "dvars_vstd": 0.9641512422110552,
  "efc": 0.4970803685115403,
  "fber": 896.0933227539062,
  "fd_mean": 0.07295842042218414,
  "fd_num": 2,
  "fd_perc": 1.0,
  "fwhm_avg": 2.451310654007267,
  "fwhm_x": 2.164871111111111,
  "fwhm_y": 2.445955555555556,
  "fwhm_z": 2.743105295355134,
  "gcor": 0.0199552,
  "gsr_x": -0.005064403638243675,
  "gsr_y": 0.05391741544008255,
  "provenance": {
    "md5sum": "46e6fc70add7063e69f2b2cabb55478b",
    "settings": {
      "fd_thres": 0.2,
      "testing": false
    },
    "software": "mriqc",
    "version": "23.1.0"
  },
  "size_t": 200,
  "size_x": 64,
  "size_y": 64,
  "size_z": 43,
  "snr": 2.3627199773725613,
  "spacing_tr": 3.0,
  "spacing_x": 3.375,
  "spacing_y": 3.375,
  "spacing_z": 2.999997854232788,
  "summary_bg_k": 126.34876550455382,
  "summary_bg_mad": 10.489410413143203,
  "summary_bg_mean": 36.99146506766721,
  "summary_bg_median": 16.184999465942383,
  "summary_bg_n": 138683.0,
  "summary_bg_p05": 7.739999771118164,
  "summary_bg_p95": 136.864990234375,
  "summary_bg_stdv": 65.25586924370849,
  "summary_fg_k": 3.264131080584419,
  "summary_fg_mad": 169.10560542311464,
  "summary_fg_mean": 520.2208066116779,
  "summary_fg_median": 484.4949951171875,
  "summary_fg_n": 37445.0,
  "summary_fg_p05": 260.489990234375,
  "summary_fg_p95": 899.8599853515625,
  "summary_fg_stdv": 205.0554150691235,
  "tsnr": 48.33063382282853
}