{
  "aor": 0.003021133004926108,
  "aqi": 0.00348563236453202,
  "bids_meta": {
    "EchoTime": 0.03,
    "RepetitionTime": 3.0,
    "SliceEncodingDirection": "k",
    "SliceTiming": [
      0.0,
      1.5,
      0.065,
      1.565,
      0.13,
      1.63,
      0.196,
      1.696,
      0.261,
      1.761,
      0.326,
      1.826,
      0.391,
      1.891,
      0.457,
      1.957,
      0.522,
      2.022,
      0.587,
      2.087,
      0.652,
      2.152,
      0.717,
      2.217,
      0.783,
      2.283,
      0.848,
      2.348,
      0.913,
      2.413,
      0.978,
      2.478,
      1.043,
      2.543,
      1.109,
      2.609,
      1.174,
      2.674,
      1.239,
      2.739,
      1.304,
      2.804,
      1.37,
      2.87,
      1.435,
      2.935
    ],
    "TaskName": "rest",
    "dataset": "ds003592",
    "modality": "bold",
    "session_id": "1",
    "subject_id": "231",
    "task_id": "rest"
  },
  "dummy_trs": 1,
  "dvars_nstd": 16.249256384504932,
  "dvars_std": 1.0434676775247524,
  "dvars_vstd": 0.961192555742574,
  "efc": 0.5110032146986134,
  "fber": 8977.1337890625,
  "fd_mean": 0.0500820990235649,
  "fd_num": 1,
  "fd_perc": 0.49261083743842365,
  "fwhm_avg": 3.0823199999999997,
  "fwhm_x": 2.9857033333333334,
  "fwhm_y": 3.1758699999999997,
  "fwhm_z": 3.0853866666666665,
  "gcor": 0.0164643,
  "gsr_x": -0.0005906526348553598,
  "gsr_y": 0.050202496349811554,
  "provenance": {
    "md5sum": "d6ab1e99f176ef095f07b9170e76c209",
    "settings": {
      "fd_thres": 0.2,
      "testing": false
    },
    "software": "mriqc",
    "version": "23.1.0"
  },
  "size_t": 203,
  "size_x": 72,
  "size_y": 72,
  "size_z": 46,
  "snr": 2.8983496207542845,
  "spacing_tr": 3.0,
  "spacing_x": 3.0,
  "spacing_y": 3.0,
  "spacing_z": 3.0,
  "summary_bg_k": 14.938987465104937,
  "summary_bg_mad": 52.36579993543326,
  "summary_bg_mean": 208.92227763248007,
  "summary_bg_median": 36.93595886230469,
  "summary_bg_n": 178138.0,
  "summary_bg_p05": 0.9556649923324585,
  "summary_bg_p95": 1079.16259765625,
  "summary_bg_stdv": 399.48863928589446,
  "summary_fg_k": 0.5316346292843557,
  "summary_fg_mad": 1105.8348438375692,
  "summary_fg_mean": 3693.993535502308,
  "summary_fg_median": 3499.5985107421875,
  "summary_fg_n": 60326.0,
  "summary_fg_p05": 2022.39404296875,
  "summary_fg_p95": 6013.2509765625,
  "summary_fg_stdv": 1207.435252061852,
  "tsnr": 58.51658901432529
}