{
  "aor": 0.0011647290640394085,
  "aqi": 0.006711908669950738,
  "bids_meta": {
    "EchoTime": 0.03,
    "RepetitionTime": 3.0,
    "SliceEncodingDirection": "k",
    "SliceTiming": [
      0.0,
      1.5,
      0.065,
      1.565,
      0.13,
      1.63,
      0.196,
      1.696,
      0.261,
      1.761,
      0.326,
      1.826,
      0.391,
      1.891,
      0.457,
      1.957,
      0.522,
      2.022,
      0.587,
      2.087,
      0.652,
      2.152,
      0.717,
      2.217,
      0.783,
      2.283,
      0.848,
      2.348,
      0.913,
      2.413,
      0.978,
      2.478,
      1.043,
      2.543,
      1.109,
      2.609,
      1.174,
      2.674,
      1.239,
      2.739,
      1.304,
      2.804,
      1.37,
      2.87,
      1.435,
      2.935
    ],
    "TaskName": "rest",
    "dataset": "ds003592",
    "modality": "bold",
    "session_id": "1",
    "subject_id": "236",
    "task_id": "rest"
  },
  "dummy_trs": 1,
  "dvars_nstd": 24.77782669633662,
  "dvars_std": 1.1606029645544547,
  "dvars_vstd": 0.9648054767821781,
  "efc": 0.4769609155032944,
  "fber": 12199.94921875,
  "fd_mean": 0.09010810263069469,
  "fd_num": 6,
  "fd_perc": 2.955665024630542,
  "fwhm_avg": 2.7488166666666665,
  "fwhm_x": 2.704493333333333,
  "fwhm_y": 2.82239,
  "fwhm_z": 2.7195666666666667,
  "gcor": 0.0948582,
  "gsr_x": -0.0019647241570055485,
  "gsr_y": 0.03002212941646576,
  "provenance": {
    "md5sum": "3f6da54bda0ad7fde560fb072f585c82",
    "settings": {
      "fd_thres": 0.2,
      "testing": false
    },
    "software": "mriqc",
    "version": "23.1.0"
  },
  "size_t": 203,
  "size_x": 72,
  "size_y": 72,
  "size_z": 46,
  "snr": 3.342927338085505,
  "spacing_tr": 3.0,
  "spacing_x": 3.0,
  "spacing_y": 3.0,
  "spacing_z": 3.0,
  "summary_bg_k": 27.81074634170959,
  "summary_bg_mad": 43.886486105379774,
  "summary_bg_mean": 180.8468726362566,
  "summary_bg_median": 31.01477813720703,
  "summary_bg_n": 187226.0,
  "summary_bg_p05": 0.7733989953994751,
  "summary_bg_p95": 966.418701171875,
  "summary_bg_stdv": 393.7278214794352,
  "summary_fg_k": 0.5990373736262966,
  "summary_fg_mad": 933.9628423926079,
  "summary_fg_mean": 3549.4225370106305,
  "summary_fg_median": 3425.6871337890625,
  "summary_fg_n": 51238.0,
  "summary_fg_p05": 2034.147705078125,
  "summary_fg_p95": 5449.443359375,
  "summary_fg_stdv": 1024.7466839714857,
  "tsnr": 54.57911270100158
}