{
  "aor": 0.0005524,
  "aqi": 0.006318415150000001,
  "bids_meta": {
    "EchoTime": 0.04592,
    "RepetitionTime": 3,
    "SliceEncodingDirection": "k",
    "SliceTiming": [
      0,
      1.54,
      0.07,
      1.61,
      0.14,
      1.68,
      0.21,
      1.75,
      0.28,
      1.82,
      0.35,
      1.89,
      0.42,
      1.96,
      0.49,
      2.03,
      0.56,
      2.1,
      0.63,
      2.17,
      0.7,
      2.24,
      0.77,
      2.31,
      0.84,
      2.38,
      0.91,
      2.45,
      0.98,
      2.52,
      1.05,
      2.5925,
      1.12,
      2.6625,
      1.19,
      2.7325,
      1.26,
      2.8025,
      1.33,
      2.8725,
      1.4,
      2.9425,
      1.47
    ],
    "TaskName": "rest",
    "dataset": "ds003592",
    "modality": "bold",
    "session_id": "1",
    "subject_id": "277",
    "task_id": "rest"
  },
  "dummy_trs": 0,
  "dvars_nstd": 23.712099362814065,
  "dvars_std": 0.9876808245728649,
  "dvars_vstd": 0.9261242606532661,
  "efc": 0.4443442432325716,
  "fber": 1422.0540771484375,
  "fd_mean": 0.03941587576269251,
  "fd_num": 0,
  "fd_perc": 0.0,
  "fwhm_avg": 2.0278415949072843,
  "fwhm_x": 1.943105185185185,
  "fwhm_y": 1.9995792592592592,
  "fwhm_z": 2.140840340277408,
  "gcor": 0.0171436,
  "gsr_x": -0.008281245827674866,
  "gsr_y": 0.019452180713415146,
  "provenance": {
    "md5sum": "0932b7072533517ec51e2e47c12cde8c",
    "settings": {
      "fd_thres": 0.2,
      "testing": false
    },
    "software": "mriqc",
    "version": "23.1.0"
  },
  "size_t": 200,
  "size_x": 64,
  "size_y": 64,
  "size_z": 43,
  "snr": 2.5158965681731926,
  "spacing_tr": 3.0,
  "spacing_x": 3.375,
  "spacing_y": 3.375,
  "spacing_z": 2.999999523162842,
  "summary_bg_k": 44.93918642425841,
  "summary_bg_mad": 5.203934126295381,
  "summary_bg_mean": 21.343284741893058,
  "summary_bg_median": 11.694999694824219,
  "summary_bg_n": 143791.0,
  "summary_bg_p05": 6.869999885559082,
  "summary_bg_p95": 71.9749984741211,
  "summary_bg_stdv": 33.169569000946666,
  "summary_fg_k": 2.6782437384836895,
  "summary_fg_mad": 141.01769553462304,
  "summary_fg_mean": 475.8681016841868,
  "summary_fg_median": 441.0199890136719,
  "summary_fg_n": 32337.0,
  "summary_fg_p05": 254.63999938964844,
  "summary_fg_p95": 810.8699951171875,
  "summary_fg_stdv": 175.29065996450697,
  "tsnr": 48.0705708861351
}