{
  "aor": 0.005552871287128713,
  "aqi": 0.004390806287128713,
  "bids_meta": {
    "EchoTime": 0.0137,
    "RepetitionTime": 3.0,
    "SliceEncodingDirection": "k",
    "SliceTiming": [
      0.0,
      1.5,
      0.065,
      1.565,
      0.13,
      1.63,
      0.196,
      1.696,
      0.261,
      1.761,
      0.326,
      1.826,
      0.391,
      1.891,
      0.457,
      1.957,
      0.522,
      2.022,
      0.587,
      2.087,
      0.652,
      2.152,
      0.717,
      2.217,
      0.783,
      2.283,
      0.848,
      2.348,
      0.913,
      2.413,
      0.978,
      2.478,
      1.043,
      2.543,
      1.109,
      2.609,
      1.174,
      2.674,
      1.239,
      2.739,
      1.304,
      2.804,
      1.37,
      2.87,
      1.435,
      2.935
    ],
    "TaskName": "rest",
    "dataset": "ds003592",
    "modality": "bold",
    "session_id": "1",
    "subject_id": "84",
    "task_id": "rest"
  },
  "dummy_trs": 2,
  "dvars_nstd": 29.567784992238817,
  "dvars_std": 1.9864843075621892,
  "dvars_vstd": 1.0046117990049748,
  "efc": 0.5143156182473978,
  "fber": 9375.3759765625,
  "fd_mean": 0.10256501174936675,
  "fd_num": 19,
  "fd_perc": 9.405940594059405,
  "fwhm_avg": 3.2300977777777775,
  "fwhm_x": 3.0317133333333337,
  "fwhm_y": 3.1774133333333334,
  "fwhm_z": 3.4811666666666667,
  "gcor": 0.0224443,
  "gsr_x": -0.005517750978469849,
  "gsr_y": 0.058582231402397156,
  "provenance": {
    "md5sum": "80a9470b94fc04525bf6bdfed538ee4d",
    "settings": {
      "fd_thres": 0.2,
      "testing": false
    },
    "software": "mriqc",
    "version": "23.1.0"
  },
  "size_t": 202,
  "size_x": 72,
  "size_y": 72,
  "size_z": 46,
  "snr": 3.078513517346801,
  "spacing_tr": 3.0,
  "spacing_x": 3.0,
  "spacing_y": 3.0,
  "spacing_z": 3.0,
  "summary_bg_k": 9.955272113516916,
  "summary_bg_mad": 70.24011236483871,
  "summary_bg_mean": 436.5064439746332,
  "summary_bg_median": 48.8564338684082,
  "summary_bg_n": 187074.0,
  "summary_bg_p05": 0.9009900689125061,
  "summary_bg_p95": 2378.25732421875,
  "summary_bg_stdv": 882.6373242494293,
  "summary_fg_k": 0.9581408831273328,
  "summary_fg_mad": 1341.7991672863045,
  "summary_fg_mean": 4962.43984750882,
  "summary_fg_median": 4730.598876953125,
  "summary_fg_n": 51390.0,
  "summary_fg_p05": 2772.32177734375,
  "summary_fg_p95": 7854.9453125,
  "summary_fg_stdv": 1536.6354000462045,
  "tsnr": 80.8414196013473
}