{
  "bids_meta": {
    "EchoTime": 0.0034,
    "FlipAngle": 7,
    "RepetitionTime": 2.53,
    "dataset": "ds003592",
    "modality": "T1w",
    "session_id": "1",
    "subject_id": "140"
  },
  "cjv": 0.7088255718814798,
  "cnr": 1.2004364597146595,
  "efc": 0.5824554964801852,
  "fber": -1.0,
  "fwhm_avg": 4.354326666666666,
  "fwhm_x": 4.55128,
  "fwhm_y": 4.18896,
  "fwhm_z": 4.32274,
  "icvs_csf": 0.25655951975565444,
  "icvs_gm": 0.37198884455853237,
  "icvs_wm": 0.37145163568581324,
  "inu_med": 0.8934329152107239,
  "inu_range": 0.7698843598365783,
  "provenance": {
    "md5sum": "847a79d3f1947f116aa9724441b90fa8",
    "settings": {
      "testing": false
    },
    "software": "mriqc",
    "version": "23.1.0",
    "warnings": {
      "large_rot_frame": true,
      "small_air_mask": false
    }
  },
  "qi_1": 0.0,
  "qi_2": 0.0017320882530908425,
  "rpve_csf": 6.941384751691472,
  "rpve_gm": 6.8019754715249245,
  "rpve_wm": 6.893135766074617,
  "size_x": 176,
  "size_y": 256,
  "size_z": 256,
  "snr_csf": 1.6729425642894764,
  "snr_gm": 4.187121130320106,
  "snr_total": 4.916950863169731,
  "snr_wm": 8.890788894899611,
  "snrd_csf": 9.478159259258984,
  "snrd_gm": 19.98776162831612,
  "snrd_total": 18.759088478760155,
  "snrd_wm": 26.81134454870536,
  "spacing_x": 1.0,
  "spacing_y": 1.0,
  "spacing_z": 1.0,
  "summary_bg_k": 1054.7778319823408,
  "summary_bg_mad": 0.0,
  "summary_bg_mean": 5.1675776510962,
  "summary_bg_median": 0.0,
  "summary_bg_n": 2824741.0,
  "summary_bg_p05": 0.0,
  "summary_bg_p95": 24.570881366729736,
  "summary_bg_stdv": 23.10545671429971,
  "summary_csf_k": -0.666382811645799,
  "summary_csf_mad": 166.12585952938858,
  "summary_csf_mean": 367.1842093133458,
  "summary_csf_median": 334.27725660800934,
  "summary_csf_n": 420306.067576607,
  "summary_csf_p05": 100.15683734416962,
  "summary_csf_p95": 719.5695878267288,
  "summary_csf_stdv": 199.81370913975005,
  "summary_gm_k": 1.443655149203579,
  "summary_gm_mad": 89.52194452089137,
  "summary_gm_mean": 710.4438215197674,
  "summary_gm_median": 704.9316159486771,
  "summary_gm_n": 609407.0046111263,
  "summary_gm_p05": 426.41806173324585,
  "summary_gm_p95": 996.776180267334,
  "summary_gm_stdv": 168.35697263897777,
  "summary_wm_k": 0.025428039066244246,
  "summary_wm_mad": 81.0606351902732,
  "summary_wm_mean": 928.5752078889416,
  "summary_wm_median": 945.586844086647,
  "summary_wm_n": 608526.927547625,
  "summary_wm_p05": 730.417370557785,
  "summary_wm_p95": 1081.2059109210968,
  "summary_wm_stdv": 106.35569895055886,
  "tpm_overlap_csf": 0.21621206045059196,
  "tpm_overlap_gm": 0.5232458381121036,
  "tpm_overlap_wm": 0.5445310509713184,
  "wm2max": 0.4374082718529063
}