{
  "bids_meta": {
    "EchoTime": 0.0034,
    "FlipAngle": 7,
    "RepetitionTime": 2.53,
    "dataset": "ds003592",
    "modality": "T1w",
    "session_id": "1",
    "subject_id": "30"
  },
  "cjv": 0.5741880674671627,
  "cnr": 1.6196290825582786,
  "efc": 0.622665896849814,
  "fber": -1.0,
  "fwhm_avg": 4.0606,
  "fwhm_x": 4.14271,
  "fwhm_y": 4.07988,
  "fwhm_z": 3.95921,
  "icvs_csf": 0.2679322704670406,
  "icvs_gm": 0.3824927111057897,
  "icvs_wm": 0.3495750184271697,
  "inu_med": 0.798880010843277,
  "inu_range": 0.6116909235715866,
  "provenance": {
    "md5sum": "a282c98c2306d4b5338f9cddf528af4b",
    "settings": {
      "testing": false
    },
    "software": "mriqc",
    "version": "23.1.0",
    "warnings": {
      "large_rot_frame": true,
      "small_air_mask": false
    }
  },
  "qi_1": 0.0,
  "qi_2": 0.0011695535416649516,
  "rpve_csf": 6.955937637147928,
  "rpve_gm": 6.852191218920927,
  "rpve_wm": 6.951809914760073,
  "size_x": 176,
  "size_y": 256,
  "size_z": 256,
  "snr_csf": 1.935969967636657,
  "snr_gm": 5.071712558922659,
  "snr_total": 5.461670222860097,
  "snr_wm": 9.377328142020975,
  "snrd_csf": 47.49735604124749,
  "snrd_gm": 82.39124699260256,
  "snrd_total": 81.76905940469382,
  "snrd_wm": 115.41857518023141,
  "spacing_x": 1.0,
  "spacing_y": 1.0,
  "spacing_z": 1.0,
  "summary_bg_k": 19.81840603574882,
  "summary_bg_mad": 0.0,
  "summary_bg_mean": 1.837422852787229,
  "summary_bg_median": 0.0,
  "summary_bg_n": 3161322.0,
  "summary_bg_p05": 0.0,
  "summary_bg_p95": 13.900385972112417,
  "summary_bg_stdv": 5.4236163272577596,
  "summary_csf_k": -0.7211889782990291,
  "summary_csf_mad": 161.29026222180175,
  "summary_csf_mean": 404.94477154285977,
  "summary_csf_median": 393.2119108736515,
  "summary_csf_n": 437355.4908728285,
  "summary_csf_p05": 107.9608141258359,
  "summary_csf_p95": 731.8225537724793,
  "summary_csf_stdv": 203.10824440106583,
  "summary_gm_k": -0.3544188088141831,
  "summary_gm_mad": 87.80449595270565,
  "summary_gm_mean": 690.1772532107249,
  "summary_gm_median": 682.0846962742507,
  "summary_gm_n": 624356.6224006976,
  "summary_gm_p05": 477.02813398092985,
  "summary_gm_p95": 949.4687956683338,
  "summary_gm_stdv": 134.48793521312513,
  "summary_wm_k": -0.07770458170293448,
  "summary_wm_mad": 69.19014736401324,
  "summary_wm_mean": 929.7629900715098,
  "summary_wm_median": 955.5049434229732,
  "summary_wm_n": 570623.8875764698,
  "summary_wm_p05": 724.7516378313303,
  "summary_wm_p95": 1058.1194552518427,
  "summary_wm_stdv": 101.89513384895226,
  "tpm_overlap_csf": 0.20701346420850744,
  "tpm_overlap_gm": 0.527786582016505,
  "tpm_overlap_wm": 0.5374094036980251,
  "wm2max": 0.5538775477152238
}