{
  "aor": 0.0022103999999999995,
  "aqi": 0.0041197262,
  "bids_meta": {
    "EchoTime": 0.04592,
    "RepetitionTime": 3,
    "SliceEncodingDirection": "k",
    "SliceTiming": [
      0,
      1.54,
      0.07,
      1.61,
      0.14,
      1.68,
      0.21,
      1.75,
      0.28,
      1.82,
      0.35,
      1.89,
      0.42,
      1.96,
      0.49,
      2.03,
      0.56,
      2.1,
      0.63,
      2.17,
      0.7,
      2.24,
      0.77,
      2.31,
      0.84,
      2.38,
      0.91,
      2.45,
      0.98,
      2.52,
      1.05,
      2.5925,
      1.12,
      2.6625,
      1.19,
      2.7325,
      1.26,
      2.8025,
      1.33,
      2.8725,
      1.4,
      2.9425,
      1.47
    ],
    "TaskName": "rest",
    "dataset": "ds003592",
    "modality": "bold",
    "session_id": "1",
    "subject_id": "300",
    "task_id": "rest"
  },
  "dummy_trs": 0,
  "dvars_nstd": 25.939653204773872,
  "dvars_std": 1.0746876639698488,
  "dvars_vstd": 0.9960560395477384,
  "efc": 0.4478337531911446,
  "fber": 1299.4569091796875,
  "fd_mean": 0.081263757828942,
  "fd_num": 13,
  "fd_perc": 6.5,
  "fwhm_avg": 2.100637096046876,
  "fwhm_x": 1.9713066666666665,
  "fwhm_y": 2.1030577777777775,
  "fwhm_z": 2.2275468436961843,
  "gcor": 0.0193865,
  "gsr_x": -0.008858639746904373,
  "gsr_y": 0.025275547057390213,
  "provenance": {
    "md5sum": "725450d063c6245b1871dc105a611044",
    "settings": {
      "fd_thres": 0.2,
      "testing": false
    },
    "software": "mriqc",
    "version": "23.1.0"
  },
  "size_t": 200,
  "size_x": 64,
  "size_y": 64,
  "size_z": 43,
  "snr": 2.1915834850567233,
  "spacing_tr": 3.0,
  "spacing_x": 3.375,
  "spacing_y": 3.375,
  "spacing_z": 2.999999761581421,
  "summary_bg_k": 57.075960674051274,
  "summary_bg_mad": 5.84145353270708,
  "summary_bg_mean": 23.018862304738022,
  "summary_bg_median": 12.505000114440918,
  "summary_bg_n": 142093.0,
  "summary_bg_p05": 7.404999732971191,
  "summary_bg_p95": 77.94999694824219,
  "summary_bg_stdv": 35.83800509436474,
  "summary_fg_k": 3.9240019769567267,
  "summary_fg_mad": 150.00968160949384,
  "summary_fg_mean": 494.949953884572,
  "summary_fg_median": 450.7799987792969,
  "summary_fg_n": 34035.0,
  "summary_fg_p05": 254.25498962402344,
  "summary_fg_p95": 897.85498046875,
  "summary_fg_stdv": 205.68387173187278,
  "tsnr": 51.233987619169056
}