{
  "aor": 0.0012993069306930691,
  "aqi": 0.0039478977227722775,
  "bids_meta": {
    "EchoTime": 0.0137,
    "RepetitionTime": 3.0,
    "SliceEncodingDirection": "k",
    "SliceTiming": [
      0.0,
      1.5,
      0.065,
      1.565,
      0.13,
      1.63,
      0.196,
      1.696,
      0.261,
      1.761,
      0.326,
      1.826,
      0.391,
      1.891,
      0.457,
      1.957,
      0.522,
      2.022,
      0.587,
      2.087,
      0.652,
      2.152,
      0.717,
      2.217,
      0.783,
      2.283,
      0.848,
      2.348,
      0.913,
      2.413,
      0.978,
      2.478,
      1.043,
      2.543,
      1.109,
      2.609,
      1.174,
      2.674,
      1.239,
      2.739,
      1.304,
      2.804,
      1.37,
      2.87,
      1.435,
      2.935
    ],
    "TaskName": "rest",
    "dataset": "ds003592",
    "modality": "bold",
    "session_id": "2",
    "subject_id": "133",
    "task_id": "rest"
  },
  "dummy_trs": 2,
  "dvars_nstd": 24.606574665970143,
  "dvars_std": 1.6987729321890555,
  "dvars_vstd": 0.95202304039801,
  "efc": 0.5038731647124843,
  "fber": 14766.0908203125,
  "fd_mean": 0.04510549635903684,
  "fd_num": 1,
  "fd_perc": 0.49504950495049505,
  "fwhm_avg": 3.443467777777778,
  "fwhm_x": 3.31617,
  "fwhm_y": 3.3651999999999997,
  "fwhm_z": 3.6490333333333336,
  "gcor": 0.0289132,
  "gsr_x": -0.0172145813703537,
  "gsr_y": 0.06956684589385986,
  "provenance": {
    "md5sum": "d3639eaa60d3db8693c97e88922badf5",
    "settings": {
      "fd_thres": 0.2,
      "testing": false
    },
    "software": "mriqc",
    "version": "23.1.0"
  },
  "size_t": 202,
  "size_x": 72,
  "size_y": 72,
  "size_z": 46,
  "snr": 2.6620719613971815,
  "spacing_tr": 3.0,
  "spacing_x": 3.0,
  "spacing_y": 3.0,
  "spacing_z": 3.0,
  "summary_bg_k": 11.724223880121423,
  "summary_bg_mad": 53.16816752772225,
  "summary_bg_mean": 375.9088047655122,
  "summary_bg_median": 37.12376022338867,
  "summary_bg_n": 185197.0,
  "summary_bg_p05": 0.6732673048973083,
  "summary_bg_p95": 2030.8316650390625,
  "summary_bg_stdv": 780.3456620208856,
  "summary_fg_k": 1.3637092076975472,
  "summary_fg_mad": 1367.877184726357,
  "summary_fg_mean": 4816.20843870607,
  "summary_fg_median": 4511.12353515625,
  "summary_fg_n": 53267.0,
  "summary_fg_p05": 2532.75244140625,
  "summary_fg_p95": 8169.8662109375,
  "summary_fg_stdv": 1694.5752240825343,
  "tsnr": 86.1835193540901
}