{
  "bids_meta": {
    "EchoTime": 0.0034,
    "FlipAngle": 7,
    "RepetitionTime": 2.53,
    "dataset": "ds003592",
    "modality": "T1w",
    "session_id": "1",
    "subject_id": "203"
  },
  "cjv": 0.807259761816032,
  "cnr": 0.9825200496396169,
  "efc": 0.6092916866749386,
  "fber": 11070.69943289225,
  "fwhm_avg": 4.601443333333333,
  "fwhm_x": 4.64342,
  "fwhm_y": 4.69847,
  "fwhm_z": 4.46244,
  "icvs_csf": 0.2531462768984557,
  "icvs_gm": 0.35843243770862826,
  "icvs_wm": 0.388421285392916,
  "inu_med": 0.8305669724941254,
  "inu_range": 0.871105808019638,
  "provenance": {
    "md5sum": "1574b3a33abf87b01314ef53cd9a546c",
    "settings": {
      "testing": false
    },
    "software": "mriqc",
    "version": "23.1.0",
    "warnings": {
      "large_rot_frame": true,
      "small_air_mask": false
    }
  },
  "qi_1": 0.0,
  "qi_2": 0.0015613309925288318,
  "rpve_csf": 6.858133332333399,
  "rpve_gm": 6.701054958335748,
  "rpve_wm": 6.789012094814458,
  "size_x": 176,
  "size_y": 256,
  "size_z": 256,
  "snr_csf": 1.602574027047749,
  "snr_gm": 3.8613669389872625,
  "snr_total": 4.860875609678932,
  "snr_wm": 9.118685863001785,
  "snrd_csf": 11.899023473641067,
  "snrd_gm": 27.630390093071938,
  "snrd_total": 25.066003136688987,
  "snrd_wm": 35.66859584335396,
  "spacing_x": 1.0,
  "spacing_y": 1.0,
  "spacing_z": 1.0,
  "summary_bg_k": 5713.877416530461,
  "summary_bg_mad": 0.0,
  "summary_bg_mean": 2.639332670900892,
  "summary_bg_median": 0.0,
  "summary_bg_n": 2721580.0,
  "summary_bg_p05": 0.0,
  "summary_bg_p95": 14.641894698143005,
  "summary_bg_stdv": 18.0091626566117,
  "summary_csf_k": -0.604525917524458,
  "summary_csf_mad": 159.670625505985,
  "summary_csf_mean": 376.34574475646195,
  "summary_csf_median": 327.0944023132324,
  "summary_csf_n": 419787.9142343075,
  "summary_csf_p05": 119.20712381601334,
  "summary_csf_p95": 757.6029413938522,
  "summary_csf_stdv": 204.105399936339,
  "summary_gm_k": 2.1271218242862346,
  "summary_gm_mad": 83.76052051981341,
  "summary_gm_mean": 754.653946675276,
  "summary_gm_median": 759.5367765426636,
  "summary_gm_n": 594382.0595077506,
  "summary_gm_p05": 388.4246027469635,
  "summary_gm_p95": 1068.2597449421883,
  "summary_gm_stdv": 196.70136239676793,
  "summary_wm_k": -0.5334104456902589,
  "summary_wm_mad": 94.61457330110953,
  "summary_wm_mean": 964.7650205210252,
  "summary_wm_median": 980.5004641413689,
  "summary_wm_n": 644112.0258099106,
  "summary_wm_p05": 770.6793504953384,
  "summary_wm_p95": 1120.6114250421524,
  "summary_wm_stdv": 107.52642625771713,
  "tpm_overlap_csf": 0.21715090410109286,
  "tpm_overlap_gm": 0.4978688633043821,
  "tpm_overlap_wm": 0.5245186636815332,
  "wm2max": 0.42489018474241985
}