{
  "aor": 0.0019016256157635468,
  "aqi": 0.006513242216748768,
  "bids_meta": {
    "EchoTime": 0.03,
    "RepetitionTime": 3.0,
    "SliceEncodingDirection": "k",
    "SliceTiming": [
      0.0,
      1.5,
      0.065,
      1.565,
      0.13,
      1.63,
      0.196,
      1.696,
      0.261,
      1.761,
      0.326,
      1.826,
      0.391,
      1.891,
      0.457,
      1.957,
      0.522,
      2.022,
      0.587,
      2.087,
      0.652,
      2.152,
      0.717,
      2.217,
      0.783,
      2.283,
      0.848,
      2.348,
      0.913,
      2.413,
      0.978,
      2.478,
      1.043,
      2.543,
      1.109,
      2.609,
      1.174,
      2.674,
      1.239,
      2.739,
      1.304,
      2.804,
      1.37,
      2.87,
      1.435,
      2.935
    ],
    "TaskName": "rest",
    "dataset": "ds003592",
    "modality": "bold",
    "session_id": "1",
    "subject_id": "194",
    "task_id": "rest"
  },
  "dummy_trs": 1,
  "dvars_nstd": 21.96298904698019,
  "dvars_std": 1.095956548811881,
  "dvars_vstd": 0.9667990785148511,
  "efc": 0.48072465806017656,
  "fber": 7117.28515625,
  "fd_mean": 0.17430815182908052,
  "fd_num": 62,
  "fd_perc": 30.541871921182267,
  "fwhm_avg": 3.260436488404553,
  "fwhm_x": 3.05214,
  "fwhm_y": 3.323369735882303,
  "fwhm_z": 3.4057997293313558,
  "gcor": 0.0379101,
  "gsr_x": -0.006132460664957762,
  "gsr_y": 0.046498753130435944,
  "provenance": {
    "md5sum": "7c9e11a8a3b1c3f273f2ab514b98941e",
    "settings": {
      "fd_thres": 0.2,
      "testing": false
    },
    "software": "mriqc",
    "version": "23.1.0"
  },
  "size_t": 203,
  "size_x": 72,
  "size_y": 72,
  "size_z": 46,
  "snr": 2.8901162900954596,
  "spacing_tr": 3.0,
  "spacing_x": 3.0,
  "spacing_y": 3.000000238418579,
  "spacing_z": 3.000000238418579,
  "summary_bg_k": 46.93924083009254,
  "summary_bg_mad": 60.31926714752318,
  "summary_bg_mean": 197.67153654571248,
  "summary_bg_median": 42.72413635253906,
  "summary_bg_n": 185527.0,
  "summary_bg_p05": 0.7536945939064026,
  "summary_bg_p95": 966.699462890625,
  "summary_bg_stdv": 414.33797757190985,
  "summary_fg_k": 1.1114728770798212,
  "summary_fg_mad": 1092.1008653276183,
  "summary_fg_mean": 3790.0953748164598,
  "summary_fg_median": 3604.379150390625,
  "summary_fg_n": 52937.0,
  "summary_fg_p05": 2094.39892578125,
  "summary_fg_p95": 6226.64501953125,
  "summary_fg_stdv": 1247.1280545138402,
  "tsnr": 49.519915773998946
}