{
  "aor": 0.002084433497536946,
  "aqi": 0.002823766551724138,
  "bids_meta": {
    "EchoTime": 0.0137,
    "RepetitionTime": 3.0,
    "SliceEncodingDirection": "k",
    "SliceTiming": [
      0.0,
      1.5,
      0.065,
      1.565,
      0.13,
      1.63,
      0.196,
      1.696,
      0.261,
      1.761,
      0.326,
      1.826,
      0.391,
      1.891,
      0.457,
      1.957,
      0.522,
      2.022,
      0.587,
      2.087,
      0.652,
      2.152,
      0.717,
      2.217,
      0.783,
      2.283,
      0.848,
      2.348,
      0.913,
      2.413,
      0.978,
      2.478,
      1.043,
      2.543,
      1.109,
      2.609,
      1.174,
      2.674,
      1.239,
      2.739,
      1.304,
      2.804,
      1.37,
      2.87,
      1.435,
      2.935
    ],
    "TaskName": "rest",
    "dataset": "ds003592",
    "modality": "bold",
    "session_id": "1",
    "subject_id": "150",
    "task_id": "rest"
  },
  "dummy_trs": 1,
  "dvars_nstd": 22.442692558069314,
  "dvars_std": 1.5048638859900987,
  "dvars_vstd": 0.9526683071782184,
  "efc": 0.5017894869961766,
  "fber": 12391.7080078125,
  "fd_mean": 0.10605147652443886,
  "fd_num": 16,
  "fd_perc": 7.8817733990147785,
  "fwhm_avg": 3.5637664715360864,
  "fwhm_x": 3.325366666666667,
  "fwhm_y": 3.4795330568048906,
  "fwhm_z": 3.8863996911367025,
  "gcor": 0.0278749,
  "gsr_x": -0.01787121407687664,
  "gsr_y": 0.04804214835166931,
  "provenance": {
    "md5sum": "dce233a6549686193f85d7cac713e2fc",
    "settings": {
      "fd_thres": 0.2,
      "testing": false
    },
    "software": "mriqc",
    "version": "23.1.0"
  },
  "size_t": 203,
  "size_x": 72,
  "size_y": 72,
  "size_z": 46,
  "snr": 2.657407603323599,
  "spacing_tr": 3.0,
  "spacing_x": 3.0,
  "spacing_y": 3.000000238418579,
  "spacing_z": 3.000000238418579,
  "summary_bg_k": 10.407144967643545,
  "summary_bg_mad": 66.18029321656546,
  "summary_bg_mean": 384.88302109782467,
  "summary_bg_median": 45.97783088684082,
  "summary_bg_n": 184602.0,
  "summary_bg_p05": 0.8965517282485962,
  "summary_bg_p95": 2017.6846923828125,
  "summary_bg_stdv": 742.264543553247,
  "summary_fg_k": 1.5453123890117189,
  "summary_fg_mad": 1574.3700835576742,
  "summary_fg_mean": 5480.115796878611,
  "summary_fg_median": 5118.162353515625,
  "summary_fg_n": 53862.0,
  "summary_fg_p05": 2932.748779296875,
  "summary_fg_p95": 9308.43359375,
  "summary_fg_stdv": 1925.9803558485626,
  "tsnr": 79.11044607800432
}