{
  "aor": 0.001182167487684729,
  "aqi": 0.006779534039408865,
  "bids_meta": {
    "EchoTime": 0.047,
    "RepetitionTime": 3.0,
    "SliceEncodingDirection": "k",
    "SliceTiming": [
      0.0,
      1.5,
      0.065,
      1.565,
      0.13,
      1.63,
      0.196,
      1.696,
      0.261,
      1.761,
      0.326,
      1.826,
      0.391,
      1.891,
      0.457,
      1.957,
      0.522,
      2.022,
      0.587,
      2.087,
      0.652,
      2.152,
      0.717,
      2.217,
      0.783,
      2.283,
      0.848,
      2.348,
      0.913,
      2.413,
      0.978,
      2.478,
      1.043,
      2.543,
      1.109,
      2.609,
      1.174,
      2.674,
      1.239,
      2.739,
      1.304,
      2.804,
      1.37,
      2.87,
      1.435,
      2.935
    ],
    "TaskName": "rest",
    "dataset": "ds003592",
    "modality": "bold",
    "session_id": "1",
    "subject_id": "150",
    "task_id": "rest"
  },
  "dummy_trs": 1,
  "dvars_nstd": 24.450511941782175,
  "dvars_std": 1.0246873272772283,
  "dvars_vstd": 0.9475871185148516,
  "efc": 0.41604383736175854,
  "fber": 9581.39453125,
  "fd_mean": 0.10680261688440928,
  "fd_num": 16,
  "fd_perc": 7.8817733990147785,
  "fwhm_avg": 2.6254109721780816,
  "fwhm_x": 2.6316866666666665,
  "fwhm_y": 2.7480897816014465,
  "fwhm_z": 2.496456468266132,
  "gcor": 0.0404139,
  "gsr_x": -0.010793277993798256,
  "gsr_y": 0.02355143427848816,
  "provenance": {
    "md5sum": "7c2edebb94c9a0cd589f15af26527cc1",
    "settings": {
      "fd_thres": 0.2,
      "testing": false
    },
    "software": "mriqc",
    "version": "23.1.0"
  },
  "size_t": 203,
  "size_x": 72,
  "size_y": 72,
  "size_z": 46,
  "snr": 2.8891518898505564,
  "spacing_tr": 3.0,
  "spacing_x": 3.0,
  "spacing_y": 3.000000238418579,
  "spacing_z": 3.000000238418579,
  "summary_bg_k": 56.37009420794228,
  "summary_bg_mad": 36.03891847103754,
  "summary_bg_mean": 96.36011447692094,
  "summary_bg_median": 26.485220909118652,
  "summary_bg_n": 196890.0,
  "summary_bg_p05": 0.31527093052864075,
  "summary_bg_p95": 460.5664978027344,
  "summary_bg_stdv": 217.61142827221906,
  "summary_fg_k": 0.8224496205617928,
  "summary_fg_mad": 797.807944588579,
  "summary_fg_mean": 2716.2045573957007,
  "summary_fg_median": 2592.4951171875,
  "summary_fg_n": 41574.0,
  "summary_fg_p05": 1436.0985107421875,
  "summary_fg_p95": 4405.453125,
  "summary_fg_stdv": 897.3096730646334,
  "tsnr": 43.40832654153928
}