{
  "aor": 0.0013052216748768474,
  "aqi": 0.004589807389162562,
  "bids_meta": {
    "EchoTime": 0.03,
    "RepetitionTime": 3.0,
    "SliceEncodingDirection": "k",
    "SliceTiming": [
      0.0,
      1.5,
      0.065,
      1.565,
      0.13,
      1.63,
      0.196,
      1.696,
      0.261,
      1.761,
      0.326,
      1.826,
      0.391,
      1.891,
      0.457,
      1.957,
      0.522,
      2.022,
      0.587,
      2.087,
      0.652,
      2.152,
      0.717,
      2.217,
      0.783,
      2.283,
      0.848,
      2.348,
      0.913,
      2.413,
      0.978,
      2.478,
      1.043,
      2.543,
      1.109,
      2.609,
      1.174,
      2.674,
      1.239,
      2.739,
      1.304,
      2.804,
      1.37,
      2.87,
      1.435,
      2.935
    ],
    "TaskName": "rest",
    "dataset": "ds003592",
    "modality": "bold",
    "session_id": "1",
    "subject_id": "150",
    "task_id": "rest"
  },
  "dummy_trs": 1,
  "dvars_nstd": 19.437943279257436,
  "dvars_std": 1.0604025562376225,
  "dvars_vstd": 0.9394451041089107,
  "efc": 0.44617396653609026,
  "fber": 13022.7822265625,
  "fd_mean": 0.10758268397739403,
  "fd_num": 18,
  "fd_perc": 8.866995073891626,
  "fwhm_avg": 3.0726342792854617,
  "fwhm_x": 2.98336,
  "fwhm_y": 3.1541464159976313,
  "fwhm_z": 3.080396421858754,
  "gcor": 0.0396323,
  "gsr_x": -0.011194722726941109,
  "gsr_y": 0.03006722964346409,
  "provenance": {
    "md5sum": "8482267a90ee5e3b979ef92371a25999",
    "settings": {
      "fd_thres": 0.2,
      "testing": false
    },
    "software": "mriqc",
    "version": "23.1.0"
  },
  "size_t": 203,
  "size_x": 72,
  "size_y": 72,
  "size_z": 46,
  "snr": 2.833360840876583,
  "spacing_tr": 3.0,
  "spacing_x": 3.0,
  "spacing_y": 3.000000238418579,
  "spacing_z": 3.000000238418579,
  "summary_bg_k": 32.434984789405334,
  "summary_bg_mad": 45.71235249193082,
  "summary_bg_mean": 169.3893334051003,
  "summary_bg_median": 32.43349838256836,
  "summary_bg_n": 192007.0,
  "summary_bg_p05": 0.8128078579902649,
  "summary_bg_p95": 847.0492553710938,
  "summary_bg_stdv": 354.6323717433806,
  "summary_fg_k": 0.8578619798559903,
  "summary_fg_mad": 1146.3656991640253,
  "summary_fg_mean": 3915.5671488521743,
  "summary_fg_median": 3701.2265625,
  "summary_fg_n": 46457.0,
  "summary_fg_p05": 2113.71923828125,
  "summary_fg_p95": 6477.42333984375,
  "summary_fg_stdv": 1306.2885157150833,
  "tsnr": 54.92481330875307
}