{
  "aor": 0.00034785,
  "aqi": 0.00252244584,
  "bids_meta": {
    "EchoTime": 0.014,
    "RepetitionTime": 3,
    "SliceEncodingDirection": "k",
    "SliceTiming": [
      0,
      1.5425,
      0.07,
      1.6125,
      0.14,
      1.6825,
      0.21,
      1.7525,
      0.28,
      1.8225,
      0.35,
      1.8925,
      0.42,
      1.9625,
      0.49,
      2.0325,
      0.56,
      2.1025,
      0.63,
      2.1725,
      0.7,
      2.2425,
      0.77,
      2.3125,
      0.84,
      2.3825,
      0.91,
      2.4525,
      0.98,
      2.5225,
      1.05,
      2.5925,
      1.12,
      2.6625,
      1.19,
      2.7325,
      1.26,
      2.8025,
      1.33,
      2.8725,
      1.4,
      2.9425,
      1.47
    ],
    "TaskName": "rest",
    "dataset": "ds003592",
    "modality": "bold",
    "session_id": "1",
    "subject_id": "277",
    "task_id": "rest"
  },
  "dummy_trs": 0,
  "dvars_nstd": 15.538882164623125,
  "dvars_std": 1.0835381816080403,
  "dvars_vstd": 0.9355239340703513,
  "efc": 0.5005614502837529,
  "fber": 2524.998291015625,
  "fd_mean": 0.03791920938948111,
  "fd_num": 0,
  "fd_perc": 0.0,
  "fwhm_avg": 2.6502691700825527,
  "fwhm_x": 2.3946814814814816,
  "fwhm_y": 2.578942222222222,
  "fwhm_z": 2.9771838065439553,
  "gcor": 0.032916,
  "gsr_x": -0.013587958179414272,
  "gsr_y": 0.049516335129737854,
  "provenance": {
    "md5sum": "cab147d3d251a4bff7387b1061799f53",
    "settings": {
      "fd_thres": 0.2,
      "testing": false
    },
    "software": "mriqc",
    "version": "23.1.0"
  },
  "size_t": 200,
  "size_x": 64,
  "size_y": 64,
  "size_z": 43,
  "snr": 3.3202247405439964,
  "spacing_tr": 3.0,
  "spacing_x": 3.375,
  "spacing_y": 3.375,
  "spacing_z": 2.999999523162842,
  "summary_bg_k": 22.08800550011178,
  "summary_bg_mad": 11.438275635038035,
  "summary_bg_mean": 55.76057844803582,
  "summary_bg_median": 15.559999465942383,
  "summary_bg_n": 139262.0,
  "summary_bg_p05": 6.699999809265137,
  "summary_bg_p95": 270.864990234375,
  "summary_bg_stdv": 104.13648852834478,
  "summary_fg_k": 1.0629686931147013,
  "summary_fg_mad": 215.2071684627925,
  "summary_fg_mean": 813.0376983653547,
  "summary_fg_median": 781.8800048828125,
  "summary_fg_n": 36866.0,
  "summary_fg_p05": 473.0249938964844,
  "summary_fg_p95": 1240.280029296875,
  "summary_fg_stdv": 235.48689066506907,
  "tsnr": 84.99192354409024
}