{
  "bids_meta": {
    "EchoTime": 0.0034,
    "FlipAngle": 7,
    "RepetitionTime": 2.53,
    "dataset": "ds003592",
    "modality": "T1w",
    "session_id": "1",
    "subject_id": "134"
  },
  "cjv": 0.5659737300726101,
  "cnr": 1.6361738796144987,
  "efc": 0.7424163513331978,
  "fber": -1.0,
  "fwhm_avg": 3.4101266666666668,
  "fwhm_x": 3.48317,
  "fwhm_y": 3.46836,
  "fwhm_z": 3.27885,
  "icvs_csf": 0.25427988665204254,
  "icvs_gm": 0.38726694556234226,
  "icvs_wm": 0.35845316778561526,
  "inu_med": 0.42676302790641785,
  "inu_range": 0.07272339314222337,
  "provenance": {
    "md5sum": "c0abc10c24113fcf9996a3cf7c4d3c00",
    "settings": {
      "testing": false
    },
    "software": "mriqc",
    "version": "23.1.0",
    "warnings": {
      "large_rot_frame": true,
      "small_air_mask": false
    }
  },
  "qi_1": 0.0,
  "qi_2": 0.0013609043145103087,
  "rpve_csf": 7.830618437854113,
  "rpve_gm": 7.725429470526915,
  "rpve_wm": 7.818111167203361,
  "size_x": 176,
  "size_y": 256,
  "size_z": 256,
  "snr_csf": 1.9760658624303369,
  "snr_gm": 5.586615747095112,
  "snr_total": 5.711454229812268,
  "snr_wm": 9.571681079911354,
  "snrd_csf": 430.12373111619013,
  "snrd_gm": 745.0062929019472,
  "snrd_total": 733.3180574815324,
  "snrd_wm": 1024.82414842646,
  "spacing_x": 1.0,
  "spacing_y": 1.0,
  "spacing_z": 1.0,
  "summary_bg_k": 722.3334299845284,
  "summary_bg_mad": 0.0,
  "summary_bg_mean": 0.04528745552147915,
  "summary_bg_median": 0.0,
  "summary_bg_n": 2656279.0,
  "summary_bg_p05": 0.0,
  "summary_bg_p95": 0.0,
  "summary_bg_stdv": 0.6142795214826353,
  "summary_csf_k": -0.6859992895115168,
  "summary_csf_mad": 149.8479980768197,
  "summary_csf_mean": 412.5688139864111,
  "summary_csf_median": 403.2995262183249,
  "summary_csf_n": 369697.0186845665,
  "summary_csf_p05": 94.39224239438772,
  "summary_csf_p95": 739.4371441192925,
  "summary_csf_stdv": 204.09187185488634,
  "summary_gm_k": 0.31077153823469406,
  "summary_gm_mad": 81.8205507699769,
  "summary_gm_mean": 702.4863736200954,
  "summary_gm_median": 698.5447749588639,
  "summary_gm_n": 563046.6376815423,
  "summary_gm_p05": 497.6917686127126,
  "summary_gm_p95": 942.9147609788924,
  "summary_gm_stdv": 125.0388761739979,
  "summary_wm_k": 0.37772936029622795,
  "summary_wm_mad": 66.67245729409157,
  "summary_wm_mean": 932.8499711167551,
  "summary_wm_median": 960.9120902139693,
  "summary_wm_n": 521154.34379487595,
  "summary_wm_p05": 732.5475415214896,
  "summary_wm_p95": 1056.8041100446135,
  "summary_wm_stdv": 100.39105568642998,
  "tpm_overlap_csf": 0.22627897244727252,
  "tpm_overlap_gm": 0.5460621634281141,
  "tpm_overlap_wm": 0.5628138844904418,
  "wm2max": 0.7303540894841836
}