{
  "aor": 0.0034379802955665025,
  "aqi": 0.00642420433497537,
  "bids_meta": {
    "EchoTime": 0.03,
    "RepetitionTime": 3.0,
    "SliceEncodingDirection": "k",
    "SliceTiming": [
      0.0,
      1.5,
      0.065,
      1.565,
      0.13,
      1.63,
      0.196,
      1.696,
      0.261,
      1.761,
      0.326,
      1.826,
      0.391,
      1.891,
      0.457,
      1.957,
      0.522,
      2.022,
      0.587,
      2.087,
      0.652,
      2.152,
      0.717,
      2.217,
      0.783,
      2.283,
      0.848,
      2.348,
      0.913,
      2.413,
      0.978,
      2.478,
      1.043,
      2.543,
      1.109,
      2.609,
      1.174,
      2.674,
      1.239,
      2.739,
      1.304,
      2.804,
      1.37,
      2.87,
      1.435,
      2.935
    ],
    "TaskName": "rest",
    "dataset": "ds003592",
    "modality": "bold",
    "session_id": "1",
    "subject_id": "97",
    "task_id": "rest"
  },
  "dummy_trs": 1,
  "dvars_nstd": 19.545193086782177,
  "dvars_std": 1.0249090468316835,
  "dvars_vstd": 0.9726166834158415,
  "efc": 0.5167565959174233,
  "fber": 3580.380126953125,
  "fd_mean": 0.09399590110535812,
  "fd_num": 12,
  "fd_perc": 5.911330049261084,
  "fwhm_avg": 2.8842122222222226,
  "fwhm_x": 2.7214066666666668,
  "fwhm_y": 2.9769,
  "fwhm_z": 2.95433,
  "gcor": 0.0229936,
  "gsr_x": 0.03222136199474335,
  "gsr_y": 0.04192808270454407,
  "provenance": {
    "md5sum": "0c61877f87266bdf2bcb6f65149b39c9",
    "settings": {
      "fd_thres": 0.2,
      "testing": false
    },
    "software": "mriqc",
    "version": "23.1.0"
  },
  "size_t": 203,
  "size_x": 72,
  "size_y": 72,
  "size_z": 46,
  "snr": 3.1244602650323605,
  "spacing_tr": 3.0,
  "spacing_x": 3.0,
  "spacing_y": 3.0,
  "spacing_z": 3.0,
  "summary_bg_k": 19.014314425346747,
  "summary_bg_mad": 78.59252124997666,
  "summary_bg_mean": 295.7141634892928,
  "summary_bg_median": 55.57142639160156,
  "summary_bg_n": 186275.0,
  "summary_bg_p05": 0.9507389068603516,
  "summary_bg_p95": 1555.3990478515625,
  "summary_bg_stdv": 594.8052506702908,
  "summary_fg_k": 0.20697338211155447,
  "summary_fg_mad": 1012.4124439366713,
  "summary_fg_mean": 3449.937768098026,
  "summary_fg_median": 3325.187255859375,
  "summary_fg_n": 52189.0,
  "summary_fg_p05": 1871.586181640625,
  "summary_fg_p95": 5413.95556640625,
  "summary_fg_stdv": 1064.2335368302377,
  "tsnr": 49.92998998565599
}