{
  "aor": 0.00237235,
  "aqi": 0.00585680255,
  "bids_meta": {
    "EchoTime": 0.04592,
    "RepetitionTime": 3,
    "SliceEncodingDirection": "k",
    "SliceTiming": [
      0,
      1.54,
      0.07,
      1.61,
      0.14,
      1.68,
      0.21,
      1.75,
      0.28,
      1.82,
      0.35,
      1.89,
      0.42,
      1.96,
      0.49,
      2.03,
      0.56,
      2.1,
      0.63,
      2.17,
      0.7,
      2.24,
      0.77,
      2.31,
      0.84,
      2.38,
      0.91,
      2.45,
      0.98,
      2.52,
      1.05,
      2.5925,
      1.12,
      2.6625,
      1.19,
      2.7325,
      1.26,
      2.8025,
      1.33,
      2.8725,
      1.4,
      2.9425,
      1.47
    ],
    "TaskName": "rest",
    "dataset": "ds003592",
    "modality": "bold",
    "session_id": "2",
    "subject_id": "295",
    "task_id": "rest"
  },
  "dummy_trs": 0,
  "dvars_nstd": 48.0154088083417,
  "dvars_std": 1.1680819900000001,
  "dvars_vstd": 1.0191426472864327,
  "efc": 0.47022696274035325,
  "fber": 636.73583984375,
  "fd_mean": 0.2714585840209605,
  "fd_num": 138,
  "fd_perc": 69.0,
  "fwhm_avg": 2.162316969813803,
  "fwhm_x": 2.0388266666666666,
  "fwhm_y": 2.15944,
  "fwhm_z": 2.288684242774742,
  "gcor": 0.0330771,
  "gsr_x": -0.009921377524733543,
  "gsr_y": 0.03556254506111145,
  "provenance": {
    "md5sum": "2f59be0c1474c371f204775e5013f6a0",
    "settings": {
      "fd_thres": 0.2,
      "testing": false
    },
    "software": "mriqc",
    "version": "23.1.0"
  },
  "size_t": 200,
  "size_x": 64,
  "size_y": 64,
  "size_z": 43,
  "snr": 1.9747907664416529,
  "spacing_tr": 3.0,
  "spacing_x": 3.375,
  "spacing_y": 3.375,
  "spacing_z": 2.9999988079071045,
  "summary_bg_k": 39.73295462159099,
  "summary_bg_mad": 9.933433167283944,
  "summary_bg_mean": 29.142364203409727,
  "summary_bg_median": 17.100000381469727,
  "summary_bg_n": 140994.0,
  "summary_bg_p05": 8.255000114440918,
  "summary_bg_p95": 99.38999938964844,
  "summary_bg_stdv": 40.510062669187924,
  "summary_fg_k": 3.037363906657652,
  "summary_fg_mad": 174.2353964304239,
  "summary_fg_mean": 484.8975134972402,
  "summary_fg_median": 431.4949951171875,
  "summary_fg_n": 35134.0,
  "summary_fg_p05": 235.6699981689453,
  "summary_fg_p95": 910.9299926757812,
  "summary_fg_stdv": 218.49851726160023,
  "tsnr": 35.86684657330625
}