{
  "aor": 0.0009504433497536946,
  "aqi": 0.0037604020197044338,
  "bids_meta": {
    "EchoTime": 0.03,
    "RepetitionTime": 3.0,
    "SliceEncodingDirection": "k",
    "SliceTiming": [
      0.0,
      1.5,
      0.065,
      1.565,
      0.13,
      1.63,
      0.196,
      1.696,
      0.261,
      1.761,
      0.326,
      1.826,
      0.391,
      1.891,
      0.457,
      1.957,
      0.522,
      2.022,
      0.587,
      2.087,
      0.652,
      2.152,
      0.717,
      2.217,
      0.783,
      2.283,
      0.848,
      2.348,
      0.913,
      2.413,
      0.978,
      2.478,
      1.043,
      2.543,
      1.109,
      2.609,
      1.174,
      2.674,
      1.239,
      2.739,
      1.304,
      2.804,
      1.37,
      2.87,
      1.435,
      2.935
    ],
    "TaskName": "rest",
    "dataset": "ds003592",
    "modality": "bold",
    "session_id": "2",
    "subject_id": "112",
    "task_id": "rest"
  },
  "dummy_trs": 1,
  "dvars_nstd": 21.108684058415864,
  "dvars_std": 1.0840553229207917,
  "dvars_vstd": 0.940186388118812,
  "efc": 0.47436258695524447,
  "fber": 8297.849609375,
  "fd_mean": 0.11636281274925811,
  "fd_num": 15,
  "fd_perc": 7.389162561576355,
  "fwhm_avg": 3.028997777777778,
  "fwhm_x": 2.9131666666666667,
  "fwhm_y": 3.169423333333333,
  "fwhm_z": 3.0044033333333338,
  "gcor": 0.00773639,
  "gsr_x": -0.004594892263412476,
  "gsr_y": 0.03121238388121128,
  "provenance": {
    "md5sum": "16dfdb42e0d5f03447fc0f2a09aa2809",
    "settings": {
      "fd_thres": 0.2,
      "testing": false
    },
    "software": "mriqc",
    "version": "23.1.0"
  },
  "size_t": 203,
  "size_x": 72,
  "size_y": 72,
  "size_z": 46,
  "snr": 2.808943199268963,
  "spacing_tr": 3.0,
  "spacing_x": 3.0,
  "spacing_y": 3.0,
  "spacing_z": 3.0,
  "summary_bg_k": 15.02647550541408,
  "summary_bg_mad": 53.24221503039155,
  "summary_bg_mean": 196.08280441460826,
  "summary_bg_median": 37.6403923034668,
  "summary_bg_n": 188023.0,
  "summary_bg_p05": 0.5270935893058777,
  "summary_bg_p95": 1055.364501953125,
  "summary_bg_stdv": 392.12170519434716,
  "summary_fg_k": 0.6256135410549537,
  "summary_fg_mad": 1080.7001031019663,
  "summary_fg_mean": 3623.968416394473,
  "summary_fg_median": 3428.758544921875,
  "summary_fg_n": 50441.0,
  "summary_fg_p05": 1904.1329345703125,
  "summary_fg_p95": 5966.85205078125,
  "summary_fg_stdv": 1220.645742438942,
  "tsnr": 56.83712283708155
}