{
  "aor": 0.0013462068965517239,
  "aqi": 0.0034455670935960594,
  "bids_meta": {
    "EchoTime": 0.0137,
    "RepetitionTime": 3.0,
    "SliceEncodingDirection": "k",
    "SliceTiming": [
      0.0,
      1.5,
      0.065,
      1.565,
      0.13,
      1.63,
      0.196,
      1.696,
      0.261,
      1.761,
      0.326,
      1.826,
      0.391,
      1.891,
      0.457,
      1.957,
      0.522,
      2.022,
      0.587,
      2.087,
      0.652,
      2.152,
      0.717,
      2.217,
      0.783,
      2.283,
      0.848,
      2.348,
      0.913,
      2.413,
      0.978,
      2.478,
      1.043,
      2.543,
      1.109,
      2.609,
      1.174,
      2.674,
      1.239,
      2.739,
      1.304,
      2.804,
      1.37,
      2.87,
      1.435,
      2.935
    ],
    "TaskName": "rest",
    "dataset": "ds003592",
    "modality": "bold",
    "session_id": "2",
    "subject_id": "112",
    "task_id": "rest"
  },
  "dummy_trs": 1,
  "dvars_nstd": 16.568572804158414,
  "dvars_std": 1.1056414718811884,
  "dvars_vstd": 0.933231270594059,
  "efc": 0.5425635935012186,
  "fber": 4940.02294921875,
  "fd_mean": 0.10542688484297759,
  "fd_num": 8,
  "fd_perc": 3.9408866995073892,
  "fwhm_avg": 3.463903333333333,
  "fwhm_x": 3.0696766666666666,
  "fwhm_y": 3.4784,
  "fwhm_z": 3.8436333333333335,
  "gcor": 0.00544867,
  "gsr_x": -0.011577564291656017,
  "gsr_y": 0.10120642930269241,
  "provenance": {
    "md5sum": "f0c23ab0aad87cabbe5b5d39c880bb69",
    "settings": {
      "fd_thres": 0.2,
      "testing": false
    },
    "software": "mriqc",
    "version": "23.1.0"
  },
  "size_t": 203,
  "size_x": 72,
  "size_y": 72,
  "size_z": 46,
  "snr": 2.747408168524496,
  "spacing_tr": 3.0,
  "spacing_x": 3.0,
  "spacing_y": 3.0,
  "spacing_z": 3.0,
  "summary_bg_k": 11.061483046955514,
  "summary_bg_mad": 97.77140308794667,
  "summary_bg_mean": 557.7684525044971,
  "summary_bg_median": 66.9852180480957,
  "summary_bg_n": 181740.0,
  "summary_bg_p05": 0.3251231610774994,
  "summary_bg_p95": 2957.4383544921875,
  "summary_bg_stdv": 1118.8989884202663,
  "summary_fg_k": 1.1331827532055243,
  "summary_fg_mad": 1520.97830551986,
  "summary_fg_mean": 4971.013467140741,
  "summary_fg_median": 4708.02685546875,
  "summary_fg_n": 56724.0,
  "summary_fg_p05": 2628.38427734375,
  "summary_fg_p95": 8231.4873046875,
  "summary_fg_stdv": 1713.6097249024738,
  "tsnr": 72.87666164524853
}