{
  "aor": 0.0017152216748768476,
  "aqi": 0.0050866524630541875,
  "bids_meta": {
    "EchoTime": 0.047,
    "RepetitionTime": 3.0,
    "SliceEncodingDirection": "k",
    "SliceTiming": [
      0.0,
      1.5,
      0.065,
      1.565,
      0.13,
      1.63,
      0.196,
      1.696,
      0.261,
      1.761,
      0.326,
      1.826,
      0.391,
      1.891,
      0.457,
      1.957,
      0.522,
      2.022,
      0.587,
      2.087,
      0.652,
      2.152,
      0.717,
      2.217,
      0.783,
      2.283,
      0.848,
      2.348,
      0.913,
      2.413,
      0.978,
      2.478,
      1.043,
      2.543,
      1.109,
      2.609,
      1.174,
      2.674,
      1.239,
      2.739,
      1.304,
      2.804,
      1.37,
      2.87,
      1.435,
      2.935
    ],
    "TaskName": "rest",
    "dataset": "ds003592",
    "modality": "bold",
    "session_id": "1",
    "subject_id": "227",
    "task_id": "rest"
  },
  "dummy_trs": 1,
  "dvars_nstd": 22.871440018910892,
  "dvars_std": 1.0370779926237625,
  "dvars_vstd": 0.979028817178217,
  "efc": 0.4225492079961001,
  "fber": 10235.6953125,
  "fd_mean": 0.05175427640064452,
  "fd_num": 0,
  "fd_perc": 0.0,
  "fwhm_avg": 2.3916711111111115,
  "fwhm_x": 2.468646666666667,
  "fwhm_y": 2.52974,
  "fwhm_z": 2.176626666666667,
  "gcor": 0.0365956,
  "gsr_x": -0.0123407281935215,
  "gsr_y": 0.02144119143486023,
  "provenance": {
    "md5sum": "8140649eeb60c1eab3eec979b1f562fc",
    "settings": {
      "fd_thres": 0.2,
      "testing": false
    },
    "software": "mriqc",
    "version": "23.1.0"
  },
  "size_t": 203,
  "size_x": 72,
  "size_y": 72,
  "size_z": 46,
  "snr": 3.363603240109335,
  "spacing_tr": 3.0,
  "spacing_x": 3.0,
  "spacing_y": 3.0,
  "spacing_z": 3.0,
  "summary_bg_k": 35.82478699056413,
  "summary_bg_mad": 31.967239187939438,
  "summary_bg_mean": 84.43007858784522,
  "summary_bg_median": 23.596057891845703,
  "summary_bg_n": 196127.0,
  "summary_bg_p05": 0.2463054209947586,
  "summary_bg_p95": 393.2906188964844,
  "summary_bg_stdv": 182.70574078163727,
  "summary_fg_k": 0.47957188023380004,
  "summary_fg_mad": 666.9883877759496,
  "summary_fg_mean": 2446.5640015388904,
  "summary_fg_median": 2387.251220703125,
  "summary_fg_n": 42337.0,
  "summary_fg_p05": 1370.94091796875,
  "summary_fg_p95": 3719.930908203125,
  "summary_fg_stdv": 709.7219430138363,
  "tsnr": 48.845591644290835
}