{
  "aor": 0.0030372277227722765,
  "aqi": 0.002340824306930693,
  "bids_meta": {
    "EchoTime": 0.0137,
    "RepetitionTime": 3.0,
    "SliceEncodingDirection": "k",
    "SliceTiming": [
      0.0,
      1.5,
      0.065,
      1.565,
      0.13,
      1.63,
      0.196,
      1.696,
      0.261,
      1.761,
      0.326,
      1.826,
      0.391,
      1.891,
      0.457,
      1.957,
      0.522,
      2.022,
      0.587,
      2.087,
      0.652,
      2.152,
      0.717,
      2.217,
      0.783,
      2.283,
      0.848,
      2.348,
      0.913,
      2.413,
      0.978,
      2.478,
      1.043,
      2.543,
      1.109,
      2.609,
      1.174,
      2.674,
      1.239,
      2.739,
      1.304,
      2.804,
      1.37,
      2.87,
      1.435,
      2.935
    ],
    "TaskName": "rest",
    "dataset": "ds003592",
    "modality": "bold",
    "session_id": "1",
    "subject_id": "161",
    "task_id": "rest"
  },
  "dummy_trs": 2,
  "dvars_nstd": 13.409085501641794,
  "dvars_std": 1.1755653089552236,
  "dvars_vstd": 0.968063161094527,
  "efc": 0.5219105336835386,
  "fber": 14141.3984375,
  "fd_mean": 0.03594842607364414,
  "fd_num": 1,
  "fd_perc": 0.49504950495049505,
  "fwhm_avg": 3.1108766666666665,
  "fwhm_x": 2.8458733333333335,
  "fwhm_y": 3.029256666666667,
  "fwhm_z": 3.4575,
  "gcor": 0.0172662,
  "gsr_x": -0.023120859637856483,
  "gsr_y": 0.08939415961503983,
  "provenance": {
    "md5sum": "f4efd1457993288c978ad222bd859a57",
    "settings": {
      "fd_thres": 0.2,
      "testing": false
    },
    "software": "mriqc",
    "version": "23.1.0"
  },
  "size_t": 202,
  "size_x": 72,
  "size_y": 72,
  "size_z": 46,
  "snr": 3.049854797206993,
  "spacing_tr": 3.0,
  "spacing_x": 3.0,
  "spacing_y": 3.0,
  "spacing_z": 3.0,
  "summary_bg_k": 12.284328291969011,
  "summary_bg_mad": 56.61778737868082,
  "summary_bg_mean": 428.11060040246656,
  "summary_bg_median": 39.38613700866699,
  "summary_bg_n": 182762.0,
  "summary_bg_p05": 0.5346534848213196,
  "summary_bg_p95": 2363.74755859375,
  "summary_bg_stdv": 913.0477004661747,
  "summary_fg_k": 1.5486020967343368,
  "summary_fg_mad": 1352.2727601802421,
  "summary_fg_mean": 4940.48969668136,
  "summary_fg_median": 4683.695556640625,
  "summary_fg_n": 55702.0,
  "summary_fg_p05": 2857.83154296875,
  "summary_fg_p95": 7783.3515625,
  "summary_fg_stdv": 1535.6972136198071,
  "tsnr": 81.66541894385591
}