{
  "aor": 0.0008731683168316831,
  "aqi": 0.004367735693069306,
  "bids_meta": {
    "EchoTime": 0.047,
    "RepetitionTime": 3.0,
    "SliceEncodingDirection": "k",
    "SliceTiming": [
      0.0,
      1.5,
      0.065,
      1.565,
      0.13,
      1.63,
      0.196,
      1.696,
      0.261,
      1.761,
      0.326,
      1.826,
      0.391,
      1.891,
      0.457,
      1.957,
      0.522,
      2.022,
      0.587,
      2.087,
      0.652,
      2.152,
      0.717,
      2.217,
      0.783,
      2.283,
      0.848,
      2.348,
      0.913,
      2.413,
      0.978,
      2.478,
      1.043,
      2.543,
      1.109,
      2.609,
      1.174,
      2.674,
      1.239,
      2.739,
      1.304,
      2.804,
      1.37,
      2.87,
      1.435,
      2.935
    ],
    "TaskName": "rest",
    "dataset": "ds003592",
    "modality": "bold",
    "session_id": "2",
    "subject_id": "87",
    "task_id": "rest"
  },
  "dummy_trs": 2,
  "dvars_nstd": 25.52823423502487,
  "dvars_std": 1.129527926019901,
  "dvars_vstd": 0.9798681946766166,
  "efc": 0.4046704012262268,
  "fber": 12161.0810546875,
  "fd_mean": 0.07741646290127896,
  "fd_num": 7,
  "fd_perc": 3.4653465346534653,
  "fwhm_avg": 2.6508798585652538,
  "fwhm_x": 2.613656666666667,
  "fwhm_y": 2.7463331150743873,
  "fwhm_z": 2.5926497939547066,
  "gcor": 0.0288639,
  "gsr_x": -0.010029598139226437,
  "gsr_y": 0.013000188395380974,
  "provenance": {
    "md5sum": "a693bdc283f9dff2b76c87a8d43d671b",
    "settings": {
      "fd_thres": 0.2,
      "testing": false
    },
    "software": "mriqc",
    "version": "23.1.0"
  },
  "size_t": 202,
  "size_x": 72,
  "size_y": 72,
  "size_z": 46,
  "snr": 2.80257141129738,
  "spacing_tr": 3.0,
  "spacing_x": 3.0,
  "spacing_y": 3.000000238418579,
  "spacing_z": 3.000000238418579,
  "summary_bg_k": 37.53827075510312,
  "summary_bg_mad": 29.556629536842628,
  "summary_bg_mean": 81.2602721522016,
  "summary_bg_median": 22.673267364501953,
  "summary_bg_n": 197421.0,
  "summary_bg_p05": 0.5792078971862793,
  "summary_bg_p95": 387.2425537109375,
  "summary_bg_stdv": 189.1505893372423,
  "summary_fg_k": 1.1070258881502193,
  "summary_fg_mad": 782.3734618739068,
  "summary_fg_mean": 2648.3253110711767,
  "summary_fg_median": 2500.346435546875,
  "summary_fg_n": 41043.0,
  "summary_fg_p05": 1444.9901123046875,
  "summary_fg_p95": 4375.583984375,
  "summary_fg_stdv": 892.1506746263841,
  "tsnr": 52.382373998872936
}