{
  "bids_meta": {
    "EchoTime": 0.0034,
    "FlipAngle": 7,
    "RepetitionTime": 2.53,
    "dataset": "ds003592",
    "modality": "T1w",
    "session_id": "1",
    "subject_id": "158"
  },
  "cjv": 0.6220128643739706,
  "cnr": 1.6587326705096523,
  "efc": 0.5803491820075051,
  "fber": -1.0,
  "fwhm_avg": 4.004113333333334,
  "fwhm_x": 4.02539,
  "fwhm_y": 4.08042,
  "fwhm_z": 3.90653,
  "icvs_csf": 0.25623485275460534,
  "icvs_gm": 0.38924024548561115,
  "icvs_wm": 0.3545249017597835,
  "inu_med": 0.8489376902580261,
  "inu_range": 0.6239711761474603,
  "provenance": {
    "md5sum": "ba340551db53ab5a117e2670b576917c",
    "settings": {
      "testing": false
    },
    "software": "mriqc",
    "version": "23.1.0",
    "warnings": {
      "large_rot_frame": true,
      "small_air_mask": false
    }
  },
  "qi_1": 0.0,
  "qi_2": 0.0011422378976450492,
  "rpve_csf": 8.281426350102896,
  "rpve_gm": 8.180949604655236,
  "rpve_wm": 8.276440048170416,
  "size_x": 176,
  "size_y": 256,
  "size_z": 256,
  "snr_csf": 2.073973949062997,
  "snr_gm": 5.9715036652887115,
  "snr_total": 5.606316286557489,
  "snr_wm": 8.773471245320756,
  "snrd_csf": 31.21889363447096,
  "snrd_gm": 50.407599531003534,
  "snrd_total": 50.42913970600432,
  "snrd_wm": 69.66092595253846,
  "spacing_x": 1.0,
  "spacing_y": 1.0,
  "spacing_z": 1.0,
  "summary_bg_k": 1012.030210099514,
  "summary_bg_mad": 0.0,
  "summary_bg_mean": 3.534685865142985,
  "summary_bg_median": 0.0,
  "summary_bg_n": 2880207.0,
  "summary_bg_p05": 0.0,
  "summary_bg_p95": 21.291174832731485,
  "summary_bg_stdv": 8.93190555350194,
  "summary_csf_k": -0.6224489179581969,
  "summary_csf_mad": 148.54322806011908,
  "summary_csf_mean": 429.0676748974443,
  "summary_csf_median": 425.6277157366276,
  "summary_csf_n": 352259.6325949691,
  "summary_csf_p05": 102.98076286911964,
  "summary_csf_p95": 753.1691915541887,
  "summary_csf_stdv": 205.22297871160748,
  "summary_gm_k": -0.6403417958909396,
  "summary_gm_mad": 85.77337350613618,
  "summary_gm_mean": 691.7598580521858,
  "summary_gm_median": 687.2399674169719,
  "summary_gm_n": 535109.1953023655,
  "summary_gm_p05": 509.17722249403596,
  "summary_gm_p95": 900.8858941867948,
  "summary_gm_stdv": 115.08647801092268,
  "summary_wm_k": -0.29446331735197173,
  "summary_wm_mad": 77.50081464006213,
  "summary_wm_mean": 925.9453670645614,
  "summary_wm_median": 949.7332332283258,
  "summary_wm_n": 487384.1723603086,
  "summary_wm_p05": 717.879681084305,
  "summary_wm_p95": 1072.0473617501557,
  "summary_wm_stdv": 108.25045553292215,
  "tpm_overlap_csf": 0.2223910661499504,
  "tpm_overlap_gm": 0.5426929795077542,
  "tpm_overlap_wm": 0.5610760923787049,
  "wm2max": 0.4036781226595656
}