{
  "aor": 0.0038607881773399014,
  "aqi": 0.013623879064039411,
  "bids_meta": {
    "EchoTime": 0.047,
    "RepetitionTime": 3.0,
    "SliceEncodingDirection": "k",
    "SliceTiming": [
      0.0,
      1.5,
      0.065,
      1.565,
      0.13,
      1.63,
      0.196,
      1.696,
      0.261,
      1.761,
      0.326,
      1.826,
      0.391,
      1.891,
      0.457,
      1.957,
      0.522,
      2.022,
      0.587,
      2.087,
      0.652,
      2.152,
      0.717,
      2.217,
      0.783,
      2.283,
      0.848,
      2.348,
      0.913,
      2.413,
      0.978,
      2.478,
      1.043,
      2.543,
      1.109,
      2.609,
      1.174,
      2.674,
      1.239,
      2.739,
      1.304,
      2.804,
      1.37,
      2.87,
      1.435,
      2.935
    ],
    "TaskName": "rest",
    "dataset": "ds003592",
    "modality": "bold",
    "session_id": "1",
    "subject_id": "125",
    "task_id": "rest"
  },
  "dummy_trs": 1,
  "dvars_nstd": 32.387544858762375,
  "dvars_std": 1.0610754576237615,
  "dvars_vstd": 0.9510561960891092,
  "efc": 0.43939939951894424,
  "fber": 9945.099609375,
  "fd_mean": 0.17609137740987932,
  "fd_num": 50,
  "fd_perc": 24.63054187192118,
  "fwhm_avg": 2.42015,
  "fwhm_x": 2.4074666666666666,
  "fwhm_y": 2.5253733333333335,
  "fwhm_z": 2.32761,
  "gcor": 0.0257169,
  "gsr_x": -0.012846349738538265,
  "gsr_y": 0.029850715771317482,
  "provenance": {
    "md5sum": "1a4067e96640f7d2929c7da770025930",
    "settings": {
      "fd_thres": 0.2,
      "testing": false
    },
    "software": "mriqc",
    "version": "23.1.0"
  },
  "size_t": 203,
  "size_x": 72,
  "size_y": 72,
  "size_z": 46,
  "snr": 3.071307671885353,
  "spacing_tr": 3.0,
  "spacing_x": 3.0,
  "spacing_y": 3.0,
  "spacing_z": 3.0,
  "summary_bg_k": 172.9631744770218,
  "summary_bg_mad": 33.406021561907906,
  "summary_bg_mean": 92.32281664254673,
  "summary_bg_median": 25.14285659790039,
  "summary_bg_n": 190912.0,
  "summary_bg_p05": 0.6995073556900024,
  "summary_bg_p95": 429.5467834472656,
  "summary_bg_stdv": 220.93745158560822,
  "summary_fg_k": 0.974329392275942,
  "summary_fg_mad": 723.2360572942348,
  "summary_fg_mean": 2611.7279298099343,
  "summary_fg_median": 2507.3743896484375,
  "summary_fg_n": 47552.0,
  "summary_fg_p05": 1420.7142333984375,
  "summary_fg_p95": 4094.95556640625,
  "summary_fg_stdv": 816.3780033858623,
  "tsnr": 31.07814414286986
}