{
  "bids_meta": {
    "EchoTime": 0.00252,
    "FlipAngle": 9,
    "RepetitionTime": 1.9,
    "dataset": "ds003592",
    "modality": "T1w",
    "session_id": "1",
    "subject_id": "270"
  },
  "cjv": 0.8687884016887909,
  "cnr": 0.9969190230463268,
  "efc": 0.4680831374250035,
  "fber": -1.0,
  "fwhm_avg": 4.120833333333334,
  "fwhm_x": 4.27199,
  "fwhm_y": 4.0049,
  "fwhm_z": 4.08561,
  "icvs_csf": 0.2632388856564259,
  "icvs_gm": 0.35590172291049327,
  "icvs_wm": 0.3808593914330808,
  "inu_med": 0.4169413149356842,
  "inu_range": 0.131145641207695,
  "provenance": {
    "md5sum": "98890adcb2a5c6527cf9d71038fd632e",
    "settings": {
      "testing": false
    },
    "software": "mriqc",
    "version": "23.1.0",
    "warnings": {
      "large_rot_frame": true,
      "small_air_mask": false
    }
  },
  "qi_1": 0.0,
  "qi_2": 0.0029796250486313833,
  "rpve_csf": 9.25171771426729,
  "rpve_gm": 9.098902944738498,
  "rpve_wm": 9.17384230777963,
  "size_x": 192,
  "size_y": 256,
  "size_z": 256,
  "snr_csf": 2.5151603773450906,
  "snr_gm": 6.052247636136978,
  "snr_total": 7.0007670086792,
  "snr_wm": 12.434893012555532,
  "snrd_csf": 59.44457128706938,
  "snrd_gm": 105.73300105803044,
  "snrd_total": 97.01656919021521,
  "snrd_wm": 125.87213522554585,
  "spacing_x": 1.0,
  "spacing_y": 1.0,
  "spacing_z": 1.0,
  "summary_bg_k": 105.10259997053635,
  "summary_bg_mad": 0.0,
  "summary_bg_mean": 2.143480335793618,
  "summary_bg_median": 0.0,
  "summary_bg_n": 5098799.0,
  "summary_bg_p05": 0.0,
  "summary_bg_p95": 11.238117635250092,
  "summary_bg_stdv": 4.950377544562525,
  "summary_csf_k": 0.3738527384278192,
  "summary_csf_mad": 136.3174701757554,
  "summary_csf_mean": 474.01768035233755,
  "summary_csf_median": 449.1783250719309,
  "summary_csf_n": 354737.3005722824,
  "summary_csf_p05": 204.826239913702,
  "summary_csf_p95": 797.1751047223806,
  "summary_csf_stdv": 178.5880916395432,
  "summary_gm_k": 3.7184212389662843,
  "summary_gm_mad": 63.2230041669054,
  "summary_gm_mean": 793.6546226169571,
  "summary_gm_median": 798.9454931169748,
  "summary_gm_n": 479608.53556823626,
  "summary_gm_p05": 561.1746343821287,
  "summary_gm_p95": 1007.6204034537077,
  "summary_gm_stdv": 132.0079263498738,
  "summary_wm_k": -0.4594340857035353,
  "summary_wm_mad": 68.98611194746266,
  "summary_wm_mean": 940.8739943740694,
  "summary_wm_median": 951.1219216436148,
  "summary_wm_n": 513241.1652543983,
  "summary_wm_p05": 806.950727596879,
  "summary_wm_p95": 1052.3804404735565,
  "summary_wm_stdv": 76.48807224147343,
  "tpm_overlap_csf": 0.207080184043784,
  "tpm_overlap_gm": 0.5016879547911233,
  "tpm_overlap_wm": 0.5543574107489768,
  "wm2max": 0.4308853785263452
}