{
  "bids_meta": {
    "EchoTime": 0.00252,
    "FlipAngle": 9,
    "RepetitionTime": 1.9,
    "dataset": "ds003592",
    "modality": "T1w",
    "session_id": "1",
    "subject_id": "278"
  },
  "cjv": 0.7572748761720554,
  "cnr": 1.16798000482547,
  "efc": 0.49649602570590906,
  "fber": -1.0,
  "fwhm_avg": 4.161533333333334,
  "fwhm_x": 4.23496,
  "fwhm_y": 4.08833,
  "fwhm_z": 4.16131,
  "icvs_csf": 0.26442438500550197,
  "icvs_gm": 0.3647759222952331,
  "icvs_wm": 0.3707996926992649,
  "inu_med": 0.43800777196884155,
  "inu_range": 0.14003454744815824,
  "provenance": {
    "md5sum": "06dba71c62f95e64c67b572a65f40348",
    "settings": {
      "testing": false
    },
    "software": "mriqc",
    "version": "23.1.0",
    "warnings": {
      "large_rot_frame": true,
      "small_air_mask": false
    }
  },
  "qi_1": 0.0,
  "qi_2": 0.003194255620859843,
  "rpve_csf": 9.501060917818132,
  "rpve_gm": 9.353885856871486,
  "rpve_wm": 9.424448912156098,
  "size_x": 192,
  "size_y": 256,
  "size_z": 256,
  "snr_csf": 2.5093497794589164,
  "snr_gm": 6.466539316376241,
  "snr_total": 7.004038363026009,
  "snr_wm": 12.03622599324287,
  "snrd_csf": 61.91196623808462,
  "snrd_gm": 111.51069314678286,
  "snrd_total": 103.00091932007746,
  "snrd_wm": 135.58009857536493,
  "spacing_x": 1.0,
  "spacing_y": 1.0,
  "spacing_z": 1.0,
  "summary_bg_k": 70.74709975327212,
  "summary_bg_mad": 0.0,
  "summary_bg_mean": 2.0232338229269615,
  "summary_bg_median": 0.0,
  "summary_bg_n": 4248387.0,
  "summary_bg_p05": 0.0,
  "summary_bg_p95": 10.319366842508316,
  "summary_bg_stdv": 4.5509677703189455,
  "summary_csf_k": -0.0702554112760172,
  "summary_csf_mad": 141.05890127920827,
  "summary_csf_mean": 454.6638432526791,
  "summary_csf_median": 430.0774051733315,
  "summary_csf_n": 347336.76665988646,
  "summary_csf_p05": 209.1006186492741,
  "summary_csf_p95": 766.3464281447232,
  "summary_csf_stdv": 171.38973194816813,
  "summary_gm_k": 1.4606591714572899,
  "summary_gm_mad": 62.31914993401207,
  "summary_gm_mean": 774.1180459844484,
  "summary_gm_median": 774.6197136305273,
  "summary_gm_n": 479154.331408459,
  "summary_gm_p05": 568.1434167213738,
  "summary_gm_p95": 980.1619299203157,
  "summary_gm_stdv": 119.78878769804663,
  "summary_wm_k": -0.5100942466029688,
  "summary_wm_mad": 64.29753564620293,
  "summary_wm_mean": 924.4384708727307,
  "summary_wm_median": 941.8201444968581,
  "summary_wm_n": 487066.90322060254,
  "summary_wm_p05": 781.2027579955757,
  "summary_wm_p95": 1029.8906028941274,
  "summary_wm_stdv": 78.24871169723681,
  "tpm_overlap_csf": 0.19900624408426204,
  "tpm_overlap_gm": 0.5044546643716598,
  "tpm_overlap_wm": 0.5534885270721119,
  "wm2max": 0.41234226834731386
}