{
  "aor": 0.000737783251231527,
  "aqi": 0.006392395714285714,
  "bids_meta": {
    "EchoTime": 0.047,
    "RepetitionTime": 3.0,
    "SliceEncodingDirection": "k",
    "SliceTiming": [
      0.0,
      1.5,
      0.065,
      1.565,
      0.13,
      1.63,
      0.196,
      1.696,
      0.261,
      1.761,
      0.326,
      1.826,
      0.391,
      1.891,
      0.457,
      1.957,
      0.522,
      2.022,
      0.587,
      2.087,
      0.652,
      2.152,
      0.717,
      2.217,
      0.783,
      2.283,
      0.848,
      2.348,
      0.913,
      2.413,
      0.978,
      2.478,
      1.043,
      2.543,
      1.109,
      2.609,
      1.174,
      2.674,
      1.239,
      2.739,
      1.304,
      2.804,
      1.37,
      2.87,
      1.435,
      2.935
    ],
    "TaskName": "rest",
    "dataset": "ds003592",
    "modality": "bold",
    "session_id": "1",
    "subject_id": "170",
    "task_id": "rest"
  },
  "dummy_trs": 1,
  "dvars_nstd": 21.56356337039605,
  "dvars_std": 1.0229623073267329,
  "dvars_vstd": 0.9446223803465348,
  "efc": 0.4216482662097621,
  "fber": 10320.8017578125,
  "fd_mean": 0.062142953695472125,
  "fd_num": 6,
  "fd_perc": 2.955665024630542,
  "fwhm_avg": 2.5740744444444448,
  "fwhm_x": 2.5774066666666666,
  "fwhm_y": 2.6568866666666664,
  "fwhm_z": 2.48793,
  "gcor": 0.0669832,
  "gsr_x": -0.013953039422631264,
  "gsr_y": 0.02500627376139164,
  "provenance": {
    "md5sum": "3afd88d2e75aeee0306a47c48710a8cf",
    "settings": {
      "fd_thres": 0.2,
      "testing": false
    },
    "software": "mriqc",
    "version": "23.1.0"
  },
  "size_t": 203,
  "size_x": 72,
  "size_y": 72,
  "size_z": 46,
  "snr": 3.0816075886346748,
  "spacing_tr": 3.0,
  "spacing_x": 3.0,
  "spacing_y": 3.0,
  "spacing_z": 3.0,
  "summary_bg_k": 24.75652799497833,
  "summary_bg_mad": 33.0335452835241,
  "summary_bg_mean": 93.0270311533345,
  "summary_bg_median": 24.699506759643555,
  "summary_bg_n": 196225.0,
  "summary_bg_p05": 0.8177340030670166,
  "summary_bg_p95": 443.1379089355469,
  "summary_bg_stdv": 198.68811608688878,
  "summary_fg_k": 0.6571885284418824,
  "summary_fg_mad": 713.0075136439319,
  "summary_fg_mean": 2629.4283383953157,
  "summary_fg_median": 2509.256103515625,
  "summary_fg_n": 42239.0,
  "summary_fg_p05": 1472.1575927734375,
  "summary_fg_p95": 4180.92626953125,
  "summary_fg_stdv": 814.2588983497735,
  "tsnr": 46.62323227128945
}