{
  "aor": 0.0017637438423645322,
  "aqi": 0.004944592955665025,
  "bids_meta": {
    "EchoTime": 0.0137,
    "RepetitionTime": 3.0,
    "SliceEncodingDirection": "k",
    "SliceTiming": [
      0.0,
      1.5,
      0.065,
      1.565,
      0.13,
      1.63,
      0.196,
      1.696,
      0.261,
      1.761,
      0.326,
      1.826,
      0.391,
      1.891,
      0.457,
      1.957,
      0.522,
      2.022,
      0.587,
      2.087,
      0.652,
      2.152,
      0.717,
      2.217,
      0.783,
      2.283,
      0.848,
      2.348,
      0.913,
      2.413,
      0.978,
      2.478,
      1.043,
      2.543,
      1.109,
      2.609,
      1.174,
      2.674,
      1.239,
      2.739,
      1.304,
      2.804,
      1.37,
      2.87,
      1.435,
      2.935
    ],
    "TaskName": "rest",
    "dataset": "ds003592",
    "modality": "bold",
    "session_id": "1",
    "subject_id": "170",
    "task_id": "rest"
  },
  "dummy_trs": 1,
  "dvars_nstd": 13.30069317217822,
  "dvars_std": 1.1061209994059404,
  "dvars_vstd": 0.9444265090594063,
  "efc": 0.5095858050957985,
  "fber": 12893.2275390625,
  "fd_mean": 0.06242593407610223,
  "fd_num": 7,
  "fd_perc": 3.4482758620689653,
  "fwhm_avg": 3.4188355555555554,
  "fwhm_x": 3.0949566666666666,
  "fwhm_y": 3.25245,
  "fwhm_z": 3.9091,
  "gcor": 0.0372504,
  "gsr_x": -0.02637171372771263,
  "gsr_y": 0.0800897404551506,
  "provenance": {
    "md5sum": "f5a524ba788cf00deba63d9f6ccf9fa2",
    "settings": {
      "fd_thres": 0.2,
      "testing": false
    },
    "software": "mriqc",
    "version": "23.1.0"
  },
  "size_t": 203,
  "size_x": 72,
  "size_y": 72,
  "size_z": 46,
  "snr": 2.821405133737895,
  "spacing_tr": 3.0,
  "spacing_x": 3.0,
  "spacing_y": 3.0,
  "spacing_z": 3.0,
  "summary_bg_k": 14.900940458490613,
  "summary_bg_mad": 60.282750904975494,
  "summary_bg_mean": 424.9113714866588,
  "summary_bg_median": 41.97536849975586,
  "summary_bg_n": 185358.0,
  "summary_bg_p05": 0.7339901328086853,
  "summary_bg_p95": 2211.315185546875,
  "summary_bg_stdv": 908.7467050613955,
  "summary_fg_k": 1.5389343037421934,
  "summary_fg_mad": 1383.9289960747356,
  "summary_fg_mean": 5060.709112633609,
  "summary_fg_median": 4766.23388671875,
  "summary_fg_n": 53106.0,
  "summary_fg_p05": 2805.6796875,
  "summary_fg_p95": 8391.640625,
  "summary_fg_stdv": 1689.2962144262845,
  "tsnr": 81.62945874407887
}