{
  "aor": 0.000919950495049505,
  "aqi": 0.004589519108910892,
  "bids_meta": {
    "EchoTime": 0.03,
    "RepetitionTime": 3.0,
    "SliceEncodingDirection": "k",
    "SliceTiming": [
      0.0,
      1.5,
      0.065,
      1.565,
      0.13,
      1.63,
      0.196,
      1.696,
      0.261,
      1.761,
      0.326,
      1.826,
      0.391,
      1.891,
      0.457,
      1.957,
      0.522,
      2.022,
      0.587,
      2.087,
      0.652,
      2.152,
      0.717,
      2.217,
      0.783,
      2.283,
      0.848,
      2.348,
      0.913,
      2.413,
      0.978,
      2.478,
      1.043,
      2.543,
      1.109,
      2.609,
      1.174,
      2.674,
      1.239,
      2.739,
      1.304,
      2.804,
      1.37,
      2.87,
      1.435,
      2.935
    ],
    "TaskName": "rest",
    "dataset": "ds003592",
    "modality": "bold",
    "session_id": "2",
    "subject_id": "53",
    "task_id": "rest"
  },
  "dummy_trs": 2,
  "dvars_nstd": 21.823676597562184,
  "dvars_std": 1.1264868864179105,
  "dvars_vstd": 0.9624279308457712,
  "efc": 0.42823867172968727,
  "fber": 18341.76171875,
  "fd_mean": 0.08114282336333567,
  "fd_num": 4,
  "fd_perc": 1.9801980198019802,
  "fwhm_avg": 3.3666466666666666,
  "fwhm_x": 3.1844066666666664,
  "fwhm_y": 3.346,
  "fwhm_z": 3.5695333333333337,
  "gcor": 0.0187741,
  "gsr_x": -0.00897646602243185,
  "gsr_y": 0.03084983490407467,
  "provenance": {
    "md5sum": "220274f399e079400500a53ea99037ef",
    "settings": {
      "fd_thres": 0.2,
      "testing": false
    },
    "software": "mriqc",
    "version": "23.1.0"
  },
  "size_t": 202,
  "size_x": 72,
  "size_y": 72,
  "size_z": 46,
  "snr": 2.4899837557099347,
  "spacing_tr": 3.0,
  "spacing_x": 3.0,
  "spacing_y": 3.0,
  "spacing_z": 3.0,
  "summary_bg_k": 71.14958532777158,
  "summary_bg_mad": 31.00987312758539,
  "summary_bg_mean": 130.9941329934396,
  "summary_bg_median": 22.816831588745117,
  "summary_bg_n": 192934.0,
  "summary_bg_p05": 0.8613861203193665,
  "summary_bg_p95": 683.7821655273438,
  "summary_bg_stdv": 328.21705047993214,
  "summary_fg_k": 1.9768267466600289,
  "summary_fg_mad": 845.6815901017062,
  "summary_fg_mean": 3379.8056423005864,
  "summary_fg_median": 3090.1236572265625,
  "summary_fg_n": 45530.0,
  "summary_fg_p05": 1805.8663330078125,
  "summary_fg_p95": 5974.8662109375,
  "summary_fg_stdv": 1241.0079844601678,
  "tsnr": 57.508830721722916
}