{
  "bids_meta": {
    "EchoTime": 0.0034,
    "FlipAngle": 7,
    "RepetitionTime": 2.53,
    "dataset": "ds003592",
    "modality": "T1w",
    "session_id": "1",
    "subject_id": "14"
  },
  "cjv": 0.7141406923202114,
  "cnr": 1.2223475239097084,
  "efc": 0.5464318306350697,
  "fber": -1.0,
  "fwhm_avg": 4.583093333333333,
  "fwhm_x": 4.47309,
  "fwhm_y": 4.69218,
  "fwhm_z": 4.58401,
  "icvs_csf": 0.2647773755791871,
  "icvs_gm": 0.3650892787963362,
  "icvs_wm": 0.37013334562447675,
  "inu_med": 0.7685955762863159,
  "inu_range": 0.65547314286232,
  "provenance": {
    "md5sum": "8bab8a09c785e199a5b0c6c1c82d000f",
    "settings": {
      "testing": false
    },
    "software": "mriqc",
    "version": "23.1.0",
    "warnings": {
      "large_rot_frame": true,
      "small_air_mask": false
    }
  },
  "qi_1": 0.0,
  "qi_2": 0.0017509523964457656,
  "rpve_csf": 8.255849867622254,
  "rpve_gm": 8.115273053557736,
  "rpve_wm": 8.188486636340421,
  "size_x": 176,
  "size_y": 256,
  "size_z": 256,
  "snr_csf": 1.5424867510572076,
  "snr_gm": 3.956856097470892,
  "snr_total": 4.838010020839034,
  "snr_wm": 9.014687213989003,
  "snrd_csf": 31.053992567074825,
  "snrd_gm": 84.28389139180373,
  "snrd_total": 76.65162644141401,
  "snrd_wm": 114.61699536536348,
  "spacing_x": 1.0,
  "spacing_y": 1.0,
  "spacing_z": 1.0,
  "summary_bg_k": 16.41328116366035,
  "summary_bg_mad": 0.0,
  "summary_bg_mean": 2.0962620382151926,
  "summary_bg_median": 0.0,
  "summary_bg_n": 3049224.0,
  "summary_bg_p05": 0.0,
  "summary_bg_p95": 14.102494210004807,
  "summary_bg_stdv": 5.492660053286367,
  "summary_csf_k": -0.6665184868329392,
  "summary_csf_mad": 136.8112711828644,
  "summary_csf_mean": 302.7260888772548,
  "summary_csf_median": 260.356506627053,
  "summary_csf_n": 366571.3023429978,
  "summary_csf_p05": 84.50703800842166,
  "summary_csf_p95": 631.8421066589653,
  "summary_csf_stdv": 168.78987863228173,
  "summary_gm_k": 0.23202045477526,
  "summary_gm_mad": 95.10116823354667,
  "summary_gm_mean": 704.1242299713158,
  "summary_gm_median": 706.6356920227408,
  "summary_gm_n": 505448.21704305237,
  "summary_gm_p05": 390.22896606102586,
  "summary_gm_p95": 1008.4722390174866,
  "summary_gm_stdv": 178.58496129166207,
  "summary_wm_k": -0.5306134826525386,
  "summary_wm_mad": 86.51379409692244,
  "summary_wm_mean": 933.7573474385467,
  "summary_wm_median": 960.9482725597918,
  "summary_wm_n": 512431.48040629097,
  "summary_wm_p05": 733.7614079266787,
  "summary_wm_p95": 1072.077365964651,
  "summary_wm_stdv": 106.5979675292856,
  "tpm_overlap_csf": 0.19460866643311875,
  "tpm_overlap_gm": 0.5123641068606204,
  "tpm_overlap_wm": 0.5436273408000493,
  "wm2max": 0.5219948799124504
}