{
  "bids_meta": {
    "EchoTime": 0.0034,
    "FlipAngle": 7,
    "RepetitionTime": 2.53,
    "dataset": "ds003592",
    "modality": "T1w",
    "session_id": "1",
    "subject_id": "06"
  },
  "cjv": 0.7844704880496018,
  "cnr": 1.1352371780974015,
  "efc": 0.545460689889079,
  "fber": -1.0,
  "fwhm_avg": 4.252106666666666,
  "fwhm_x": 4.40428,
  "fwhm_y": 4.3358,
  "fwhm_z": 4.01624,
  "icvs_csf": 0.26715981430971425,
  "icvs_gm": 0.36072504119416027,
  "icvs_wm": 0.37211514449612565,
  "inu_med": 0.8095536828041077,
  "inu_range": 0.6965634226799009,
  "provenance": {
    "md5sum": "aa2a3d36985e4f248c34331c909ecf82",
    "settings": {
      "testing": false
    },
    "software": "mriqc",
    "version": "23.1.0",
    "warnings": {
      "large_rot_frame": true,
      "small_air_mask": false
    }
  },
  "qi_1": 0.0,
  "qi_2": 0.000929675431571653,
  "rpve_csf": 9.143943241558976,
  "rpve_gm": 8.999396894576941,
  "rpve_wm": 9.074056466903782,
  "size_x": 176,
  "size_y": 256,
  "size_z": 256,
  "snr_csf": 1.7027986935421677,
  "snr_gm": 3.976608440062571,
  "snr_total": 4.863726233999877,
  "snr_wm": 8.911771568394894,
  "snrd_csf": 26.40523344536104,
  "snrd_gm": 67.72161336562661,
  "snrd_total": 61.45074592339781,
  "snrd_wm": 90.22539095920578,
  "spacing_x": 1.0,
  "spacing_y": 1.0,
  "spacing_z": 1.0,
  "summary_bg_k": 15.45335111984149,
  "summary_bg_mad": 0.0,
  "summary_bg_mean": 2.7412364314934106,
  "summary_bg_median": 0.0,
  "summary_bg_n": 2907812.0,
  "summary_bg_p05": 0.0,
  "summary_bg_p95": 17.34023831412196,
  "summary_bg_stdv": 6.9229979896478175,
  "summary_csf_k": -0.6590770492323523,
  "summary_csf_mad": 138.83861527158356,
  "summary_csf_mean": 312.44453597167234,
  "summary_csf_median": 279.03102019429207,
  "summary_csf_n": 334192.6160781749,
  "summary_csf_p05": 88.28839873895049,
  "summary_csf_p95": 626.9071513153613,
  "summary_csf_stdv": 163.8658778526452,
  "summary_gm_k": -0.06082135763954,
  "summary_gm_mad": 93.30425585624218,
  "summary_gm_mean": 709.3669252836061,
  "summary_gm_median": 715.6320320256054,
  "summary_gm_n": 451234.2004468912,
  "summary_gm_p05": 387.3579094335437,
  "summary_gm_p95": 1009.0272770933807,
  "summary_gm_stdv": 179.9601971981083,
  "summary_wm_k": -0.5629534803547256,
  "summary_wm_mad": 93.24542593451693,
  "summary_wm_mean": 933.1944730846142,
  "summary_wm_median": 953.4353460222483,
  "summary_wm_n": 465482.1831748312,
  "summary_wm_p05": 739.1623782962561,
  "summary_wm_p95": 1083.6656941846013,
  "summary_wm_stdv": 106.98594713375353,
  "tpm_overlap_csf": 0.1986738093193296,
  "tpm_overlap_gm": 0.5129857948259329,
  "tpm_overlap_wm": 0.5546787834706738,
  "wm2max": 0.47660418526232273
}