{
  "aor": 0.0009882758620689655,
  "aqi": 0.0019558442364532016,
  "bids_meta": {
    "EchoTime": 0.0137,
    "RepetitionTime": 3.0,
    "SliceEncodingDirection": "k",
    "SliceTiming": [
      0.0,
      1.5,
      0.065,
      1.565,
      0.13,
      1.63,
      0.196,
      1.696,
      0.261,
      1.761,
      0.326,
      1.826,
      0.391,
      1.891,
      0.457,
      1.957,
      0.522,
      2.022,
      0.587,
      2.087,
      0.652,
      2.152,
      0.717,
      2.217,
      0.783,
      2.283,
      0.848,
      2.348,
      0.913,
      2.413,
      0.978,
      2.478,
      1.043,
      2.543,
      1.109,
      2.609,
      1.174,
      2.674,
      1.239,
      2.739,
      1.304,
      2.804,
      1.37,
      2.87,
      1.435,
      2.935
    ],
    "TaskName": "rest",
    "dataset": "ds003592",
    "modality": "bold",
    "session_id": "2",
    "subject_id": "86",
    "task_id": "rest"
  },
  "dummy_trs": 1,
  "dvars_nstd": 18.827329701485155,
  "dvars_std": 1.3008814064356433,
  "dvars_vstd": 0.9722151618316822,
  "efc": 0.5151861154450701,
  "fber": 10528.91015625,
  "fd_mean": 0.08217552195382262,
  "fd_num": 3,
  "fd_perc": 1.477832512315271,
  "fwhm_avg": 3.3465488888888886,
  "fwhm_x": 2.986636666666667,
  "fwhm_y": 3.2874433333333335,
  "fwhm_z": 3.7655666666666665,
  "gcor": 0.0150808,
  "gsr_x": -0.024732680991292,
  "gsr_y": 0.0716116726398468,
  "provenance": {
    "md5sum": "87627d33c5a598aa9ea0a745ac237e59",
    "settings": {
      "fd_thres": 0.2,
      "testing": false
    },
    "software": "mriqc",
    "version": "23.1.0"
  },
  "size_t": 203,
  "size_x": 72,
  "size_y": 72,
  "size_z": 46,
  "snr": 2.6124516227759758,
  "spacing_tr": 3.0,
  "spacing_x": 3.0,
  "spacing_y": 3.0,
  "spacing_z": 3.0,
  "summary_bg_k": 10.777066073775135,
  "summary_bg_mad": 64.22661821369795,
  "summary_bg_mean": 400.5991442196995,
  "summary_bg_median": 44.41379165649414,
  "summary_bg_n": 182641.0,
  "summary_bg_p05": 0.49753692746162415,
  "summary_bg_p95": 2182.985107421875,
  "summary_bg_stdv": 815.030619252614,
  "summary_fg_k": 1.4992518263380648,
  "summary_fg_mad": 1404.8423382816954,
  "summary_fg_mean": 4829.531387399905,
  "summary_fg_median": 4557.3203125,
  "summary_fg_n": 55823.0,
  "summary_fg_p05": 2362.82763671875,
  "summary_fg_p95": 8152.2216796875,
  "summary_fg_stdv": 1744.445505978912,
  "tsnr": 94.95742743043229
}