{
  "aor": 0.00043270935960591127,
  "aqi": 0.0036336600985221673,
  "bids_meta": {
    "EchoTime": 0.047,
    "RepetitionTime": 3.0,
    "SliceEncodingDirection": "k",
    "SliceTiming": [
      0.0,
      1.5,
      0.065,
      1.565,
      0.13,
      1.63,
      0.196,
      1.696,
      0.261,
      1.761,
      0.326,
      1.826,
      0.391,
      1.891,
      0.457,
      1.957,
      0.522,
      2.022,
      0.587,
      2.087,
      0.652,
      2.152,
      0.717,
      2.217,
      0.783,
      2.283,
      0.848,
      2.348,
      0.913,
      2.413,
      0.978,
      2.478,
      1.043,
      2.543,
      1.109,
      2.609,
      1.174,
      2.674,
      1.239,
      2.739,
      1.304,
      2.804,
      1.37,
      2.87,
      1.435,
      2.935
    ],
    "TaskName": "rest",
    "dataset": "ds003592",
    "modality": "bold",
    "session_id": "2",
    "subject_id": "86",
    "task_id": "rest"
  },
  "dummy_trs": 1,
  "dvars_nstd": 25.780445986782194,
  "dvars_std": 1.0940003274752468,
  "dvars_vstd": 0.9762708725742574,
  "efc": 0.41552070726792106,
  "fber": 8681.2802734375,
  "fd_mean": 0.08182903949870182,
  "fd_num": 1,
  "fd_perc": 0.49261083743842365,
  "fwhm_avg": 2.6521477777777775,
  "fwhm_x": 2.63042,
  "fwhm_y": 2.7116633333333335,
  "fwhm_z": 2.61436,
  "gcor": 0.0311836,
  "gsr_x": -0.007371114566922188,
  "gsr_y": 0.015985794365406036,
  "provenance": {
    "md5sum": "d10d5d1c7a93b73d4db91d38ea9a5754",
    "settings": {
      "fd_thres": 0.2,
      "testing": false
    },
    "software": "mriqc",
    "version": "23.1.0"
  },
  "size_t": 203,
  "size_x": 72,
  "size_y": 72,
  "size_z": 46,
  "snr": 2.9130952420680556,
  "spacing_tr": 3.0,
  "spacing_x": 3.0,
  "spacing_y": 3.0,
  "spacing_z": 3.0,
  "summary_bg_k": 28.53774801589901,
  "summary_bg_mad": 34.625699057512065,
  "summary_bg_mean": 94.56493619749841,
  "summary_bg_median": 25.91132926940918,
  "summary_bg_n": 198026.0,
  "summary_bg_p05": 0.6354679465293884,
  "summary_bg_p95": 484.3103332519531,
  "summary_bg_stdv": 208.2566089468569,
  "summary_fg_k": 0.631301468410689,
  "summary_fg_mad": 726.1171957241054,
  "summary_fg_mean": 2536.8279597791675,
  "summary_fg_median": 2414.2462158203125,
  "summary_fg_n": 40438.0,
  "summary_fg_p05": 1352.359619140625,
  "summary_fg_p95": 4128.3349609375,
  "summary_fg_stdv": 828.746114979367,
  "tsnr": 54.6101765781641
}