{
  "aor": 0.0006450246305418719,
  "aqi": 0.0018428027684729063,
  "bids_meta": {
    "EchoTime": 0.0137,
    "RepetitionTime": 3.0,
    "SliceEncodingDirection": "k",
    "SliceTiming": [
      0.0,
      1.5,
      0.065,
      1.565,
      0.13,
      1.63,
      0.196,
      1.696,
      0.261,
      1.761,
      0.326,
      1.826,
      0.391,
      1.891,
      0.457,
      1.957,
      0.522,
      2.022,
      0.587,
      2.087,
      0.652,
      2.152,
      0.717,
      2.217,
      0.783,
      2.283,
      0.848,
      2.348,
      0.913,
      2.413,
      0.978,
      2.478,
      1.043,
      2.543,
      1.109,
      2.609,
      1.174,
      2.674,
      1.239,
      2.739,
      1.304,
      2.804,
      1.37,
      2.87,
      1.435,
      2.935
    ],
    "TaskName": "rest",
    "dataset": "ds003592",
    "modality": "bold",
    "session_id": "2",
    "subject_id": "162",
    "task_id": "rest"
  },
  "dummy_trs": 1,
  "dvars_nstd": 14.503934459009903,
  "dvars_std": 1.2471484363366339,
  "dvars_vstd": 0.9550751075247528,
  "efc": 0.48294715341021477,
  "fber": 17987.65625,
  "fd_mean": 0.03890955534732743,
  "fd_num": 0,
  "fd_perc": 0.0,
  "fwhm_avg": 3.5412777777777773,
  "fwhm_x": 3.3628,
  "fwhm_y": 3.4431999999999996,
  "fwhm_z": 3.817833333333333,
  "gcor": 0.015685,
  "gsr_x": -0.021264510229229927,
  "gsr_y": 0.05122871696949005,
  "provenance": {
    "md5sum": "071a39345fedecfb7f2dde6fbbc1bb47",
    "settings": {
      "fd_thres": 0.2,
      "testing": false
    },
    "software": "mriqc",
    "version": "23.1.0"
  },
  "size_t": 203,
  "size_x": 72,
  "size_y": 72,
  "size_z": 46,
  "snr": 2.8358204561073075,
  "spacing_tr": 3.0,
  "spacing_x": 3.0,
  "spacing_y": 3.0,
  "spacing_z": 3.0,
  "summary_bg_k": 12.460674976912717,
  "summary_bg_mad": 52.059058195834,
  "summary_bg_mean": 388.49937656026816,
  "summary_bg_median": 36.54679870605469,
  "summary_bg_n": 191055.0,
  "summary_bg_p05": 0.6354679465293884,
  "summary_bg_p95": 2243.763427734375,
  "summary_bg_stdv": 844.1432264383097,
  "summary_fg_k": 1.8210562441984166,
  "summary_fg_mad": 1378.221013729832,
  "summary_fg_mean": 5249.806657281843,
  "summary_fg_median": 4901.5859375,
  "summary_fg_n": 47409.0,
  "summary_fg_p05": 3002.95556640625,
  "summary_fg_p95": 8654.6103515625,
  "summary_fg_stdv": 1728.4360270389268,
  "tsnr": 104.79297211812809
}