{
  "aor": 0.0004706403940886699,
  "aqi": 0.0031345399014778325,
  "bids_meta": {
    "EchoTime": 0.03,
    "RepetitionTime": 3.0,
    "SliceEncodingDirection": "k",
    "SliceTiming": [
      0.0,
      1.5,
      0.065,
      1.565,
      0.13,
      1.63,
      0.196,
      1.696,
      0.261,
      1.761,
      0.326,
      1.826,
      0.391,
      1.891,
      0.457,
      1.957,
      0.522,
      2.022,
      0.587,
      2.087,
      0.652,
      2.152,
      0.717,
      2.217,
      0.783,
      2.283,
      0.848,
      2.348,
      0.913,
      2.413,
      0.978,
      2.478,
      1.043,
      2.543,
      1.109,
      2.609,
      1.174,
      2.674,
      1.239,
      2.739,
      1.304,
      2.804,
      1.37,
      2.87,
      1.435,
      2.935
    ],
    "TaskName": "rest",
    "dataset": "ds003592",
    "modality": "bold",
    "session_id": "2",
    "subject_id": "162",
    "task_id": "rest"
  },
  "dummy_trs": 1,
  "dvars_nstd": 19.458375732227722,
  "dvars_std": 1.1842575917326739,
  "dvars_vstd": 0.964496051435644,
  "efc": 0.4266158217195363,
  "fber": 18932.5625,
  "fd_mean": 0.047181832500435464,
  "fd_num": 0,
  "fd_perc": 0.0,
  "fwhm_avg": 3.23259,
  "fwhm_x": 3.144496666666667,
  "fwhm_y": 3.311223333333333,
  "fwhm_z": 3.2420500000000003,
  "gcor": 0.0303119,
  "gsr_x": -0.011179485358297825,
  "gsr_y": 0.02823771722614765,
  "provenance": {
    "md5sum": "ca29db22690ad3a822e4dc53ca17ac9b",
    "settings": {
      "fd_thres": 0.2,
      "testing": false
    },
    "software": "mriqc",
    "version": "23.1.0"
  },
  "size_t": 203,
  "size_x": 72,
  "size_y": 72,
  "size_z": 46,
  "snr": 2.933974238993348,
  "spacing_tr": 3.0,
  "spacing_x": 3.0,
  "spacing_y": 3.0,
  "spacing_z": 3.0,
  "summary_bg_k": 45.54175492625657,
  "summary_bg_mad": 34.895926321963216,
  "summary_bg_mean": 154.51057384293867,
  "summary_bg_median": 25.596057891845703,
  "summary_bg_n": 196221.0,
  "summary_bg_p05": 0.8029556274414062,
  "summary_bg_p95": 851.0492553710938,
  "summary_bg_stdv": 365.2937639490262,
  "summary_fg_k": 1.3357296472197078,
  "summary_fg_mad": 989.4288518789442,
  "summary_fg_mean": 3743.736068255646,
  "summary_fg_median": 3521.90625,
  "summary_fg_n": 42243.0,
  "summary_fg_p05": 2098.4580078125,
  "summary_fg_p95": 6100.49267578125,
  "summary_fg_stdv": 1200.3733763835446,
  "tsnr": 75.06435696152039
}