{
  "aor": 0.0020689108910891094,
  "aqi": 0.0027756964405940593,
  "bids_meta": {
    "EchoTime": 0.0137,
    "RepetitionTime": 3.0,
    "SliceEncodingDirection": "k",
    "SliceTiming": [
      0.0,
      1.5,
      0.065,
      1.565,
      0.13,
      1.63,
      0.196,
      1.696,
      0.261,
      1.761,
      0.326,
      1.826,
      0.391,
      1.891,
      0.457,
      1.957,
      0.522,
      2.022,
      0.587,
      2.087,
      0.652,
      2.152,
      0.717,
      2.217,
      0.783,
      2.283,
      0.848,
      2.348,
      0.913,
      2.413,
      0.978,
      2.478,
      1.043,
      2.543,
      1.109,
      2.609,
      1.174,
      2.674,
      1.239,
      2.739,
      1.304,
      2.804,
      1.37,
      2.87,
      1.435,
      2.935
    ],
    "TaskName": "rest",
    "dataset": "ds003592",
    "modality": "bold",
    "session_id": "1",
    "subject_id": "25",
    "task_id": "rest"
  },
  "dummy_trs": 2,
  "dvars_nstd": 22.11303320910447,
  "dvars_std": 1.512255507363185,
  "dvars_vstd": 0.960792099701493,
  "efc": 0.5175104426951282,
  "fber": 19144.841796875,
  "fd_mean": 0.10225786319569298,
  "fd_num": 22,
  "fd_perc": 10.891089108910892,
  "fwhm_avg": 3.4550575877134158,
  "fwhm_x": 3.1904833333333333,
  "fwhm_y": 3.3318564018745107,
  "fwhm_z": 3.8428330279324032,
  "gcor": 0.0240035,
  "gsr_x": -0.006924855522811413,
  "gsr_y": 0.07192029803991318,
  "provenance": {
    "md5sum": "cd0c2ad4752144489d13affbe1d36cc3",
    "settings": {
      "fd_thres": 0.2,
      "testing": false
    },
    "software": "mriqc",
    "version": "23.1.0"
  },
  "size_t": 202,
  "size_x": 72,
  "size_y": 72,
  "size_z": 46,
  "snr": 2.7164726051937813,
  "spacing_tr": 3.0,
  "spacing_x": 3.0,
  "spacing_y": 3.000000238418579,
  "spacing_z": 3.000000238418579,
  "summary_bg_k": 12.069456824036877,
  "summary_bg_mad": 51.72960320667592,
  "summary_bg_mean": 396.5489586752055,
  "summary_bg_median": 34.99009704589844,
  "summary_bg_n": 179289.0,
  "summary_bg_p05": 0.029702968895435333,
  "summary_bg_p95": 2259.6484375,
  "summary_bg_stdv": 874.6244807637969,
  "summary_fg_k": 1.6646760667748097,
  "summary_fg_mad": 1538.8162254246877,
  "summary_fg_mean": 5185.44750474792,
  "summary_fg_median": 4841.40087890625,
  "summary_fg_n": 59175.0,
  "summary_fg_p05": 2907.089111328125,
  "summary_fg_p95": 8549.57421875,
  "summary_fg_stdv": 1782.2230056698168,
  "tsnr": 76.57488533109426
}