{
  "aor": 0.003644088669950739,
  "aqi": 0.002515954679802955,
  "bids_meta": {
    "EchoTime": 0.0137,
    "RepetitionTime": 3.0,
    "SliceEncodingDirection": "k",
    "SliceTiming": [
      0.0,
      1.5,
      0.065,
      1.565,
      0.13,
      1.63,
      0.196,
      1.696,
      0.261,
      1.761,
      0.326,
      1.826,
      0.391,
      1.891,
      0.457,
      1.957,
      0.522,
      2.022,
      0.587,
      2.087,
      0.652,
      2.152,
      0.717,
      2.217,
      0.783,
      2.283,
      0.848,
      2.348,
      0.913,
      2.413,
      0.978,
      2.478,
      1.043,
      2.543,
      1.109,
      2.609,
      1.174,
      2.674,
      1.239,
      2.739,
      1.304,
      2.804,
      1.37,
      2.87,
      1.435,
      2.935
    ],
    "TaskName": "rest",
    "dataset": "ds003592",
    "modality": "bold",
    "session_id": "1",
    "subject_id": "148",
    "task_id": "rest"
  },
  "dummy_trs": 1,
  "dvars_nstd": 14.14609500247525,
  "dvars_std": 1.2465219310891094,
  "dvars_vstd": 0.964661391237624,
  "efc": 0.5438472730275602,
  "fber": 23175.568359375,
  "fd_mean": 0.051905091231599046,
  "fd_num": 4,
  "fd_perc": 1.9704433497536946,
  "fwhm_avg": 3.3867990789016242,
  "fwhm_x": 2.9876566666666666,
  "fwhm_y": 3.3024069291183893,
  "fwhm_z": 3.870333640919816,
  "gcor": 0.0215012,
  "gsr_x": -0.041256848722696304,
  "gsr_y": 0.11940491944551468,
  "provenance": {
    "md5sum": "b7725a5c294f9f7daf9651e37bb1344b",
    "settings": {
      "fd_thres": 0.2,
      "testing": false
    },
    "software": "mriqc",
    "version": "23.1.0"
  },
  "size_t": 203,
  "size_x": 72,
  "size_y": 72,
  "size_z": 46,
  "snr": 2.7167173668150704,
  "spacing_tr": 3.0,
  "spacing_x": 3.0,
  "spacing_y": 2.999999761581421,
  "spacing_z": 2.999999761581421,
  "summary_bg_k": 12.855202419293292,
  "summary_bg_mad": 46.26741351785219,
  "summary_bg_mean": 453.88885511079604,
  "summary_bg_median": 32.226600646972656,
  "summary_bg_n": 172579.0,
  "summary_bg_p05": 0.5665024518966675,
  "summary_bg_p95": 2539.62548828125,
  "summary_bg_stdv": 1006.0579274421777,
  "summary_fg_k": 1.1257671841142285,
  "summary_fg_mad": 1516.811382487771,
  "summary_fg_mean": 5233.513501140655,
  "summary_fg_median": 4906.0244140625,
  "summary_fg_n": 65885.0,
  "summary_fg_p05": 2795.600830078125,
  "summary_fg_p95": 8747.0986328125,
  "summary_fg_stdv": 1805.85115040791,
  "tsnr": 79.29538987670094
}