{
  "aor": 0.004814532019704434,
  "aqi": 0.0059916951724137925,
  "bids_meta": {
    "EchoTime": 0.0137,
    "RepetitionTime": 3.0,
    "SliceEncodingDirection": "k",
    "SliceTiming": [
      0.0,
      1.5,
      0.065,
      1.565,
      0.13,
      1.63,
      0.196,
      1.696,
      0.261,
      1.761,
      0.326,
      1.826,
      0.391,
      1.891,
      0.457,
      1.957,
      0.522,
      2.022,
      0.587,
      2.087,
      0.652,
      2.152,
      0.717,
      2.217,
      0.783,
      2.283,
      0.848,
      2.348,
      0.913,
      2.413,
      0.978,
      2.478,
      1.043,
      2.543,
      1.109,
      2.609,
      1.174,
      2.674,
      1.239,
      2.739,
      1.304,
      2.804,
      1.37,
      2.87,
      1.435,
      2.935
    ],
    "TaskName": "rest",
    "dataset": "ds003592",
    "modality": "bold",
    "session_id": "2",
    "subject_id": "40",
    "task_id": "rest"
  },
  "dummy_trs": 1,
  "dvars_nstd": 21.171603632623764,
  "dvars_std": 1.018377342821782,
  "dvars_vstd": 0.9888870860396042,
  "efc": 0.5097653635650248,
  "fber": 15032.1591796875,
  "fd_mean": 0.19687308831480288,
  "fd_num": 62,
  "fd_perc": 30.541871921182267,
  "fwhm_avg": 3.4816388888888894,
  "fwhm_x": 3.1467833333333335,
  "fwhm_y": 3.362,
  "fwhm_z": 3.9361333333333337,
  "gcor": 0.059106,
  "gsr_x": -0.015297816134989262,
  "gsr_y": 0.07550956308841705,
  "provenance": {
    "md5sum": "7a3c75551f3b154011b007c0d8882c60",
    "settings": {
      "fd_thres": 0.2,
      "testing": false
    },
    "software": "mriqc",
    "version": "23.1.0"
  },
  "size_t": 203,
  "size_x": 72,
  "size_y": 72,
  "size_z": 46,
  "snr": 2.7976454212487485,
  "spacing_tr": 3.0,
  "spacing_x": 3.0,
  "spacing_y": 3.0,
  "spacing_z": 3.0,
  "summary_bg_k": 11.472795515946203,
  "summary_bg_mad": 57.09844035242029,
  "summary_bg_mean": 407.71460634540347,
  "summary_bg_median": 38.79802703857422,
  "summary_bg_n": 183824.0,
  "summary_bg_p05": 0.08866994827985764,
  "summary_bg_p95": 2319.187255859375,
  "summary_bg_stdv": 874.655304098247,
  "summary_fg_k": 1.034752225930231,
  "summary_fg_mad": 1432.2120222297403,
  "summary_fg_mean": 5080.954331378881,
  "summary_fg_median": 4756.859375,
  "summary_fg_n": 54640.0,
  "summary_fg_p05": 2795.243896484375,
  "summary_fg_p95": 8426.39404296875,
  "summary_fg_stdv": 1700.2926137736767,
  "tsnr": 57.333072420209646
}