{
  "aor": 0.004195221674876847,
  "aqi": 0.008368328472906405,
  "bids_meta": {
    "EchoTime": 0.047,
    "RepetitionTime": 3.0,
    "SliceEncodingDirection": "k",
    "SliceTiming": [
      0.0,
      1.5,
      0.065,
      1.565,
      0.13,
      1.63,
      0.196,
      1.696,
      0.261,
      1.761,
      0.326,
      1.826,
      0.391,
      1.891,
      0.457,
      1.957,
      0.522,
      2.022,
      0.587,
      2.087,
      0.652,
      2.152,
      0.717,
      2.217,
      0.783,
      2.283,
      0.848,
      2.348,
      0.913,
      2.413,
      0.978,
      2.478,
      1.043,
      2.543,
      1.109,
      2.609,
      1.174,
      2.674,
      1.239,
      2.739,
      1.304,
      2.804,
      1.37,
      2.87,
      1.435,
      2.935
    ],
    "TaskName": "rest",
    "dataset": "ds003592",
    "modality": "bold",
    "session_id": "1",
    "subject_id": "171",
    "task_id": "rest"
  },
  "dummy_trs": 1,
  "dvars_nstd": 29.238816724207922,
  "dvars_std": 1.091797424059406,
  "dvars_vstd": 0.9820844451485146,
  "efc": 0.45909345479365327,
  "fber": 9910.314453125,
  "fd_mean": 0.16609521084632545,
  "fd_num": 45,
  "fd_perc": 22.167487684729064,
  "fwhm_avg": 2.6709566666666666,
  "fwhm_x": 2.6501766666666664,
  "fwhm_y": 2.7555133333333335,
  "fwhm_z": 2.60718,
  "gcor": 0.0515768,
  "gsr_x": -0.006101854145526886,
  "gsr_y": 0.026391005143523216,
  "provenance": {
    "md5sum": "24c1730bf75c95db199b8f8133319c26",
    "settings": {
      "fd_thres": 0.2,
      "testing": false
    },
    "software": "mriqc",
    "version": "23.1.0"
  },
  "size_t": 203,
  "size_x": 72,
  "size_y": 72,
  "size_z": 46,
  "snr": 2.9908413879935685,
  "spacing_tr": 3.0,
  "spacing_x": 3.0,
  "spacing_y": 3.0,
  "spacing_z": 3.0,
  "summary_bg_k": 19.08775527288007,
  "summary_bg_mad": 37.539780047996686,
  "summary_bg_mean": 115.69642008319423,
  "summary_bg_median": 27.522167205810547,
  "summary_bg_n": 187603.0,
  "summary_bg_p05": 0.7733989953994751,
  "summary_bg_p95": 603.7733764648438,
  "summary_bg_stdv": 241.86602311943142,
  "summary_fg_k": 0.7346348249331269,
  "summary_fg_mad": 829.5926775015217,
  "summary_fg_mean": 2869.4881563151957,
  "summary_fg_median": 2739.84716796875,
  "summary_fg_n": 50861.0,
  "summary_fg_p05": 1556.16748046875,
  "summary_fg_p95": 4589.37451171875,
  "summary_fg_stdv": 916.070054459658,
  "tsnr": 36.2027681581676
}