{
  "aor": 0.003410098522167488,
  "aqi": 0.011638337832512316,
  "bids_meta": {
    "EchoTime": 0.047,
    "RepetitionTime": 3.0,
    "SliceEncodingDirection": "k",
    "SliceTiming": [
      0.0,
      1.5,
      0.065,
      1.565,
      0.13,
      1.63,
      0.196,
      1.696,
      0.261,
      1.761,
      0.326,
      1.826,
      0.391,
      1.891,
      0.457,
      1.957,
      0.522,
      2.022,
      0.587,
      2.087,
      0.652,
      2.152,
      0.717,
      2.217,
      0.783,
      2.283,
      0.848,
      2.348,
      0.913,
      2.413,
      0.978,
      2.478,
      1.043,
      2.543,
      1.109,
      2.609,
      1.174,
      2.674,
      1.239,
      2.739,
      1.304,
      2.804,
      1.37,
      2.87,
      1.435,
      2.935
    ],
    "TaskName": "rest",
    "dataset": "ds003592",
    "modality": "bold",
    "session_id": "1",
    "subject_id": "66",
    "task_id": "rest"
  },
  "dummy_trs": 1,
  "dvars_nstd": 33.53227522821782,
  "dvars_std": 0.9908190183168315,
  "dvars_vstd": 0.9218216593069307,
  "efc": 0.46526579231484483,
  "fber": 5879.439453125,
  "fd_mean": 0.1450919074051135,
  "fd_num": 36,
  "fd_perc": 17.733990147783253,
  "fwhm_avg": 2.6864376341839304,
  "fwhm_x": 2.6388266666666667,
  "fwhm_y": 2.74562978179695,
  "fwhm_z": 2.674856454088175,
  "gcor": 0.0426776,
  "gsr_x": -0.008531098254024982,
  "gsr_y": 0.030728062614798546,
  "provenance": {
    "md5sum": "7929d3ce071dc927fbea440eed0f5be7",
    "settings": {
      "fd_thres": 0.2,
      "testing": false
    },
    "software": "mriqc",
    "version": "23.1.0"
  },
  "size_t": 203,
  "size_x": 72,
  "size_y": 72,
  "size_z": 46,
  "snr": 2.6696704516521614,
  "spacing_tr": 3.0,
  "spacing_x": 3.0,
  "spacing_y": 3.000000238418579,
  "spacing_z": 3.000000238418579,
  "summary_bg_k": 25.25284995069842,
  "summary_bg_mad": 40.92858562383794,
  "summary_bg_mean": 103.45579649409665,
  "summary_bg_median": 30.443349838256836,
  "summary_bg_n": 185637.0,
  "summary_bg_p05": 0.7733989953994751,
  "summary_bg_p95": 497.6157531738281,
  "summary_bg_stdv": 201.09841492695372,
  "summary_fg_k": 1.144563413967993,
  "summary_fg_mad": 760.7865057195253,
  "summary_fg_mean": 2477.6928621050533,
  "summary_fg_median": 2334.320068359375,
  "summary_fg_n": 52827.0,
  "summary_fg_p05": 1271.16748046875,
  "summary_fg_p95": 4119.97021484375,
  "summary_fg_stdv": 874.3768253510832,
  "tsnr": 29.762374048586935
}