{
  "bids_meta": {
    "EchoTime": 0.0034,
    "FlipAngle": 7,
    "RepetitionTime": 2.53,
    "dataset": "ds003592",
    "modality": "T1w",
    "session_id": "1",
    "subject_id": "150"
  },
  "cjv": 0.5351606759961214,
  "cnr": 1.9785295201813393,
  "efc": 0.5854064018580438,
  "fber": -1.0,
  "fwhm_avg": 4.474266666666666,
  "fwhm_x": 4.55207,
  "fwhm_y": 4.5979,
  "fwhm_z": 4.27283,
  "icvs_csf": 0.25180567927832614,
  "icvs_gm": 0.392036204574503,
  "icvs_wm": 0.3561581161471708,
  "inu_med": 0.7490461468696594,
  "inu_range": 0.6866913020610808,
  "provenance": {
    "md5sum": "39e1cd3e7aacab58dc40c0e90cd78421",
    "settings": {
      "testing": false
    },
    "software": "mriqc",
    "version": "23.1.0",
    "warnings": {
      "large_rot_frame": true,
      "small_air_mask": false
    }
  },
  "qi_1": 0.0,
  "qi_2": 0.002816638785359548,
  "rpve_csf": 7.375001518014741,
  "rpve_gm": 7.310524971486767,
  "rpve_wm": 7.4196388266989475,
  "size_x": 176,
  "size_y": 256,
  "size_z": 256,
  "snr_csf": 2.204446266777542,
  "snr_gm": 5.8574650847283305,
  "snr_total": 6.781294732762315,
  "snr_wm": 12.281972846781068,
  "snrd_csf": 57.47431769944311,
  "snrd_gm": 85.16978099475615,
  "snrd_total": 87.49458837953847,
  "snrd_wm": 119.83966644441612,
  "spacing_x": 1.0,
  "spacing_y": 1.0,
  "spacing_z": 1.0,
  "summary_bg_k": 17.952887119182066,
  "summary_bg_mad": 0.0,
  "summary_bg_mean": 2.1161064344327865,
  "summary_bg_median": 0.0,
  "summary_bg_n": 2761819.0,
  "summary_bg_p05": 0.0,
  "summary_bg_p95": 13.395077735185623,
  "summary_bg_stdv": 5.331407071081278,
  "summary_csf_k": -0.5105166837683206,
  "summary_csf_mad": 152.01083800068335,
  "summary_csf_mean": 461.3595172348092,
  "summary_csf_median": 467.71784286201,
  "summary_csf_n": 387327.2441663905,
  "summary_csf_p05": 110.45198383927345,
  "summary_csf_p95": 785.7552599459887,
  "summary_csf_stdv": 212.16994314370777,
  "summary_gm_k": -0.7064480729444087,
  "summary_gm_mad": 91.46751431769376,
  "summary_gm_mean": 697.7537074988517,
  "summary_gm_median": 693.0995936691761,
  "summary_gm_n": 603029.6980055585,
  "summary_gm_p05": 509.05122558772564,
  "summary_gm_p95": 912.4344236701727,
  "summary_gm_stdv": 118.32746912906944,
  "summary_wm_k": -0.18066525882210316,
  "summary_wm_mad": 59.521974267531476,
  "summary_wm_mean": 961.032308520352,
  "summary_wm_median": 975.2382024228573,
  "summary_wm_n": 547842.0582496001,
  "summary_wm_p05": 803.8960223644972,
  "summary_wm_p95": 1068.9654749184847,
  "summary_wm_stdv": 79.40396258127511,
  "tpm_overlap_csf": 0.23541802678256107,
  "tpm_overlap_gm": 0.5409195297721295,
  "tpm_overlap_wm": 0.541394327141808,
  "wm2max": 0.5133773873801273
}