{
  "aor": 0.0031857142857142848,
  "aqi": 0.002419518921182266,
  "bids_meta": {
    "EchoTime": 0.0137,
    "RepetitionTime": 3.0,
    "SliceEncodingDirection": "k",
    "SliceTiming": [
      0.0,
      1.5,
      0.065,
      1.565,
      0.13,
      1.63,
      0.196,
      1.696,
      0.261,
      1.761,
      0.326,
      1.826,
      0.391,
      1.891,
      0.457,
      1.957,
      0.522,
      2.022,
      0.587,
      2.087,
      0.652,
      2.152,
      0.717,
      2.217,
      0.783,
      2.283,
      0.848,
      2.348,
      0.913,
      2.413,
      0.978,
      2.478,
      1.043,
      2.543,
      1.109,
      2.609,
      1.174,
      2.674,
      1.239,
      2.739,
      1.304,
      2.804,
      1.37,
      2.87,
      1.435,
      2.935
    ],
    "TaskName": "rest",
    "dataset": "ds003592",
    "modality": "bold",
    "session_id": "1",
    "subject_id": "102",
    "task_id": "rest"
  },
  "dummy_trs": 1,
  "dvars_nstd": 12.706636428762367,
  "dvars_std": 1.0704816487623756,
  "dvars_vstd": 0.9764671155940593,
  "efc": 0.5394494835531471,
  "fber": 10697.6064453125,
  "fd_mean": 0.06725615361692874,
  "fd_num": 6,
  "fd_perc": 2.955665024630542,
  "fwhm_avg": 3.1203790679446115,
  "fwhm_x": 2.60201,
  "fwhm_y": 3.2603935924461362,
  "fwhm_z": 3.498733611387699,
  "gcor": 0.021018,
  "gsr_x": -0.01852879673242569,
  "gsr_y": 0.09563252329826355,
  "provenance": {
    "md5sum": "8b2deb80d77773c4a090ae6c8797e6c5",
    "settings": {
      "fd_thres": 0.2,
      "testing": false
    },
    "software": "mriqc",
    "version": "23.1.0"
  },
  "size_t": 203,
  "size_x": 72,
  "size_y": 72,
  "size_z": 46,
  "snr": 2.8707542074993895,
  "spacing_tr": 3.0,
  "spacing_x": 3.0,
  "spacing_y": 2.999999761581421,
  "spacing_z": 2.999999761581421,
  "summary_bg_k": 10.824704599845305,
  "summary_bg_mad": 66.07439222489812,
  "summary_bg_mean": 444.48944386187395,
  "summary_bg_median": 45.768470764160156,
  "summary_bg_n": 176865.0,
  "summary_bg_p05": 0.6502463221549988,
  "summary_bg_p95": 2467.699462890625,
  "summary_bg_stdv": 926.447006041295,
  "summary_fg_k": 1.3378240566547843,
  "summary_fg_mad": 1475.2402442570215,
  "summary_fg_mean": 4960.505176464036,
  "summary_fg_median": 4733.7978515625,
  "summary_fg_n": 61599.0,
  "summary_fg_p05": 2671.06396484375,
  "summary_fg_p95": 7953.4677734375,
  "summary_fg_stdv": 1648.9601982408412,
  "tsnr": 76.80294793099165
}