{
  "bids_meta": {
    "EchoTime": 0.00252,
    "FlipAngle": 9,
    "RepetitionTime": 1.9,
    "dataset": "ds003592",
    "modality": "T1w",
    "session_id": "1",
    "subject_id": "280"
  },
  "cjv": 1.1159968055729728,
  "cnr": 0.7473195332564951,
  "efc": 0.4836431800173431,
  "fber": -1.0,
  "fwhm_avg": 3.937823333333333,
  "fwhm_x": 4.09445,
  "fwhm_y": 3.88045,
  "fwhm_z": 3.83857,
  "icvs_csf": 0.25844720165634316,
  "icvs_gm": 0.34743068056258236,
  "icvs_wm": 0.3941221177810744,
  "inu_med": 0.7276203632354736,
  "inu_range": 0.2940791845321655,
  "provenance": {
    "md5sum": "f1d49690f60e818f0382a41ad459bd71",
    "settings": {
      "testing": false
    },
    "software": "mriqc",
    "version": "23.1.0",
    "warnings": {
      "large_rot_frame": true,
      "small_air_mask": false
    }
  },
  "qi_1": 0.0,
  "qi_2": 0.0015151342227699375,
  "rpve_csf": 8.278884953172415,
  "rpve_gm": 8.113482058354686,
  "rpve_wm": 8.210101934355391,
  "size_x": 192,
  "size_y": 256,
  "size_z": 256,
  "snr_csf": 2.4861170785177267,
  "snr_gm": 4.202703685256392,
  "snr_total": 5.637717840172486,
  "snr_wm": 10.22433275674334,
  "snrd_csf": 20.74137755841462,
  "snrd_gm": 36.43340680926873,
  "snrd_total": 33.6156733251659,
  "snrd_wm": 43.67223560781435,
  "spacing_x": 1.0,
  "spacing_y": 1.0,
  "spacing_z": 1.0,
  "summary_bg_k": 32.07047975042857,
  "summary_bg_mad": 0.0,
  "summary_bg_mean": 5.53187234491235,
  "summary_bg_median": 0.0,
  "summary_bg_n": 4583650.0,
  "summary_bg_p05": 0.0,
  "summary_bg_p95": 28.848224870860577,
  "summary_bg_stdv": 13.885584539633435,
  "summary_csf_k": 0.1901286851905093,
  "summary_csf_mad": 129.8717738910009,
  "summary_csf_mean": 464.2036021746647,
  "summary_csf_median": 439.61250139027834,
  "summary_csf_n": 387474.1241160469,
  "summary_csf_p05": 212.41479009389877,
  "summary_csf_p95": 784.0689177587628,
  "summary_csf_stdv": 176.82672224439233,
  "summary_gm_k": 6.434047549061509,
  "summary_gm_mad": 86.81761400468876,
  "summary_gm_mean": 757.8735377528428,
  "summary_gm_median": 772.2043078616261,
  "summary_gm_n": 520881.62603142904,
  "summary_gm_p05": 413.44338198006153,
  "summary_gm_p95": 1041.7892948389053,
  "summary_gm_stdv": 183.739712443409,
  "summary_wm_k": -0.5265874365558036,
  "summary_wm_mad": 84.40601361566962,
  "summary_wm_mean": 923.7512381132283,
  "summary_wm_median": 925.630936652422,
  "summary_wm_n": 590883.2496667708,
  "summary_wm_p05": 773.3524959161878,
  "summary_wm_p95": 1069.0587611347437,
  "summary_wm_stdv": 90.53208413831914,
  "tpm_overlap_csf": 0.21916888139923743,
  "tpm_overlap_gm": 0.47817597857509725,
  "tpm_overlap_wm": 0.5009714907700566,
  "wm2max": 0.3306276593926759
}