{
  "aor": 0.00110335,
  "aqi": 0.00209100045,
  "bids_meta": {
    "EchoTime": 0.02996,
    "RepetitionTime": 3,
    "SliceEncodingDirection": "k",
    "SliceTiming": [
      0,
      1.54,
      0.07,
      1.61,
      0.14,
      1.68,
      0.21,
      1.75,
      0.28,
      1.82,
      0.35,
      1.89,
      0.42,
      1.96,
      0.49,
      2.03,
      0.56,
      2.1,
      0.63,
      2.17,
      0.7,
      2.24,
      0.77,
      2.31,
      0.84,
      2.38,
      0.91,
      2.45,
      0.98,
      2.52,
      1.05,
      2.59,
      1.12,
      2.66,
      1.19,
      2.73,
      1.26,
      2.8,
      1.33,
      2.87,
      1.4,
      2.94,
      1.47
    ],
    "TaskName": "rest",
    "dataset": "ds003592",
    "modality": "bold",
    "session_id": "1",
    "subject_id": "261",
    "task_id": "rest"
  },
  "dummy_trs": 0,
  "dvars_nstd": 21.482029143015076,
  "dvars_std": 1.1518403845226126,
  "dvars_vstd": 0.9996550485929652,
  "efc": 0.45839976106225605,
  "fber": 2071.40576171875,
  "fd_mean": 0.06886851693397521,
  "fd_num": 1,
  "fd_perc": 0.5,
  "fwhm_avg": 2.599801876643758,
  "fwhm_x": 2.426385185185185,
  "fwhm_y": 2.576275555555555,
  "fwhm_z": 2.796744889190533,
  "gcor": 0.0198589,
  "gsr_x": -0.0035211280919611454,
  "gsr_y": 0.028193315491080284,
  "provenance": {
    "md5sum": "872da235c30075d31f8214230744a18f",
    "settings": {
      "fd_thres": 0.2,
      "testing": false
    },
    "software": "mriqc",
    "version": "23.1.0"
  },
  "size_t": 200,
  "size_x": 64,
  "size_y": 64,
  "size_z": 43,
  "snr": 2.6905385652338114,
  "spacing_tr": 3.0,
  "spacing_x": 3.375,
  "spacing_y": 3.375,
  "spacing_z": 2.9999983310699463,
  "summary_bg_k": 45.88826480082883,
  "summary_bg_mad": 7.531619156894886,
  "summary_bg_mean": 34.33877952852837,
  "summary_bg_median": 13.779999732971191,
  "summary_bg_n": 142506.0,
  "summary_bg_p05": 7.75499963760376,
  "summary_bg_p95": 142.0,
  "summary_bg_stdv": 64.3984717708608,
  "summary_fg_k": 1.432179145619422,
  "summary_fg_mad": 201.2780690401433,
  "summary_fg_mean": 668.6567114162372,
  "summary_fg_median": 627.1649780273438,
  "summary_fg_n": 33622.0,
  "summary_fg_p05": 357.2550048828125,
  "summary_fg_p95": 1118.6500244140625,
  "summary_fg_stdv": 233.09669645939113,
  "tsnr": 76.37254472402856
}