{
  "aor": 0.0012892000000000001,
  "aqi": 0.001191254985,
  "bids_meta": {
    "EchoTime": 0.014,
    "RepetitionTime": 3,
    "SliceEncodingDirection": "k",
    "SliceTiming": [
      0,
      1.5425,
      0.07,
      1.6125,
      0.14,
      1.6825,
      0.21,
      1.7525,
      0.28,
      1.8225,
      0.35,
      1.8925,
      0.42,
      1.9625,
      0.49,
      2.0325,
      0.56,
      2.1025,
      0.63,
      2.1725,
      0.7,
      2.2425,
      0.77,
      2.3125,
      0.84,
      2.3825,
      0.91,
      2.4525,
      0.98,
      2.5225,
      1.05,
      2.5925,
      1.12,
      2.6625,
      1.19,
      2.7325,
      1.26,
      2.8025,
      1.33,
      2.8725,
      1.4,
      2.9425,
      1.47
    ],
    "TaskName": "rest",
    "dataset": "ds003592",
    "modality": "bold",
    "session_id": "1",
    "subject_id": "261",
    "task_id": "rest"
  },
  "dummy_trs": 0,
  "dvars_nstd": 17.167352700100498,
  "dvars_std": 1.1984851160804022,
  "dvars_vstd": 1.0022612798994974,
  "efc": 0.5017012782071473,
  "fber": 2322.083740234375,
  "fd_mean": 0.06500994890035994,
  "fd_num": 1,
  "fd_perc": 0.5,
  "fwhm_avg": 2.8416651588183908,
  "fwhm_x": 2.5311703703703703,
  "fwhm_y": 2.8072,
  "fwhm_z": 3.186625106084803,
  "gcor": 0.0201351,
  "gsr_x": -0.0048371246084570885,
  "gsr_y": 0.04774733632802963,
  "provenance": {
    "md5sum": "43dac432727ac2e8a1736e3005c50296",
    "settings": {
      "fd_thres": 0.2,
      "testing": false
    },
    "software": "mriqc",
    "version": "23.1.0"
  },
  "size_t": 200,
  "size_x": 64,
  "size_y": 64,
  "size_z": 43,
  "snr": 2.893201649274188,
  "spacing_tr": 3.0,
  "spacing_x": 3.375,
  "spacing_y": 3.375,
  "spacing_z": 2.9999983310699463,
  "summary_bg_k": 19.102476313383196,
  "summary_bg_mad": 12.831923219188138,
  "summary_bg_mean": 64.78470264935977,
  "summary_bg_median": 17.420000076293945,
  "summary_bg_n": 138939.0,
  "summary_bg_p05": 7.87999963760376,
  "summary_bg_p95": 321.7550048828125,
  "summary_bg_stdv": 122.31557039471937,
  "summary_fg_k": 1.1099987419823814,
  "summary_fg_mad": 253.57692111698614,
  "summary_fg_mean": 884.4210910398612,
  "summary_fg_median": 839.4349975585938,
  "summary_fg_n": 37189.0,
  "summary_fg_p05": 486.10498046875,
  "summary_fg_p95": 1441.044921875,
  "summary_fg_stdv": 290.13660752874534,
  "tsnr": 104.77574071614072
}