{
  "aor": 0.0017627722772277229,
  "aqi": 0.0022196535990099014,
  "bids_meta": {
    "EchoTime": 0.0137,
    "RepetitionTime": 3.0,
    "SliceEncodingDirection": "k",
    "SliceTiming": [
      0.0,
      1.5,
      0.065,
      1.565,
      0.13,
      1.63,
      0.196,
      1.696,
      0.261,
      1.761,
      0.326,
      1.826,
      0.391,
      1.891,
      0.457,
      1.957,
      0.522,
      2.022,
      0.587,
      2.087,
      0.652,
      2.152,
      0.717,
      2.217,
      0.783,
      2.283,
      0.848,
      2.348,
      0.913,
      2.413,
      0.978,
      2.478,
      1.043,
      2.543,
      1.109,
      2.609,
      1.174,
      2.674,
      1.239,
      2.739,
      1.304,
      2.804,
      1.37,
      2.87,
      1.435,
      2.935
    ],
    "TaskName": "rest",
    "dataset": "ds003592",
    "modality": "bold",
    "session_id": "2",
    "subject_id": "102",
    "task_id": "rest"
  },
  "dummy_trs": 2,
  "dvars_nstd": 13.545289414577123,
  "dvars_std": 1.1082261226368162,
  "dvars_vstd": 0.9914576717412936,
  "efc": 0.5383596964867167,
  "fber": 10680.8388671875,
  "fd_mean": 0.08911884566373282,
  "fd_num": 13,
  "fd_perc": 6.435643564356436,
  "fwhm_avg": 3.144975736410632,
  "fwhm_x": 2.6078766666666664,
  "fwhm_y": 3.292250261644543,
  "fwhm_z": 3.534800280920687,
  "gcor": 0.021242,
  "gsr_x": -0.017672816291451454,
  "gsr_y": 0.09247511625289917,
  "provenance": {
    "md5sum": "f049ad76b90c53c71296a0840aed1ef7",
    "settings": {
      "fd_thres": 0.2,
      "testing": false
    },
    "software": "mriqc",
    "version": "23.1.0"
  },
  "size_t": 202,
  "size_x": 72,
  "size_y": 72,
  "size_z": 46,
  "snr": 2.8248303221209246,
  "spacing_tr": 3.0,
  "spacing_x": 3.0,
  "spacing_y": 2.999999761581421,
  "spacing_z": 2.999999761581421,
  "summary_bg_k": 11.218888694573058,
  "summary_bg_mad": 68.79421072865611,
  "summary_bg_mean": 457.20899114185386,
  "summary_bg_median": 47.48019790649414,
  "summary_bg_n": 176637.0,
  "summary_bg_p05": 0.37128713726997375,
  "summary_bg_p95": 2539.341552734375,
  "summary_bg_stdv": 960.1579199899363,
  "summary_fg_k": 1.3751578870134384,
  "summary_fg_mad": 1531.5642880595121,
  "summary_fg_mean": 5153.201772074874,
  "summary_fg_median": 4906.990234375,
  "summary_fg_n": 61827.0,
  "summary_fg_p05": 2747.796875,
  "summary_fg_p95": 8326.509765625,
  "summary_fg_stdv": 1737.0779804216422,
  "tsnr": 88.03956936253235
}