{
  "aor": 0.0013481188118811879,
  "aqi": 0.0027721169801980194,
  "bids_meta": {
    "EchoTime": 0.03,
    "RepetitionTime": 3.0,
    "SliceEncodingDirection": "k",
    "SliceTiming": [
      0.0,
      1.5,
      0.065,
      1.565,
      0.13,
      1.63,
      0.196,
      1.696,
      0.261,
      1.761,
      0.326,
      1.826,
      0.391,
      1.891,
      0.457,
      1.957,
      0.522,
      2.022,
      0.587,
      2.087,
      0.652,
      2.152,
      0.717,
      2.217,
      0.783,
      2.283,
      0.848,
      2.348,
      0.913,
      2.413,
      0.978,
      2.478,
      1.043,
      2.543,
      1.109,
      2.609,
      1.174,
      2.674,
      1.239,
      2.739,
      1.304,
      2.804,
      1.37,
      2.87,
      1.435,
      2.935
    ],
    "TaskName": "rest",
    "dataset": "ds003592",
    "modality": "bold",
    "session_id": "2",
    "subject_id": "102",
    "task_id": "rest"
  },
  "dummy_trs": 2,
  "dvars_nstd": 17.705670409104474,
  "dvars_std": 1.0762646133333336,
  "dvars_vstd": 0.9896378275621894,
  "efc": 0.47813888689551526,
  "fber": 12426.953125,
  "fd_mean": 0.0897081872041877,
  "fd_num": 15,
  "fd_perc": 7.425742574257426,
  "fwhm_avg": 2.957694605950969,
  "fwhm_x": 2.7764166666666665,
  "fwhm_y": 3.1089835804131494,
  "fwhm_z": 2.9876835707730907,
  "gcor": 0.0335171,
  "gsr_x": 0.005228917580097914,
  "gsr_y": 0.03503222018480301,
  "provenance": {
    "md5sum": "6e8e4bdeb7f8c76e6962697ebe8451f4",
    "settings": {
      "fd_thres": 0.2,
      "testing": false
    },
    "software": "mriqc",
    "version": "23.1.0"
  },
  "size_t": 202,
  "size_x": 72,
  "size_y": 72,
  "size_z": 46,
  "snr": 2.9738427467331303,
  "spacing_tr": 3.0,
  "spacing_x": 3.0,
  "spacing_y": 2.999999761581421,
  "spacing_z": 2.999999761581421,
  "summary_bg_k": 21.235368532651886,
  "summary_bg_mad": 44.72027346681194,
  "summary_bg_mean": 184.09353601595237,
  "summary_bg_median": 31.7772274017334,
  "summary_bg_n": 185347.0,
  "summary_bg_p05": 0.5742574334144592,
  "summary_bg_p95": 985.589111328125,
  "summary_bg_stdv": 387.9915227055574,
  "summary_fg_k": 0.6358962043952872,
  "summary_fg_mad": 1069.2131935794382,
  "summary_fg_mean": 3704.676107718544,
  "summary_fg_median": 3542.406005859375,
  "summary_fg_n": 53117.0,
  "summary_fg_p05": 1984.480224609375,
  "summary_fg_p95": 5932.5888671875,
  "summary_fg_stdv": 1191.17685838655,
  "tsnr": 64.86189353466034
}