{
  "aor": 0.0020392610837438423,
  "aqi": 0.006045769950738917,
  "bids_meta": {
    "EchoTime": 0.047,
    "RepetitionTime": 3.0,
    "SliceEncodingDirection": "k",
    "SliceTiming": [
      0.0,
      1.5,
      0.065,
      1.565,
      0.13,
      1.63,
      0.196,
      1.696,
      0.261,
      1.761,
      0.326,
      1.826,
      0.391,
      1.891,
      0.457,
      1.957,
      0.522,
      2.022,
      0.587,
      2.087,
      0.652,
      2.152,
      0.717,
      2.217,
      0.783,
      2.283,
      0.848,
      2.348,
      0.913,
      2.413,
      0.978,
      2.478,
      1.043,
      2.543,
      1.109,
      2.609,
      1.174,
      2.674,
      1.239,
      2.739,
      1.304,
      2.804,
      1.37,
      2.87,
      1.435,
      2.935
    ],
    "TaskName": "rest",
    "dataset": "ds003592",
    "modality": "bold",
    "session_id": "1",
    "subject_id": "89",
    "task_id": "rest"
  },
  "dummy_trs": 1,
  "dvars_nstd": 23.19027612717823,
  "dvars_std": 1.1050511217326737,
  "dvars_vstd": 0.9704760182673272,
  "efc": 0.39187830378728505,
  "fber": 12964.791015625,
  "fd_mean": 0.1139897893827505,
  "fd_num": 28,
  "fd_perc": 13.793103448275861,
  "fwhm_avg": 2.744768888888889,
  "fwhm_x": 2.7429233333333336,
  "fwhm_y": 2.7932666666666663,
  "fwhm_z": 2.698116666666667,
  "gcor": 0.0531487,
  "gsr_x": 0.0003795974189415574,
  "gsr_y": 0.007381335366517305,
  "provenance": {
    "md5sum": "e097ddda032a3ed0eff2e2b8bd4f81fd",
    "settings": {
      "fd_thres": 0.2,
      "testing": false
    },
    "software": "mriqc",
    "version": "23.1.0"
  },
  "size_t": 203,
  "size_x": 72,
  "size_y": 72,
  "size_z": 46,
  "snr": 3.167370529420297,
  "spacing_tr": 3.0,
  "spacing_x": 3.0,
  "spacing_y": 3.0,
  "spacing_z": 3.0,
  "summary_bg_k": 33.969955412369295,
  "summary_bg_mad": 30.90093556671418,
  "summary_bg_mean": 82.63476180081662,
  "summary_bg_median": 23.522167205810547,
  "summary_bg_n": 201281.0,
  "summary_bg_p05": 0.5665024518966675,
  "summary_bg_p95": 369.6650085449219,
  "summary_bg_stdv": 186.92090824052445,
  "summary_fg_k": 0.5829993195809822,
  "summary_fg_mad": 743.3900002203293,
  "summary_fg_mean": 2799.9869424512017,
  "summary_fg_median": 2678.305419921875,
  "summary_fg_n": 37183.0,
  "summary_fg_p05": 1568.137939453125,
  "summary_fg_p95": 4422.18701171875,
  "summary_fg_stdv": 845.5813361951668,
  "tsnr": 48.20767517318018
}