{
  "bids_meta": {
    "EchoTime": 0.0034,
    "FlipAngle": 7,
    "RepetitionTime": 2.53,
    "dataset": "ds003592",
    "modality": "T1w",
    "session_id": "1",
    "subject_id": "177"
  },
  "cjv": 0.6267548556586695,
  "cnr": 1.4785025890724686,
  "efc": 0.6158757533807961,
  "fber": -1.0,
  "fwhm_avg": 3.7689966666666663,
  "fwhm_x": 3.82531,
  "fwhm_y": 3.91927,
  "fwhm_z": 3.56241,
  "icvs_csf": 0.2601637420505472,
  "icvs_gm": 0.3807501746832442,
  "icvs_wm": 0.3590860832662086,
  "inu_med": 0.8359886407852173,
  "inu_range": 0.6116233319044113,
  "provenance": {
    "md5sum": "2c9059a6f049fa1df8e99d9cc01590cd",
    "settings": {
      "testing": false
    },
    "software": "mriqc",
    "version": "23.1.0",
    "warnings": {
      "large_rot_frame": true,
      "small_air_mask": false
    }
  },
  "qi_1": 0.0,
  "qi_2": 0.0011683295331066594,
  "rpve_csf": 6.818916535689379,
  "rpve_gm": 6.708891095904378,
  "rpve_wm": 6.809451736214369,
  "size_x": 176,
  "size_y": 256,
  "size_z": 256,
  "snr_csf": 1.8421190193973258,
  "snr_gm": 4.70200930320435,
  "snr_total": 5.411217999381034,
  "snr_wm": 9.689525675541425,
  "snrd_csf": 40.04194246019664,
  "snrd_gm": 71.81629635439285,
  "snrd_total": 70.28691660764922,
  "snrd_wm": 99.0025110083582,
  "spacing_x": 1.0,
  "spacing_y": 1.0,
  "spacing_z": 1.0,
  "summary_bg_k": 28.69732871358846,
  "summary_bg_mad": 0.0,
  "summary_bg_mean": 2.543340985064071,
  "summary_bg_median": 0.0,
  "summary_bg_n": 2660575.0,
  "summary_bg_p05": 0.0,
  "summary_bg_p95": 15.355845790356398,
  "summary_bg_stdv": 6.326328153435612,
  "summary_csf_k": -0.44569808451953286,
  "summary_csf_mad": 162.03215676307633,
  "summary_csf_mean": 400.351174509373,
  "summary_csf_median": 386.6652317047119,
  "summary_csf_n": 433022.2560737359,
  "summary_csf_p05": 84.54705726727843,
  "summary_csf_p95": 741.4679824486375,
  "summary_csf_stdv": 209.90217307362514,
  "summary_gm_k": 1.042910846515242,
  "summary_gm_mad": 95.65175690456036,
  "summary_gm_mean": 701.3383419159006,
  "summary_gm_median": 693.4944501668215,
  "summary_gm_n": 633728.9675429645,
  "summary_gm_p05": 465.9977745935321,
  "summary_gm_p95": 970.546993419528,
  "summary_gm_stdv": 147.48884110888088,
  "summary_wm_k": 0.7166041703706951,
  "summary_wm_mad": 68.88632660016276,
  "summary_wm_mean": 938.2591650808579,
  "summary_wm_median": 956.0182774960995,
  "summary_wm_n": 597670.7771615786,
  "summary_wm_p05": 747.1140428446233,
  "summary_wm_p95": 1073.6864916086197,
  "summary_wm_stdv": 98.66504406116296,
  "tpm_overlap_csf": 0.23251352647104784,
  "tpm_overlap_gm": 0.534504094793407,
  "tpm_overlap_wm": 0.5460488522950563,
  "wm2max": 0.5917462044513482
}