{
  "aor": 0.00807911330049261,
  "aqi": 0.005101724137931034,
  "bids_meta": {
    "EchoTime": 0.03,
    "RepetitionTime": 3.0,
    "SliceEncodingDirection": "k",
    "SliceTiming": [
      0.0,
      1.5,
      0.065,
      1.565,
      0.13,
      1.63,
      0.196,
      1.696,
      0.261,
      1.761,
      0.326,
      1.826,
      0.391,
      1.891,
      0.457,
      1.957,
      0.522,
      2.022,
      0.587,
      2.087,
      0.652,
      2.152,
      0.717,
      2.217,
      0.783,
      2.283,
      0.848,
      2.348,
      0.913,
      2.413,
      0.978,
      2.478,
      1.043,
      2.543,
      1.109,
      2.609,
      1.174,
      2.674,
      1.239,
      2.739,
      1.304,
      2.804,
      1.37,
      2.87,
      1.435,
      2.935
    ],
    "TaskName": "rest",
    "dataset": "ds003592",
    "modality": "bold",
    "session_id": "2",
    "subject_id": "30",
    "task_id": "rest"
  },
  "dummy_trs": 1,
  "dvars_nstd": 17.204361424356424,
  "dvars_std": 1.1146811819306923,
  "dvars_vstd": 1.0028770199009907,
  "efc": 0.4510456256293113,
  "fber": 25133.603515625,
  "fd_mean": 0.05211142877908237,
  "fd_num": 1,
  "fd_perc": 0.49261083743842365,
  "fwhm_avg": 2.9980700000000002,
  "fwhm_x": 2.9265600000000003,
  "fwhm_y": 3.0202633333333337,
  "fwhm_z": 3.0473866666666667,
  "gcor": 0.00781875,
  "gsr_x": -0.0006361035630106926,
  "gsr_y": 0.014647352509200573,
  "provenance": {
    "md5sum": "cb4f603f7864efd146ffb834bfceb473",
    "settings": {
      "fd_thres": 0.2,
      "testing": false
    },
    "software": "mriqc",
    "version": "23.1.0"
  },
  "size_t": 203,
  "size_x": 72,
  "size_y": 72,
  "size_z": 46,
  "snr": 3.131482027067408,
  "spacing_tr": 3.0,
  "spacing_x": 3.0,
  "spacing_y": 3.0,
  "spacing_z": 3.0,
  "summary_bg_k": 25.94004229222023,
  "summary_bg_mad": 33.559393624702246,
  "summary_bg_mean": 130.18861107183702,
  "summary_bg_median": 22.97536849975586,
  "summary_bg_n": 187083.0,
  "summary_bg_p05": 0.07389162480831146,
  "summary_bg_p95": 665.72412109375,
  "summary_bg_stdv": 309.69836676412024,
  "summary_fg_k": 0.7503625032753116,
  "summary_fg_mad": 1071.9579622862077,
  "summary_fg_mean": 3828.2651375625996,
  "summary_fg_median": 3642.418701171875,
  "summary_fg_n": 51381.0,
  "summary_fg_p05": 2251.586181640625,
  "summary_fg_p95": 6030.1083984375,
  "summary_fg_stdv": 1163.1499795704126,
  "tsnr": 57.427414047997445
}