{
  "aor": 0.0017675369458128077,
  "aqi": 0.008056222610837438,
  "bids_meta": {
    "EchoTime": 0.047,
    "RepetitionTime": 3.0,
    "SliceEncodingDirection": "k",
    "SliceTiming": [
      0.0,
      1.5,
      0.065,
      1.565,
      0.13,
      1.63,
      0.196,
      1.696,
      0.261,
      1.761,
      0.326,
      1.826,
      0.391,
      1.891,
      0.457,
      1.957,
      0.522,
      2.022,
      0.587,
      2.087,
      0.652,
      2.152,
      0.717,
      2.217,
      0.783,
      2.283,
      0.848,
      2.348,
      0.913,
      2.413,
      0.978,
      2.478,
      1.043,
      2.543,
      1.109,
      2.609,
      1.174,
      2.674,
      1.239,
      2.739,
      1.304,
      2.804,
      1.37,
      2.87,
      1.435,
      2.935
    ],
    "TaskName": "rest",
    "dataset": "ds003592",
    "modality": "bold",
    "session_id": "1",
    "subject_id": "228",
    "task_id": "rest"
  },
  "dummy_trs": 1,
  "dvars_nstd": 23.849657521386128,
  "dvars_std": 0.9913849270297025,
  "dvars_vstd": 0.9280380341584159,
  "efc": 0.45195896328928375,
  "fber": 10025.2880859375,
  "fd_mean": 0.11691385744692688,
  "fd_num": 36,
  "fd_perc": 17.733990147783253,
  "fwhm_avg": 2.6737799999999994,
  "fwhm_x": 2.666933333333333,
  "fwhm_y": 2.7310466666666664,
  "fwhm_z": 2.62336,
  "gcor": 0.0363697,
  "gsr_x": -0.006560030858963728,
  "gsr_y": 0.017330504953861237,
  "provenance": {
    "md5sum": "854589fb8f8ac3044d6e5b582a942055",
    "settings": {
      "fd_thres": 0.2,
      "testing": false
    },
    "software": "mriqc",
    "version": "23.1.0"
  },
  "size_t": 203,
  "size_x": 72,
  "size_y": 72,
  "size_z": 46,
  "snr": 3.1208114517338235,
  "spacing_tr": 3.0,
  "spacing_x": 3.0,
  "spacing_y": 3.0,
  "spacing_z": 3.0,
  "summary_bg_k": 25.20064243868123,
  "summary_bg_mad": 34.64030732193071,
  "summary_bg_mean": 97.45074954298511,
  "summary_bg_median": 25.886699676513672,
  "summary_bg_n": 188206.0,
  "summary_bg_p05": 0.6896551847457886,
  "summary_bg_p95": 464.83251953125,
  "summary_bg_stdv": 212.97296278758077,
  "summary_fg_k": 0.31314160960574533,
  "summary_fg_mad": 784.74196959285,
  "summary_fg_mean": 2685.4794270045873,
  "summary_fg_median": 2591.94091796875,
  "summary_fg_n": 50258.0,
  "summary_fg_p05": 1465.8719482421875,
  "summary_fg_p95": 4219.9951171875,
  "summary_fg_stdv": 830.5260255466211,
  "tsnr": 38.49501000344753
}