{
  "aor": 0.008499257425742575,
  "aqi": 0.004494861237623764,
  "bids_meta": {
    "EchoTime": 0.0137,
    "RepetitionTime": 3.0,
    "SliceEncodingDirection": "k",
    "SliceTiming": [
      0.0,
      1.5,
      0.065,
      1.565,
      0.13,
      1.63,
      0.196,
      1.696,
      0.261,
      1.761,
      0.326,
      1.826,
      0.391,
      1.891,
      0.457,
      1.957,
      0.522,
      2.022,
      0.587,
      2.087,
      0.652,
      2.152,
      0.717,
      2.217,
      0.783,
      2.283,
      0.848,
      2.348,
      0.913,
      2.413,
      0.978,
      2.478,
      1.043,
      2.543,
      1.109,
      2.609,
      1.174,
      2.674,
      1.239,
      2.739,
      1.304,
      2.804,
      1.37,
      2.87,
      1.435,
      2.935
    ],
    "TaskName": "rest",
    "dataset": "ds003592",
    "modality": "bold",
    "session_id": "1",
    "subject_id": "176",
    "task_id": "rest"
  },
  "dummy_trs": 2,
  "dvars_nstd": 20.32331614691541,
  "dvars_std": 1.3652156736318406,
  "dvars_vstd": 0.9856406635323379,
  "efc": 0.5455530582964903,
  "fber": 7412.7890625,
  "fd_mean": 0.07681293159227119,
  "fd_num": 7,
  "fd_perc": 3.4653465346534653,
  "fwhm_avg": 3.3571477777777776,
  "fwhm_x": 2.9998966666666664,
  "fwhm_y": 3.3306133333333334,
  "fwhm_z": 3.740933333333333,
  "gcor": 0.0275497,
  "gsr_x": -0.010991045273840427,
  "gsr_y": 0.07903843373060226,
  "provenance": {
    "md5sum": "56ae01ccf06525192e5779aeb815a94f",
    "settings": {
      "fd_thres": 0.2,
      "testing": false
    },
    "software": "mriqc",
    "version": "23.1.0"
  },
  "size_t": 202,
  "size_x": 72,
  "size_y": 72,
  "size_z": 46,
  "snr": 2.6587179314685723,
  "spacing_tr": 3.0,
  "spacing_x": 3.0,
  "spacing_y": 3.0,
  "spacing_z": 3.0,
  "summary_bg_k": 9.91299162440601,
  "summary_bg_mad": 82.42387307413527,
  "summary_bg_mean": 440.7717005999838,
  "summary_bg_median": 56.68316650390625,
  "summary_bg_n": 173581.0,
  "summary_bg_p05": 0.5198019742965698,
  "summary_bg_p95": 2266.346435546875,
  "summary_bg_stdv": 863.5404945426155,
  "summary_fg_k": 0.9596776203126645,
  "summary_fg_mad": 1670.6284669502693,
  "summary_fg_mean": 5196.335121668371,
  "summary_fg_median": 4880.2822265625,
  "summary_fg_n": 64883.0,
  "summary_fg_p05": 2752.53466796875,
  "summary_fg_p95": 8641.212890625,
  "summary_fg_stdv": 1835.5631337674213,
  "tsnr": 68.52989513240755
}