{
  "aor": 0.0008058620689655173,
  "aqi": 0.003563207733990148,
  "bids_meta": {
    "EchoTime": 0.03,
    "RepetitionTime": 3.0,
    "SliceEncodingDirection": "k",
    "SliceTiming": [
      0.0,
      1.5,
      0.065,
      1.565,
      0.13,
      1.63,
      0.196,
      1.696,
      0.261,
      1.761,
      0.326,
      1.826,
      0.391,
      1.891,
      0.457,
      1.957,
      0.522,
      2.022,
      0.587,
      2.087,
      0.652,
      2.152,
      0.717,
      2.217,
      0.783,
      2.283,
      0.848,
      2.348,
      0.913,
      2.413,
      0.978,
      2.478,
      1.043,
      2.543,
      1.109,
      2.609,
      1.174,
      2.674,
      1.239,
      2.739,
      1.304,
      2.804,
      1.37,
      2.87,
      1.435,
      2.935
    ],
    "TaskName": "rest",
    "dataset": "ds003592",
    "modality": "bold",
    "session_id": "1",
    "subject_id": "35",
    "task_id": "rest"
  },
  "dummy_trs": 1,
  "dvars_nstd": 16.191269968910884,
  "dvars_std": 1.0122490474752475,
  "dvars_vstd": 0.934488142029703,
  "efc": 0.49544934084037656,
  "fber": 8991.90625,
  "fd_mean": 0.040436030074938636,
  "fd_num": 0,
  "fd_perc": 0.0,
  "fwhm_avg": 3.014604444444444,
  "fwhm_x": 2.9132433333333334,
  "fwhm_y": 3.0723800000000003,
  "fwhm_z": 3.0581899999999997,
  "gcor": 0.0155105,
  "gsr_x": 0.011269736103713512,
  "gsr_y": 0.04811951145529747,
  "provenance": {
    "md5sum": "9ed56b446fbdf8cbd44529e848ff2c3d",
    "settings": {
      "fd_thres": 0.2,
      "testing": false
    },
    "software": "mriqc",
    "version": "23.1.0"
  },
  "size_t": 203,
  "size_x": 72,
  "size_y": 72,
  "size_z": 46,
  "snr": 2.795595422797824,
  "spacing_tr": 3.0,
  "spacing_x": 3.0,
  "spacing_y": 3.0,
  "spacing_z": 3.0,
  "summary_bg_k": 16.61986676274505,
  "summary_bg_mad": 55.608536917914655,
  "summary_bg_mean": 218.802720482428,
  "summary_bg_median": 37.778324127197266,
  "summary_bg_n": 182473.0,
  "summary_bg_p05": 0.029556650668382645,
  "summary_bg_p95": 1155.72412109375,
  "summary_bg_stdv": 443.4577881636476,
  "summary_fg_k": 0.6495880511272834,
  "summary_fg_mad": 1219.8019261896777,
  "summary_fg_mean": 3787.717016134751,
  "summary_fg_median": 3582.354736328125,
  "summary_fg_n": 55991.0,
  "summary_fg_p05": 2054.753662109375,
  "summary_fg_p95": 6205.5419921875,
  "summary_fg_stdv": 1281.416730232245,
  "tsnr": 58.10320476978086
}