{
  "aor": 0.001705073891625616,
  "aqi": 0.009744853990147783,
  "bids_meta": {
    "EchoTime": 0.047,
    "RepetitionTime": 3.0,
    "SliceEncodingDirection": "k",
    "SliceTiming": [
      0.0,
      1.5,
      0.065,
      1.565,
      0.13,
      1.63,
      0.196,
      1.696,
      0.261,
      1.761,
      0.326,
      1.826,
      0.391,
      1.891,
      0.457,
      1.957,
      0.522,
      2.022,
      0.587,
      2.087,
      0.652,
      2.152,
      0.717,
      2.217,
      0.783,
      2.283,
      0.848,
      2.348,
      0.913,
      2.413,
      0.978,
      2.478,
      1.043,
      2.543,
      1.109,
      2.609,
      1.174,
      2.674,
      1.239,
      2.739,
      1.304,
      2.804,
      1.37,
      2.87,
      1.435,
      2.935
    ],
    "TaskName": "rest",
    "dataset": "ds003592",
    "modality": "bold",
    "session_id": "1",
    "subject_id": "101",
    "task_id": "rest"
  },
  "dummy_trs": 1,
  "dvars_nstd": 29.147999093168316,
  "dvars_std": 1.028746721683168,
  "dvars_vstd": 0.950434287574257,
  "efc": 0.43558357006633425,
  "fber": 9525.890625,
  "fd_mean": 0.1675072408881359,
  "fd_num": 61,
  "fd_perc": 30.049261083743843,
  "fwhm_avg": 2.3561244444444447,
  "fwhm_x": 2.3503366666666667,
  "fwhm_y": 2.4714233333333335,
  "fwhm_z": 2.2466133333333334,
  "gcor": 0.03011,
  "gsr_x": 0.005554277449846268,
  "gsr_y": 0.01740313321352005,
  "provenance": {
    "md5sum": "2115ddad1653d653e6f6dde3181fe482",
    "settings": {
      "fd_thres": 0.2,
      "testing": false
    },
    "software": "mriqc",
    "version": "23.1.0"
  },
  "size_t": 203,
  "size_x": 72,
  "size_y": 72,
  "size_z": 46,
  "snr": 3.126576222029567,
  "spacing_tr": 3.0,
  "spacing_x": 3.0,
  "spacing_y": 3.0,
  "spacing_z": 3.0,
  "summary_bg_k": 45.748651489935,
  "summary_bg_mad": 33.172309833044615,
  "summary_bg_mean": 100.08245148633102,
  "summary_bg_median": 25.201969146728516,
  "summary_bg_n": 193803.0,
  "summary_bg_p05": 0.7192118167877197,
  "summary_bg_p95": 503.4285583496094,
  "summary_bg_stdv": 228.40699326323264,
  "summary_fg_k": 0.703698750183384,
  "summary_fg_mad": 731.2294767503795,
  "summary_fg_mean": 2541.9916233142203,
  "summary_fg_median": 2459.72900390625,
  "summary_fg_n": 44661.0,
  "summary_fg_p05": 1393.3250732421875,
  "summary_fg_p95": 3981.72900390625,
  "summary_fg_stdv": 786.7076608104986,
  "tsnr": 40.046583988005295
}