{
  "aor": 0.0018314778325123156,
  "aqi": 0.006436143349753694,
  "bids_meta": {
    "EchoTime": 0.03,
    "RepetitionTime": 3.0,
    "SliceEncodingDirection": "k",
    "SliceTiming": [
      0.0,
      1.5,
      0.065,
      1.565,
      0.13,
      1.63,
      0.196,
      1.696,
      0.261,
      1.761,
      0.326,
      1.826,
      0.391,
      1.891,
      0.457,
      1.957,
      0.522,
      2.022,
      0.587,
      2.087,
      0.652,
      2.152,
      0.717,
      2.217,
      0.783,
      2.283,
      0.848,
      2.348,
      0.913,
      2.413,
      0.978,
      2.478,
      1.043,
      2.543,
      1.109,
      2.609,
      1.174,
      2.674,
      1.239,
      2.739,
      1.304,
      2.804,
      1.37,
      2.87,
      1.435,
      2.935
    ],
    "TaskName": "rest",
    "dataset": "ds003592",
    "modality": "bold",
    "session_id": "1",
    "subject_id": "101",
    "task_id": "rest"
  },
  "dummy_trs": 1,
  "dvars_nstd": 22.577355805049507,
  "dvars_std": 1.0481709731188118,
  "dvars_vstd": 0.9405654308415835,
  "efc": 0.46880027177564726,
  "fber": 12300.12890625,
  "fd_mean": 0.16917319463610578,
  "fd_num": 63,
  "fd_perc": 31.03448275862069,
  "fwhm_avg": 2.7492311111111114,
  "fwhm_x": 2.6428833333333333,
  "fwhm_y": 2.8422,
  "fwhm_z": 2.76261,
  "gcor": 0.0312726,
  "gsr_x": 0.016867341473698616,
  "gsr_y": 0.02609548531472683,
  "provenance": {
    "md5sum": "d5f62b777297e8b39f56faa85a9b946d",
    "settings": {
      "fd_thres": 0.2,
      "testing": false
    },
    "software": "mriqc",
    "version": "23.1.0"
  },
  "size_t": 203,
  "size_x": 72,
  "size_y": 72,
  "size_z": 46,
  "snr": 3.249276858697736,
  "spacing_tr": 3.0,
  "spacing_x": 3.0,
  "spacing_y": 3.0,
  "spacing_z": 3.0,
  "summary_bg_k": 32.398783403988205,
  "summary_bg_mad": 43.083104732696555,
  "summary_bg_mean": 177.98709911865552,
  "summary_bg_median": 31.3201961517334,
  "summary_bg_n": 188649.0,
  "summary_bg_p05": 0.9507389068603516,
  "summary_bg_p95": 944.39404296875,
  "summary_bg_stdv": 394.24232558997545,
  "summary_fg_k": 0.053371438667215276,
  "summary_fg_mad": 1012.9897756111138,
  "summary_fg_mean": 3607.5870480228905,
  "summary_fg_median": 3473.595947265625,
  "summary_fg_n": 49815.0,
  "summary_fg_p05": 2006.88671875,
  "summary_fg_p95": 5578.92578125,
  "summary_fg_stdv": 1069.025888893623,
  "tsnr": 51.07423302484676
}