{
  "aor": 0.0018039901477832512,
  "aqi": 0.003490094482758621,
  "bids_meta": {
    "EchoTime": 0.0137,
    "RepetitionTime": 3.0,
    "SliceEncodingDirection": "k",
    "SliceTiming": [
      0.0,
      1.5,
      0.065,
      1.565,
      0.13,
      1.63,
      0.196,
      1.696,
      0.261,
      1.761,
      0.326,
      1.826,
      0.391,
      1.891,
      0.457,
      1.957,
      0.522,
      2.022,
      0.587,
      2.087,
      0.652,
      2.152,
      0.717,
      2.217,
      0.783,
      2.283,
      0.848,
      2.348,
      0.913,
      2.413,
      0.978,
      2.478,
      1.043,
      2.543,
      1.109,
      2.609,
      1.174,
      2.674,
      1.239,
      2.739,
      1.304,
      2.804,
      1.37,
      2.87,
      1.435,
      2.935
    ],
    "TaskName": "rest",
    "dataset": "ds003592",
    "modality": "bold",
    "session_id": "1",
    "subject_id": "43",
    "task_id": "rest"
  },
  "dummy_trs": 1,
  "dvars_nstd": 22.734405980346533,
  "dvars_std": 1.5852913750495048,
  "dvars_vstd": 0.9584045275247526,
  "efc": 0.46929065576682166,
  "fber": 20821.802734375,
  "fd_mean": 0.0574959583232174,
  "fd_num": 1,
  "fd_perc": 0.49261083743842365,
  "fwhm_avg": 3.329522039589543,
  "fwhm_x": 3.0944133333333332,
  "fwhm_y": 3.2493530750979525,
  "fwhm_z": 3.644799710337344,
  "gcor": 0.0429085,
  "gsr_x": -0.02514529787003994,
  "gsr_y": 0.05177183821797371,
  "provenance": {
    "md5sum": "9a075de07c87c011e7acf36afa395887",
    "settings": {
      "fd_thres": 0.2,
      "testing": false
    },
    "software": "mriqc",
    "version": "23.1.0"
  },
  "size_t": 203,
  "size_x": 72,
  "size_y": 72,
  "size_z": 46,
  "snr": 3.0041316294046148,
  "spacing_tr": 3.0,
  "spacing_x": 3.0,
  "spacing_y": 3.000000238418579,
  "spacing_z": 3.000000238418579,
  "summary_bg_k": 16.851226498912087,
  "summary_bg_mad": 46.64719240406319,
  "summary_bg_mean": 317.46127360399663,
  "summary_bg_median": 31.581279754638672,
  "summary_bg_n": 192859.0,
  "summary_bg_p05": 0.029556650668382645,
  "summary_bg_p95": 1768.142822265625,
  "summary_bg_stdv": 711.9071160096502,
  "summary_fg_k": 1.8655233193678704,
  "summary_fg_mad": 1192.026662215794,
  "summary_fg_mean": 4847.57989291599,
  "summary_fg_median": 4557.103515625,
  "summary_fg_n": 45605.0,
  "summary_fg_p05": 2851.73388671875,
  "summary_fg_p95": 7842.94580078125,
  "summary_fg_stdv": 1516.9287217592178,
  "tsnr": 83.28466360177845
}