{
  "aor": 0.0016638,
  "aqi": 0.00631655115,
  "bids_meta": {
    "EchoTime": 0.04592,
    "RepetitionTime": 3,
    "SliceEncodingDirection": "k",
    "SliceTiming": [
      0,
      1.54,
      0.07,
      1.61,
      0.14,
      1.68,
      0.21,
      1.75,
      0.28,
      1.82,
      0.35,
      1.89,
      0.42,
      1.96,
      0.49,
      2.03,
      0.56,
      2.1,
      0.63,
      2.17,
      0.7,
      2.24,
      0.77,
      2.31,
      0.84,
      2.38,
      0.91,
      2.45,
      0.98,
      2.52,
      1.05,
      2.5925,
      1.12,
      2.6625,
      1.19,
      2.7325,
      1.26,
      2.8025,
      1.33,
      2.8725,
      1.4,
      2.9425,
      1.47
    ],
    "TaskName": "rest",
    "dataset": "ds003592",
    "modality": "bold",
    "session_id": "2",
    "subject_id": "288",
    "task_id": "rest"
  },
  "dummy_trs": 0,
  "dvars_nstd": 42.526720238391945,
  "dvars_std": 1.1512055159296488,
  "dvars_vstd": 0.9735582845226136,
  "efc": 0.48484952894837235,
  "fber": 822.5032348632812,
  "fd_mean": 0.1355941603441329,
  "fd_num": 46,
  "fd_perc": 23.0,
  "fwhm_avg": 2.224531303004961,
  "fwhm_x": 2.072871111111111,
  "fwhm_y": 2.219905185185185,
  "fwhm_z": 2.3808176127185874,
  "gcor": 0.0131655,
  "gsr_x": -0.019476044923067093,
  "gsr_y": 0.05516369640827179,
  "provenance": {
    "md5sum": "84a3888746825e811f5e2b41cc26f7df",
    "settings": {
      "fd_thres": 0.2,
      "testing": false
    },
    "software": "mriqc",
    "version": "23.1.0"
  },
  "size_t": 200,
  "size_x": 64,
  "size_y": 64,
  "size_z": 43,
  "snr": 1.9603795973928673,
  "spacing_tr": 3.0,
  "spacing_x": 3.375,
  "spacing_y": 3.375,
  "spacing_z": 2.9999988079071045,
  "summary_bg_k": 247.61489380866382,
  "summary_bg_mad": 9.16989392966214,
  "summary_bg_mean": 30.191816061997315,
  "summary_bg_median": 15.809999465942383,
  "summary_bg_n": 135658.0,
  "summary_bg_p05": 8.304999351501465,
  "summary_bg_p95": 102.11499786376953,
  "summary_bg_stdv": 53.37322795670984,
  "summary_fg_k": 2.823066005330845,
  "summary_fg_mad": 184.34675441953507,
  "summary_fg_mean": 511.2662160064663,
  "summary_fg_median": 453.41998291015625,
  "summary_fg_n": 40470.0,
  "summary_fg_p05": 245.58499145507812,
  "summary_fg_p95": 967.4299926757812,
  "summary_fg_stdv": 231.2890735811622,
  "tsnr": 40.30035022459924
}