{
  "bids_meta": {
    "EchoTime": 0.0034,
    "FlipAngle": 7,
    "RepetitionTime": 2.53,
    "dataset": "ds003592",
    "modality": "T1w",
    "session_id": "1",
    "subject_id": "81"
  },
  "cjv": 0.652966589430106,
  "cnr": 1.4076322246276085,
  "efc": 0.5466612366365607,
  "fber": -1.0,
  "fwhm_avg": 4.069383333333334,
  "fwhm_x": 4.11929,
  "fwhm_y": 4.17666,
  "fwhm_z": 3.9122,
  "icvs_csf": 0.2647352375810338,
  "icvs_gm": 0.37957317979860145,
  "icvs_wm": 0.3556915826203648,
  "inu_med": 0.7828046977519989,
  "inu_range": 0.6408452481031421,
  "provenance": {
    "md5sum": "d42990e85630f5289767813ed8737fc4",
    "settings": {
      "testing": false
    },
    "software": "mriqc",
    "version": "23.1.0",
    "warnings": {
      "large_rot_frame": true,
      "small_air_mask": false
    }
  },
  "qi_1": 0.0,
  "qi_2": 0.0009090774643719622,
  "rpve_csf": 8.281620699251253,
  "rpve_gm": 8.148862083400674,
  "rpve_wm": 8.231231175759588,
  "size_x": 176,
  "size_y": 256,
  "size_z": 256,
  "snr_csf": 1.7428972606641855,
  "snr_gm": 5.146929923570341,
  "snr_total": 5.250591317520892,
  "snr_wm": 8.86194676832815,
  "snrd_csf": 27.038422663570525,
  "snrd_gm": 53.219238969530004,
  "snrd_total": 50.661167095967954,
  "snrd_wm": 71.72583965480332,
  "spacing_x": 1.0,
  "spacing_y": 1.0,
  "spacing_z": 1.0,
  "summary_bg_k": 2686.670687905846,
  "summary_bg_mad": 0.0,
  "summary_bg_mean": 3.567303045143329,
  "summary_bg_median": 0.0,
  "summary_bg_n": 2684856.0,
  "summary_bg_p05": 0.0,
  "summary_bg_p95": 19.048905596137047,
  "summary_bg_stdv": 8.669098568489876,
  "summary_csf_k": -0.8313041778103831,
  "summary_csf_mad": 174.5926677482012,
  "summary_csf_mean": 378.8116378190134,
  "summary_csf_median": 357.78618194162846,
  "summary_csf_n": 364686.0265805354,
  "summary_csf_p05": 81.19427137076855,
  "summary_csf_p95": 725.7047604769468,
  "summary_csf_stdv": 205.28214684606607,
  "summary_gm_k": -0.31255486191915516,
  "summary_gm_mad": 86.66205840809376,
  "summary_gm_mean": 712.9030745191758,
  "summary_gm_median": 704.2240796983242,
  "summary_gm_n": 522881.03390437434,
  "summary_gm_p05": 496.80266320705414,
  "summary_gm_p95": 970.4133964329958,
  "summary_gm_stdv": 136.82397404819076,
  "summary_wm_k": -0.20460658760941897,
  "summary_wm_mad": 73.24212486415935,
  "summary_wm_mean": 919.8578710607748,
  "summary_wm_median": 949.1128471493721,
  "summary_wm_n": 489982.9397069134,
  "summary_wm_p05": 713.8611146807671,
  "summary_wm_p95": 1056.7864482849836,
  "summary_wm_stdv": 107.09970432509321,
  "tpm_overlap_csf": 0.19829159631837331,
  "tpm_overlap_gm": 0.5326279805142462,
  "tpm_overlap_wm": 0.5342442226959488,
  "wm2max": 0.4642307876356007
}