{
  "aor": 0.0010556632653061224,
  "aqi": 0.0028062710714285713,
  "bids_meta": {
    "EchoTime": 0.0137,
    "RepetitionTime": 3.0,
    "SliceEncodingDirection": "k",
    "SliceTiming": [
      0.0,
      1.5,
      0.065,
      1.565,
      0.13,
      1.63,
      0.196,
      1.696,
      0.261,
      1.761,
      0.326,
      1.826,
      0.391,
      1.891,
      0.457,
      1.957,
      0.522,
      2.022,
      0.587,
      2.087,
      0.652,
      2.152,
      0.717,
      2.217,
      0.783,
      2.283,
      0.848,
      2.348,
      0.913,
      2.413,
      0.978,
      2.478,
      1.043,
      2.543,
      1.109,
      2.609,
      1.174,
      2.674,
      1.239,
      2.739,
      1.304,
      2.804,
      1.37,
      2.87,
      1.435,
      2.935
    ],
    "TaskName": "rest",
    "dataset": "ds003592",
    "modality": "bold",
    "session_id": "2",
    "subject_id": "123",
    "task_id": "rest"
  },
  "dummy_trs": 8,
  "dvars_nstd": 20.71507378589744,
  "dvars_std": 1.1597007302564106,
  "dvars_vstd": 0.9787213044102564,
  "efc": 0.5576577702215781,
  "fber": 4197.51025390625,
  "fd_mean": 0.16917640527780262,
  "fd_num": 55,
  "fd_perc": 28.06122448979592,
  "fwhm_avg": 3.3273500000000005,
  "fwhm_x": 2.7379833333333337,
  "fwhm_y": 3.3771,
  "fwhm_z": 3.8669666666666664,
  "gcor": 0.0178651,
  "gsr_x": 0.003398626111447811,
  "gsr_y": 0.08343791216611862,
  "provenance": {
    "md5sum": "7c9710cfbb5dd5f6515453ce27384fc3",
    "settings": {
      "fd_thres": 0.2,
      "testing": false
    },
    "software": "mriqc",
    "version": "23.1.0"
  },
  "size_t": 196,
  "size_x": 72,
  "size_y": 72,
  "size_z": 46,
  "snr": 2.899376089994379,
  "spacing_tr": 3.0,
  "spacing_x": 3.0,
  "spacing_y": 3.0,
  "spacing_z": 3.0,
  "summary_bg_k": 11.562672756828755,
  "summary_bg_mad": 100.69591606603234,
  "summary_bg_mean": 470.99158817891765,
  "summary_bg_median": 69.27805709838867,
  "summary_bg_n": 175128.0,
  "summary_bg_p05": 0.5,
  "summary_bg_p95": 2370.18359375,
  "summary_bg_stdv": 907.017189636846,
  "summary_fg_k": 1.0092565134062275,
  "summary_fg_mad": 1407.6895426397923,
  "summary_fg_mean": 4689.5727707211745,
  "summary_fg_median": 4488.400390625,
  "summary_fg_n": 63336.0,
  "summary_fg_p05": 2521.270263671875,
  "summary_fg_p95": 7511.16845703125,
  "summary_fg_stdv": 1548.04510278135,
  "tsnr": 80.95100815384649
}