{
  "aor": 0.001131089108910891,
  "aqi": 0.005283535792079207,
  "bids_meta": {
    "EchoTime": 0.03,
    "RepetitionTime": 3.0,
    "SliceEncodingDirection": "k",
    "SliceTiming": [
      0.0,
      1.5,
      0.065,
      1.565,
      0.13,
      1.63,
      0.196,
      1.696,
      0.261,
      1.761,
      0.326,
      1.826,
      0.391,
      1.891,
      0.457,
      1.957,
      0.522,
      2.022,
      0.587,
      2.087,
      0.652,
      2.152,
      0.717,
      2.217,
      0.783,
      2.283,
      0.848,
      2.348,
      0.913,
      2.413,
      0.978,
      2.478,
      1.043,
      2.543,
      1.109,
      2.609,
      1.174,
      2.674,
      1.239,
      2.739,
      1.304,
      2.804,
      1.37,
      2.87,
      1.435,
      2.935
    ],
    "TaskName": "rest",
    "dataset": "ds003592",
    "modality": "bold",
    "session_id": "1",
    "subject_id": "191",
    "task_id": "rest"
  },
  "dummy_trs": 2,
  "dvars_nstd": 17.44734205199005,
  "dvars_std": 1.027242608059701,
  "dvars_vstd": 0.9404327402985074,
  "efc": 0.4507910458792615,
  "fber": 7409.61474609375,
  "fd_mean": 0.09937876008327394,
  "fd_num": 5,
  "fd_perc": 2.4752475247524752,
  "fwhm_avg": 2.992812222222222,
  "fwhm_x": 2.9355100000000003,
  "fwhm_y": 3.0061400000000003,
  "fwhm_z": 3.0367866666666665,
  "gcor": 0.0380416,
  "gsr_x": -0.0032503774855285883,
  "gsr_y": 0.016461605206131935,
  "provenance": {
    "md5sum": "c122c0b21196839d90a69ffcecb71d74",
    "settings": {
      "fd_thres": 0.2,
      "testing": false
    },
    "software": "mriqc",
    "version": "23.1.0"
  },
  "size_t": 202,
  "size_x": 72,
  "size_y": 72,
  "size_z": 46,
  "snr": 3.1323580659565677,
  "spacing_tr": 3.0,
  "spacing_x": 3.0,
  "spacing_y": 3.0,
  "spacing_z": 3.0,
  "summary_bg_k": 26.174843494170688,
  "summary_bg_mad": 56.331541641692894,
  "summary_bg_mean": 164.05035213523675,
  "summary_bg_median": 39.797027587890625,
  "summary_bg_n": 193199.0,
  "summary_bg_p05": 0.910891056060791,
  "summary_bg_p95": 770.3464965820312,
  "summary_bg_stdv": 328.1761715231108,
  "summary_fg_k": 0.7212097698936821,
  "summary_fg_mad": 976.7047513449776,
  "summary_fg_mean": 3574.530314588194,
  "summary_fg_median": 3425.693115234375,
  "summary_fg_n": 45265.0,
  "summary_fg_p05": 1952.623779296875,
  "summary_fg_p95": 5634.2275390625,
  "summary_fg_stdv": 1093.6346364222024,
  "tsnr": 49.92022479744628
}