{
  "aor": 0.0013793103448275863,
  "aqi": 0.004707442315270935,
  "bids_meta": {
    "EchoTime": 0.03,
    "RepetitionTime": 3.0,
    "SliceEncodingDirection": "k",
    "SliceTiming": [
      0.0,
      1.5,
      0.065,
      1.565,
      0.13,
      1.63,
      0.196,
      1.696,
      0.261,
      1.761,
      0.326,
      1.826,
      0.391,
      1.891,
      0.457,
      1.957,
      0.522,
      2.022,
      0.587,
      2.087,
      0.652,
      2.152,
      0.717,
      2.217,
      0.783,
      2.283,
      0.848,
      2.348,
      0.913,
      2.413,
      0.978,
      2.478,
      1.043,
      2.543,
      1.109,
      2.609,
      1.174,
      2.674,
      1.239,
      2.739,
      1.304,
      2.804,
      1.37,
      2.87,
      1.435,
      2.935
    ],
    "TaskName": "rest",
    "dataset": "ds003592",
    "modality": "bold",
    "session_id": "1",
    "subject_id": "214",
    "task_id": "rest"
  },
  "dummy_trs": 1,
  "dvars_nstd": 16.96568465470297,
  "dvars_std": 1.0633992212871284,
  "dvars_vstd": 0.9419205419801981,
  "efc": 0.4359701840404384,
  "fber": 21326.8515625,
  "fd_mean": 0.05263390819343165,
  "fd_num": 4,
  "fd_perc": 1.9704433497536946,
  "fwhm_avg": 3.200464444444444,
  "fwhm_x": 3.12346,
  "fwhm_y": 3.1890366666666665,
  "fwhm_z": 3.2888966666666666,
  "gcor": 0.0139228,
  "gsr_x": -0.004102365579456091,
  "gsr_y": 0.021388478577136993,
  "provenance": {
    "md5sum": "40932d0772067857ef48ebe767fb9749",
    "settings": {
      "fd_thres": 0.2,
      "testing": false
    },
    "software": "mriqc",
    "version": "23.1.0"
  },
  "size_t": 203,
  "size_x": 72,
  "size_y": 72,
  "size_z": 46,
  "snr": 2.906671974229787,
  "spacing_tr": 3.0,
  "spacing_x": 3.0,
  "spacing_y": 3.0,
  "spacing_z": 3.0,
  "summary_bg_k": 31.378175424334046,
  "summary_bg_mad": 32.814441465599536,
  "summary_bg_mean": 145.86930677803332,
  "summary_bg_median": 23.995073318481445,
  "summary_bg_n": 193009.0,
  "summary_bg_p05": 0.9852216839790344,
  "summary_bg_p95": 744.1625366210938,
  "summary_bg_stdv": 328.8788842969539,
  "summary_fg_k": 0.9990757243807642,
  "summary_fg_mad": 976.9545061132317,
  "summary_fg_mean": 3738.385107145434,
  "summary_fg_median": 3504.17236328125,
  "summary_fg_n": 45455.0,
  "summary_fg_p05": 2120.28564453125,
  "summary_fg_p95": 6173.24609375,
  "summary_fg_stdv": 1205.5484239797088,
  "tsnr": 61.09664945816621
}