{
  "aor": 0.0013307881773399015,
  "aqi": 0.00906955014778325,
  "bids_meta": {
    "EchoTime": 0.047,
    "RepetitionTime": 3.0,
    "SliceEncodingDirection": "k",
    "SliceTiming": [
      0.0,
      1.5,
      0.065,
      1.565,
      0.13,
      1.63,
      0.196,
      1.696,
      0.261,
      1.761,
      0.326,
      1.826,
      0.391,
      1.891,
      0.457,
      1.957,
      0.522,
      2.022,
      0.587,
      2.087,
      0.652,
      2.152,
      0.717,
      2.217,
      0.783,
      2.283,
      0.848,
      2.348,
      0.913,
      2.413,
      0.978,
      2.478,
      1.043,
      2.543,
      1.109,
      2.609,
      1.174,
      2.674,
      1.239,
      2.739,
      1.304,
      2.804,
      1.37,
      2.87,
      1.435,
      2.935
    ],
    "TaskName": "rest",
    "dataset": "ds003592",
    "modality": "bold",
    "session_id": "1",
    "subject_id": "65",
    "task_id": "rest"
  },
  "dummy_trs": 1,
  "dvars_nstd": 24.27908925712871,
  "dvars_std": 1.0534603327722771,
  "dvars_vstd": 0.9613055829207923,
  "efc": 0.4149733910883929,
  "fber": 8629.2763671875,
  "fd_mean": 0.10455401359238778,
  "fd_num": 13,
  "fd_perc": 6.403940886699507,
  "fwhm_avg": 2.3256366666666666,
  "fwhm_x": 2.326853333333333,
  "fwhm_y": 2.4259833333333334,
  "fwhm_z": 2.2240733333333336,
  "gcor": 0.0226199,
  "gsr_x": -0.008416992612183094,
  "gsr_y": 0.01743069849908352,
  "provenance": {
    "md5sum": "b32f0ae557c1e7fe540a82e1422a3ea7",
    "settings": {
      "fd_thres": 0.2,
      "testing": false
    },
    "software": "mriqc",
    "version": "23.1.0"
  },
  "size_t": 203,
  "size_x": 72,
  "size_y": 72,
  "size_z": 46,
  "snr": 3.609407259088374,
  "spacing_tr": 3.0,
  "spacing_x": 3.0,
  "spacing_y": 3.0,
  "spacing_z": 3.0,
  "summary_bg_k": 167.3408731970459,
  "summary_bg_mad": 31.704315525477742,
  "summary_bg_mean": 74.63383916876982,
  "summary_bg_median": 24.699506759643555,
  "summary_bg_n": 197319.0,
  "summary_bg_p05": 0.7832512259483337,
  "summary_bg_p95": 316.1083679199219,
  "summary_bg_stdv": 176.94526980520794,
  "summary_fg_k": 0.7113108795917342,
  "summary_fg_mad": 554.24492280657,
  "summary_fg_mean": 2325.6363371330444,
  "summary_fg_median": 2294.433349609375,
  "summary_fg_n": 41145.0,
  "summary_fg_p05": 1298.8768310546875,
  "summary_fg_p95": 3459.33984375,
  "summary_fg_stdv": 635.6737554002242,
  "tsnr": 43.55393263860606
}