{
  "aor": 0.001602167487684729,
  "aqi": 0.003777368226600985,
  "bids_meta": {
    "EchoTime": 0.03,
    "RepetitionTime": 3.0,
    "SliceEncodingDirection": "k",
    "SliceTiming": [
      0.0,
      1.5,
      0.065,
      1.565,
      0.13,
      1.63,
      0.196,
      1.696,
      0.261,
      1.761,
      0.326,
      1.826,
      0.391,
      1.891,
      0.457,
      1.957,
      0.522,
      2.022,
      0.587,
      2.087,
      0.652,
      2.152,
      0.717,
      2.217,
      0.783,
      2.283,
      0.848,
      2.348,
      0.913,
      2.413,
      0.978,
      2.478,
      1.043,
      2.543,
      1.109,
      2.609,
      1.174,
      2.674,
      1.239,
      2.739,
      1.304,
      2.804,
      1.37,
      2.87,
      1.435,
      2.935
    ],
    "TaskName": "rest",
    "dataset": "ds003592",
    "modality": "bold",
    "session_id": "1",
    "subject_id": "25",
    "task_id": "rest"
  },
  "dummy_trs": 1,
  "dvars_nstd": 21.872513194554458,
  "dvars_std": 1.1748708567821782,
  "dvars_vstd": 0.9670997186633666,
  "efc": 0.4633114839116473,
  "fber": 19577.69921875,
  "fd_mean": 0.11176237133883159,
  "fd_num": 25,
  "fd_perc": 12.31527093596059,
  "fwhm_avg": 3.1676353866353875,
  "fwhm_x": 3.126383333333333,
  "fwhm_y": 3.100013086966428,
  "fwhm_z": 3.2765097396064014,
  "gcor": 0.0333782,
  "gsr_x": -0.005167858209460974,
  "gsr_y": 0.037650611251592636,
  "provenance": {
    "md5sum": "8411be6f0092469f4142cc9083fb2a1b",
    "settings": {
      "fd_thres": 0.2,
      "testing": false
    },
    "software": "mriqc",
    "version": "23.1.0"
  },
  "size_t": 203,
  "size_x": 72,
  "size_y": 72,
  "size_z": 46,
  "snr": 2.7673224804855288,
  "spacing_tr": 3.0,
  "spacing_x": 3.0,
  "spacing_y": 3.000000238418579,
  "spacing_z": 3.000000238418579,
  "summary_bg_k": 21.915435059003432,
  "summary_bg_mad": 37.342587610445335,
  "summary_bg_mean": 171.6140874345694,
  "summary_bg_median": 25.413793563842773,
  "summary_bg_n": 186774.0,
  "summary_bg_p05": 0.04433497413992882,
  "summary_bg_p95": 974.61083984375,
  "summary_bg_stdv": 388.2280485400482,
  "summary_fg_k": 1.53644475114731,
  "summary_fg_mad": 1048.8351952887797,
  "summary_fg_mean": 3815.5411672506784,
  "summary_fg_median": 3555.9063720703125,
  "summary_fg_n": 51690.0,
  "summary_fg_p05": 2124.95068359375,
  "summary_fg_p95": 6369.783203125,
  "summary_fg_stdv": 1284.9503447884426,
  "tsnr": 60.75823648751248
}