{
  "aor": 0.001424228855721393,
  "aqi": 0.003482008457711443,
  "bids_meta": {
    "EchoTime": 0.0137,
    "RepetitionTime": 3.0,
    "SliceEncodingDirection": "k",
    "SliceTiming": [
      0.0,
      1.5,
      0.065,
      1.565,
      0.13,
      1.63,
      0.196,
      1.696,
      0.261,
      1.761,
      0.326,
      1.826,
      0.391,
      1.891,
      0.457,
      1.957,
      0.522,
      2.022,
      0.587,
      2.087,
      0.652,
      2.152,
      0.717,
      2.217,
      0.783,
      2.283,
      0.848,
      2.348,
      0.913,
      2.413,
      0.978,
      2.478,
      1.043,
      2.543,
      1.109,
      2.609,
      1.174,
      2.674,
      1.239,
      2.739,
      1.304,
      2.804,
      1.37,
      2.87,
      1.435,
      2.935
    ],
    "TaskName": "rest",
    "dataset": "ds003592",
    "modality": "bold",
    "session_id": "2",
    "subject_id": "53",
    "task_id": "rest"
  },
  "dummy_trs": 3,
  "dvars_nstd": 20.94435027605,
  "dvars_std": 1.2876019451000005,
  "dvars_vstd": 0.9535824412999995,
  "efc": 0.48007203752091326,
  "fber": 21433.953125,
  "fd_mean": 0.07706770558551938,
  "fd_num": 5,
  "fd_perc": 2.487562189054726,
  "fwhm_avg": 3.784844444444444,
  "fwhm_x": 3.435966666666667,
  "fwhm_y": 3.5873666666666666,
  "fwhm_z": 4.3312,
  "gcor": 0.0117463,
  "gsr_x": -0.009645181708037853,
  "gsr_y": 0.04963434860110283,
  "provenance": {
    "md5sum": "32756848aaed49455ddfe4859b989cdf",
    "settings": {
      "fd_thres": 0.2,
      "testing": false
    },
    "software": "mriqc",
    "version": "23.1.0"
  },
  "size_t": 201,
  "size_x": 72,
  "size_y": 72,
  "size_z": 46,
  "snr": 2.4303738043445646,
  "spacing_tr": 3.0,
  "spacing_x": 3.0,
  "spacing_y": 3.0,
  "spacing_z": 3.0,
  "summary_bg_k": 14.360085461925447,
  "summary_bg_mad": 41.018660789521796,
  "summary_bg_mean": 269.2383378492526,
  "summary_bg_median": 28.915422439575195,
  "summary_bg_n": 185266.0,
  "summary_bg_p05": 0.6666666269302368,
  "summary_bg_p95": 1509.6517333984375,
  "summary_bg_stdv": 566.700511954472,
  "summary_fg_k": 2.5510628627814897,
  "summary_fg_mad": 1188.5603194068294,
  "summary_fg_mean": 4618.4685016471,
  "summary_fg_median": 4233.31591796875,
  "summary_fg_n": 53198.0,
  "summary_fg_p05": 2434.731201171875,
  "summary_fg_p95": 8232.41796875,
  "summary_fg_stdv": 1741.8209996811072,
  "tsnr": 73.7967668613419
}