{
  "aor": 0.0010476732673267326,
  "aqi": 0.0031521864851485146,
  "bids_meta": {
    "EchoTime": 0.0137,
    "RepetitionTime": 3.0,
    "SliceEncodingDirection": "k",
    "SliceTiming": [
      0.0,
      1.5,
      0.065,
      1.565,
      0.13,
      1.63,
      0.196,
      1.696,
      0.261,
      1.761,
      0.326,
      1.826,
      0.391,
      1.891,
      0.457,
      1.957,
      0.522,
      2.022,
      0.587,
      2.087,
      0.652,
      2.152,
      0.717,
      2.217,
      0.783,
      2.283,
      0.848,
      2.348,
      0.913,
      2.413,
      0.978,
      2.478,
      1.043,
      2.543,
      1.109,
      2.609,
      1.174,
      2.674,
      1.239,
      2.739,
      1.304,
      2.804,
      1.37,
      2.87,
      1.435,
      2.935
    ],
    "TaskName": "rest",
    "dataset": "ds003592",
    "modality": "bold",
    "session_id": "2",
    "subject_id": "62",
    "task_id": "rest"
  },
  "dummy_trs": 2,
  "dvars_nstd": 24.1973846399005,
  "dvars_std": 1.215764187761194,
  "dvars_vstd": 0.9801358399502496,
  "efc": 0.5769765172049767,
  "fber": 2554.375732421875,
  "fd_mean": 0.2386738942677539,
  "fd_num": 116,
  "fd_perc": 57.42574257425743,
  "fwhm_avg": 3.3003355555555554,
  "fwhm_x": 2.858143333333333,
  "fwhm_y": 3.2734966666666665,
  "fwhm_z": 3.7693666666666665,
  "gcor": 0.0132871,
  "gsr_x": -0.018632180988788605,
  "gsr_y": 0.1041455790400505,
  "provenance": {
    "md5sum": "7db4b9caf3798b12449af84cabfa104e",
    "settings": {
      "fd_thres": 0.2,
      "testing": false
    },
    "software": "mriqc",
    "version": "23.1.0"
  },
  "size_t": 202,
  "size_x": 72,
  "size_y": 72,
  "size_z": 46,
  "snr": 2.8467220610915156,
  "spacing_tr": 3.0,
  "spacing_x": 3.0,
  "spacing_y": 3.0,
  "spacing_z": 3.0,
  "summary_bg_k": 10.17965054843155,
  "summary_bg_mad": 133.2286890944243,
  "summary_bg_mean": 524.6489232780725,
  "summary_bg_median": 90.99504852294922,
  "summary_bg_n": 171866.0,
  "summary_bg_p05": 0.4801980257034302,
  "summary_bg_p95": 2447.46533203125,
  "summary_bg_stdv": 924.9652358244828,
  "summary_fg_k": 1.0105690645408059,
  "summary_fg_mad": 1500.8813718343454,
  "summary_fg_mean": 4825.269550515537,
  "summary_fg_median": 4598.96533203125,
  "summary_fg_n": 66598.0,
  "summary_fg_p05": 2596.2177734375,
  "summary_fg_p95": 7810.52978515625,
  "summary_fg_stdv": 1615.5180257866987,
  "tsnr": 76.6499165892601
}