{
  "aor": 0.0019397029702970298,
  "aqi": 0.00407557504950495,
  "bids_meta": {
    "EchoTime": 0.03,
    "RepetitionTime": 3.0,
    "SliceEncodingDirection": "k",
    "SliceTiming": [
      0.0,
      1.5,
      0.065,
      1.565,
      0.13,
      1.63,
      0.196,
      1.696,
      0.261,
      1.761,
      0.326,
      1.826,
      0.391,
      1.891,
      0.457,
      1.957,
      0.522,
      2.022,
      0.587,
      2.087,
      0.652,
      2.152,
      0.717,
      2.217,
      0.783,
      2.283,
      0.848,
      2.348,
      0.913,
      2.413,
      0.978,
      2.478,
      1.043,
      2.543,
      1.109,
      2.609,
      1.174,
      2.674,
      1.239,
      2.739,
      1.304,
      2.804,
      1.37,
      2.87,
      1.435,
      2.935
    ],
    "TaskName": "rest",
    "dataset": "ds003592",
    "modality": "bold",
    "session_id": "1",
    "subject_id": "82",
    "task_id": "rest"
  },
  "dummy_trs": 2,
  "dvars_nstd": 18.5265294922388,
  "dvars_std": 1.103272321442786,
  "dvars_vstd": 0.9627386113432838,
  "efc": 0.4410786971881863,
  "fber": 18717.228515625,
  "fd_mean": 0.0716138928732141,
  "fd_num": 1,
  "fd_perc": 0.49504950495049505,
  "fwhm_avg": 2.9913055555555554,
  "fwhm_x": 2.8927933333333335,
  "fwhm_y": 2.97116,
  "fwhm_z": 3.1099633333333334,
  "gcor": 0.0222932,
  "gsr_x": -0.008967050351202488,
  "gsr_y": 0.021313292905688286,
  "provenance": {
    "md5sum": "3b05ca8b58d8602a46ffee6bd3b4b62d",
    "settings": {
      "fd_thres": 0.2,
      "testing": false
    },
    "software": "mriqc",
    "version": "23.1.0"
  },
  "size_t": 202,
  "size_x": 72,
  "size_y": 72,
  "size_z": 46,
  "snr": 3.056761389611714,
  "spacing_tr": 3.0,
  "spacing_x": 3.0,
  "spacing_y": 3.0,
  "spacing_z": 3.0,
  "summary_bg_k": 21.975567979393354,
  "summary_bg_mad": 33.96039719027543,
  "summary_bg_mean": 160.9330780155401,
  "summary_bg_median": 25.18811798095703,
  "summary_bg_n": 193893.0,
  "summary_bg_p05": 0.9455445408821106,
  "summary_bg_p95": 914.910888671875,
  "summary_bg_stdv": 367.4899589777899,
  "summary_fg_k": 0.6970266342374334,
  "summary_fg_mad": 1010.0263809912639,
  "summary_fg_mean": 3628.9501690698203,
  "summary_fg_median": 3446.009765625,
  "summary_fg_n": 44571.0,
  "summary_fg_p05": 2063.618896484375,
  "summary_fg_p95": 5864.22265625,
  "summary_fg_stdv": 1127.3274778942925,
  "tsnr": 59.57923043332994
}