{
  "bids_meta": {
    "EchoTime": 0.0034,
    "FlipAngle": 7,
    "RepetitionTime": 2.53,
    "dataset": "ds003592",
    "modality": "T1w",
    "session_id": "1",
    "subject_id": "113"
  },
  "cjv": 0.6457556329491067,
  "cnr": 1.4619285382842488,
  "efc": 0.5696686113553945,
  "fber": -1.0,
  "fwhm_avg": 4.368843333333333,
  "fwhm_x": 4.30156,
  "fwhm_y": 4.51953,
  "fwhm_z": 4.28544,
  "icvs_csf": 0.26874346487299494,
  "icvs_gm": 0.37100243486569295,
  "icvs_wm": 0.36025410026131194,
  "inu_med": 0.7539488673210144,
  "inu_range": 0.6223131060600282,
  "provenance": {
    "md5sum": "cab901d1ef8c5a4c82ac571c0393b58a",
    "settings": {
      "testing": false
    },
    "software": "mriqc",
    "version": "23.1.0",
    "warnings": {
      "large_rot_frame": true,
      "small_air_mask": false
    }
  },
  "qi_1": 0.0,
  "qi_2": 0.0014296895927900111,
  "rpve_csf": 7.282014347986208,
  "rpve_gm": 7.17440959311796,
  "rpve_wm": 7.247177144968507,
  "size_x": 176,
  "size_y": 256,
  "size_z": 256,
  "snr_csf": 1.6503205020399307,
  "snr_gm": 4.797871301375367,
  "snr_total": 5.890597340345647,
  "snr_wm": 11.223600217621646,
  "snrd_csf": 35.35324996939186,
  "snrd_gm": 83.27285845113904,
  "snrd_total": 77.07392882253215,
  "snrd_wm": 112.59567804706559,
  "spacing_x": 1.0,
  "spacing_y": 1.0,
  "spacing_z": 1.0,
  "summary_bg_k": 148.96395294579227,
  "summary_bg_mad": 0.0,
  "summary_bg_mean": 1.990836917403978,
  "summary_bg_median": 0.0,
  "summary_bg_n": 2792578.0,
  "summary_bg_p05": 0.0,
  "summary_bg_p95": 13.35852138698101,
  "summary_bg_stdv": 5.596102539371866,
  "summary_csf_k": -0.8558144283502029,
  "summary_csf_mad": 165.4448872568683,
  "summary_csf_mean": 333.10396591754613,
  "summary_csf_median": 301.9835440814495,
  "summary_csf_n": 421326.5981382303,
  "summary_csf_p05": 86.18944985792041,
  "summary_csf_p95": 673.121049888432,
  "summary_csf_stdv": 182.98456895838396,
  "summary_gm_k": -0.4046205206653761,
  "summary_gm_mad": 96.17609377114805,
  "summary_gm_mean": 714.9254903318024,
  "summary_gm_median": 711.3075302168727,
  "summary_gm_n": 581644.6322028132,
  "summary_gm_p05": 470.68547705188394,
  "summary_gm_p95": 980.0971726700664,
  "summary_gm_stdv": 148.25468923070204,
  "summary_wm_k": -0.13037978000873718,
  "summary_wm_mad": 65.56778935724134,
  "summary_wm_mean": 946.8509740611158,
  "summary_wm_median": 961.7798062227666,
  "summary_wm_n": 564793.7694045106,
  "summary_wm_p05": 779.7193518653512,
  "summary_wm_p95": 1065.5444824509323,
  "summary_wm_stdv": 85.69255284672283,
  "tpm_overlap_csf": 0.20221875777796514,
  "tpm_overlap_gm": 0.5274210435137086,
  "tpm_overlap_wm": 0.5599581816608986,
  "wm2max": 0.617404088767275
}