{
  "aor": 0.00361795,
  "aqi": 0.006564196,
  "bids_meta": {
    "EchoTime": 0.04592,
    "RepetitionTime": 3,
    "SliceEncodingDirection": "k",
    "SliceTiming": [
      0,
      1.54,
      0.07,
      1.61,
      0.14,
      1.68,
      0.21,
      1.75,
      0.28,
      1.82,
      0.35,
      1.89,
      0.42,
      1.96,
      0.49,
      2.03,
      0.56,
      2.1,
      0.63,
      2.17,
      0.7,
      2.24,
      0.77,
      2.31,
      0.84,
      2.38,
      0.91,
      2.45,
      0.98,
      2.52,
      1.05,
      2.5925,
      1.12,
      2.6625,
      1.19,
      2.7325,
      1.26,
      2.8025,
      1.33,
      2.8725,
      1.4,
      2.9425,
      1.47
    ],
    "TaskName": "rest",
    "dataset": "ds003592",
    "modality": "bold",
    "session_id": "1",
    "subject_id": "290",
    "task_id": "rest"
  },
  "dummy_trs": 0,
  "dvars_nstd": 30.066816607939707,
  "dvars_std": 1.0649302922613066,
  "dvars_vstd": 0.9767129371356786,
  "efc": 0.4773878388386265,
  "fber": 948.99951171875,
  "fd_mean": 0.06551045328804371,
  "fd_num": 3,
  "fd_perc": 1.5,
  "fwhm_avg": 2.3827772726679064,
  "fwhm_x": 2.1719614814814814,
  "fwhm_y": 2.4332474074074075,
  "fwhm_z": 2.54312292911483,
  "gcor": 0.00864931,
  "gsr_x": -0.02407696656882763,
  "gsr_y": 0.05758250132203102,
  "provenance": {
    "md5sum": "23610ec7686024d02818d9d6cbb81b37",
    "settings": {
      "fd_thres": 0.2,
      "testing": false
    },
    "software": "mriqc",
    "version": "23.1.0"
  },
  "size_t": 200,
  "size_x": 64,
  "size_y": 64,
  "size_z": 43,
  "snr": 1.803786617909181,
  "spacing_tr": 3.0,
  "spacing_x": 3.375,
  "spacing_y": 3.375,
  "spacing_z": 3.000000476837158,
  "summary_bg_k": 73.96363436860933,
  "summary_bg_mad": 8.777005246666736,
  "summary_bg_mean": 32.7661328963436,
  "summary_bg_median": 15.335000038146973,
  "summary_bg_n": 136892.0,
  "summary_bg_p05": 7.919999599456787,
  "summary_bg_p95": 126.64999389648438,
  "summary_bg_stdv": 52.793908581016176,
  "summary_fg_k": 4.840035931745632,
  "summary_fg_mad": 192.77536703481962,
  "summary_fg_mean": 541.1698867519741,
  "summary_fg_median": 472.4075012207031,
  "summary_fg_n": 39236.0,
  "summary_fg_p05": 257.375,
  "summary_fg_p95": 1050.510009765625,
  "summary_fg_stdv": 261.89432631043553,
  "tsnr": 39.798500877805054
}