{
  "aor": 0.0026510500000000003,
  "aqi": 0.00416654475,
  "bids_meta": {
    "EchoTime": 0.014,
    "RepetitionTime": 3,
    "SliceEncodingDirection": "k",
    "SliceTiming": [
      0,
      1.5425,
      0.07,
      1.6125,
      0.14,
      1.6825,
      0.21,
      1.7525,
      0.28,
      1.8225,
      0.35,
      1.8925,
      0.42,
      1.9625,
      0.49,
      2.0325,
      0.56,
      2.1025,
      0.63,
      2.1725,
      0.7,
      2.2425,
      0.77,
      2.3125,
      0.84,
      2.3825,
      0.91,
      2.4525,
      0.98,
      2.5225,
      1.05,
      2.5925,
      1.12,
      2.6625,
      1.19,
      2.7325,
      1.26,
      2.8025,
      1.33,
      2.8725,
      1.4,
      2.9425,
      1.47
    ],
    "TaskName": "rest",
    "dataset": "ds003592",
    "modality": "bold",
    "session_id": "1",
    "subject_id": "290",
    "task_id": "rest"
  },
  "dummy_trs": 0,
  "dvars_nstd": 19.593688600854275,
  "dvars_std": 1.119114495025126,
  "dvars_vstd": 0.983176354572864,
  "efc": 0.5678642749354368,
  "fber": 971.253173828125,
  "fd_mean": 0.05957268769612595,
  "fd_num": 3,
  "fd_perc": 1.5,
  "fwhm_avg": 3.1984874666961916,
  "fwhm_x": 2.820711111111111,
  "fwhm_y": 3.233451851851852,
  "fwhm_z": 3.5412994371256135,
  "gcor": 0.00678435,
  "gsr_x": -0.03404402360320091,
  "gsr_y": 0.15419399738311768,
  "provenance": {
    "md5sum": "c5176191f03605870f12e39fadcc63f5",
    "settings": {
      "fd_thres": 0.2,
      "testing": false
    },
    "software": "mriqc",
    "version": "23.1.0"
  },
  "size_t": 200,
  "size_x": 64,
  "size_y": 64,
  "size_z": 43,
  "snr": 2.3526255482413143,
  "spacing_tr": 3.0,
  "spacing_x": 3.375,
  "spacing_y": 3.375,
  "spacing_z": 3.000000476837158,
  "summary_bg_k": 14.740993454570436,
  "summary_bg_mad": 24.418458934684768,
  "summary_bg_mean": 100.83258904409718,
  "summary_bg_median": 25.96500015258789,
  "summary_bg_n": 129952.0,
  "summary_bg_p05": 8.359999656677246,
  "summary_bg_p95": 449.3599853515625,
  "summary_bg_stdv": 168.96880873782945,
  "summary_fg_k": 2.299576907743477,
  "summary_fg_mad": 269.38875070978145,
  "summary_fg_mean": 884.6804342817616,
  "summary_fg_median": 809.197509765625,
  "summary_fg_n": 46176.0,
  "summary_fg_p05": 457.4049987792969,
  "summary_fg_p95": 1583.614990234375,
  "summary_fg_stdv": 343.9513560594208,
  "tsnr": 69.46189344674349
}