{
  "aor": 0.0008273,
  "aqi": 0.00860256635,
  "bids_meta": {
    "EchoTime": 0.04592,
    "RepetitionTime": 3,
    "SliceEncodingDirection": "k",
    "SliceTiming": [
      0,
      1.54,
      0.07,
      1.61,
      0.14,
      1.68,
      0.21,
      1.75,
      0.28,
      1.82,
      0.35,
      1.89,
      0.42,
      1.96,
      0.49,
      2.03,
      0.56,
      2.1,
      0.63,
      2.17,
      0.7,
      2.24,
      0.77,
      2.31,
      0.84,
      2.38,
      0.91,
      2.45,
      0.98,
      2.52,
      1.05,
      2.5925,
      1.12,
      2.6625,
      1.19,
      2.7325,
      1.26,
      2.8025,
      1.33,
      2.8725,
      1.4,
      2.9425,
      1.47
    ],
    "TaskName": "rest",
    "dataset": "ds003592",
    "modality": "bold",
    "session_id": "2",
    "subject_id": "284",
    "task_id": "rest"
  },
  "dummy_trs": 0,
  "dvars_nstd": 23.535689071105523,
  "dvars_std": 0.9434570381407031,
  "dvars_vstd": 0.9184388008542713,
  "efc": 0.4481376976718368,
  "fber": 1216.357666015625,
  "fd_mean": 0.06726264700038802,
  "fd_num": 4,
  "fd_perc": 2.0,
  "fwhm_avg": 2.0187370853394166,
  "fwhm_x": 1.8714103703703704,
  "fwhm_y": 2.0235703703703702,
  "fwhm_z": 2.1612305152775084,
  "gcor": 0.019512,
  "gsr_x": -0.005536277312785387,
  "gsr_y": 0.03241747245192528,
  "provenance": {
    "md5sum": "0c8981da900696c333ba3e9e72569fb9",
    "settings": {
      "fd_thres": 0.2,
      "testing": false
    },
    "software": "mriqc",
    "version": "23.1.0"
  },
  "size_t": 200,
  "size_x": 64,
  "size_y": 64,
  "size_z": 43,
  "snr": 2.427974078849962,
  "spacing_tr": 3.0,
  "spacing_x": 3.375,
  "spacing_y": 3.375,
  "spacing_z": 2.9999992847442627,
  "summary_bg_k": 212.3954672773809,
  "summary_bg_mad": 5.619062351579445,
  "summary_bg_mean": 21.60199020367417,
  "summary_bg_median": 11.359999656677246,
  "summary_bg_n": 144292.0,
  "summary_bg_p05": 6.605000019073486,
  "summary_bg_p95": 72.79000091552734,
  "summary_bg_stdv": 38.181170649121086,
  "summary_fg_k": 2.065904159462562,
  "summary_fg_mad": 134.99835676983912,
  "summary_fg_mean": 430.04125369579174,
  "summary_fg_median": 396.1949768066406,
  "summary_fg_n": 31836.0,
  "summary_fg_p05": 224.86000061035156,
  "summary_fg_p95": 748.9649658203125,
  "summary_fg_stdv": 163.1766820628235,
  "tsnr": 40.48132380703464
}