{
  "aor": 0.00139256157635468,
  "aqi": 0.006173339507389164,
  "bids_meta": {
    "EchoTime": 0.047,
    "RepetitionTime": 3.0,
    "SliceEncodingDirection": "k",
    "SliceTiming": [
      0.0,
      1.5,
      0.065,
      1.565,
      0.13,
      1.63,
      0.196,
      1.696,
      0.261,
      1.761,
      0.326,
      1.826,
      0.391,
      1.891,
      0.457,
      1.957,
      0.522,
      2.022,
      0.587,
      2.087,
      0.652,
      2.152,
      0.717,
      2.217,
      0.783,
      2.283,
      0.848,
      2.348,
      0.913,
      2.413,
      0.978,
      2.478,
      1.043,
      2.543,
      1.109,
      2.609,
      1.174,
      2.674,
      1.239,
      2.739,
      1.304,
      2.804,
      1.37,
      2.87,
      1.435,
      2.935
    ],
    "TaskName": "rest",
    "dataset": "ds003592",
    "modality": "bold",
    "session_id": "2",
    "subject_id": "172",
    "task_id": "rest"
  },
  "dummy_trs": 1,
  "dvars_nstd": 26.271987282277234,
  "dvars_std": 1.122658838118812,
  "dvars_vstd": 0.9707398108415839,
  "efc": 0.4159839979978293,
  "fber": 9431.0615234375,
  "fd_mean": 0.04536367854902467,
  "fd_num": 0,
  "fd_perc": 0.0,
  "fwhm_avg": 2.4214244444444444,
  "fwhm_x": 2.4214733333333336,
  "fwhm_y": 2.536983333333333,
  "fwhm_z": 2.3058166666666664,
  "gcor": 0.0236745,
  "gsr_x": -0.004383159335702658,
  "gsr_y": 0.014297641813755035,
  "provenance": {
    "md5sum": "83c08d2a7582cada39769fdf5dbb98db",
    "settings": {
      "fd_thres": 0.2,
      "testing": false
    },
    "software": "mriqc",
    "version": "23.1.0"
  },
  "size_t": 203,
  "size_x": 72,
  "size_y": 72,
  "size_z": 46,
  "snr": 3.3422945164657,
  "spacing_tr": 3.0,
  "spacing_x": 3.0,
  "spacing_y": 3.0,
  "spacing_z": 3.0,
  "summary_bg_k": 37.01350496226407,
  "summary_bg_mad": 34.89592702892304,
  "summary_bg_mean": 90.71335045817855,
  "summary_bg_median": 26.763545989990234,
  "summary_bg_n": 197442.0,
  "summary_bg_p05": 0.7980295419692993,
  "summary_bg_p95": 423.04925537109375,
  "summary_bg_stdv": 203.3802915665476,
  "summary_fg_k": 0.7147042657492655,
  "summary_fg_mad": 698.9703907594699,
  "summary_fg_mean": 2683.242559161913,
  "summary_fg_median": 2599.1058349609375,
  "summary_fg_n": 41022.0,
  "summary_fg_p05": 1508.6748046875,
  "summary_fg_p95": 4097.0146484375,
  "summary_fg_stdv": 777.6316965933762,
  "tsnr": 48.42382694128901
}