{
  "bids_meta": {
    "EchoTime": 0.0034,
    "FlipAngle": 7,
    "RepetitionTime": 2.53,
    "dataset": "ds003592",
    "modality": "T1w",
    "session_id": "1",
    "subject_id": "217"
  },
  "cjv": 0.6275740633763914,
  "cnr": 1.4754192367738244,
  "efc": 0.6183418313282018,
  "fber": -1.0,
  "fwhm_avg": 4.228723333333334,
  "fwhm_x": 4.24865,
  "fwhm_y": 4.34483,
  "fwhm_z": 4.09269,
  "icvs_csf": 0.2694454136531728,
  "icvs_gm": 0.3771365711588385,
  "icvs_wm": 0.35341801518798865,
  "inu_med": 0.8261516988277435,
  "inu_range": 0.6298775374889374,
  "provenance": {
    "md5sum": "1198bea98cacc4e6c86c7ca829f46e10",
    "settings": {
      "testing": false
    },
    "software": "mriqc",
    "version": "23.1.0",
    "warnings": {
      "large_rot_frame": true,
      "small_air_mask": false
    }
  },
  "qi_1": 0.0,
  "qi_2": 0.002536573747198745,
  "rpve_csf": 7.16202993215178,
  "rpve_gm": 7.044712212344032,
  "rpve_wm": 7.131350834306212,
  "size_x": 176,
  "size_y": 256,
  "size_z": 256,
  "snr_csf": 1.7868489156717635,
  "snr_gm": 5.0558031670592225,
  "snr_total": 5.447835446514705,
  "snr_wm": 9.500854256813128,
  "snrd_csf": 23.05642399129464,
  "snrd_gm": 45.193392014627975,
  "snrd_total": 43.251980020466846,
  "snrd_wm": 61.506124055477926,
  "spacing_x": 1.0,
  "spacing_y": 1.0,
  "spacing_z": 1.0,
  "summary_bg_k": 12882.111521430577,
  "summary_bg_mad": 0.0,
  "summary_bg_mean": 1.4749587915872973,
  "summary_bg_median": 0.0,
  "summary_bg_n": 2670781.0,
  "summary_bg_p05": 0.0,
  "summary_bg_p95": 9.631647858768702,
  "summary_bg_stdv": 10.110077198825374,
  "summary_csf_k": -0.7417056477471387,
  "summary_csf_mad": 169.30391700292876,
  "summary_csf_mean": 379.1970417743769,
  "summary_csf_median": 355.8071669973433,
  "summary_csf_n": 428274.3238940576,
  "summary_csf_p05": 98.94756288081408,
  "summary_csf_p95": 719.695521466434,
  "summary_csf_stdv": 199.12525814584785,
  "summary_gm_k": -0.30540501476938786,
  "summary_gm_mad": 86.3759955085915,
  "summary_gm_mean": 704.3873220211815,
  "summary_gm_median": 697.4252722710371,
  "summary_gm_n": 599445.7572645076,
  "summary_gm_p05": 481.48842564225197,
  "summary_gm_p95": 962.8828839883208,
  "summary_gm_stdv": 137.94538028887953,
  "summary_wm_k": -0.3059536416976103,
  "summary_wm_mad": 71.60848659905811,
  "summary_wm_mean": 925.3434014112732,
  "summary_wm_median": 949.1636587455869,
  "summary_wm_n": 561745.9189765403,
  "summary_wm_p05": 729.0452674366534,
  "summary_wm_p95": 1054.8768669515848,
  "summary_wm_stdv": 99.90289170375975,
  "tpm_overlap_csf": 0.19153910010949482,
  "tpm_overlap_gm": 0.5313453054266312,
  "tpm_overlap_wm": 0.5441062617513375,
  "wm2max": 0.3741411463308942
}