{
  "aor": 0.0011142364532019705,
  "aqi": 0.003113374679802956,
  "bids_meta": {
    "EchoTime": 0.03,
    "RepetitionTime": 3.0,
    "SliceEncodingDirection": "k",
    "SliceTiming": [
      0.0,
      1.5,
      0.065,
      1.565,
      0.13,
      1.63,
      0.196,
      1.696,
      0.261,
      1.761,
      0.326,
      1.826,
      0.391,
      1.891,
      0.457,
      1.957,
      0.522,
      2.022,
      0.587,
      2.087,
      0.652,
      2.152,
      0.717,
      2.217,
      0.783,
      2.283,
      0.848,
      2.348,
      0.913,
      2.413,
      0.978,
      2.478,
      1.043,
      2.543,
      1.109,
      2.609,
      1.174,
      2.674,
      1.239,
      2.739,
      1.304,
      2.804,
      1.37,
      2.87,
      1.435,
      2.935
    ],
    "TaskName": "rest",
    "dataset": "ds003592",
    "modality": "bold",
    "session_id": "2",
    "subject_id": "160",
    "task_id": "rest"
  },
  "dummy_trs": 1,
  "dvars_nstd": 17.67819659549505,
  "dvars_std": 1.0734955750990116,
  "dvars_vstd": 0.9831443227722773,
  "efc": 0.47361120320129096,
  "fber": 10168.6337890625,
  "fd_mean": 0.0560408518119564,
  "fd_num": 3,
  "fd_perc": 1.477832512315271,
  "fwhm_avg": 2.911878888888889,
  "fwhm_x": 2.9143633333333336,
  "fwhm_y": 3.07574,
  "fwhm_z": 2.745533333333333,
  "gcor": 0.0278307,
  "gsr_x": -0.009794317185878754,
  "gsr_y": 0.03503492847084999,
  "provenance": {
    "md5sum": "30f6669c8a0a0cbac6817f81362c01c8",
    "settings": {
      "fd_thres": 0.2,
      "testing": false
    },
    "software": "mriqc",
    "version": "23.1.0"
  },
  "size_t": 203,
  "size_x": 72,
  "size_y": 72,
  "size_z": 46,
  "snr": 2.9709107563831014,
  "spacing_tr": 3.0,
  "spacing_x": 3.0,
  "spacing_y": 3.0,
  "spacing_z": 3.0,
  "summary_bg_k": 20.73920200315787,
  "summary_bg_mad": 44.68256369933359,
  "summary_bg_mean": 162.42974377586236,
  "summary_bg_median": 31.886699676513672,
  "summary_bg_n": 186445.0,
  "summary_bg_p05": 0.6798029541969299,
  "summary_bg_p95": 857.4384155273438,
  "summary_bg_stdv": 333.3634535769089,
  "summary_fg_k": 0.7678568774745651,
  "summary_fg_mad": 973.1202274753825,
  "summary_fg_mean": 3369.102847513616,
  "summary_fg_median": 3215.443359375,
  "summary_fg_n": 52019.0,
  "summary_fg_p05": 1820.0048828125,
  "summary_fg_p95": 5398.93115234375,
  "summary_fg_stdv": 1082.2985664871178,
  "tsnr": 66.85337712988257
}