{
  "aor": 0.0008095073891625616,
  "aqi": 0.0062797359113300494,
  "bids_meta": {
    "EchoTime": 0.047,
    "RepetitionTime": 3.0,
    "SliceEncodingDirection": "k",
    "SliceTiming": [
      0.0,
      1.5,
      0.065,
      1.565,
      0.13,
      1.63,
      0.196,
      1.696,
      0.261,
      1.761,
      0.326,
      1.826,
      0.391,
      1.891,
      0.457,
      1.957,
      0.522,
      2.022,
      0.587,
      2.087,
      0.652,
      2.152,
      0.717,
      2.217,
      0.783,
      2.283,
      0.848,
      2.348,
      0.913,
      2.413,
      0.978,
      2.478,
      1.043,
      2.543,
      1.109,
      2.609,
      1.174,
      2.674,
      1.239,
      2.739,
      1.304,
      2.804,
      1.37,
      2.87,
      1.435,
      2.935
    ],
    "TaskName": "rest",
    "dataset": "ds003592",
    "modality": "bold",
    "session_id": "1",
    "subject_id": "52",
    "task_id": "rest"
  },
  "dummy_trs": 1,
  "dvars_nstd": 24.629286463712866,
  "dvars_std": 1.0487222405445544,
  "dvars_vstd": 0.9487195605445544,
  "efc": 0.43259656829481413,
  "fber": 8198.5537109375,
  "fd_mean": 0.06936479219617239,
  "fd_num": 5,
  "fd_perc": 2.4630541871921183,
  "fwhm_avg": 2.482818888888889,
  "fwhm_x": 2.4508199999999998,
  "fwhm_y": 2.5701633333333334,
  "fwhm_z": 2.4274733333333334,
  "gcor": 0.0195262,
  "gsr_x": -0.013559838756918907,
  "gsr_y": 0.03045813739299774,
  "provenance": {
    "md5sum": "eba65987704a182b8208acd07034c29d",
    "settings": {
      "fd_thres": 0.2,
      "testing": false
    },
    "software": "mriqc",
    "version": "23.1.0"
  },
  "size_t": 203,
  "size_x": 72,
  "size_y": 72,
  "size_z": 46,
  "snr": 3.100596268947809,
  "spacing_tr": 3.0,
  "spacing_x": 3.0,
  "spacing_y": 3.0,
  "spacing_z": 3.0,
  "summary_bg_k": 55.94674191657011,
  "summary_bg_mad": 37.62742212306038,
  "summary_bg_mean": 88.41530214366847,
  "summary_bg_median": 25.93596076965332,
  "summary_bg_n": 193553.0,
  "summary_bg_p05": 0.02463054098188877,
  "summary_bg_p95": 417.2955627441406,
  "summary_bg_stdv": 192.136100121608,
  "summary_fg_k": 1.5600949512096989,
  "summary_fg_mad": 630.6901518445361,
  "summary_fg_mean": 2436.7287800569675,
  "summary_fg_median": 2348.39404296875,
  "summary_fg_n": 44911.0,
  "summary_fg_p05": 1321.28076171875,
  "summary_fg_p95": 3839.034423828125,
  "summary_fg_stdv": 757.3923510667306,
  "tsnr": 47.18582128174603
}