{
  "aor": 0.0008182758620689655,
  "aqi": 0.004128988472906404,
  "bids_meta": {
    "EchoTime": 0.03,
    "RepetitionTime": 3.0,
    "SliceEncodingDirection": "k",
    "SliceTiming": [
      0.0,
      1.5,
      0.065,
      1.565,
      0.13,
      1.63,
      0.196,
      1.696,
      0.261,
      1.761,
      0.326,
      1.826,
      0.391,
      1.891,
      0.457,
      1.957,
      0.522,
      2.022,
      0.587,
      2.087,
      0.652,
      2.152,
      0.717,
      2.217,
      0.783,
      2.283,
      0.848,
      2.348,
      0.913,
      2.413,
      0.978,
      2.478,
      1.043,
      2.543,
      1.109,
      2.609,
      1.174,
      2.674,
      1.239,
      2.739,
      1.304,
      2.804,
      1.37,
      2.87,
      1.435,
      2.935
    ],
    "TaskName": "rest",
    "dataset": "ds003592",
    "modality": "bold",
    "session_id": "1",
    "subject_id": "52",
    "task_id": "rest"
  },
  "dummy_trs": 1,
  "dvars_nstd": 19.09252218163366,
  "dvars_std": 1.0733071649999992,
  "dvars_vstd": 0.9416059746534647,
  "efc": 0.4629181269053055,
  "fber": 11293.880859375,
  "fd_mean": 0.07042871241318759,
  "fd_num": 6,
  "fd_perc": 2.955665024630542,
  "fwhm_avg": 2.977072222222222,
  "fwhm_x": 2.85493,
  "fwhm_y": 3.0426533333333334,
  "fwhm_z": 3.033633333333333,
  "gcor": 0.0158228,
  "gsr_x": -0.01355661079287529,
  "gsr_y": 0.0406232550740242,
  "provenance": {
    "md5sum": "d1607866ba3fa7599c7d1d05ed9008aa",
    "settings": {
      "fd_thres": 0.2,
      "testing": false
    },
    "software": "mriqc",
    "version": "23.1.0"
  },
  "size_t": 203,
  "size_x": 72,
  "size_y": 72,
  "size_z": 46,
  "snr": 3.1690040699845334,
  "spacing_tr": 3.0,
  "spacing_x": 3.0,
  "spacing_y": 3.0,
  "spacing_z": 3.0,
  "summary_bg_k": 30.203159372244954,
  "summary_bg_mad": 45.74886643685906,
  "summary_bg_mean": 163.00952884578206,
  "summary_bg_median": 31.06403923034668,
  "summary_bg_n": 189714.0,
  "summary_bg_p05": 0.02463054098188877,
  "summary_bg_p95": 855.8423461914062,
  "summary_bg_stdv": 345.0793778584784,
  "summary_fg_k": 1.1885743803503495,
  "summary_fg_mad": 889.6782452919787,
  "summary_fg_mean": 3438.4383711759715,
  "summary_fg_median": 3301.258544921875,
  "summary_fg_n": 48750.0,
  "summary_fg_p05": 1913.0689697265625,
  "summary_fg_p95": 5391.6845703125,
  "summary_fg_stdv": 1041.7230816943538,
  "tsnr": 60.6534987478517
}