{
  "aor": 0.000764088669950739,
  "aqi": 0.0040502066502463045,
  "bids_meta": {
    "EchoTime": 0.047,
    "RepetitionTime": 3.0,
    "SliceEncodingDirection": "k",
    "SliceTiming": [
      0.0,
      1.5,
      0.065,
      1.565,
      0.13,
      1.63,
      0.196,
      1.696,
      0.261,
      1.761,
      0.326,
      1.826,
      0.391,
      1.891,
      0.457,
      1.957,
      0.522,
      2.022,
      0.587,
      2.087,
      0.652,
      2.152,
      0.717,
      2.217,
      0.783,
      2.283,
      0.848,
      2.348,
      0.913,
      2.413,
      0.978,
      2.478,
      1.043,
      2.543,
      1.109,
      2.609,
      1.174,
      2.674,
      1.239,
      2.739,
      1.304,
      2.804,
      1.37,
      2.87,
      1.435,
      2.935
    ],
    "TaskName": "rest",
    "dataset": "ds003592",
    "modality": "bold",
    "session_id": "2",
    "subject_id": "26",
    "task_id": "rest"
  },
  "dummy_trs": 1,
  "dvars_nstd": 25.77335107445544,
  "dvars_std": 1.1049350703960399,
  "dvars_vstd": 0.9807198479207923,
  "efc": 0.4382543357391406,
  "fber": 8357.630859375,
  "fd_mean": 0.07615642427188074,
  "fd_num": 8,
  "fd_perc": 3.9408866995073892,
  "fwhm_avg": 2.5446655555555555,
  "fwhm_x": 2.5475133333333333,
  "fwhm_y": 2.6996533333333335,
  "fwhm_z": 2.3868300000000002,
  "gcor": 0.0413994,
  "gsr_x": 0.004887478891760111,
  "gsr_y": 0.02126707136631012,
  "provenance": {
    "md5sum": "34e4812e8e86cf9e65ae6497e104e5de",
    "settings": {
      "fd_thres": 0.2,
      "testing": false
    },
    "software": "mriqc",
    "version": "23.1.0"
  },
  "size_t": 203,
  "size_x": 72,
  "size_y": 72,
  "size_z": 46,
  "snr": 3.0290218495066012,
  "spacing_tr": 3.0,
  "spacing_x": 3.0,
  "spacing_y": 3.0,
  "spacing_z": 3.0,
  "summary_bg_k": 23.449668614037744,
  "summary_bg_mad": 37.65663445432369,
  "summary_bg_mean": 105.78558544337848,
  "summary_bg_median": 25.763545989990234,
  "summary_bg_n": 194265.0,
  "summary_bg_p05": 0.014778325334191322,
  "summary_bg_p95": 573.5073852539062,
  "summary_bg_stdv": 233.45815677055035,
  "summary_fg_k": 0.38460241376135107,
  "summary_fg_mad": 720.6395126129727,
  "summary_fg_mean": 2455.5789625378047,
  "summary_fg_median": 2355.305419921875,
  "summary_fg_n": 44199.0,
  "summary_fg_p05": 1315.50244140625,
  "summary_fg_p95": 3896.16259765625,
  "summary_fg_stdv": 777.5707447688226,
  "tsnr": 53.09490002691746
}