{
  "aor": 0.001386847290640394,
  "aqi": 0.003291311477832512,
  "bids_meta": {
    "EchoTime": 0.0137,
    "RepetitionTime": 3.0,
    "SliceEncodingDirection": "k",
    "SliceTiming": [
      0.0,
      1.5,
      0.065,
      1.565,
      0.13,
      1.63,
      0.196,
      1.696,
      0.261,
      1.761,
      0.326,
      1.826,
      0.391,
      1.891,
      0.457,
      1.957,
      0.522,
      2.022,
      0.587,
      2.087,
      0.652,
      2.152,
      0.717,
      2.217,
      0.783,
      2.283,
      0.848,
      2.348,
      0.913,
      2.413,
      0.978,
      2.478,
      1.043,
      2.543,
      1.109,
      2.609,
      1.174,
      2.674,
      1.239,
      2.739,
      1.304,
      2.804,
      1.37,
      2.87,
      1.435,
      2.935
    ],
    "TaskName": "rest",
    "dataset": "ds003592",
    "modality": "bold",
    "session_id": "2",
    "subject_id": "43",
    "task_id": "rest"
  },
  "dummy_trs": 1,
  "dvars_nstd": 19.330119959207927,
  "dvars_std": 1.3548158051485149,
  "dvars_vstd": 0.9760204705940592,
  "efc": 0.4697544310259925,
  "fber": 21136.947265625,
  "fd_mean": 0.06572970136992252,
  "fd_num": 0,
  "fd_perc": 0.0,
  "fwhm_avg": 3.320658706662846,
  "fwhm_x": 3.0831733333333333,
  "fwhm_y": 3.237569742701074,
  "fwhm_z": 3.6412330439541307,
  "gcor": 0.030889,
  "gsr_x": -0.024328840896487236,
  "gsr_y": 0.05141204595565796,
  "provenance": {
    "md5sum": "0d037d1243327be819481c41b3412ad0",
    "settings": {
      "fd_thres": 0.2,
      "testing": false
    },
    "software": "mriqc",
    "version": "23.1.0"
  },
  "size_t": 203,
  "size_x": 72,
  "size_y": 72,
  "size_z": 46,
  "snr": 2.992927500543763,
  "spacing_tr": 3.0,
  "spacing_x": 3.0,
  "spacing_y": 3.000000238418579,
  "spacing_z": 3.000000238418579,
  "summary_bg_k": 16.466328207424542,
  "summary_bg_mad": 46.01179219810775,
  "summary_bg_mean": 318.45634629096133,
  "summary_bg_median": 31.19211769104004,
  "summary_bg_n": 192743.0,
  "summary_bg_p05": 0.03940886631608009,
  "summary_bg_p95": 1784.527099609375,
  "summary_bg_stdv": 717.6032924598776,
  "summary_fg_k": 1.8815555199000338,
  "summary_fg_mad": 1179.8154638653289,
  "summary_fg_mean": 4822.726402241331,
  "summary_fg_median": 4534.8818359375,
  "summary_fg_n": 45721.0,
  "summary_fg_p05": 2817.453125,
  "summary_fg_p95": 7819.94091796875,
  "summary_fg_stdv": 1515.1827907145475,
  "tsnr": 93.21237423922867
}