{
  "aor": 0.0022805940594059406,
  "aqi": 0.004535771386138613,
  "bids_meta": {
    "EchoTime": 0.0137,
    "RepetitionTime": 3.0,
    "SliceEncodingDirection": "k",
    "SliceTiming": [
      0.0,
      1.5,
      0.065,
      1.565,
      0.13,
      1.63,
      0.196,
      1.696,
      0.261,
      1.761,
      0.326,
      1.826,
      0.391,
      1.891,
      0.457,
      1.957,
      0.522,
      2.022,
      0.587,
      2.087,
      0.652,
      2.152,
      0.717,
      2.217,
      0.783,
      2.283,
      0.848,
      2.348,
      0.913,
      2.413,
      0.978,
      2.478,
      1.043,
      2.543,
      1.109,
      2.609,
      1.174,
      2.674,
      1.239,
      2.739,
      1.304,
      2.804,
      1.37,
      2.87,
      1.435,
      2.935
    ],
    "TaskName": "rest",
    "dataset": "ds003592",
    "modality": "bold",
    "session_id": "1",
    "subject_id": "164",
    "task_id": "rest"
  },
  "dummy_trs": 2,
  "dvars_nstd": 18.297515394228853,
  "dvars_std": 1.1428483979104471,
  "dvars_vstd": 0.9586008893532333,
  "efc": 0.5006468862401244,
  "fber": 16125.8115234375,
  "fd_mean": 0.17980993443768023,
  "fd_num": 55,
  "fd_perc": 27.22772277227723,
  "fwhm_avg": 3.4185233333333334,
  "fwhm_x": 3.1616033333333333,
  "fwhm_y": 3.341666666666667,
  "fwhm_z": 3.7523,
  "gcor": 0.0526602,
  "gsr_x": -0.013074662536382675,
  "gsr_y": 0.04946180805563927,
  "provenance": {
    "md5sum": "27c71c4f8932a5cbd1da4a0f5fc6d424",
    "settings": {
      "fd_thres": 0.2,
      "testing": false
    },
    "software": "mriqc",
    "version": "23.1.0"
  },
  "size_t": 202,
  "size_x": 72,
  "size_y": 72,
  "size_z": 46,
  "snr": 3.150459457811237,
  "spacing_tr": 3.0,
  "spacing_x": 3.0,
  "spacing_y": 3.0,
  "spacing_z": 3.0,
  "summary_bg_k": 12.354141269973308,
  "summary_bg_mad": 54.448931831457664,
  "summary_bg_mean": 355.52613649530747,
  "summary_bg_median": 38.061880111694336,
  "summary_bg_n": 185998.0,
  "summary_bg_p05": 0.7722772359848022,
  "summary_bg_p95": 1952.2623291015625,
  "summary_bg_stdv": 736.7326037888494,
  "summary_fg_k": 0.7950454066116266,
  "summary_fg_mad": 1348.1072850018822,
  "summary_fg_mean": 5099.311316883414,
  "summary_fg_median": 4833.381103515625,
  "summary_fg_n": 52466.0,
  "summary_fg_p05": 3042.17333984375,
  "summary_fg_p95": 8124.34619140625,
  "summary_fg_stdv": 1534.1683033821464,
  "tsnr": 67.83611605642363
}