{
  "aor": 0.0017508374384236451,
  "aqi": 0.0045497495073891624,
  "bids_meta": {
    "EchoTime": 0.03,
    "RepetitionTime": 3.0,
    "SliceEncodingDirection": "k",
    "SliceTiming": [
      0.0,
      1.5,
      0.065,
      1.565,
      0.13,
      1.63,
      0.196,
      1.696,
      0.261,
      1.761,
      0.326,
      1.826,
      0.391,
      1.891,
      0.457,
      1.957,
      0.522,
      2.022,
      0.587,
      2.087,
      0.652,
      2.152,
      0.717,
      2.217,
      0.783,
      2.283,
      0.848,
      2.348,
      0.913,
      2.413,
      0.978,
      2.478,
      1.043,
      2.543,
      1.109,
      2.609,
      1.174,
      2.674,
      1.239,
      2.739,
      1.304,
      2.804,
      1.37,
      2.87,
      1.435,
      2.935
    ],
    "TaskName": "rest",
    "dataset": "ds003592",
    "modality": "bold",
    "session_id": "1",
    "subject_id": "58",
    "task_id": "rest"
  },
  "dummy_trs": 1,
  "dvars_nstd": 19.028882347920796,
  "dvars_std": 1.125419672079208,
  "dvars_vstd": 0.9398443091089109,
  "efc": 0.47093514808403475,
  "fber": 11002.3994140625,
  "fd_mean": 0.09051586595814387,
  "fd_num": 20,
  "fd_perc": 9.852216748768473,
  "fwhm_avg": 3.136443333333333,
  "fwhm_x": 3.0207366666666666,
  "fwhm_y": 3.1991033333333334,
  "fwhm_z": 3.1894899999999997,
  "gcor": 0.0257842,
  "gsr_x": -0.015527524054050446,
  "gsr_y": 0.0433332584798336,
  "provenance": {
    "md5sum": "b34324974e7e7a4c4fbe1a6c37374ad1",
    "settings": {
      "fd_thres": 0.2,
      "testing": false
    },
    "software": "mriqc",
    "version": "23.1.0"
  },
  "size_t": 203,
  "size_x": 72,
  "size_y": 72,
  "size_z": 46,
  "snr": 2.832654523622808,
  "spacing_tr": 3.0,
  "spacing_x": 3.0,
  "spacing_y": 3.0,
  "spacing_z": 3.0,
  "summary_bg_k": 19.900069240548607,
  "summary_bg_mad": 45.24127864712917,
  "summary_bg_mean": 167.12439241600657,
  "summary_bg_median": 32.32266044616699,
  "summary_bg_n": 186276.0,
  "summary_bg_p05": 0.9261083602905273,
  "summary_bg_p95": 866.1231079101562,
  "summary_bg_stdv": 334.3786050531183,
  "summary_fg_k": 0.8901158187425957,
  "summary_fg_mad": 1010.1049270560626,
  "summary_fg_mean": 3601.1667874195828,
  "summary_fg_median": 3390.39892578125,
  "summary_fg_n": 52188.0,
  "summary_fg_p05": 1944.034423828125,
  "summary_fg_p95": 5935.3203125,
  "summary_fg_stdv": 1196.8866710709237,
  "tsnr": 52.771502018906176
}