{
  "aor": 0.0006037810945273632,
  "aqi": 0.003710277611940299,
  "bids_meta": {
    "EchoTime": 0.047,
    "RepetitionTime": 3.0,
    "SliceEncodingDirection": "k",
    "SliceTiming": [
      0.0,
      1.5,
      0.065,
      1.565,
      0.13,
      1.63,
      0.196,
      1.696,
      0.261,
      1.761,
      0.326,
      1.826,
      0.391,
      1.891,
      0.457,
      1.957,
      0.522,
      2.022,
      0.587,
      2.087,
      0.652,
      2.152,
      0.717,
      2.217,
      0.783,
      2.283,
      0.848,
      2.348,
      0.913,
      2.413,
      0.978,
      2.478,
      1.043,
      2.543,
      1.109,
      2.609,
      1.174,
      2.674,
      1.239,
      2.739,
      1.304,
      2.804,
      1.37,
      2.87,
      1.435,
      2.935
    ],
    "TaskName": "rest",
    "dataset": "ds003592",
    "modality": "bold",
    "session_id": "2",
    "subject_id": "93",
    "task_id": "rest"
  },
  "dummy_trs": 3,
  "dvars_nstd": 21.583572768750006,
  "dvars_std": 1.0478537299499993,
  "dvars_vstd": 0.9759160574999995,
  "efc": 0.4356864517797564,
  "fber": 12866.7353515625,
  "fd_mean": 0.05072267423238326,
  "fd_num": 2,
  "fd_perc": 0.9950248756218906,
  "fwhm_avg": 2.486925555555555,
  "fwhm_x": 2.435313333333333,
  "fwhm_y": 2.6371100000000003,
  "fwhm_z": 2.3883533333333333,
  "gcor": 0.0142117,
  "gsr_x": -0.0073927780613303185,
  "gsr_y": 0.022482672706246376,
  "provenance": {
    "md5sum": "ff917bee42430bdbabaf7b8fad946431",
    "settings": {
      "fd_thres": 0.2,
      "testing": false
    },
    "software": "mriqc",
    "version": "23.1.0"
  },
  "size_t": 201,
  "size_x": 72,
  "size_y": 72,
  "size_z": 46,
  "snr": 3.346339836967742,
  "spacing_tr": 3.0,
  "spacing_x": 3.0,
  "spacing_y": 3.0,
  "spacing_z": 3.0,
  "summary_bg_k": 34.848310514105975,
  "summary_bg_mad": 29.829069939037264,
  "summary_bg_mean": 92.06987881387957,
  "summary_bg_median": 22.631839752197266,
  "summary_bg_n": 192194.0,
  "summary_bg_p05": 0.6318407654762268,
  "summary_bg_p95": 460.6666564941406,
  "summary_bg_stdv": 220.11830768873426,
  "summary_fg_k": 0.5569934712112454,
  "summary_fg_mad": 712.6265471314864,
  "summary_fg_mean": 2635.218245324827,
  "summary_fg_median": 2567.1666259765625,
  "summary_fg_n": 46270.0,
  "summary_fg_p05": 1461.0347900390625,
  "summary_fg_p95": 4001.915283203125,
  "summary_fg_stdv": 767.1482902932918,
  "tsnr": 55.733376536518335
}