{
  "aor": 0.000784726368159204,
  "aqi": 0.0021050862338308457,
  "bids_meta": {
    "EchoTime": 0.0137,
    "RepetitionTime": 3.0,
    "SliceEncodingDirection": "k",
    "SliceTiming": [
      0.0,
      1.5,
      0.065,
      1.565,
      0.13,
      1.63,
      0.196,
      1.696,
      0.261,
      1.761,
      0.326,
      1.826,
      0.391,
      1.891,
      0.457,
      1.957,
      0.522,
      2.022,
      0.587,
      2.087,
      0.652,
      2.152,
      0.717,
      2.217,
      0.783,
      2.283,
      0.848,
      2.348,
      0.913,
      2.413,
      0.978,
      2.478,
      1.043,
      2.543,
      1.109,
      2.609,
      1.174,
      2.674,
      1.239,
      2.739,
      1.304,
      2.804,
      1.37,
      2.87,
      1.435,
      2.935
    ],
    "TaskName": "rest",
    "dataset": "ds003592",
    "modality": "bold",
    "session_id": "2",
    "subject_id": "93",
    "task_id": "rest"
  },
  "dummy_trs": 3,
  "dvars_nstd": 14.849181146900005,
  "dvars_std": 1.2626936422000004,
  "dvars_vstd": 0.9650012981000003,
  "efc": 0.5156515461792214,
  "fber": 19024.796875,
  "fd_mean": 0.049197774613844565,
  "fd_num": 2,
  "fd_perc": 0.9950248756218906,
  "fwhm_avg": 2.9354533333333332,
  "fwhm_x": 2.5110333333333332,
  "fwhm_y": 3.0064766666666665,
  "fwhm_z": 3.28885,
  "gcor": 0.0130021,
  "gsr_x": -0.02161533199250698,
  "gsr_y": 0.07758530229330063,
  "provenance": {
    "md5sum": "d9de0898da49f277475b603bfffeb663",
    "settings": {
      "fd_thres": 0.2,
      "testing": false
    },
    "software": "mriqc",
    "version": "23.1.0"
  },
  "size_t": 201,
  "size_x": 72,
  "size_y": 72,
  "size_z": 46,
  "snr": 3.2191021059645992,
  "spacing_tr": 3.0,
  "spacing_x": 3.0,
  "spacing_y": 3.0,
  "spacing_z": 3.0,
  "summary_bg_k": 11.942059852097465,
  "summary_bg_mad": 50.43060609966552,
  "summary_bg_mean": 358.2615825170208,
  "summary_bg_median": 35.5323371887207,
  "summary_bg_n": 181013.0,
  "summary_bg_p05": 0.7263681292533875,
  "summary_bg_p95": 2011.228759765625,
  "summary_bg_stdv": 752.2539218771756,
  "summary_fg_k": 0.8982511526313925,
  "summary_fg_mad": 1337.6166798266288,
  "summary_fg_mean": 5110.440087456419,
  "summary_fg_median": 4900.98974609375,
  "summary_fg_n": 57451.0,
  "summary_fg_p05": 2881.93017578125,
  "summary_fg_p95": 7918.427734375,
  "summary_fg_stdv": 1522.4577944193882,
  "tsnr": 103.98470429284498
}