{
  "aor": 0.0023247524752475247,
  "aqi": 0.003976792574257426,
  "bids_meta": {
    "EchoTime": 0.0137,
    "RepetitionTime": 3.0,
    "SliceEncodingDirection": "k",
    "SliceTiming": [
      0.0,
      1.5,
      0.065,
      1.565,
      0.13,
      1.63,
      0.196,
      1.696,
      0.261,
      1.761,
      0.326,
      1.826,
      0.391,
      1.891,
      0.457,
      1.957,
      0.522,
      2.022,
      0.587,
      2.087,
      0.652,
      2.152,
      0.717,
      2.217,
      0.783,
      2.283,
      0.848,
      2.348,
      0.913,
      2.413,
      0.978,
      2.478,
      1.043,
      2.543,
      1.109,
      2.609,
      1.174,
      2.674,
      1.239,
      2.739,
      1.304,
      2.804,
      1.37,
      2.87,
      1.435,
      2.935
    ],
    "TaskName": "rest",
    "dataset": "ds003592",
    "modality": "bold",
    "session_id": "2",
    "subject_id": "16",
    "task_id": "rest"
  },
  "dummy_trs": 2,
  "dvars_nstd": 14.744505858308452,
  "dvars_std": 1.1732964478606966,
  "dvars_vstd": 0.9855650500995026,
  "efc": 0.5186014814621538,
  "fber": 11965.21484375,
  "fd_mean": 0.09915975979624216,
  "fd_num": 18,
  "fd_perc": 8.910891089108912,
  "fwhm_avg": 3.216095555555556,
  "fwhm_x": 2.71928,
  "fwhm_y": 3.1619733333333335,
  "fwhm_z": 3.7670333333333335,
  "gcor": 0.0180789,
  "gsr_x": -0.02977069653570652,
  "gsr_y": 0.05785666033625603,
  "provenance": {
    "md5sum": "3d438538c425e298e39aae737e065ecf",
    "settings": {
      "fd_thres": 0.2,
      "testing": false
    },
    "software": "mriqc",
    "version": "23.1.0"
  },
  "size_t": 202,
  "size_x": 72,
  "size_y": 72,
  "size_z": 46,
  "snr": 2.8800368598306605,
  "spacing_tr": 3.0,
  "spacing_x": 3.0,
  "spacing_y": 3.0,
  "spacing_z": 3.0,
  "summary_bg_k": 12.505031984558755,
  "summary_bg_mad": 61.94635158571821,
  "summary_bg_mean": 415.54331834249166,
  "summary_bg_median": 42.00495147705078,
  "summary_bg_n": 181691.0,
  "summary_bg_p05": 0.05445544421672821,
  "summary_bg_p95": 2446.302001953125,
  "summary_bg_stdv": 929.4844668418268,
  "summary_fg_k": 0.8706526308379336,
  "summary_fg_mad": 1393.1545390542672,
  "summary_fg_mean": 4849.289827735571,
  "summary_fg_median": 4594.73779296875,
  "summary_fg_n": 56773.0,
  "summary_fg_p05": 2692.7177734375,
  "summary_fg_p95": 7920.92578125,
  "summary_fg_stdv": 1595.3605979854285,
  "tsnr": 86.24118879437447
}