{
  "aor": 0.00339768472906404,
  "aqi": 0.005402299655172415,
  "bids_meta": {
    "EchoTime": 0.03,
    "RepetitionTime": 3.0,
    "SliceEncodingDirection": "k",
    "SliceTiming": [
      0.0,
      1.5,
      0.065,
      1.565,
      0.13,
      1.63,
      0.196,
      1.696,
      0.261,
      1.761,
      0.326,
      1.826,
      0.391,
      1.891,
      0.457,
      1.957,
      0.522,
      2.022,
      0.587,
      2.087,
      0.652,
      2.152,
      0.717,
      2.217,
      0.783,
      2.283,
      0.848,
      2.348,
      0.913,
      2.413,
      0.978,
      2.478,
      1.043,
      2.543,
      1.109,
      2.609,
      1.174,
      2.674,
      1.239,
      2.739,
      1.304,
      2.804,
      1.37,
      2.87,
      1.435,
      2.935
    ],
    "TaskName": "rest",
    "dataset": "ds003592",
    "modality": "bold",
    "session_id": "1",
    "subject_id": "47",
    "task_id": "rest"
  },
  "dummy_trs": 1,
  "dvars_nstd": 19.33085521871287,
  "dvars_std": 1.0605454930198024,
  "dvars_vstd": 0.9540497620297026,
  "efc": 0.471401749763904,
  "fber": 14622.5341796875,
  "fd_mean": 0.08962487828983949,
  "fd_num": 10,
  "fd_perc": 4.926108374384237,
  "fwhm_avg": 3.1390233333333337,
  "fwhm_x": 3.0850633333333337,
  "fwhm_y": 3.1973033333333336,
  "fwhm_z": 3.134703333333333,
  "gcor": 0.0345089,
  "gsr_x": 0.030035117641091347,
  "gsr_y": 0.019425325095653534,
  "provenance": {
    "md5sum": "35b0b19dc95e9bd72f274cf9a7460799",
    "settings": {
      "fd_thres": 0.2,
      "testing": false
    },
    "software": "mriqc",
    "version": "23.1.0"
  },
  "size_t": 203,
  "size_x": 72,
  "size_y": 72,
  "size_z": 46,
  "snr": 2.778349226510415,
  "spacing_tr": 3.0,
  "spacing_x": 3.0,
  "spacing_y": 3.0,
  "spacing_z": 3.0,
  "summary_bg_k": 27.060943963336005,
  "summary_bg_mad": 41.96567673705994,
  "summary_bg_mean": 188.37770207423088,
  "summary_bg_median": 28.492610931396484,
  "summary_bg_n": 186480.0,
  "summary_bg_p05": 0.04433497413992882,
  "summary_bg_p95": 1079.0394287109375,
  "summary_bg_stdv": 433.25036035438444,
  "summary_fg_k": 0.7459542678701605,
  "summary_fg_mad": 1074.2947982048288,
  "summary_fg_mean": 3675.926443909674,
  "summary_fg_median": 3445.4310302734375,
  "summary_fg_n": 51984.0,
  "summary_fg_p05": 2009.4285888671875,
  "summary_fg_p95": 6147.19677734375,
  "summary_fg_stdv": 1240.0881278341724,
  "tsnr": 50.15067001688294
}