{
  "aor": 0.0012679802955665028,
  "aqi": 0.002983556650246305,
  "bids_meta": {
    "EchoTime": 0.0137,
    "RepetitionTime": 3.0,
    "SliceEncodingDirection": "k",
    "SliceTiming": [
      0.0,
      1.5,
      0.065,
      1.565,
      0.13,
      1.63,
      0.196,
      1.696,
      0.261,
      1.761,
      0.326,
      1.826,
      0.391,
      1.891,
      0.457,
      1.957,
      0.522,
      2.022,
      0.587,
      2.087,
      0.652,
      2.152,
      0.717,
      2.217,
      0.783,
      2.283,
      0.848,
      2.348,
      0.913,
      2.413,
      0.978,
      2.478,
      1.043,
      2.543,
      1.109,
      2.609,
      1.174,
      2.674,
      1.239,
      2.739,
      1.304,
      2.804,
      1.37,
      2.87,
      1.435,
      2.935
    ],
    "TaskName": "rest",
    "dataset": "ds003592",
    "modality": "bold",
    "session_id": "2",
    "subject_id": "222",
    "task_id": "rest"
  },
  "dummy_trs": 1,
  "dvars_nstd": 27.284368099405942,
  "dvars_std": 1.2899656833663369,
  "dvars_vstd": 0.9772502447029703,
  "efc": 0.5391774607496442,
  "fber": 10197.9072265625,
  "fd_mean": 0.1647736074737942,
  "fd_num": 57,
  "fd_perc": 28.07881773399015,
  "fwhm_avg": 3.1632255555555555,
  "fwhm_x": 2.577566666666667,
  "fwhm_y": 3.2126099999999997,
  "fwhm_z": 3.6995,
  "gcor": 0.0363617,
  "gsr_x": -0.019406141713261604,
  "gsr_y": 0.05124810338020325,
  "provenance": {
    "md5sum": "0a8ae30e335c97534860ac149e117c45",
    "settings": {
      "fd_thres": 0.2,
      "testing": false
    },
    "software": "mriqc",
    "version": "23.1.0"
  },
  "size_t": 203,
  "size_x": 72,
  "size_y": 72,
  "size_z": 46,
  "snr": 2.74992480301402,
  "spacing_tr": 3.0,
  "spacing_x": 3.0,
  "spacing_y": 3.0,
  "spacing_z": 3.0,
  "summary_bg_k": 9.29579456010882,
  "summary_bg_mad": 70.4126471481926,
  "summary_bg_mean": 448.1634482993243,
  "summary_bg_median": 48.86699295043945,
  "summary_bg_n": 175417.0,
  "summary_bg_p05": 0.6403940916061401,
  "summary_bg_p95": 2585.088623046875,
  "summary_bg_stdv": 930.4272796933042,
  "summary_fg_k": 1.264162994705158,
  "summary_fg_mad": 1541.6145647194305,
  "summary_fg_mean": 5203.382663045411,
  "summary_fg_median": 4934.81787109375,
  "summary_fg_n": 63047.0,
  "summary_fg_p05": 2763.468017578125,
  "summary_fg_p95": 8601.6455078125,
  "summary_fg_stdv": 1794.5140643501886,
  "tsnr": 75.11329698096961
}