{
  "aor": 0.0008764039408866996,
  "aqi": 0.00436192763546798,
  "bids_meta": {
    "EchoTime": 0.03,
    "RepetitionTime": 3.0,
    "SliceEncodingDirection": "k",
    "SliceTiming": [
      0.0,
      1.5,
      0.065,
      1.565,
      0.13,
      1.63,
      0.196,
      1.696,
      0.261,
      1.761,
      0.326,
      1.826,
      0.391,
      1.891,
      0.457,
      1.957,
      0.522,
      2.022,
      0.587,
      2.087,
      0.652,
      2.152,
      0.717,
      2.217,
      0.783,
      2.283,
      0.848,
      2.348,
      0.913,
      2.413,
      0.978,
      2.478,
      1.043,
      2.543,
      1.109,
      2.609,
      1.174,
      2.674,
      1.239,
      2.739,
      1.304,
      2.804,
      1.37,
      2.87,
      1.435,
      2.935
    ],
    "TaskName": "rest",
    "dataset": "ds003592",
    "modality": "bold",
    "session_id": "2",
    "subject_id": "222",
    "task_id": "rest"
  },
  "dummy_trs": 1,
  "dvars_nstd": 31.588441763861386,
  "dvars_std": 1.180628495346535,
  "dvars_vstd": 0.9762833193564355,
  "efc": 0.48181448550404554,
  "fber": 10700.44921875,
  "fd_mean": 0.171861827461288,
  "fd_num": 60,
  "fd_perc": 29.55665024630542,
  "fwhm_avg": 3.0050722222222226,
  "fwhm_x": 2.8840733333333333,
  "fwhm_y": 3.0885533333333335,
  "fwhm_z": 3.04259,
  "gcor": 0.0534163,
  "gsr_x": 0.01290040835738182,
  "gsr_y": 0.015902593731880188,
  "provenance": {
    "md5sum": "08d4426c6401a0551fdf9b94bc674078",
    "settings": {
      "fd_thres": 0.2,
      "testing": false
    },
    "software": "mriqc",
    "version": "23.1.0"
  },
  "size_t": 203,
  "size_x": 72,
  "size_y": 72,
  "size_z": 46,
  "snr": 2.836712595223061,
  "spacing_tr": 3.0,
  "spacing_x": 3.0,
  "spacing_y": 3.0,
  "spacing_z": 3.0,
  "summary_bg_k": 17.780312284661072,
  "summary_bg_mad": 49.225314529613904,
  "summary_bg_mean": 212.3551966757079,
  "summary_bg_median": 35.02955627441406,
  "summary_bg_n": 185602.0,
  "summary_bg_p05": 0.7931034564971924,
  "summary_bg_p95": 1162.137939453125,
  "summary_bg_stdv": 456.08841920737615,
  "summary_fg_k": 0.6523298670511757,
  "summary_fg_mad": 1180.1951635057617,
  "summary_fg_mean": 3837.084403198985,
  "summary_fg_median": 3623.5615234375,
  "summary_fg_n": 52862.0,
  "summary_fg_p05": 2096.822509765625,
  "summary_fg_p95": 6267.30029296875,
  "summary_fg_stdv": 1277.368477720821,
  "tsnr": 57.21579007920809
}